Date,Perpetual Protocol ($),Synthetix ($),Premia ($),Dopex ($),IPOR Protocol ($),Gains Network ($),Buffer Finance ($),HMX ($)
11/3/2021,1627676065,504032158.6,125971131,,,,,
11/4/2021,1615909052,492783534.2,132086978.5,,,,,
11/5/2021,1659531246,470140196.7,122761019.9,,,,,
11/6/2021,1670553780,465550752.3,137128692,,,,,
11/7/2021,1656378084,479329176.2,147875498.6,,,,,
11/8/2021,1710566969,479565342.9,142279180.8,,,,,
11/9/2021,1687390737,487338592.5,133329211.1,,,,,
11/10/2021,1611343357,444817433.1,126195121.6,,,,,
11/11/2021,1600020849,462005528.6,125583284.1,,,,,
11/12/2021,1678421726,450051892.1,131572065.6,,,,,
11/13/2021,1659955004,455834428.4,124420530.9,,,,,
11/14/2021,1661678760,466968731.3,124993270,,,,,
11/15/2021,1574139767,449015686.4,119867068.3,,,,,
11/16/2021,1459275780,411658322.1,107749319.8,,,,,
11/17/2021,1482769342,414447182.7,108677641.3,,,,,
11/18/2021,1331985175,383605673.8,95163157.35,,,,,
11/19/2021,1431137288,405471823.5,101103257.1,,,,,
11/20/2021,1458184935,413088507.6,101634063.3,,,,,
11/21/2021,1458611725,407444985.4,99738492.04,,,,,
11/22/2021,1422225908,390331620.4,95920479.05,,,,,
11/23/2021,1433700665,394192351.6,96192571.73,,,,,
11/24/2021,1374450480,383532938.7,98926755.78,,,,,
11/25/2021,1415772279,373389901,123916920.7,,,,,
11/26/2021,1170221694,334925824.7,103864191.3,,,,,
11/27/2021,1206806926,345392371,106765166.3,,,,,
11/28/2021,1204530109,348065623.7,135550347.5,,,,,
11/29/2021,1231663662,359636401.3,146400508.9,,,,,
11/30/2021,1200204701,352562187.2,146343699.8,,,,,
12/1/2021,1238708532,340195072.3,127092016.7,,,,,
12/2/2021,1256375977,333505765.6,131959323.5,,,,,
12/3/2021,1199011304,321486660.3,117345746.6,,,,,
12/4/2021,1115218933,287883927.6,109510316.8,,,,,
12/5/2021,1068882766,268183706.2,111119542.2,,,,,
12/6/2021,1082482473,275370229.2,108896004.8,,,,,
12/7/2021,1057311214,269266531.8,117708159.1,,,,,
12/8/2021,1044139170,282582694.6,118209600.8,,,,,
12/9/2021,942445281.8,256515208,107381318.5,,,,,
12/10/2021,867270831.8,246877776.8,98608096.56,,,,,
12/11/2021,923197055.9,259834985.9,108908256.1,,,,,
12/12/2021,902546753.5,258717694.8,109972235.7,,,,,
12/13/2021,828570329.6,220172889.3,96109834.74,,,,,
12/14/2021,835288090.1,228196082.8,96067644.87,,,,,
12/15/2021,848976574.6,233895568.8,101658004.7,,,,,
12/16/2021,865314056.5,226349171.9,100918076.8,,,,,
12/17/2021,852069108.5,230212845.8,95732860.12,,,,,
12/18/2021,868509880.9,234928314.3,105812279.9,,,,,
12/19/2021,906785809,237085436.6,105299920.6,,,,,
12/20/2021,936378158.9,232157441.1,106902493.4,,,,,
12/21/2021,921906222.5,252904528,110746759.3,,,,,
12/22/2021,862772172.7,261285054.8,112794343.4,,,,,
12/23/2021,860923788.9,281037353.6,116168048,,,,,
12/24/2021,844115872.4,270364420.5,114487447.8,,,,,
12/25/2021,823099969.7,275177825.6,113562677.3,,,,,
12/26/2021,841553446.1,290563242.5,110853456.5,,,,,
12/27/2021,851977765.6,310213190.1,112127544,,,,,
12/28/2021,817418025.3,275996294.4,105795038.6,,,,,
12/29/2021,782042627.5,254549602.1,99605759.73,,,,,
12/30/2021,799748868.5,259271234.6,100975953,,,,,
12/31/2021,775002249.8,256807855.7,99794973.48,,,,,
1/1/2022,801989809.5,276670325,102961764.3,,,,,
1/2/2022,803415307,288010626,103876534.6,,,,,
1/3/2022,811894800.2,319765052.8,103852661.4,,,,,
1/4/2022,822918241.8,301443520.7,104532150.7,,,,,
1/5/2022,824103309.4,290198983.8,116547264.9,,,,,
1/6/2022,761273094.5,273214903.8,113866047.2,,,,,
1/7/2022,766531518.2,243570100.3,98978239.99,,,,,
1/8/2022,795892207,220998027.6,93259173.93,,,,,
1/9/2022,809226615.4,225397270,92776882.9,,,,,
1/10/2022,819997144.8,214108328.4,90534681.63,,,,,
1/11/2022,835742124.3,218166341.8,95182969.2,,,,,
1/12/2022,842904815.6,212793979.9,105204103.8,,,,,
1/13/2022,803008688.3,217761631.9,97626871.87,,,,,
1/14/2022,787970835.8,222383731.9,99031378.17,,,,,
1/15/2022,775102144.5,225683766.2,112747377.4,,,,,
1/16/2022,764671533.6,230367482.7,125797909.6,,,,,
1/17/2022,738149280.8,214356996.1,358953418.8,,,,,
1/18/2022,784711072.6,214294128.9,363355069.3,,,,,
1/19/2022,786729463.2,208826397.3,820301210.4,,,,,
1/20/2022,783462237.1,217998578.4,2242105506,,,,,
1/21/2022,786891205.6,188130212.8,1909405765,,,,,
1/22/2022,687147009,173405197.9,67712446.12,,,,,
1/23/2022,696306049.7,178926184,69323890.73,,,,,
1/24/2022,548357449,189864205.7,67366841.94,,,,,
1/25/2022,519274666.1,193096621.1,71359747.72,,,,,
1/26/2022,524029058.2,185975761.6,67725185.37,,,,,
1/27/2022,501400133.5,199445503.8,64590838.84,,,,,
1/28/2022,528959861.7,214676712.3,73765169.15,,,,,
1/29/2022,549183337.2,245346314.1,72387288.98,,,,,
1/30/2022,570383315.7,241630342.6,72747106.41,,,,,
1/31/2022,554210138.8,259657740.2,73987808.16,,,,,
2/1/2022,566025715.7,247050814.7,76584924.71,,,,,
2/2/2022,527915941.3,242466428.2,74117038.71,,,,,
2/3/2022,529371570.8,237295513.7,73702216.35,,,,,
2/4/2022,558629987.5,248159126.5,82204773.5,,,,,
2/5/2022,569971857.8,262023388.5,89064049.85,,,,,
2/6/2022,568799075.1,261814989.7,88705499.25,,,,,
2/7/2022,568043485.2,263511905.8,89438866.7,,,,,
2/8/2022,580648945.2,255540225.3,87356643.79,,,,,
2/9/2022,587958082.6,268740711.9,89995523.11,,,,,
2/10/2022,566789935.5,245202715,85123686.43,,,,,
2/11/2022,533066421.8,229959810.9,80208566.24,,,,,
2/12/2022,538245326.1,232043017.6,79949129.23,,,,,
2/13/2022,544210691.2,214675187.8,80792267.44,,,,,
2/14/2022,552629484,219229408.6,81796190.94,,,,,
2/15/2022,567633655.7,238636260.3,87269649.1,,,,,
2/16/2022,556743576.4,232591633.9,84669344.5,,,,,
2/17/2022,523009684,219691189.7,76049329.6,,,,,
2/18/2022,512149256,210985242.6,73660580.07,,,,,
2/19/2022,505255876.1,210197044.3,72440015.57,,,,,
2/20/2022,511356227.3,199525623.2,65402690.81,,,,,
2/21/2022,457575187.2,187432622.4,63524848.65,,,,,
2/22/2022,467490443.1,194928093.8,62883977.6,,,,,
2/23/2022,464826498.3,188121025,66802300.12,,,,,
2/24/2022,433714971.7,192170910.6,63633462.58,,,,,
2/25/2022,440455465.4,195891102.7,68037927.38,,,,,
2/26/2022,438936082.3,192567530.7,68055266.97,,,,,
2/27/2022,391305504.2,186765233.4,63763783.64,,,,,
2/28/2022,403075972.1,202651455,70086129.87,,,,,
3/1/2022,388729784.1,195824369.2,70331948.91,,,,,
3/2/2022,384535190.2,190388420.7,69964501.77,,,,,
3/3/2022,367044217.4,183109166.1,66341369.18,,,,,
3/4/2022,345299561.5,175115138.3,61422100.73,,,,,
3/5/2022,351430708.8,184410974.4,62321805.87,,,,,
3/6/2022,334718370.2,171894078.6,59561483.37,,,,,
3/7/2022,329904348.9,173292792.2,55241760.86,,,,,
3/8/2022,335471314.9,185475422.1,55770222.29,637.94,,,,
3/9/2022,347251124.2,222170132.7,58489459.97,638.01,,,,
3/10/2022,339050699.1,210468060.3,54123693.53,638.02,,,,
3/11/2022,340989501.7,198930058.9,54825182.07,1638.05,,,,
3/12/2022,347472087.3,199671150.5,55149892.3,1638.41,,,,
3/13/2022,336431615.1,187981072.7,54073178.84,1638.02,,,,
3/14/2022,325527394.5,190464369.1,55835792.91,1638.06,,,,
3/15/2022,326258618.5,188962352.9,56705146.44,1638.39,,,,
3/16/2022,334344713.1,200155605,59930676.2,1638.03,,,,
3/17/2022,341496270.8,206940441.1,60504310.32,1638.07,,,,
3/18/2022,348124638.1,232313838.5,63452280.34,1637.95,,,,
3/19/2022,360407848,237838695.3,63460298.47,1637.39,,,,
3/20/2022,346021102.6,239136064,61245879.71,12284.42,,,,
3/21/2022,351879327.4,229166183.2,62143804.47,12417.16,,,,
3/22/2022,356372035.7,237386707,63913281.09,12968.71,,,,
3/23/2022,378725295,245915291.7,65392444.1,13714.23,,,,
3/24/2022,403589812.1,241815669.8,76764631.83,13574.42,,,,
3/25/2022,405551298.1,232276345.5,78365908.84,13806.59,,,,
3/26/2022,420295023.7,235351828.6,78449855.05,14282.29,,,,
3/27/2022,427118929.3,247938701.7,82111117.86,15774.83,,,,
3/28/2022,413932522.5,246502695.9,85415143.92,161623.05,,,,
3/29/2022,427547306.7,259684572.2,85910702.37,161712.01,,,,
3/30/2022,430364086.2,294011080.1,83834295.7,44718.8,,,,
3/31/2022,429956786.4,301791661.7,82423173.49,41258.57,,,,
4/1/2022,451077044.4,337535516.3,81864186.74,49203.23,,,,
4/2/2022,457707700.5,315880341.5,83027195.42,47191.69,,,,
4/3/2022,447454282.1,319850522,84986932.34,45629.98,,,,
4/4/2022,418787406.4,314753153.4,84559288.38,47258.57,,,,
4/5/2022,413164310.9,278912340.2,80291457.96,42372.84,,,,
4/6/2022,395255555.1,248348372.1,73187612.48,36828.01,,,,
4/7/2022,391406482.1,257559670.4,77183766.11,38218.82,,,,
4/8/2022,382121335.4,241439844.4,76266169.21,33507.85,,,,
4/9/2022,386155651.2,246372347.4,77422958.32,33053.76,,,,
4/10/2022,386255580.5,237017941.6,75360477.07,31248.09,,,,
4/11/2022,346728688.6,211233224.9,69259752.24,26711.08,,,,
4/12/2022,354847017.8,229089853.3,70507992.81,29332.59,,,,
4/13/2022,362261497.3,237510602.2,73889401.74,31774.6,,,,
4/14/2022,352678324.3,233097935.5,69625745.89,29788.2,,,,
4/15/2022,341324655.1,240025336.7,67886195.04,32342.9,,,,
4/16/2022,341340923.8,234442766.9,68317153.44,31363.94,,,,
4/17/2022,331747731.4,227192317,66794055.16,29197.65,,,,
4/18/2022,338709406.7,229780177.4,67545760.79,29924.93,,,,
4/19/2022,346521606.5,267059444.2,73620361.31,29573.35,,,,
4/20/2022,391691276.5,285457125,72998362.73,29287.23,,,,
4/21/2022,375618980.5,258900756.2,72145717.75,27264.01,,,,
4/22/2022,361125459.5,242683824.8,70270236.22,26791.31,,1254972.96,,
4/23/2022,357289340.9,253244538.2,69001329.59,26604.57,,1269252.51,,
4/24/2022,348946760.7,255863949.5,68047567.8,26739.57,,1242078.7,,
4/25/2022,328444982.2,266071837.1,69887879.9,27256.33,,1195574.6,,
4/26/2022,298981062.8,239087964.1,65326436.27,34584.57,,1182342.26,,
4/27/2022,308028330.4,254840264.1,66356029.88,33875.94,,1197631.32,,
4/28/2022,307617507.3,243086267.9,67505680.05,34376.37,,1209980.28,,
4/29/2022,274436079.6,222394297.5,65226015.18,31951.55,,1139472,,
4/30/2022,258212369,198715006.9,62882293.4,29084.6,,1014089.85,,
5/1/2022,267135314.5,214038734.2,64647130.57,29748.53,,1079414.34,,
5/2/2022,264525929.2,210740796.9,64568568.28,29326.4,,1091783.21,,
5/3/2022,240387491.6,207017433.2,61850679.67,30715.68,,1146908.68,,
5/4/2022,247837914.2,223564449.9,64991786.08,35965.72,,1179539.78,,
5/5/2022,203731264.9,203290071.7,60738324.15,32514.29,,1153158.84,,
5/6/2022,197536422.6,207414136,59324772.85,34445.24,,1229678.9,,
5/7/2022,185242634.8,197882746.8,57867397.74,33106.17,,1194629.33,,
5/8/2022,183569468.6,193367094.9,54920822.89,33611.67,,1164854.96,,
5/9/2022,152077204.1,147703642.4,46899023.97,28560.01,,1081645.37,,
5/10/2022,153083027.7,149208892,49307467.94,28735.49,,1086497.26,,
5/11/2022,112419096.3,117164833.4,42561391.55,23165.04,,917857.47,,
5/12/2022,100929936.9,116732591.9,39960744.09,20212.8,,561764.57,,
5/13/2022,103520489.9,122383581.4,40471564.56,22401.94,,620219.09,,
5/14/2022,107677311.2,126100605.5,41267790.69,23057.55,,567437.87,,
5/15/2022,113722765.4,134465551.4,42912859.02,23889.39,,673979.74,,
5/16/2022,92943752.27,125098727.6,39901976.21,22413.79,,664451.49,,
5/17/2022,97318424.28,130526419.3,41213028.16,22999.3,,639302.72,,
5/18/2022,87064904.29,117438680.4,37929244.06,20930.68,,618734.52,,
5/19/2022,93852199.32,124039622.8,39765070.72,20045.37,,615240.11,,
5/20/2022,89058599.96,120221955.4,38579973.02,20326.58,,604408.5,,
5/21/2022,94902234.76,121113215.8,38811396.88,20814.72,,537431.29,,
5/22/2022,98644006.49,126144862.1,39839764.8,21986.97,,540209.44,,
5/23/2022,105047801.7,121333616.2,38460722.1,21973.28,,567853.87,,
5/24/2022,117073758.9,121534608.9,38530973.83,21203.6,,366012.53,,
5/25/2022,107051124.6,118538109.1,37809220.44,20947.1,,351456.76,,
5/26/2022,92323367.82,107850290.6,34889348.28,19958.37,,318043.26,,
5/27/2022,88921989.82,107269073.2,33033994.26,19241.55,,302715.66,,
5/28/2022,99476700.36,109489833.6,33927150.88,20107.22,,327675.74,,
5/29/2022,102134892.8,112382608.3,35204415.31,19953.49,,362680.25,,
5/30/2022,110534233.1,131960493.2,40031391.83,21523.95,,382352.08,,
5/31/2022,114413868.4,126122475,39442805.03,21380.99,,386715.19,,
6/1/2022,103436920.2,117990912.2,36060356.09,19930.17,,394242.43,,
6/2/2022,105686552.4,122829921.5,36520191.62,19572.4,,405135.5,,
6/3/2022,102441479.7,114537523.7,35428843.07,19010.77,,404311.48,,
6/4/2022,103797116.9,114779019.4,36038204.25,18969.46,,421557.36,,
6/5/2022,99020440.89,113032912.4,36010295.28,19226.9,,424410.65,,
6/6/2022,97534791.06,117562757.2,37118851.89,19843.25,,454026.64,,
6/7/2022,92743931.19,115235206.5,36238554.78,18963.5,,423068.36,,
6/8/2022,88274725.44,112667729.1,35842094.55,18697.89,,392761.28,,
6/9/2022,87329915.41,114934538.9,35816480.52,18511.77,,393772.32,,
6/10/2022,77974120.21,105239190,32339431.92,17537.06,,378767.77,,
6/11/2022,70821895.99,100268083.1,29133086.26,16145.4,,406711.95,,
6/12/2022,61025760.7,95121858.4,26962978.15,15375.64,,397773.92,,
6/13/2022,54916769.57,85349565.14,22273802.87,13415.36,,362394.54,,
6/14/2022,54550699.02,90963693.9,22705110.65,13542.33,,407999.79,,
6/15/2022,55512475.33,89979993.53,24238498.99,13508.85,,427334.6,,
6/16/2022,46761452.47,81137059.91,23591918.93,12294.55,,403622.25,,
6/17/2022,50383696.94,81292545.77,27334846.39,12153.75,,416300.1,,
6/18/2022,45287643.16,68904801.37,24712281.03,11471.61,,402345.79,,
6/19/2022,49209638.67,88016836.06,27574192.95,12120.56,,399726.64,,
6/20/2022,49167467.35,125546338.5,26761651.29,12442.11,,467906.54,,
6/21/2022,48926307.15,120646157.2,28059238.31,31122173.42,,503241.35,,
6/22/2022,62063947.04,117232951,25986066.61,31212970.16,,467644.72,,
6/23/2022,66382199.36,122991175.4,28345839.86,35822284.83,,486293.95,,
6/24/2022,62114522.45,120416511.8,30182436.34,36716579.52,,523793.77,,
6/25/2022,64180953.21,114291933.9,30554550.82,35685080.01,,516820.64,,
6/26/2022,61933304.04,106279385.5,29465329.17,35634207.43,,501312.42,,
6/27/2022,57724547.9,98197303.06,29008985.73,30314508.98,,569378.79,,
6/28/2022,52981662.87,100189325.1,27689731.02,30157529.39,,532333.91,,
6/29/2022,53500608.72,97669032.06,26667457.4,26077607.01,,504800.65,,
6/30/2022,50266208.44,93229815.96,25294056.31,26494980.96,,538953.07,,
7/1/2022,48888055.73,91231104.58,24954299.38,27684746.8,,518114.79,,
7/2/2022,50151734.98,105014112.7,25114272.59,27868592.02,,516341.79,,
7/3/2022,55100533.28,104701914.7,25267415.2,27759481.04,,497500.63,,
7/4/2022,53231536.07,111568733.9,26857546.4,28365366.42,,472968.03,,
7/5/2022,49395084.49,104487332.8,26386035.02,28484092.2,,491750.15,,
7/6/2022,46253169.42,104161443.4,27585218.95,31830553.17,,513710.93,,
7/7/2022,49781263.29,109138176.3,28686989.59,34494025.62,,511109.16,,
7/8/2022,47535962.22,102930939.9,28228139.59,34470359.27,,527271.37,,
7/9/2022,48884761.46,105694999.2,28281391.65,34434203.88,,464831.29,,
7/10/2022,50767720.37,100143918.9,27168119.42,32625989.86,,472576.71,,
7/11/2022,55380771.56,95377689.46,25540672.51,29955748.68,,470333.83,,
7/12/2022,49985334.34,96693967.44,24235932.19,29404681.47,,473910.39,,
7/13/2022,52035148.73,102502872.2,25936391,37568577.28,,459945.04,,
7/14/2022,50321228.79,112460057.3,27508415.65,38678049.3,,504047.3,,
7/15/2022,48180054.49,106183630.4,27988777.99,46944309.32,,509587.13,,
7/16/2022,53847153,116590530.2,30684158.53,55703061.68,,548616.95,,
7/17/2022,54207690.15,110894446.3,30031173.35,52350551.01,,638800.94,,
7/18/2022,57357505.06,120834131.5,35210188.75,63208823.88,,613602.6,,
7/19/2022,58720603.04,121136359.5,34161445.1,59229340.93,,704858.58,,
7/20/2022,55181358.05,118036681.5,33577223.47,55101141.16,,682119.79,,
7/21/2022,55060292.94,133008934.8,34676626.2,56602740.91,,680893.26,,
7/22/2022,53101795.41,123944713.2,33736669.58,51945810.01,,683499.81,,
7/23/2022,53799728.3,131193408.2,33847532.82,51989832.86,,698350.22,,
7/24/2022,53669873.75,139260343.1,34714660.79,50180504.36,,702055.43,,
7/25/2022,48403532.87,124350767.8,31293905.67,41197133.7,,661189.06,,
7/26/2022,47813781.31,124304039.6,31403770.77,41596504.68,,684228.53,,
7/27/2022,53567935.93,151072936.5,35072067.86,52301949.2,,761049.15,,
7/28/2022,54773361.75,166381056.7,36600324.72,58523099.87,,783758.99,,
7/29/2022,57828348.04,162395730.2,36390900.08,57089201.43,,823587.29,,
7/30/2022,56377818.21,148341265.8,36860000.37,59117440.83,,864811.1,,
7/31/2022,56991234.45,145447588.8,36229375.95,55459462.97,,850449.46,,
8/1/2022,54566863.27,146565626.4,34942393.34,54535102.34,,878554.7,,
8/2/2022,53848838.25,154694545.7,34878902.55,53974156.25,,859067.84,,
8/3/2022,63633931.29,151231928.4,34175224.02,57681535.2,,1025029.02,,
8/4/2022,69625440.97,152314476.7,36511686.79,57831325.5,,981789.53,,
8/5/2022,73447686.18,163220821.2,39408743.65,75426681.3,,1022631.99,,
8/6/2022,69652761.91,169584470.8,38379780.87,123262944.2,,1078526.2,,
8/7/2022,69835363.39,163563741.4,38609336.29,129458821.6,,1135863.64,,
8/8/2022,67634931.54,163555387.2,50933615.5,125449346.6,,1174697.62,,
8/9/2022,62790884,153909456.4,45651346.05,131764319.8,,1181631.9,,
8/10/2022,68066840.95,166207340.2,51328984.6,171721298,,1362332.22,,
8/11/2022,64509372.59,161700265.5,51496962.83,144306143.3,,1346326.41,,
8/12/2022,67117544.77,170401202.5,53810109.58,188889293.8,,1311435.35,,
8/13/2022,65305115.88,165276091.4,52053568.71,180320573.7,,1064859.48,,
8/14/2022,61952566.49,158854402,49104692.89,174073572,,1094745.3,,
8/15/2022,59722707.33,153670569.7,44369080.58,163212373.9,,1001063.09,,
8/16/2022,57111843.2,153961176.1,44584896.2,150105327,,1095089.38,,
8/17/2022,56302963.82,147443175.1,42477539.83,153575019,,1086654,,
8/18/2022,53493432.9,140407788.2,42769231.64,151935190.3,,1185038.41,,
8/19/2022,45402689.66,122860712.8,36506670.5,124496115.3,,1009362.64,,
8/20/2022,46545079.13,121323716.7,35006211.83,122336003,,985119.26,,
8/21/2022,49865337.01,132880399,36366616.38,131276112,,966911.49,,
8/22/2022,47586922.78,130719016.8,36130492.35,130783774.4,,950875.43,,
8/23/2022,48182277.77,132811216.4,37552156.76,152883202.6,,1040827.95,,
8/24/2022,48040042.84,132075784.5,39589275.95,145637521.3,,1106638.46,,
8/25/2022,49066172.14,122046928.8,40424812.64,147336211.7,,1022563.58,,
8/26/2022,43222368.83,111151028.5,34958500.9,120085430.3,,919176.76,,
8/27/2022,43309379.07,118221229.6,34015172.47,112818256.5,,902213.49,,
8/28/2022,41369638.8,120842194.4,32583353.57,105163290.4,,891236.25,,
8/29/2022,45275158.91,138788893.2,35466377.33,120323767.8,,953865.36,,
8/30/2022,43262100.21,122041501.7,37189311.33,130287141.2,,937840.43,,
8/31/2022,43093843.46,110170614.5,38212393.09,123441575.4,,898327.85,,
9/1/2022,42807923.82,108925023.1,38046806.62,138890750,,907279.56,,
9/2/2022,42699358.8,115654375.3,38299871.35,135215373.7,,968174.95,,
9/3/2022,43384370.43,112021192.4,38986130.95,128479886.2,,959685.43,,
9/4/2022,42965121.18,113842074.3,45932165.6,133069411.1,,1033710.18,,
9/5/2022,43325994.3,114538812,49573339.46,142909640.5,,959728.3,,
9/6/2022,41010650.15,107364602.1,51627010.56,129480395.2,,905766.4,,
9/7/2022,42420881.01,114144641.1,60296778.84,137435499.5,,877155.03,,
9/8/2022,44049851.8,111554847,58031523.41,138275767.3,,836017.65,,
9/9/2022,46037593.92,117653121.5,62279751.84,147343440.4,,937551.73,,
9/10/2022,46027375.11,119319956,63671653.92,150215548,,964255.43,,
9/11/2022,47118970.39,116200721.3,58064233.06,144629180.1,,941183.17,,
9/12/2022,45101791.12,115137210.2,54780955.53,132545410.5,,870557.61,,
9/13/2022,41503077.44,107191277.5,48868600.57,118992914.2,,856679.42,,
9/14/2022,42219419.94,107689066.5,48781016.73,111517794.2,,853928.27,,
9/15/2022,38934338.82,102414600.4,42890948.07,94492792.11,,847254.82,,
9/16/2022,38854296.4,102179630.7,42581033.83,89041314.77,,812667.75,,
9/17/2022,39536114.79,107189311.2,44267567.12,98275701.93,,833947,,
9/18/2022,35706812.31,97765214.96,39083628.01,79488840.36,,812937.7,,
9/19/2022,35973099.22,99898935.74,41944968.09,84797081.54,,827654.28,,
9/20/2022,35941843.32,94340474.49,37779727.43,70114602.67,,815874.54,,
9/21/2022,35646015.03,96137791.34,34173247.82,64995242.62,,833837.29,,
9/22/2022,37283787.26,103466704.9,36139660.02,74935086.79,,863933.73,,
9/23/2022,37477731.62,102888234,39511435.28,76231511.76,,827258.34,,
9/24/2022,37156910.12,101083560.9,36392765.09,72751296.48,,876513.43,,
9/25/2022,36430928.83,98190647.54,35138339.1,68607241.51,,869381.1,,
9/26/2022,36395982.49,98038491.82,34818393.02,75857807.41,,888064.59,,
9/27/2022,36071607.63,95871033.31,33618758.89,74961607.88,,895219.87,,
9/28/2022,35196668.24,100786135.1,34476530.57,73945446.93,,967465.31,,
9/29/2022,35731579.03,98107567.01,35300235.04,72083451.65,,1034600.63,,
9/30/2022,36730701.08,96790927.98,34627085.28,71933838.1,,963586.89,,
10/1/2022,35885916.28,94429408.51,33605037.13,68740072.09,,1003596,,
10/2/2022,35270694.19,92078389.99,32693013.41,63884576.36,,1065775.93,,
10/3/2022,35892671.57,94075375.04,33274728.58,69451578.91,,1180607.62,,
10/4/2022,37220285.68,95420781.13,34743540.43,75144297.63,,1204135.19,,
10/5/2022,37328117.35,94863264.31,39431641.8,80666467.54,,1273643.23,,
10/6/2022,37143134.17,92917492.72,35780194.47,81773966.41,,1263339.21,,
10/7/2022,36667777.74,92112815.93,32762137.8,78442749.16,,1203396.08,,
10/8/2022,36375636.56,91274952.37,32858391.36,76795263,,1209177.08,,
10/9/2022,36700490.27,91766928.84,32796457.03,81973849.68,,1234266.12,,
10/10/2022,35553966.84,88602365.19,30527959.67,75167138.2,,1172960.34,,
10/11/2022,34395025.25,86154109.39,29020946.13,72194277.26,,1214314.88,,
10/12/2022,34030908.62,86515561.26,28830825.39,74064188.58,,1197855.3,,
10/13/2022,32763758.96,90650260.46,30613805.85,79824341.75,,1218561.25,,
10/14/2022,32670638.39,86476489.05,31544730.26,76545115.58,,1240055.89,,
10/15/2022,34744347.15,86025884.29,30708984.88,73756910.35,,1246378.82,,
10/16/2022,41066615.48,93383533.68,31618375.08,79294420.28,,1317420.35,,
10/17/2022,39358305.33,94123594.24,33498961.27,80730897.44,,1450936.21,,
10/18/2022,37929287.21,94991688.36,32609491.57,76977236.97,,1533394.09,,
10/19/2022,35135100.11,92323318.8,31491860.01,75636545.13,,1499198.64,,
10/20/2022,35339264.39,89938619.45,31003989.7,71154709.98,,1471692.82,,
10/21/2022,34706992.02,89139615.23,31399064.75,75061025.28,,1523223.22,,
10/22/2022,34643106.43,89116281.96,31944998.75,76463712.86,,1607133.2,,
10/23/2022,35326456.27,90577224.48,33528284.63,83198055.66,,1664744.35,,
10/24/2022,34612195.47,88826486.84,34846329.69,81015014.71,,1621624.09,,
10/25/2022,34778738.34,91727892.58,38674777.97,84858318.97,,1806191.27,,
10/26/2022,36224617.46,96462616.05,43285822.15,97632212,,1783018.16,,
10/27/2022,34658762.59,94771591.05,39785071.76,91739297.35,,1699636.24,,
10/28/2022,35557787.51,95880534.87,42938165.02,108091462.5,,1884119.62,,
10/29/2022,35395056.43,99702932.89,44802102.73,107182546.4,,1858910.02,,
10/30/2022,34891971.4,96373620.7,43700305.68,105709846.5,,1700707.77,,
10/31/2022,34669175.04,98679504.64,43931396.16,102323146.9,,1819356.22,,
11/1/2022,35057748.75,98329733.48,44428648.43,102105500.6,,1849488.44,,
11/2/2022,33891268.77,93913544.23,42067958.29,94836839.02,,1715776.9,,
11/3/2022,35243450.28,95767425.67,42452862.14,94641345.58,,1794343.13,,
11/4/2022,38343490.96,104374984.9,44996845.71,106768045.3,,1984751.14,,
11/5/2022,38718766.99,102930045.7,44191549.67,100586580.3,,1996065.17,,
11/6/2022,36201814.43,99131121.82,41785747.58,94557555.79,,1931772.99,,
11/7/2022,35848237.93,100531649.1,41925597.07,92198829.44,,1920400.29,,
11/8/2022,28385873.57,84701944.45,34243428.97,72143789.74,,1761710.36,,
11/9/2022,21407476.99,71855263.41,24787990.97,45233478.68,,1410146.72,,
11/10/2022,24994511.97,79502959.39,30907852.49,64395447.67,,1744661.6,,
11/11/2022,30023762.07,76699759.94,30560620.67,57784039.01,,1604928.74,,
11/12/2022,26066067.32,68453060.17,29677241.11,57927686.61,,1629438.4,,
11/13/2022,31527364.79,67510257.5,28746772.43,57073092.56,,1821385.39,,
11/14/2022,30707934.89,75622706.99,29887243.39,62854568.33,,1888902.93,,
11/15/2022,30219964.11,74669667.41,32277620.98,68770635.13,,2001009.29,,
11/16/2022,29704806.93,75029311.06,31701922.58,66322253.46,,1975390.3,,
11/17/2022,29080808.73,72167570.94,31557207.41,65417974.02,,1940654.84,,
11/18/2022,29015636.62,72672791.39,32477786.1,63222557.06,,2029035.96,,
11/19/2022,29128007.95,72251927.56,32511204.02,65202558.1,,1929702.15,,
11/20/2022,25359042.92,70016023.78,29984272.77,59767703.74,,1695351.94,,
11/21/2022,25820424.79,67646695.51,29311331.6,60334070.46,,1773935.73,,
11/22/2022,25448184.99,70405410.78,29730093.47,61397839.35,,1801693.39,,
11/23/2022,26890658.01,72431644.89,31074724.86,67571553.6,,1905040.74,,
11/24/2022,26119242.87,72317785.46,31571885.9,68234192.93,,1986662.6,,
11/25/2022,26809537.33,71478943.45,31503246.9,74103609.23,,2010385.78,,
11/26/2022,27490173.97,69471031.36,32453219.84,75451798.77,,2016252.91,,
11/27/2022,27705480.93,69993296.38,32478080.5,74361213.74,,1995690.53,,
11/28/2022,26933576.88,69578617.53,30956891.71,71694362.46,,1959684.98,,
11/29/2022,29551337.5,68335146.64,32253914.33,78662463.32,,1984115.63,,
11/30/2022,33718779.26,71205215.2,33669548.51,88328340.67,,2136594.73,,
12/1/2022,31072621.94,70991338.73,32564768.99,80349157.07,,2023771.57,,
12/2/2022,31126778.55,73511557.1,32438855.87,84229915.79,,2078975.27,,
12/3/2022,29103963.53,70321139.4,30902530,78101958.07,,2073147.78,,
12/4/2022,30882116.94,72525634.12,31912428.05,88431050.94,,2051969.34,,
12/5/2022,32163049.88,76721853.36,31358083.87,89389807.53,,1985763.98,,
12/6/2022,30783437.04,77108700.76,31734858.55,88874423.56,,1939110.43,2445666.7,
12/7/2022,29208177.86,78275311.6,30578595.16,85684037.09,,1977398.95,2428171.34,
12/8/2022,29791868.18,78656420.58,31588152.17,95431131.05,,2005179.3,2906633.9,
12/9/2022,29534627.52,76850913.75,30902822.32,94402955.75,,1974023.36,2926828.77,
12/10/2022,29404063.5,77071306.33,30599319.06,94673050.82,,1946531.44,2866934.26,
12/11/2022,29375151.56,65119300.39,30719358.33,93222381.63,,1939810.78,2776179.47,
12/12/2022,29670107.58,76566839.01,30989251.54,102902066.8,,1932671.4,2908240.46,
12/13/2022,29646114.26,76465466.55,32061075.99,106866026.3,,2118704.01,3120204.17,
12/14/2022,29277248.73,73747133.93,32253307.28,115696261.2,,1994853.83,2883911.83,
12/15/2022,29365364.8,74049603.49,30940082.47,103944472.6,,1936241.76,2729998.44,
12/16/2022,25362379.14,66273085.64,27872728.95,86362324.79,,1699911.42,2266833.24,
12/17/2022,25467069.64,67627153.29,28448854.13,94283880.47,,1825415.3,2437341.42,
12/18/2022,25082981.15,67321097.57,28896738.66,93449160.84,,1789416.72,2481694.12,
12/19/2022,24170528.77,65293692.2,27020051.92,90648333.33,,2083818.66,2314637.02,
12/20/2022,25310033.32,67555458.2,27971921.6,95171912.15,,2504672.82,2377128.17,
12/21/2022,24738393.59,66055741.83,28065359.4,91421375.57,,1800158.96,2444131.77,
12/22/2022,25117269.29,66155770.36,27374254.12,88797655.1,,2152872.22,2400779.82,
12/23/2022,25005710.75,65640975.98,27698731.84,88965046.7,,2529290.69,2567564.72,
12/24/2022,25283958.59,64347561.56,28310458.58,87947216.17,,2823333.89,2661678.15,
12/25/2022,25138003.98,63516178.44,29217651.44,88868831.68,,2811277.96,2598369.36,
12/26/2022,22966367.96,63525599.25,28087212.34,91496781.4,,2830451.41,2569744.15,
12/27/2022,22870845.22,63419662.7,27703167.6,88417977.38,,2829487.65,2535896.69,
12/28/2022,22062380.52,62204419.87,26841461.74,84537722.8,,2590330.62,2330498.64,
12/29/2022,21737053.72,56772793.57,26749625.65,83423764.7,,2482948.99,2184918.96,
12/30/2022,21381792.43,57812335.25,26555706.22,80230374.38,,2430705.66,2237157.82,
12/31/2022,21023035.37,57483653.64,26539414.68,82287066.21,,1521760.84,2226413.12,
1/1/2023,21395350,58242431.81,26712657.23,84719736.44,,1638095.36,2238308.65,
1/2/2023,22060470.05,59646551.69,26982204.22,87915875.47,,1629960.5,2431050.46,
1/3/2023,22025722.82,59608174.96,27378333.24,83419740.76,,1527494.31,2434784.93,
1/4/2023,22493391.39,62050254.56,27890254.59,86725452.75,,1497972.73,2440160.61,
1/5/2023,22217023.61,61032977.48,27756008.11,85866677.9,,1554878.25,2361581.42,
1/6/2023,22229253.84,62988847.51,27745465.86,87711577.19,,1541609.6,2270785.91,
1/7/2023,22604200.95,64785675.29,27511479.86,87972314.62,,1555505.89,2191766.27,
1/8/2023,23016831.7,66545074.65,29157770.42,90552590.02,,1529557.94,2235724.48,
1/9/2023,23206221.31,67283805.17,30498131.21,92169316.46,,1474884.71,2349476.45,
1/10/2023,24440532.84,67156464.45,30214420.29,93980574.29,,1463499.65,2359029.87,
1/11/2023,24378009.47,68949495.9,32074731.39,97146682.13,,1519690,2408764.52,
1/12/2023,24928241.75,68629002.01,35958365.31,97971274.06,,1585796.03,2365232.91,
1/13/2023,25689195.13,71865787.73,36764235.99,99812523.5,,1752383.94,2423779.44,
1/14/2023,26698685.01,76969651.34,36676647.99,108186053.7,,1776801.62,2531250.26,
1/15/2023,29589947.92,79392360.6,38129511.1,102809099,,1732562.63,2261794.14,
1/16/2023,28360349.91,77725079.17,37167758.73,105804966.2,,1744189.88,2238703.21,
1/17/2023,28775945.51,80832498.51,37044568.04,102928402.9,,1670004.2,2155241.29,
1/18/2023,25930407.09,76086445.46,35734698.53,95329093.54,58696619.89,1845870.8,1735238.81,
1/19/2023,27025287.36,81255353.99,36035105.48,91491729.19,72710542.9,2003616.57,2471182.36,
1/20/2023,29151636.17,90846245.53,38574073.74,106936866,59754857.5,2073018.45,2677076.09,
1/21/2023,28477000.42,89696322.78,36400229.53,102265076.3,59203174.59,2011168.33,2303781.84,
1/22/2023,29406044.73,90858513.7,34600823.66,105711087.9,54317736.81,2056195.78,2293748.57,
1/23/2023,29594886.26,90234791.67,36338067.58,102568747,55629524.41,2192782.05,2978795.02,
1/24/2023,33318709.77,83522569.41,33882358.28,96459482.69,53467334.81,2201889.23,2774447.35,
1/25/2023,33000848.12,88366917.54,35263861.53,102695015.5,71774780.66,2529856.96,3110967.85,
1/26/2023,33049360.06,85463209.31,35851373.84,108850187.1,62055154.08,2663949.35,3188951.88,
1/27/2023,34348357.55,89108619.35,35280118.03,114914352.2,63789213.76,2769062.62,3805823.25,
1/28/2023,33003701.33,86663114.75,34405470.49,110589117.1,71530960.84,2905780.66,3666392.94,
1/29/2023,35160735.85,87679044.56,36450813.35,117000626.6,106275642,3009573.79,3760149.44,
1/30/2023,35421006.72,81684828.02,34840824.28,102994182.1,104637137.4,2620727.94,3685170.1,
1/31/2023,40454288.42,82109786.08,34983342.7,103617135.4,104557535.6,2765980.56,4403076.49,
2/1/2023,39772483.35,92782849.71,35862270.32,116754598.3,109006574.2,2771882.9,4212698.45,
2/2/2023,39931012.79,89004453.8,37307164.6,121908665.4,146246223.3,2863134.94,4208734.65,
2/3/2023,39645382.76,89998925.11,40180564.96,141276993.3,179336626.3,2992098.61,4375160.95,
2/4/2023,40445936.78,93946188.64,43297618.24,139825789.7,199455472.1,3104989.14,4686985.53,
2/5/2023,37903712.88,89198889.44,42209505.1,127384189.4,180489802.2,3074026.12,4308445.51,
2/6/2023,37789312.62,95911219.71,39461901.15,121431565.3,198093249.9,3240124.51,3978146.71,
2/7/2023,41269053.71,99908181.92,40483050.39,143907538.2,185968329.7,3444840.83,4660796.09,
2/8/2023,39545107.39,93093287.7,37455478.78,132671300.6,156266035.9,3246567.9,4212111.36,
2/9/2023,34126658.46,84905479.94,34416661.38,116812239.7,125037258.1,2849359.83,3829219.68,
2/10/2023,33384589.44,84956914.43,36231461.77,107368887.3,124146377,2771413.07,4330532.24,
2/11/2023,34579686.06,86330554.95,36100010.09,111190890.9,128664178.8,2907067.73,4539911.1,
2/12/2023,35505146.44,83607068.64,35152182.27,107070137,149113171.9,2935664.3,4161909.61,
2/13/2023,33615126.6,85058017.42,35069472.81,101730665.4,135449661.6,2847625.85,4064602.67,
2/14/2023,34590486.05,87629161.72,35350654.93,114418122.5,148031937.7,3443088.57,4196503.15,
2/15/2023,37062047.78,94175355.59,39020035.61,134042991.6,172731693.9,3591516.74,4892543.72,
2/16/2023,36876174.02,86273031.2,37045821.63,119320176,150770219.4,3442612.77,3983901.16,
2/17/2023,42322188.34,91660649.77,38382297.98,132344250.7,154394580.7,4664950.46,4504074.86,
2/18/2023,43902637.97,91083165.34,36570093.12,131786209.5,141776072.7,4600692.69,4763233.55,
2/19/2023,45228441.03,91357808.89,36262177.24,125544369.2,121703328.1,4040081.92,4533928.44,
2/20/2023,48136769.56,96285969.61,36818932,131923944.8,119939337.5,4153576.74,4177635.03,
2/21/2023,45908639.92,91086677.83,36305227,119105745.6,110232109.7,4006786.34,4095381.38,
2/22/2023,46721966.47,87386837.59,36534700.56,119103119.6,111186141.1,3845155.12,4079509.39,
2/23/2023,48350358.64,92961336.18,37280817.14,124967426.7,112861160.9,4035108.65,3994858.18,
2/24/2023,64183520.33,93430633.48,35467333.08,110167927.6,110557280.1,3711837.59,3582829.42,
2/25/2023,59073058.88,88649256.65,35509812.58,106471348.2,112246288,3637850.17,3195647.54,
2/26/2023,56762483.3,93761833.02,36458375.56,117265248.1,122593314,3811560.8,3212266.1,
2/27/2023,54374408.33,98536916.07,36283950.65,115177066.3,127217109.6,3693359.59,3247314,
2/28/2023,50891902.03,98255386.38,35619571.6,112348222.4,117973167.7,3471116.69,3319582.93,
3/1/2023,52729145.31,105758942.6,36082215.96,132516564.2,121984352.7,3433799.88,3363532.18,
3/2/2023,63973104.44,101513353.8,36032502.18,126373218.2,113615737.3,3184458.55,3134382.91,
3/3/2023,55115698.82,99181562.96,34493523.05,114802162.4,104320266.5,3124836.21,3001437.34,
3/4/2023,52287686.69,100840004.2,33932013.45,113804309.5,100580051.3,2948890.48,2632824.07,
3/5/2023,56968141.16,107936019.6,34062590.61,112068221.1,97212984.85,3046338.53,2726084.98,
3/6/2023,59466011.74,108414099.6,34034869.89,114390408.2,99404029.64,3331391.9,2677822.46,
3/7/2023,55423704.85,101840322.8,33590264.6,108131949.9,94026282.32,3253450.21,2433212.7,
3/8/2023,50374090.42,91177649.98,33424792.17,98277369.38,91652505.12,2911938.11,2700255.75,
3/9/2023,45191929.25,83830656.95,31015094.14,90338517.71,86150952.52,2781732.96,2298654.53,
3/10/2023,44967815.47,80317785.78,31396171.42,87911810.52,81519713.18,2739340.77,2334870.35,
3/11/2023,43743481.4,79050897.27,32344895.49,87272512.02,79818745.32,2572542.27,2186618.45,
3/12/2023,47681332.28,97208828.03,35239482.02,97214739.76,82596299.54,2839147.61,2435364.12,
3/13/2023,48857388.15,109600501.6,36336006.26,101459883.5,86124733.64,2957253.45,2668234.86,
3/14/2023,53418226.02,97589777.58,36784824.42,101012645.3,87569584.36,3079565.64,2832472.91,
3/15/2023,48506408.39,82522410.23,35648259.11,101089406,91636673.83,3209815.43,2713569.15,
3/16/2023,49382400.1,87703337.91,36208767.32,105598786.1,92161014.46,3776314.9,2866449.24,
3/17/2023,49459198.99,92753101.12,39523829.73,112341586.1,95610952.03,3941169.61,3347108.58,
3/18/2023,46408927.94,88230087.12,41328422.3,108326494.8,91932287.46,3836793.91,3494556.46,
3/19/2023,47955054.81,89127837.53,41855957.35,115553075.8,98100172.02,3798168.75,3377435.39,
3/20/2023,43754577.48,83781170.2,38411869.97,111174873.7,89495059.39,3422773.66,3264818.61,
3/21/2023,45349260.32,80347919.96,39646853.36,115795831.8,96110007.6,3512975.86,3397029.74,
3/22/2023,44811829.62,76776349.83,37385963.25,107831612.6,94248638.93,3306556.65,3133051.8,
3/23/2023,47973175.66,76555991.29,39215669.58,109778139.1,93943725.75,3516460.54,2830009.18,
3/24/2023,45146597.95,72542132.99,36550744.66,98342392.22,85125425.58,3038531.75,2689139.3,
3/25/2023,43844301.43,69720519.54,36930780.28,98929347.56,79750793.01,2999263.4,2437983.58,
3/26/2023,45834013.02,71206133.9,37067165.5,98981448.38,78072263.49,3147206.76,2599280.42,
3/27/2023,42137159.85,67990968.52,36332698.47,91480751.09,75557327.98,3002595.03,2446739.26,
3/28/2023,43511610.81,69662745.12,36467132.11,95510671.77,71879197.64,3220404.83,2601524.99,
3/29/2023,44375563.33,73292622.97,37979890.89,90079553.69,66783776.02,3304313.24,2563585.56,
3/30/2023,42673532.12,70336120.16,38450774.28,91404615.45,66694752.59,3248957.88,2555804.96,
3/31/2023,43068231.54,73902888.06,39178545.32,92390416.63,66705993.06,3278871.96,2695982.98,
4/1/2023,43110737.59,74072175.58,38570304.48,87597185.73,62951536.58,3205778.25,2663790.91,
4/2/2023,41110237.17,73377315.65,37765344.32,85399445.9,58452964.27,3069110.11,2424764.47,
4/3/2023,40283047.08,72990057.2,38063984.04,80352140.5,56506201.67,3020765.5,2379199.72,
4/4/2023,41840014.33,77578447.19,39490398.56,82298361.51,58717184.84,3154923.6,2753468.66,
4/5/2023,40519356.34,79684571.29,40803140.88,80297514.62,62195173.75,3171329.79,2855641.34,
4/6/2023,41309744.67,79101291.97,38870985.82,75153069.72,60243627.4,2999978.15,2863989.91,
4/7/2023,40535849.92,78556788.38,39494192.93,76885621.91,56006984.25,2893651.77,2752740.43,
4/8/2023,40073082.91,77613176.57,39739421.49,74628868.6,54079029.55,2880154.66,2713400.3,
4/9/2023,40933126.61,78085720.32,39894799.14,75289777.22,53151847.83,2855848.79,2563047.71,
4/10/2023,41362297.36,79300736.75,41131115.83,75246014.56,53548015.07,2929210.44,2557425.95,
4/11/2023,41473542.14,77120785.63,39506839.06,77794131.23,48890836.94,2830128.24,2394348.51,
4/12/2023,41373600.63,76600274.2,39833172.66,73719813.88,47280537.09,2779942.83,2428607.18,
4/13/2023,42982400.26,77758477.48,39409632,77849431.05,51684518.49,2985635.47,2510423.32,
4/14/2023,44547859.85,80209522.02,40405466.52,85268424.78,58112734.73,3252545.76,2400871.79,
4/15/2023,43913636.24,80660045.3,38427614.64,82437570.61,55884515.41,3231412.48,2239225.3,
4/16/2023,46969963.5,82563301.25,38856555.23,83093934.98,52527661.73,3419341.87,2066442.9,
4/17/2023,44502923.75,79967929.27,37666517.38,80064286.85,48086539.66,3291648.34,2081200.76,
4/18/2023,45742671.49,87001675.41,37848167.25,82426304.53,47615818.96,3307373.16,2130751.1,
4/19/2023,40397897.48,83001284.97,35562685.89,72977711.81,43274394.97,2932031.06,1833035.46,
4/20/2023,39003361.15,79404831.38,34889882.98,74084075.72,42557352.48,2878910.63,1913637.36,
4/21/2023,35712106.73,74485738.41,33811984.25,69320199.26,39253772.21,2665103.28,1790298.63,
4/22/2023,37251270.08,75201563.51,33910627.69,68991725.9,39321069.35,2794045.39,1757404.57,
4/23/2023,36612061.53,73697795.37,33031938.91,65204936.37,38949978.12,2675586.73,1716349.31,
4/24/2023,36564067.6,77965406.65,32666370.59,69822332.28,36262034.52,5203178.88,1870828.99,
4/25/2023,37059523.77,77946857.05,33118367.65,75408462.62,39833026.66,5353936.49,2000443.07,
4/26/2023,35918815.09,76561745.66,32982131.92,75473643.97,39260026.05,5276971.05,2115153.42,
4/27/2023,36803656.16,78092530,33837047.21,78492412.48,36357481,5397313.29,2136231.79,
4/28/2023,36381726.69,77397661.76,33625811.08,75079176.23,36480412.18,5265524.96,2065583.22,
4/29/2023,36838033.34,78676407.35,33854426.29,74239779.29,28636645.02,5223603.94,1892653.45,
4/30/2023,35466872,76796384.27,32953547.8,68901626,32534808.66,5162679.35,1905064.35,
5/1/2023,33056906.19,75214037.91,32255723.26,64701494.93,30283352.55,4936504.16,1838992.42,
5/2/2023,33554188.4,76913352.46,32509744.68,64843260.8,26485066.97,5007235.13,1912926.24,
5/3/2023,34266133.77,78237125.11,32980887.21,67694760.15,27045873.44,4976444.08,1915122.99,
5/4/2023,32493447.52,77928484.41,32444640.61,66113731.38,24322815.58,4943543.4,1864586.44,
5/5/2023,33634940.43,80664296.57,34437199.99,64583960.81,24516177.71,5096562.17,1846790.23,
5/6/2023,32003321.04,76162427.53,32830922.99,60729350.98,22802515.48,4689342.17,1715182.1,
5/7/2023,31992708.63,74587954.68,32420896.52,58975327.09,22438578.78,4630920.39,1532363.78,
5/8/2023,28492619.36,70667675.76,32144834.72,55688980.87,20507838.32,4209590.54,1322907.37,
5/9/2023,29417515.51,69892725.22,32060894.22,51820520.17,24384879.5,4200795.11,1345293.27,
5/10/2023,30763226.78,69584958.52,31944415.84,53735871.76,24595288.35,4357658.33,1398512.29,
5/11/2023,29846819.59,66409023.69,30640601.59,50691853.01,23330265.37,4093037.69,1301697.86,
5/12/2023,30902211.72,67600686.65,30827189.55,51489565.93,23169145.22,4304059.63,1212704.63,
5/13/2023,30095100.61,66438547.1,30573138.15,52589722.63,22998244.85,4301092.66,1209544.27,
5/14/2023,29906516.08,67765713.47,30630677.01,54295591.6,22181267.3,4433221.69,1183483.87,
5/15/2023,30464754.43,68823225.84,30173543.37,58125303.84,21419853.4,4416434.31,1217667.61,
5/16/2023,30709880.12,69122012.98,30206191.46,56798013.88,21531054.98,4504125.06,1249185.67,
5/17/2023,31146349.18,77298570.19,29690262.37,60146632.55,21511632.08,4646564.27,1240917.98,
5/18/2023,30837392.59,76188362.01,29369420.59,61296337.44,21332385.35,4633159.98,1277813.55,
5/19/2023,31355523.74,76068399.79,29535024.93,61979207.83,22338532.28,4518183.28,1276362.05,
5/20/2023,31268744.91,76071161.01,29627841.48,64729603.16,22044335.72,4496014.61,1273128.93,
5/21/2023,29266807.91,74447228.72,29428634.45,63715662.36,21886273.44,4335515.08,1210668.05,
5/22/2023,29379591.28,76514129.01,29471348.43,61635507.67,20935901.42,4343385.71,1287477.82,
5/23/2023,29973986.81,76968935.79,30321019.26,61515682.45,21579509.63,4423887.26,1320916.65,
5/24/2023,28488895.39,76938678.19,29669502.92,57492199.96,20733685.39,4199969.69,1245777.15,
5/25/2023,28972785.87,73751850.87,29700675.77,58357314.47,23406302.31,4166325.09,1264148.98,
5/26/2023,29083462.86,75927848.86,30227957.57,60601689.63,23821476.77,4344329.01,1513901.11,
5/27/2023,29270319.78,76270672.26,30111130.82,60387754.84,23973934.85,4371154.02,1821132.46,
5/28/2023,29984026.41,78837873.07,31141849.79,62788162.36,24744555.39,4599634.45,1791352.2,
5/29/2023,28993803.18,76404875.31,31080858.08,60719902.97,24530766.39,4532593.49,1593049.28,
5/30/2023,29412752.78,76147068.85,31405231.22,60518565.8,23881571.65,4507278.13,1578873.83,
5/31/2023,28488555.11,74598545.52,30971616.25,58381137.51,24027887.44,4350302.79,1510610.16,
6/1/2023,28325508.08,74426231.27,30828366.79,57073685.35,23652121.74,4308535.75,1493908.78,
6/2/2023,28691043.93,75646776.62,31706109.41,57792802.5,24148786.67,4514278.54,1537175.82,1
6/3/2023,27935426.83,74699700.3,31396180.56,57488959.55,25364912.38,4415592.33,1549843.27,319968
6/4/2023,27818740.74,74799980.36,31354425.02,57113589.1,25472314.05,4400478.16,1481066.45,319904.52
6/5/2023,24891313.67,72050958.85,29985485.18,53391642.38,24237119.57,4082238.6,791091.39,319968
6/6/2023,26517746.52,72379498.95,31330718.89,56677317.73,25309713.88,4210113.09,1459583.16,320071.68
6/7/2023,24898793.08,68706601.45,29726642.19,54022651,26072207.82,3995281.1,1585186.6,319955.72
6/8/2023,24535591.46,67494804.45,30281797.56,52792064.22,26691831.71,4008568.96,1564675.01,320016
6/9/2023,24373471.26,66868825.97,30145064.81,51850058.35,28666232.69,3911160.54,1600299.36,320000
6/10/2023,19758162.7,58952596.92,28696865.16,46935458.33,26624476.08,3562979.43,1428323.39,319975.8
6/11/2023,19665596.46,60201825.8,28552510.78,46703152.92,28328183.68,3525539.4,1422745.5,319933.76
6/12/2023,20007354.09,60717978.39,28376027.09,45359328.71,29917340.11,3481625.58,1410204.98,319972.94
6/13/2023,20016042.18,60612904.88,28150308.89,45448569.48,31022484.75,3464609.94,1256002.79,320019.14
6/14/2023,19309295.46,59184709.43,26288570.14,43133205.56,29242755.34,3304448.69,1287715.24,320032
6/15/2023,19723916.56,59465031.99,25934179.67,44174487.25,29183262.96,3364072.47,1301567.91,320054.48
6/16/2023,19830083.7,61479221.16,26865510.38,44989107.86,30332004.88,3505951.9,1346586.24,320038.56
6/17/2023,20235351.48,61929819.3,26892335.41,45263732.73,30260650.66,3600848.27,1379976.53,320005
6/18/2023,20210739.85,60358266.8,26338841.6,45187255.05,29889250.65,3577751.51,1409507.52,320012.3
6/19/2023,20354890.46,60729710.67,26830949.2,45751390.5,29466458.28,3616568.64,1394141.93,320058.56
6/20/2023,21677786.68,63013435.93,27683224.24,47938342.51,29494557.78,3811615.62,1486323.71,320030.61
6/21/2023,22775048.16,64577053.67,29614693.47,49743765.88,31283410.24,3926533.54,1550219.23,289971
6/22/2023,22788901.89,63569430.41,29349392.03,48634388.23,33185716.49,3745292.69,1512552.12,289943.4
6/23/2023,23931476.5,64881733.22,29486990.28,49199101.89,33676763.81,3859185.87,1537880.39,290011.51
6/24/2023,24022282.03,63283653.66,29415302.62,47500269.44,33347696.14,3743161.85,1499199.79,289972.9
6/25/2023,24926679.66,70366738.88,29879044.06,49337733.5,33462812.87,3840688.5,1502784.03,289946.46
6/26/2023,23849099.03,67383613.29,28510819.49,48324793.75,31047545,3856095.55,1460263.5,269954.63
6/27/2023,24666849.9,68538785.29,37844191.52,49248174.8,31897397.5,3206255.84,1477724.75,269992.94
6/28/2023,23070166.61,66321627.24,38279942.83,47474750.34,30590599.34,3028123.95,1400473.64,270027
6/29/2023,20907848.92,71330488.61,38923415.19,48799472.73,29886567.93,3065206.15,1406653.38,270008.1
6/30/2023,23060287.61,72610179.73,41073129.91,49338865.84,31298846.4,3175564.5,1463269.57,270054
7/1/2023,23672105.44,71933965.89,40666739.48,47719170.91,30984592.37,3187358.83,1440970.7,270027
7/2/2023,23396492.77,73730391.58,40684492.3,48054641.36,30907306.24,3166920.41,1438307.41,270019.74
7/3/2023,23760365.68,70535667.61,33223434.61,46320984.78,30576570.45,3264428.71,1447437.82,269977.07
7/4/2023,23495679.09,70012903.19,32669420.93,46221724.27,32443102.87,3077709.11,1413162.24,269949.62
7/5/2023,21917446.76,67637711.92,30157770.36,44131038.51,34819105.33,2969259.47,1386573.38,269979.65
7/6/2023,21008651.97,66391234.47,29759600.28,42159471.57,34101594.91,2889121.43,1324689.25,270000
7/7/2023,21324957.61,67572374.02,29803761.07,42683278.85,33259305.44,2984330.38,1349499.51,262001.28
7/8/2023,21199146.7,67229290.69,29727930.91,41819781.92,32966524.48,2992464.46,1351372.13,284620.23
7/9/2023,21005117.92,67042037.62,29807143.75,42607704.74,31061798.62,3000788.84,1359995.31,284623.82
7/10/2023,20666499.98,66018252.76,30075774.23,43885833.72,27445735.23,3086007.48,1355044.5,284605.04
7/11/2023,21026990.54,65491799.39,29854853.6,46697908.47,27137331.18,3088230.28,1372919.12,287573.9
7/12/2023,20400573.64,65909764.49,29683303.18,47353194.15,26812265.95,3083935.28,1363231.51,287586.42
7/13/2023,22445590.14,69661898.74,31625757.74,50926003.72,28681807.56,3310229.24,1435284.99,287547.56
7/14/2023,22522474.64,83629256,30718678.11,48327281.76,27743298.82,3204605.31,1414695.03,287595.41
7/15/2023,22327826.19,84919560.57,29959549.91,48113827.45,27678081.55,3271454.7,1414778.99,287586.53
7/16/2023,21392490.18,80996192.03,29680098.77,47961076.15,27407364.01,3066443.22,1409320.51,287471.37
7/17/2023,21578308.51,81299816.61,29460351.23,46880958.77,27163720.52,3093638.37,1406435.99,287546.93
7/18/2023,21006990.8,79967413.03,28575251.28,46647188.25,26681159.16,2972611.72,1386342.19,287556.14
7/19/2023,20975095.44,83035578.97,28388335.67,47143123.7,27167549.48,3015710,1355785.47,287565.04
7/20/2023,21342567.45,87907100.65,28108058.58,47119836.25,25758582.02,3009434.05,1336099.25,255796.35
7/21/2023,21129249.73,90180499.14,27962295.48,46716836.66,25323745.19,3034863.39,1336161.31,215797.02
7/22/2023,20593412.6,89859961.29,27423070.06,44405947.84,24919058,3005975.32,1313530.29,165774.95
7/23/2023,21002484.37,87478740.95,27969327.03,45335228.55,24189739.5,3029616.24,1257077.78,165791.03
7/24/2023,20086967.95,84750935.84,27139408.98,43969425.02,23757461.97,2885570.15,1177341.91,165765.23
7/25/2023,19834196.65,83895656.94,27171570.97,42201181.78,23850700.3,2856887.07,1162660.44,166937.77
7/26/2023,19864626.22,85518994.56,27672163.19,42472450.39,24483051.57,2924177.45,1199157.02,166929.4
7/27/2023,20156973.57,86434416.11,26729589.28,40678538.79,24036944.59,2888735.89,1175575.33,66917.03
7/28/2023,20314494.4,85099516.28,26793045.09,39542391.85,26898382.5,2897868.17,1154318.27,66933.61
7/29/2023,20172045.72,86294775.33,26770821.61,39278531.85,27023393.48,2935562.45,1139540.29,46485.42
7/30/2023,20165334,82506235.39,25989355.82,36670046.26,26303731,2890058.41,1098240.68,46469.11
7/31/2023,20579681.8,78843303.75,25508338.65,35088104.56,25856937.73,2859567.56,1064670.69,46466.82
8/1/2023,21316463.83,76592468.99,25454144.08,37413272.45,26038528.92,2884327.63,1041944.14,46491.54
8/2/2023,20668770.64,76898098.89,25276538.08,38347861.77,25103446.37,2863600.44,1005557.04,41459.07
8/3/2023,20696251.05,74657121.49,25041092.03,37375015.77,25044830.66,2882571.25,989256.46,2298584.95
8/4/2023,20501355.82,76976551.65,24981791.55,36644050.72,24665207.14,2908377.11,1013385.03,2289120.23
8/5/2023,20602284.82,77855744.99,25214223.23,35706563.05,24678639.84,2888040.86,997031.25,2298380.57
8/6/2023,21318875.53,78201626.31,25185091.66,36388363.65,24295916.64,2869515.13,988616.16,2288867.03
8/7/2023,21276121.4,77920641.44,25101288.41,36507021.84,24389528.92,2914647.45,998284.92,2281383.55
8/8/2023,21477904.97,78824460.13,25396320.35,35789510.61,24633442.33,3037274.21,1016953.42,2319647.3
8/9/2023,21157922.48,79335758.52,25292662.54,35483919.32,23596175.24,3023106.39,850601.27,2316120.27
8/10/2023,21167436.17,78669128.4,25235662.5,34855007.87,23529528.99,2956226.95,911282.36,2311573.13
8/11/2023,21017883.53,78230853.68,24908618.38,35376649.01,23491871.24,2949824.21,927417.05,2309650.27
8/12/2023,20357927.39,78406031.03,24805054.23,36000002.18,23458566.49,2959815.32,940322.75,2311631.38
8/13/2023,20737469.33,76891824.71,24627763.82,34650594.12,22806853.51,2932977.31,899476.47,2301184.58
8/14/2023,21476296.63,76928671.25,26581675.16,34100890.65,20749191.24,2921186.85,889244.1,2306131.28
8/15/2023,20685489.65,73356070.93,25360057.62,33351286.4,21126074.45,2870919.89,873270.78,2284943.85
8/16/2023,19224585.2,72116777.51,24701882.21,31035775.39,20780291.81,2712209.56,751958.39,2260111.4
8/17/2023,17176098.47,67005606.96,23410882.04,29515946.42,18952686.41,2579159.21,737276.49,2108793.3
8/18/2023,16852681.5,68881943.12,22210381.31,30793645.2,18629975.64,2589046.55,732797.32,2080429.38
8/19/2023,17253985.65,70215930.38,22317924.07,30856842.2,18445936.38,2595721.62,755996.24,2089793.27
8/20/2023,17435304.5,68421289.88,23147713.83,30763881.41,18990927.65,2615085.34,762923.85,2108231.93
8/21/2023,16869489.98,67086352.5,22789604.4,30362997.38,18545075.55,2554008.18,774259.42,1449010.57
8/22/2023,16264740.08,66315870.82,21931667.35,30054198.68,18150402.72,2508655.07,761972.71,1401106.98
8/23/2023,16860467.6,68266991.58,22642593.67,32647609.33,18166872.7,2560412,767404.72,1438330.75
8/24/2023,16566747.67,66341887.99,22070285.23,33408847.48,17871884.59,2508728.94,730767.03,1422913.44
8/25/2023,16405032.05,65522286.84,21792395.72,35353836.48,19140119.05,2438292.11,734230.88,1435350.85
8/26/2023,16140510.14,66177319.81,21758601.74,34270978.06,18998057.3,2405532.53,761152.2,1430960.41
8/27/2023,16421117.74,67213607.31,21904539.11,35511230.88,19380116.93,2384205.98,757608.13,1438602.13
8/28/2023,16530699.75,66853244.41,22011791.52,35390201.64,19084291.9,2369369.79,765864.12,1435642.48
8/29/2023,17451006.12,66206811.79,22626951.97,37610501.41,19913137.08,2431319.74,794423.82,1498892.56
8/30/2023,16917029.04,64618027.96,22255306.54,38968581.27,19493313.63,2389662.27,780554.49,1478970.31
8/31/2023,16773924.53,62679918.3,21459244.86,36959574.6,19478532.04,2311161.13,756278.89,1430088.49
9/1/2023,16388708.35,62315365.8,21014474.06,39109805.21,18914950.95,2228033.21,717885.02,1432261.5
9/2/2023,16385139.48,63261491.07,21067506.82,38886075.64,18953123.15,2198781.79,726649.21,1382449.86
9/3/2023,17324847.58,63491449.3,21133962.86,38873858.93,18860073.1,2231380.18,737827.82,1382421.61
9/4/2023,18189241.74,68147016.91,20951420.83,37399740.49,18793848.19,2256993.83,728026.53,1376401.84
9/5/2023,28892774.06,70247587.57,21123169.1,36259776.54,18391013.85,2247343.95,727378.96,1380334.77
9/6/2023,30092208.38,70621826.98,21280750.2,35265833.62,18318489.52,2256146.51,721631.27,1379021.17
9/7/2023,43787046.17,70863361.91,21148945.95,34128330.25,18461432.1,2289607.97,710354.63,1391407.33
9/8/2023,43910905.57,67634419.45,21076724.36,34543296.86,18201390.51,2252272.59,673161.05,1382128.06
9/9/2023,40331166.69,67922383.81,20910629.95,33861615.05,18240560.42,2233837.69,679280.5,1381125.7
9/10/2023,28305741.79,67059995.89,20794089.48,33674586.3,18226603.8,2145829.44,642977.93,1367275.58
9/11/2023,24860512.42,64510146.37,20032189.08,31786241.68,17262887.6,2025800.55,607617.72,1311295.37
9/12/2023,23565487.61,64526583.17,20519903.66,32590823.52,17778634.49,2067850.38,622703.08,1346813.02
9/13/2023,24171448.51,65895977.77,20491845.53,32914547.76,17699539.83,2129533.84,632843.47,1358044.33
9/14/2023,22718265.17,65957738.15,20770347.14,33838202.07,17648775.44,2157883.56,736407.97,1374670.2
9/15/2023,23626721.38,67605102.84,20353879.8,34099696.91,17726670.12,2135406.34,740824.26,1387502.78
9/16/2023,22782588.92,68195072.68,20070827.81,33739110.52,17679258.43,2188761.95,738500.25,1381167.65
9/17/2023,22950355.84,66312309.02,19911930.44,32636593.7,17452529.55,2140154.49,723268.06,1370947.91
9/18/2023,23620567.26,67338649.52,20265427.66,33665018.65,17470621.74,2198110.67,743985.59,1383526.89
9/19/2023,26284518.29,67068456.84,20271533.98,33906834.05,17521613.94,2244556.63,754157,1406511.37
9/20/2023,24640463.77,65795225.86,19962144.82,35024829.22,17065762.81,2239395.87,742612.61,1389537.62
9/21/2023,22956774.51,64353134.67,19510910.5,33306779.08,16969226.86,2174392.21,711749.67,1359345.02
9/22/2023,23617548.6,66186806.86,19643574.8,33713275.82,16880481.87,2192174.16,716403.04,1340286.02
9/23/2023,23525198.17,63116002.92,19863522.76,33493657.81,16872500.15,2176879.24,709535.19,1339650.61
9/24/2023,22982867.63,62134157.24,19704225.5,33870549.34,16717940.3,2155505.61,705387.71,1328646.91
9/25/2023,23585048.2,63354272.77,19818816.87,34067543.21,17212151.05,2158281.22,701848.81,1333950.41
9/26/2023,23825956.35,63050693.98,19866107.86,33627985,17256278.65,2177779.06,713890.76,1332134.67
9/27/2023,23510869.55,63972066.21,19934521.37,33762025.19,16538941.76,2177891.87,715295.04,1336245.47
9/28/2023,23537233.22,65094729.7,20742028.73,36310633.59,16928413.7,2291523.1,744981.68,1385154.73
9/29/2023,23472123.04,64752195.25,21135769.48,37899392.12,16724772.4,2318086.72,756573.61,1397668.75
9/30/2023,23887788.39,65603430.36,21235881.41,37849842.58,16794343.48,2380158.76,758071.5,1401061.6
10/1/2023,25387614.38,67688395.5,21937456.25,40606217.89,17254028.83,2467714.19,794692.21,1452132.93
10/2/2023,24192152.48,64753709.83,20992655.21,36633056.72,16236963.61,1881560.96,832413.17,1393567.1
10/3/2023,23495284.89,64133509.22,20908280.94,36153919.47,16793935.83,1986110,825508.62,1388453.37
10/4/2023,22146314.52,64008182.84,20712221.18,35114053.86,16953747.08,2011993.31,796162.14,1380277.28
10/5/2023,22648174.9,62367450.83,20303947.88,34135995.23,16404003.61,1965882.8,759624.92,1349024.3
10/6/2023,22129109.41,63612306.08,20629179.59,36135393.56,16668539.48,2018652.57,771064.12,1376870.18
10/7/2023,21518418.48,63083651.18,20481094.87,35920686.55,16357134.07,1983289.79,766254.67,1367771.72
10/8/2023,21533350.71,63357191.55,20527581.2,35839308.76,16339220.06,1964901.81,744797.66,1366216.1
10/9/2023,20882156.51,61142395.49,19889297.44,34807570.45,15757420.41,1898506.46,718281.58,1320890.45
10/10/2023,20529426.1,60952362.59,19609124.12,39285033.21,15355405.08,1890482.88,719705.45,1310001.93
10/11/2023,20174961.92,61040226.2,19579343.63,41715965.23,15371317.48,1870457.93,719001.31,1308571.68
10/12/2023,20758109.5,59064717.06,19267432.39,40843136.54,16743452.76,1868009.44,707005.86,1283084.71
10/13/2023,20888026.04,59419334.68,19410786.49,41974530.22,17274928.77,1873195.75,708947.85,1293288
10/14/2023,20888042.23,59323714.09,19418276.41,41659086.66,17520373.89,1863341.73,706893.25,1297270.33
10/15/2023,20907922.1,59407601,19425412.93,40850387.36,17534832.27,1864931.14,706002.83,1298126.8
10/16/2023,21272037.45,61100872.41,19889236.9,41861353.41,17637107.99,1884418.48,719500.33,1326351.85
10/17/2023,20192315.83,60888708.94,19570624.43,39590795.95,17370939.34,1838692.23,703191.46,1296323.34
10/18/2023,19894836.17,60663342.68,19553746.39,40042561.19,16963653.04,1827301.31,700718.02,1295242.4
10/19/2023,19046507.55,60380850.13,19616340.03,40166174.61,16766801.59,1807698.42,696574.53,1296975.21
10/20/2023,19883920.47,61904150.52,20014432.79,41860596.57,17192663.16,1851532.53,709088.25,1328779.33
10/21/2023,20541239.12,64498316.31,20350179.58,42420337.52,17221889.18,2039723.84,720283.28,1348771.46
10/22/2023,20938332.89,65982264.47,21047619.49,44765744.03,17084150.65,2020872.52,733042.73,1376597.21
10/23/2023,21585775.79,68880090.8,22312222.76,48190640.41,17618097.71,2091345.15,786536.84,1460157.25
10/24/2023,22933050.08,69870417.14,22639161.18,47342443.6,18458499.87,2109572.05,797940.09,1476686.89
10/25/2023,23230191.55,71478977.92,22660672.96,48883705.47,18112905.76,2168765.19,798132.45,1478511.06
10/26/2023,23277796.97,71034713.94,22963597.52,49553950.24,18061188.41,2253152.59,797872.03,1492262.99
10/27/2023,22919884.4,70260128.28,22491360.66,48826162,17845408.27,2177584.59,786063.36,1472747.95
10/28/2023,23436155.44,70758363.86,22172427.01,48375419.55,17236085.59,2196243.91,782727.97,1470025.2
10/29/2023,23244331.39,71159264.95,22411743.07,49097706.5,17318388.44,2234118.88,787486.99,1486061.32
10/30/2023,22962031.39,71190694.6,22522201.39,49536866.15,17362914.26,2247973.28,805185.54,1574661.82
10/31/2023,22171808.99,69366263.61,22559722.35,50684108.74,16470809.6,2208704.91,797213.78,1528548.32
11/1/2023,22174603.26,71514771.23,22875456.75,54644885.14,16278677.28,2336350.42,826934.71,1553389.4
11/2/2023,22082781.9,70957551.04,21982718.04,51373283.26,15970676.39,2255655.49,803884.1,1513614.74
11/3/2023,21810209.65,72458641.04,21334900.12,52684313.85,16230565.47,2344249.4,826381.15,1546538.84
11/4/2023,22698524.88,73264511.6,21614197.16,55014044.59,17002332.03,2379018.95,874141.63,1570192.61
11/5/2023,23402213.09,74654119.77,21973320.53,56680562.26,17357867.07,2385441.72,887203.41,1594275.7
11/6/2023,23883618.61,76792959.23,21637977.74,58970894.35,15873476.41,2434289.41,926206.8,1594892.97
11/7/2023,23118054.55,74411155.4,21615644.9,60141238.86,15460378.93,2368730.39,927644.16,1591494.61
11/8/2023,24169168.26,78465615.38,21475844.11,59791272.89,15526805.96,2406247.8,950164.18,1615168.03
11/9/2023,23123067.17,78219839.9,24044636.46,62277867.19,17122045.11,2547139.69,1041831.23,1797252.59
11/10/2023,27027853.76,80552361.06,23367913.22,61143765.16,16826639.98,2523686.78,1275599.57,1749483.95
11/11/2023,25789731.81,79509530.95,23051003.78,58942776.43,16621616.35,2481494.67,1186968.46,1723780.89
11/12/2023,25587609.52,83758807.83,23010717.22,58861682.6,18585357.17,2501135.08,1115898.52,1713502.77
11/13/2023,24576387.03,77117178.82,23048919.61,59063029.02,19805245.43,2413744.94,1074926.08,1700509.96
11/14/2023,23607082.05,76985846.8,22532885.91,54960635.97,20311307.75,2349261.79,1005553.37,1631224.85
11/15/2023,24959953.57,89610366.27,23757511.88,55597221.19,20811142.96,2449597.11,1081074.97,1693199.01
11/16/2023,23219839.86,124984827.9,22138164.06,51026451.91,19675175.11,2327362.65,954390.05,1613598.44
11/17/2023,22738585.67,128046281.4,22197901.42,51563965.84,19650318.83,2297635.4,841182.46,1609113.76
11/18/2023,22364815.04,127543564,22231746.34,51338857.4,19685030.49,2267152.13,839492.56,1612039.39
11/19/2023,23408433.18,145965827.9,22916008.41,51156823.6,19251486.76,2304700.63,851187.79,1655634.38
11/20/2023,22990926.75,147921521.9,23193538.81,52198561.26,19013123.09,2307319.29,837316.97,1670438.07
11/21/2023,21020511.98,139598442.5,22153337.27,49660745.04,17225265.17,2171788.78,756540.88,1596250.54
11/22/2023,22843619.22,146982761.9,25097341.51,56650828.76,18203045.35,2268656.7,725462.11,1710710.22
11/23/2023,24774150.35,143988709.1,24225616.77,65436997.04,17973847.19,2273532.55,721150.21,1714335.8
11/24/2023,24617732.97,151735585,24831538.77,55411410.59,18040382.41,2299293.16,723609.79,1722668.48
11/25/2023,25152728.02,152817101.1,24928462.91,55630369.59,17974645.67,2328577.28,726041.19,1725207.27
11/26/2023,24824271.98,146712492,24405345.66,50887300.94,18444597.81,2276205.52,713980.04,1725032.29
11/27/2023,23576601.82,140294223,23913011.4,35420039.2,18151940.41,2242300.35,710007.99,1682553.96
11/28/2023,24028417.85,138761842.6,24570805.17,33923125.62,18685763.76,2241601.48,705619.64,1704228.59
11/29/2023,23687076.58,141146178.4,24081881.46,34178005.01,18695757.25,2200106.47,678151.73,1661272.13
11/30/2023,23614095.53,140697938,24149912.6,35136854.41,18782908.54,2212060.31,681204.76,1698155.03
12/1/2023,23706807.28,143745814.5,24341782.88,35352470.7,18584518.15,2311818.82,646646.42,1737336.92
12/2/2023,26571250.79,152287836.2,24637867.57,27498580.03,19690317.64,2439886.27,659095.84,1782257.06
12/3/2023,25773986.5,160189817,24928357.67,29802832.1,19902292.91,2402117.98,682575.2,1797226.44
12/4/2023,26065472.85,154756411.5,26724973.25,29449343.72,19866660.21,2426373.27,711802.19,1834156.3
12/5/2023,25854560.72,169258729.4,27598727.34,29856263.85,20331241.28,2433908.18,733898.8,1892520.5
12/6/2023,25224814.39,158986947.8,26980331.54,28250018.66,20182389.67,2373487.55,700956.45,1827420.36
12/7/2023,26388500.58,161644308.6,28244939.68,26556480.35,21235760.59,2515536.57,719794.61,1915642.34
12/8/2023,26929839.07,165175999.1,28334070.02,27159108.45,22585843.39,2553533.57,697573.2,1925369.48
12/9/2023,26560507.89,164781968.6,27572884.32,26642523.05,22336466.13,2493984.08,670929,1875478.44
12/10/2023,27138594.57,181262383.1,27585316.4,26818247.02,21199340.2,2498809.53,674450.39,1885635.3
12/11/2023,24304532.44,187688721.3,26112594.9,21746165.62,20206655.8,2420369.59,638297.59,1787299.8
12/12/2023,25131976.06,178175341.7,25853717.32,21930364.01,20322363.79,2569912.68,638281.04,1775512.27
12/13/2023,25961904.47,183656609,25526033.99,22017339.32,20954458.23,2531256.54,633836,1805929.29
12/14/2023,27852404.73,183388890.1,26128807.3,22406174.46,21365118.6,2560960.89,633233.85,1846470.28
12/15/2023,26648416.79,172942763.2,24867677.88,20938754.92,19520279.39,2441442.95,526526.78,1775959.43
12/16/2023,27002214.34,172808086.2,24916691.46,20735965.07,19222999.33,2463281.85,543682.44,1776135.31
12/17/2023,25614057.69,163964936,24675319.61,19685030.21,18851785.69,2418144.78,536399.71,1746596
12/18/2023,26092387.07,160186812.5,24790917.1,19437668.64,18935384.99,2394848.03,528652.61,1767167.53
12/19/2023,26160604.95,154860154.8,23397783.44,19054922.58,18531653.71,2361078.4,513791.75,1727881.19
12/20/2023,31459165.52,159936920.6,23333271.28,24274508.59,18670326.07,2402640.78,567489.68,1747494.32
12/21/2023,29226631.75,163554435.5,23772782.84,23945928.57,18629814.7,2462658.14,583353.49,1796967.49
12/22/2023,29469523.15,177028741.8,24317065.71,28049697.86,19416669.91,2802214,633134.49,1857391.13
12/23/2023,29419406.39,171499525.3,23872004.05,29281129.8,18669458.04,2765582.67,626817.86,1861697.13
12/24/2023,29805332.72,172651710.8,23176518.19,29881502.4,17857849.93,2771169.46,600516.66,1803696.09
12/25/2023,31006938.31,171439533.7,23243041.49,30909579.11,17869432.05,2812676.24,592697.01,1437705.48
12/26/2023,45052723.51,163703576.9,22820757.85,30470072.45,16861197.85,2862438.38,564095.02,1410327.1
12/27/2023,42849696.9,177724410.4,24133784.29,34538841.59,18411584.27,3066817.1,607586.4,1504050.21
12/28/2023,38378375.43,173355153.4,23740244.15,33155918.76,19319845.4,3000916.69,637775.05,1485626.63
12/29/2023,37770244.78,165937332.2,23163601.87,31838113.02,19909786.36,3015436.95,613801.74,1536757.71
12/30/2023,39007852.43,165885943.9,23352079.26,29917669.59,19875383.17,2981643.42,609163.04,1522249.44
12/31/2023,39804087.33,165383146,23212284.13,29681790.19,19733850.26,3098301.09,592689.63,1433854.19
1/1/2024,48221813.16,174119657.2,23870086.35,31048941.69,20751598.39,3352907.65,626642.38,1458530.45
1/2/2024,62838023.09,166637344.4,24001313.61,29707073.1,20479121.38,3546868.93,639589.41,1467789.59
1/3/2024,58928452.69,151368190.8,22617025.46,28744575.49,19175488.65,3658087.17,654764.12,1352558.49
1/4/2024,55371998.81,156018482.1,23106618.25,29614879.92,19980072.77,3765836.06,628920.15,1387433.91
1/5/2024,47883933.1,149259417.4,23037851.63,29544763.56,19581779.51,3600784.34,616160.91,1389828.53
1/6/2024,44496323.01,149713722.5,22763178.49,28621136.53,16434879.89,3357085.11,575752.7,1366799.52
1/7/2024,41478416.33,144904289.5,22597475.18,28209875.21,16349599.11,3290132.36,557150.24,1351313.69
1/8/2024,42719659.53,146969199.5,23492601.92,28364490.82,16084775.45,3452260.8,557001.09,1421593.72
1/9/2024,40052769.01,145327623.4,23058718.21,27944462.85,16256536.03,2917586.05,554701.34,1423097.32
1/10/2024,45825901.58,165693730.2,25290498.31,31960816.52,16980371.46,3339373.72,609201.38,1575450.55
1/11/2024,48074328.14,168090116,25455027.92,32346503.83,17225491.17,3383517.14,607385.62,1598306
1/12/2024,46619795.01,159687746.2,24150563.68,30081904.48,16676682.46,3332181.8,592351.29,1539164.02
1/13/2024,50347355.8,161140096.1,24525605.41,30293116.43,17026449.81,3327349.63,597317.59,1572489.39
1/14/2024,47081067.66,153481922.7,23633805.6,28307461.15,16375796.8,3147841.03,569936.14,1513259.47
1/15/2024,46131904.97,153552278.7,23358982.93,28562431.34,16499719.22,3210874.18,554774.61,1501819.53
1/16/2024,49145586.84,156165537.3,23807474.72,30467446.53,16953017.36,3253003.96,556026.42,1540476.55
1/17/2024,46215346.51,154258895.6,23229054.1,29458953.31,14380588.9,3123847.64,541348.49,1505310.11
1/18/2024,42328233.51,146615100.6,22620090.01,27650688.75,15863176.25,2928726.96,520680.32,1460283.25
1/19/2024,41764775.35,144889109.3,22365967.76,26891403.54,15898229.35,2875872.5,505708.19,1471322.36
1/20/2024,41995209.19,144484905.3,22211478.05,26671290.98,15627189.31,2819237.59,523233.4,1459724.51
1/21/2024,41120686.27,143690918.7,22115884.6,26432894.42,15518785.47,2822974.69,523351.62,1453026.89
1/22/2024,38384171.64,140111600.4,20844277.7,24576714.48,14362683.14,2653207.76,476331.74,1351057.75
1/23/2024,37670923.91,136297786.1,19535510.49,23603868.77,13773628.16,2692676.37,435995.14,1310392.92
1/24/2024,38577933.97,139503949.2,19430559.93,23825100.82,13634874.22,2744775.95,446659.67,1312811.92
1/25/2024,37538626.74,137259131,19308597.94,23373419.85,13447541.6,2736864.04,462671.31,1305422.47
1/26/2024,39258592.65,141000087.3,19744327.29,24088735.48,13505008.26,2878423.67,462427.7,1334832.7
1/27/2024,39950848.34,141182816.6,19737901.89,24248245.82,12898201.88,2871904.82,453184.58,1335095.48
1/28/2024,38748329.88,139051912.5,19629569.57,24751996.88,11968547.21,2866626.87,444841.08,1325316.53
1/29/2024,40485829.51,142297601,20106744.18,25328546.98,12274958.72,2933893.42,455104.1,1361665.14
1/30/2024,39433889.4,140982760,20335412.84,26262898.35,11827736.01,2970870.18,448051.19,1449085.86
1/31/2024,37291058.22,134789589.5,19789124.75,25173879.83,11349277.6,2820387.25,488923.14,1334672.05
2/1/2024,37224278.45,137278502.1,19906176.86,25231956.48,11264680.45,2862936.42,487320.1,1346909.05
2/2/2024,37830025.75,138567226.9,19889242.92,25137454.58,11302634.93,2899612.52,480994.2,1224955.5
2/3/2024,37342966.92,136707793.5,19781913.18,24964465.98,11243409.87,2922778.16,455891.64,1217355.94
2/4/2024,35607089.58,136718007.5,19702277.08,24469040.98,10469344.69,2883174.3,454886.03,1221324.79
2/5/2024,35371198.99,134978417.7,19771525.83,24355549.86,9478663.24,2894565.5,470513.79,1234824
2/6/2024,36234447.17,140032932.3,20469561.36,24922899.23,9803414.19,3004367.27,483877.07,1270443.01
2/7/2024,37943001.08,145781239.5,20872811.73,25056532.94,10330394.81,3062700.3,460868.31,1278023.16
2/8/2024,37288733.73,145412398.8,20904640.76,25353632.18,11927482.13,3021559.62,468136.95,1263033.84
2/9/2024,38870850.17,151458357.5,21471638.03,26086380.59,12421415.57,3158485.87,482746.72,1386321.91
2/10/2024,38354353.86,149830784.4,21522613.23,25839644.87,12591072.88,3143340.99,474368.5,1398368.98
2/11/2024,37961364.61,150104252.4,21574934.06,25821748.37,12475345.61,3125199.03,474799.25,1394378.96
2/12/2024,40952800.8,155722047.8,22764918.45,27165111.37,13006580.32,3288980.55,501292.92,1476287.49
2/13/2024,40882921.95,155300844.8,22836188.68,26772718.91,12733187.92,3255619.31,471277.34,1440269.21
2/14/2024,41256827.45,157516861.3,24349378.21,27980087.08,13270936.86,3348575.1,489218.17,1517770.03
2/15/2024,42363848.11,158469782.4,23730972.15,27887600.09,13598513.27,3314630.23,477795.34,1491171.89
2/16/2024,42248652.13,155624006.5,23683182.99,26947136.08,13153590.23,3258135.47,460736.97,1458284.31
2/17/2024,41229961.42,156469010.3,23571148.3,26424339.88,12929180.99,3224805.31,454208.26,1456254.95
2/18/2024,42138784.79,160030769.8,24302581.05,27580339.84,13566709.3,3330324.57,498739.5,1494799.3
2/19/2024,51120844.48,162759699.5,25212372.52,28390400.7,14122107.2,3363126.99,505004.97,1522378.98
2/20/2024,46931082.63,159200488.1,25692558.37,27773987.07,17031171.87,3330853.38,500030.45,1553786.45
2/21/2024,45085363.98,152320475,24094467.59,26281460.44,15213647.57,3180921.51,472739.46,1508326.15
2/22/2024,44859687.26,151915837.1,24197229.18,25906781.08,14675044.06,3107973.96,462586.53,1505943.3
2/23/2024,46489180.53,156825881.9,23793745.5,24598160.75,14858814.03,3061019.52,442747.13,1452571.65
2/24/2024,47741483.44,170116974.9,24380309.89,23436849.8,14812588.16,3115361.28,443918.79,1493553.55
2/25/2024,48523555.15,167236284.7,25161778.19,22939681.04,15248570.9,3161479.43,458102.11,1506236.71
2/26/2024,50189933.66,174141914.8,25162115.94,22839531.47,16749488.66,3185126.26,459874.44,1530424.27
2/27/2024,49459980.19,165104465.8,25455684.96,22705832.09,16714483.38,3176913.87,446858.82,1448057.52
2/28/2024,46442304.14,169180732.5,25837010.77,22722440.74,14728400.34,3200806.17,452868.86,1508395.28
2/29/2024,44763789.99,174336245.7,25665121.6,22444474.79,15600871.81,3223188.41,445387.3,1515634.06
3/1/2024,47053055.75,187799872.1,26212621.98,22241131.06,15503546.2,3325435.61,452878.93,1496861.85
3/2/2024,50306249.08,191550324.1,26221536.86,22220142.31,14893165.83,3359511.66,456336.56,1450464.76
3/3/2024,56963985.18,185514153.5,26478925.92,22603792.74,15672702.53,3350312.39,439927.44,1374670.44
3/4/2024,55722506.13,186591742.6,27578924.53,21437852.85,16190053.92,3255225.95,433487.27,1424219.34
3/5/2024,48763199.99,189199351.2,26869132.05,19611065.24,15691379.62,3197429.37,521232.56,1402462.01
3/6/2024,50861030.57,203378565.4,28152811.01,20983368.63,16742955.09,3311839.75,563283.46,1607624.31
3/7/2024,53151699.91,209235439.7,28503481.12,21459469.63,16763667.36,3373710.82,571604.92,1636554.69
3/8/2024,54452953.39,199948239.9,28555456.65,21285083.9,16857589.55,3302250.84,569130.95,1647483.36
3/9/2024,55437220.36,204143763.5,28019263.95,20994537.39,16646236.27,3284654.42,555165.84,1653388.77
3/10/2024,55695372.38,202183803.8,27692073.72,21200217.68,16435970.25,3236038.33,535789.5,1624909.36
3/11/2024,57379447.45,216020464.8,29270801.79,21965143.59,17078062.76,3276945.36,555256.78,1708654.23
3/12/2024,56269597.07,231537931,28661414.22,22243076.5,17148559.59,3193188.76,536135.54,1659341.85
3/13/2024,59665048.21,226727695.2,28942633.24,23020475.07,17144122.75,3315241,549288.82,1684482.29
3/14/2024,47157766.01,219061462.6,27871900.69,22280309.55,16376863.9,3176851.95,526194.29,1644032.51
3/15/2024,49518838.73,201765605.3,26537184.8,21308616.67,16329105.42,2992598.38,582342.06,1563490.36
3/16/2024,42462234.61,185831918.9,24908186.27,20107509.6,15905603.84,2804827.61,537029.43,1470658.32
3/17/2024,43529364.49,193377377.1,25762524.38,20563122.3,15823564.54,2808062.97,543649.21,1515644.79
3/18/2024,39580956.49,184653085.9,24721391.27,19650424.81,14657167.54,2665073.29,530455.28,1466123.22
3/19/2024,35796895.21,168712196.8,22195064.45,18105252.97,13139925.74,2626454.57,591638.5,1323430.5
3/20/2024,40202733.19,187435861,24414708.54,19839290.45,14871263.73,2790915.76,660521,1473413.66
3/21/2024,41206039.1,201200533.1,24174264.37,19009919.87,15077494.36,2724420.68,615690.75,1425710.47
3/22/2024,39943266.08,197328454.5,23043223.05,18422044.16,14207003.32,2620655,529026.72,1371637.59
3/23/2024,39197073.96,202491434.6,23064269.52,18417009.1,14366145.96,2617767.16,511401.17,1186440.06
3/24/2024,41589714.74,210610522.3,23824691.26,18129433.97,15309327.71,2718988.68,497794.87,1263931.65
3/25/2024,44191749.99,231042631.9,24564583.67,18798671.02,16325128.56,2797085.06,527464.98,1252714.8
3/26/2024,44063269.61,225152980.8,24290748.9,18912350.94,19477394.99,2758685.6,511120.91,1252175.93
3/27/2024,40709870.02,219089323.2,23346953.94,18490221.53,18957164.62,2692928.77,510403.74,1244274.33
3/28/2024,40379874.05,228361421,23805788.99,18564448.14,20916220.23,2721977.38,482342.02,1264930.75
3/29/2024,40754428.91,218014373.5,23287767.77,18413077.46,23023189.4,2689558.01,493562.11,57698.28
3/30/2024,39894070.4,209672031.7,23248482.19,18339434.19,24819231.32,2676051.31,498567.28,57616.96
3/31/2024,40745739.94,214771186.9,24142415.73,18929227.36,24485361.5,2708581.22,513865.13,229386.42
4/1/2024,38997859.79,204414965.2,23349772.66,18195708.71,23293953.52,2634001.72,499902.15,57546.2
