Date,GMX (#),SynFutures (#),Perpetual Protocol (#),Synthetix (#),Pika Protocol (#),Kwenta (#),Pendle (#),Gains Network (#),MUX (#),Lyra (#),Thales (#),Vertex (#),ApolloX (#),Mummy Finance (#),Holdstation (#),Cap (#),Voltz (#),HMX (#),Polynomial Protocol (#),Level Finance (#)
11/3/2021,199,2192,309,14,,,,107,49,,,,,,,,,,,
11/4/2021,170,2388,261,13,,,,84,36,,,,,,,,,,,
11/5/2021,156,2307,242,11,,,,94,37,,,,,,,,,,,
11/6/2021,178,2514,262,5,,,,87,41,,,,,,,,,,,
11/7/2021,155,2594,263,9,,,,69,46,,,,,,,,,,,
11/8/2021,230,2283,299,14,,,,111,55,,,,,,,,,,,
11/9/2021,186,2466,311,14,,,,105,40,,,,,,,,,,,
11/10/2021,285,2519,344,22,,,,133,38,,,,,,,,,,,
11/11/2021,176,2484,271,17,,,,98,26,,,,,,,,,,,
11/12/2021,207,2807,362,255,,,,114,37,180,,,,,,,,,,
11/13/2021,118,2705,305,267,,,,76,27,148,,,,,,,,,,
11/14/2021,160,2798,365,414,,,,83,28,210,,,,,,,,,,
11/15/2021,182,2702,565,287,,,,111,62,240,,,,,,,,,,
11/16/2021,355,2209,481,220,,,,163,164,223,,,,,,,,,,
11/17/2021,219,2395,316,373,,,,90,296,328,,,,,,1,,,,
11/18/2021,258,2517,382,229,,,,130,340,337,,,,,,32,,,,
11/19/2021,177,2526,322,278,,,,96,507,651,,,,,,35,,,,
11/20/2021,148,2622,282,239,,,,90,252,213,,,,,,22,,,,
11/21/2021,135,2455,269,337,,,,78,216,188,,,,,,17,,,,
11/22/2021,209,2675,322,312,,,,100,165,128,,,,,,50,,,,
11/23/2021,186,2357,372,221,,,,81,320,123,,,,,,36,,,,
11/24/2021,150,2719,385,253,,,,77,263,133,,,,,,23,,,,
11/25/2021,186,2933,309,194,,,,81,282,103,,,,,,34,,,,
11/26/2021,298,2346,492,205,,,,111,175,175,,,,,,48,,,,
11/27/2021,125,2373,325,200,,,,69,77,134,,,,,,43,,,,
11/28/2021,164,2251,320,233,,,,80,107,97,,,,,,35,,,,
11/29/2021,204,2019,274,184,,,,83,197,141,,,,,,46,,,,
11/30/2021,240,1868,276,272,,,,78,118,125,,,,,,53,,,,
12/1/2021,189,1652,275,217,,,,74,57,106,,,,,,44,,,,
12/2/2021,157,2149,257,195,,,,77,230,115,,,,,,36,,,,
12/3/2021,240,2279,379,232,,,,100,257,127,,,,,,51,,,,
12/4/2021,346,2362,526,147,,,,129,236,98,,,,,,70,,,,
12/5/2021,167,1991,252,185,,,,95,126,78,,,,,,43,,,,
12/6/2021,233,2075,332,176,,,,94,158,79,,,,,,42,,,,
12/7/2021,195,2510,260,187,,,,89,145,105,,,,,,44,,,,
12/8/2021,167,2400,274,253,,,,91,85,142,,,,,,31,,,,
12/9/2021,215,2264,375,163,,,,110,62,119,,,,,,39,,,,
12/10/2021,224,1885,362,165,,,,101,79,580,,,,,,54,,,,
12/11/2021,151,1881,254,230,,,,84,51,195,,,,,,40,,,,
12/12/2021,124,2214,253,241,,,,80,68,146,,,,,,30,,,,
12/13/2021,271,2596,409,211,,,,136,113,159,,,,,,71,,,,
12/14/2021,185,2954,274,209,,,,102,77,146,,,,,,46,,,,
12/15/2021,216,2719,350,174,,,,117,99,74,,,,,,59,,,,
12/16/2021,153,2900,259,157,,,,89,50,82,,,,,,35,,,,
12/17/2021,196,2594,307,132,,,,124,29,87,,,,,,61,,,,
12/18/2021,145,2824,229,136,,,,93,39,67,1,,,,,39,,,,
12/19/2021,118,2157,230,176,,,,72,42,71,2,,,,,40,,,,
12/20/2021,173,2008,272,139,,,,74,53,60,1,,,,,49,,,,
12/21/2021,169,2333,241,165,,,,124,73,53,2,,,,,49,,,,
12/22/2021,137,2047,274,258,,,,128,72,48,49,,,,,36,,,,
12/23/2021,202,2536,462,189,,,,151,86,55,32,,,,,50,,,,
12/24/2021,120,2146,893,149,,,,122,69,71,18,,,,,36,,,,
12/25/2021,94,1881,1035,83,,,,102,63,44,7,,,,,25,,,,
12/26/2021,114,2280,1353,217,,,,123,53,51,12,,,,,34,,,,
12/27/2021,158,2221,1513,161,,,,133,67,75,26,,,,,30,,,,
12/28/2021,259,2097,1426,104,,,,169,64,71,18,,,,,64,,,,
12/29/2021,183,1875,1166,136,,,,155,56,57,18,,,,,37,,,,
12/30/2021,153,2202,1187,119,,,,118,14,43,5,,,,,49,,,,
12/31/2021,146,1701,1191,160,,,,125,12,74,13,,,,,47,,,,
1/1/2022,93,1633,1144,107,,,,85,12,46,11,,,,,31,,,,
1/2/2022,115,2102,546,79,,,,109,8,33,16,,,,,41,,,,
1/3/2022,141,2032,395,203,,,,142,6,64,36,,,,,54,,,,
1/4/2022,166,886,307,143,,,,84,11,58,21,,,,,56,,,,
1/5/2022,293,671,464,116,,,,128,55,95,24,,,,,72,,,,
1/6/2022,335,864,451,92,,,,101,147,47,6,,,,,71,,,,
1/7/2022,397,1317,565,103,,,,130,100,620,0,,,,,85,,,,
1/8/2022,309,2007,411,133,,,,140,130,328,0,,,,,63,,,,
1/9/2022,252,1762,244,57,,,,145,142,161,0,,,,,34,,,,
1/10/2022,363,2240,376,61,,,,193,169,127,2,,,,,57,,,,
1/11/2022,327,2070,231,63,,,,183,139,87,17,,,,,43,,,,
1/12/2022,337,1514,267,66,,,,179,63,110,15,,,,,37,,,,
1/13/2022,338,2475,320,72,,,,193,57,151,16,,,,,38,,,,
1/14/2022,289,1792,254,70,,,,209,49,108,20,,,,,41,,,,
1/15/2022,262,1977,213,108,,,,165,52,85,8,,,,,31,,,,
1/16/2022,230,1771,343,100,,,,235,65,71,6,,,,,24,,,,
1/17/2022,331,2168,242,74,,,,213,77,60,15,,,,,46,,,,
1/18/2022,337,1790,364,50,,,,228,124,61,9,,,,,37,,,,
1/19/2022,328,1214,494,67,,,,194,36,65,11,,,,,40,,,,
1/20/2022,400,1988,431,69,,,,220,10,69,10,,,,,38,,,,
1/21/2022,670,1736,592,70,,,,282,313,110,14,,,,,90,,,,
1/22/2022,515,1598,774,74,1,,,117,94,84,11,,,,,79,,,,
1/23/2022,348,1690,413,40,0,,,134,12,28,5,,,,,52,,,,
1/24/2022,485,1584,697,83,0,,,185,191,60,13,,,,,73,,,,
1/25/2022,430,1796,285,68,10,,,123,756,60,4,,,,,50,,,,
1/26/2022,527,1427,309,64,14,,,188,268,65,0,,,,,72,,,,
1/27/2022,455,1581,307,57,16,,,157,12,42,12,,,,,55,,,,
1/28/2022,399,1396,316,44,39,,,198,11,59,7,,,,,33,,,,
1/29/2022,382,1486,296,53,13,,,272,13,49,12,,,,,30,,,,
1/30/2022,319,1344,300,53,14,,,288,6,43,6,,,,,34,,,,
1/31/2022,431,1404,308,50,16,,,292,10,56,7,,,,,43,,,,
2/1/2022,416,1144,323,59,31,,,313,12,58,7,,,,,51,,,,
2/2/2022,454,1265,319,90,136,,,315,8,77,9,,,,,51,,,,
2/3/2022,400,1561,266,47,95,,,259,13,37,13,,,,,45,,,,
2/4/2022,468,1483,295,65,126,,,421,16,402,26,,,,,58,,,,
2/5/2022,364,1322,277,44,79,,,230,11,239,9,,,,,43,,,,
2/6/2022,289,1411,272,45,85,,,321,6,100,11,,,,,30,,,,
2/7/2022,446,1511,360,68,113,,,206,11,105,15,,,,,48,,,,
2/8/2022,492,1654,435,61,136,,,166,13,84,6,,,,,48,,,,
2/9/2022,436,1744,259,96,104,,,149,14,75,8,,,,,19,,,,
2/10/2022,554,1807,338,48,87,,,182,10,50,9,,,,,2,,,,
2/11/2022,581,2146,375,42,113,,,181,18,85,15,,,,,3,,,,
2/12/2022,469,2005,270,44,96,,,128,12,67,9,,,,,0,,,,
2/13/2022,352,2258,245,31,61,,,117,7,41,8,,,,,1,,,,
2/14/2022,446,2230,251,56,68,,,146,12,54,11,,,,,1,,,,
2/15/2022,497,2147,270,53,74,,,180,11,50,8,,,,,1,,,,
2/16/2022,440,2505,265,69,43,,,151,2,43,16,,,,,2,,,,
2/17/2022,300,1971,327,41,56,,,198,12,45,10,,,,,1,,,,
2/18/2022,284,1983,271,29,91,,,178,13,70,8,,,,,2,,,,
2/19/2022,314,1908,260,41,31,,,124,7,39,6,,,,,0,,,,
2/20/2022,443,2048,313,32,56,,,164,11,66,14,,,,,14,,,,
2/21/2022,514,1860,390,37,86,,,156,10,73,11,,,,,38,,,,
2/22/2022,485,1696,402,57,51,,,144,8,57,9,,,,,34,,,,
2/23/2022,490,1819,270,77,193,,,123,4,56,4,,,,,36,,,,
2/24/2022,739,1491,520,69,193,,,175,15,65,10,,,,,65,,,,
2/25/2022,517,1753,263,58,220,,,127,6,75,5,,,,,42,,,,
2/26/2022,374,1700,273,46,83,,,97,5,120,6,,,,,31,,,,
2/27/2022,432,2069,273,70,103,,,115,5,62,4,,,,,41,,,,
2/28/2022,517,2237,308,42,142,,,133,6,62,6,,,,,46,,,,
3/1/2022,506,1703,321,61,70,,,120,9,84,6,,,,,40,,,,
3/2/2022,426,2011,292,65,41,,,108,5,37,8,,,,,37,,,,
3/3/2022,464,2431,286,43,63,,,110,7,32,5,,,,,39,,,,
3/4/2022,525,2246,312,66,68,,,148,8,247,8,,,,,37,,,,
3/5/2022,344,2009,292,33,50,,,96,2,119,8,,,,,19,,,,
3/6/2022,373,2445,359,50,51,,,124,6,89,3,,,,,30,,,,
3/7/2022,477,1877,348,72,55,,,147,3,82,7,,,,,44,,,,
3/8/2022,422,2062,272,53,41,,,115,6,58,3,,,,,33,,,,
3/9/2022,520,2199,284,93,53,,,146,9,98,16,,,,,37,,,,
3/10/2022,500,2036,331,62,68,,,121,5,71,5,,,,,33,,,,
3/11/2022,476,2263,1850,56,66,,,112,5,91,14,,,,,29,,,,
3/12/2022,275,1744,214,42,147,,,94,3,34,4,,,,,22,,,,
3/13/2022,343,2121,263,55,100,,,108,5,62,5,,,,,35,,,,
3/14/2022,432,2380,298,72,114,,,136,9,62,10,,,,,49,,,,
3/15/2022,391,2652,324,43,110,,,123,5,36,9,,,,,46,,,,
3/16/2022,471,2824,288,61,282,,,126,6,60,16,,,,,49,,,,
3/17/2022,414,3317,265,49,72,,,107,5,37,3,,,,,49,,,,
3/18/2022,476,2104,259,144,63,,,137,6,64,11,,,,,51,,,,
3/19/2022,383,2150,249,105,67,,,135,3,74,10,,,,,36,,,,
3/20/2022,375,2612,243,99,107,,,133,3,42,6,,,,,39,,,,
3/21/2022,391,1624,264,97,97,,,176,4,35,7,,,,,32,,,,
3/22/2022,428,3371,288,77,114,,,182,10,34,9,,,,,53,,,,
3/23/2022,375,1967,290,107,146,,,167,4,37,8,,,,,39,,,,
3/24/2022,409,2600,332,106,331,,,185,6,47,12,,,,,47,,,,
3/25/2022,417,3059,318,93,96,,,174,2,72,12,,,,,51,,,,
3/26/2022,281,2746,247,47,107,,,144,4,111,3,,,,,28,,,,
3/27/2022,399,2615,298,119,86,,,215,8,42,5,,,,,44,,,,
3/28/2022,529,3875,369,180,277,,,213,8,52,9,,,,,83,,,,
3/29/2022,491,2666,376,215,120,,,214,9,62,11,,,,,44,,,,
3/30/2022,537,3926,344,210,306,,,194,3,59,19,,,,,56,,,,
3/31/2022,594,2896,353,218,202,,,284,5,58,16,,,,,46,,,,
4/1/2022,596,2145,338,212,137,,,273,7,274,12,,,,,41,,,,
4/2/2022,454,2560,312,145,134,,,193,3,137,8,,,,,32,,,,
4/3/2022,399,2339,294,113,119,,,125,3,100,9,,,,,42,,,,
4/4/2022,493,2256,305,135,90,,,161,3,80,17,,,,,41,,,,
4/5/2022,434,1793,289,130,89,,,166,4,72,12,,,,,38,,,,
4/6/2022,653,2402,377,190,154,,,200,5,94,16,,,,,51,,,,
4/7/2022,488,2145,309,123,96,,,135,2,60,15,,,,,39,,,,
4/8/2022,458,2718,325,115,100,,,143,4,76,20,,,,,31,,,,
4/9/2022,303,2276,251,85,95,,,99,3,42,5,,,,,25,,,,
4/10/2022,299,2443,256,102,85,,,118,1,34,9,,,,,32,,,,
4/11/2022,644,2501,388,294,153,,,185,7,94,12,,,,,53,,,,
4/12/2022,478,2750,327,133,81,,,154,5,78,14,,,,,42,,,,
4/13/2022,468,2550,309,172,98,,,130,4,76,14,,,,,26,,,,
4/14/2022,455,2663,374,304,141,,,132,4,120,31,,,,,33,,,,
4/15/2022,372,2638,294,135,72,,,102,4,82,19,,,,,32,,,,
4/16/2022,346,2861,267,121,100,,,93,1,46,7,,,,,28,,,,
4/17/2022,402,2468,278,144,129,,,106,4,62,8,,,,,26,,,,
4/18/2022,570,3050,373,197,137,,,206,4,91,31,,,,,39,,,,
4/19/2022,505,1706,332,391,253,,,168,3,139,51,,,,,40,,,,
4/20/2022,433,2721,398,739,517,,,185,3,252,74,,,,,36,,,,
4/21/2022,573,2248,333,637,381,,,220,2,173,69,,,,,39,,,,
4/22/2022,477,1830,293,431,299,,,136,2,161,41,,,,,36,,,,
4/23/2022,318,2283,268,382,276,,,112,3,134,29,,,,,17,,,,
4/24/2022,380,2592,352,419,245,,,107,5,126,33,,,,,23,,,,
4/25/2022,648,2384,422,343,281,,,164,23,137,49,,,,,36,,,,
4/26/2022,554,2019,445,355,196,,,149,20,125,36,,,,,45,,,,
4/27/2022,609,2367,360,483,211,,,133,28,141,23,,,,,47,,,,
4/28/2022,709,2371,377,551,305,3,,157,3,95,24,,,,,49,,,,
4/29/2022,772,2529,466,610,194,327,,168,2,319,64,,,,,44,,,,
4/30/2022,692,3547,516,475,240,242,,181,17,197,29,,,,,39,,,,
5/1/2022,480,2064,464,286,160,126,,170,3,100,27,,,,,36,,,,
5/2/2022,584,2193,431,330,177,133,,147,3,114,35,,,,,31,,,,
5/3/2022,666,2089,342,314,106,149,,146,6,153,28,,,,,31,,,,
5/4/2022,1118,2055,397,502,673,157,,204,8,368,58,,,,,52,,,,
5/5/2022,970,3000,548,565,234,163,,215,5,246,66,,,,,47,,,,
5/6/2022,791,3010,546,559,340,145,,179,2,298,59,,,,,48,,,,
5/7/2022,689,2086,522,453,805,101,,175,2,163,38,,,,,50,,,,
5/8/2022,982,2012,578,511,443,137,,194,5,172,47,,,,,71,,,,
5/9/2022,1245,2219,869,461,458,120,,277,6,202,25,,,,,95,,,,
5/10/2022,981,2168,670,345,252,122,,258,6,138,27,,,,,61,,,,
5/11/2022,1054,2213,1049,466,226,150,,293,6,121,20,,,,,66,,,,
5/12/2022,918,2049,944,342,238,118,,254,5,83,21,,,,,81,,,,
5/13/2022,741,1969,414,319,98,129,,73,3,132,28,,,,,57,,,,
5/14/2022,625,2182,401,257,282,89,,117,2,83,16,,,,,33,,,,
5/15/2022,730,1921,320,280,645,103,,120,2,82,14,,,,,32,,,,
5/16/2022,803,1923,358,255,801,101,,147,4,87,9,,,,,41,,,,
5/17/2022,750,1895,249,205,160,72,,144,1,114,15,,,,,35,,,,
5/18/2022,937,2231,271,265,542,101,,158,1,100,24,,,,,42,,,,
5/19/2022,785,2187,307,290,492,107,,151,1,69,23,,,,,52,,,,
5/20/2022,717,1850,265,295,219,102,,152,3,116,20,,,,,50,,,,
5/21/2022,483,2008,285,184,224,58,,83,0,93,13,,,,,28,,,,
5/22/2022,661,1893,270,197,316,66,,95,2,119,12,,,,,34,,,,
5/23/2022,774,2212,319,272,329,108,,141,2,107,15,,,,,53,,,,
5/24/2022,649,2081,288,209,674,83,,137,7,97,15,,,,,161,,,,
5/25/2022,647,2268,217,242,286,102,,119,15,82,20,,,,,45,,,,
5/26/2022,930,2434,324,234,275,103,,159,11,65,30,,,,,67,,,,
5/27/2022,784,2528,387,231,219,86,,137,9,216,27,,,,,66,,,,
5/28/2022,650,2107,295,299,241,93,,95,6,214,36,,,,,44,,,,
5/29/2022,598,2507,225,272,264,113,,80,3,133,24,,,,,44,,,,
5/30/2022,935,2580,325,394,360,143,,138,8,211,28,,,,,44,,,,
5/31/2022,888,2721,274,284,251,113,,132,6,115,19,,,,,46,,,,
6/1/2022,1174,2386,331,367,311,155,,152,7,234,33,,,,,68,99,,,
6/2/2022,820,2944,290,347,322,176,,109,7,137,25,,,,,54,87,,,
6/3/2022,879,2985,255,406,264,222,,111,3,160,30,,,,,61,47,,,
6/4/2022,735,2104,262,319,251,131,,93,2,87,19,,,,,36,87,,,
6/5/2022,736,2306,232,318,296,126,,83,10,111,30,,,,,35,123,,,
6/6/2022,1075,2345,330,412,349,229,,131,19,154,29,,,,,67,74,,,
6/7/2022,1160,2570,372,335,1691,189,,150,13,120,25,,,,,66,55,,,
6/8/2022,800,2581,233,263,252,138,,114,15,125,34,,,,,41,33,,,
6/9/2022,649,2769,239,248,260,106,,108,8,174,19,,,,,37,42,,,
6/10/2022,1058,2653,319,294,243,159,,148,14,148,28,,,,,58,23,,,
6/11/2022,1074,2504,442,351,818,187,,131,1,117,19,,,,,63,49,,,
6/12/2022,1096,2554,372,386,323,172,,130,4,134,17,,,,,61,31,,,
6/13/2022,1331,1981,508,453,289,219,,187,9,173,28,,,,,98,3,,,
6/14/2022,1091,2515,331,292,682,162,,146,9,92,27,,,,,73,7,,,
6/15/2022,1269,3016,312,353,198,180,,167,5,95,24,,,,,81,5,,,
6/16/2022,923,2158,214,274,930,145,,134,11,54,23,,,,,64,14,,,
6/17/2022,820,1836,187,219,756,113,,100,8,242,105,,,,,51,24,,,
6/18/2022,1182,1329,338,336,216,150,,148,7,97,23,,,,,66,16,,,
6/19/2022,1005,1490,247,280,201,135,,123,5,64,22,,,,,49,26,,,
6/20/2022,879,1425,206,328,130,174,,104,12,54,30,,,,,52,24,,,
6/21/2022,807,1642,210,275,491,148,,129,13,42,17,,,,,51,13,,,
6/22/2022,984,1581,186,305,142,176,,115,10,40,27,,,,,61,13,,,
6/23/2022,919,1783,197,227,142,124,,121,6,22,20,,,,,50,7,,,
6/24/2022,985,2016,228,293,156,165,,127,5,38,20,,,,,51,11,,,
6/25/2022,708,1839,196,271,96,137,,93,6,153,11,,,,,40,6,,,
6/26/2022,780,1873,177,192,88,129,,88,4,92,7,,,,,42,11,,,
6/27/2022,1474,2148,163,196,91,129,,101,5,91,15,,,,,48,5,,,
6/28/2022,7515,1956,180,220,83,139,,104,6,134,9,,,,,49,4,,,
6/29/2022,10988,1493,160,231,81,143,,98,8,90,11,,,,,43,3,,,
6/30/2022,3152,1770,210,256,95,147,,138,8,86,16,,,,,62,3,,,
7/1/2022,1743,1377,178,246,91,123,,115,6,84,16,,,,,49,17,,,
7/2/2022,1277,1511,130,198,82,76,,71,4,52,14,,,,,31,23,,,
7/3/2022,1603,1617,202,182,97,104,,85,3,75,10,,,,,30,39,,,
7/4/2022,1948,1727,165,253,83,154,,120,7,140,15,,,,,42,16,,,
7/5/2022,1341,1656,188,230,122,144,,129,7,88,15,,,,,52,11,,,
7/6/2022,1091,1115,171,214,79,115,,111,7,114,12,,,,,40,16,,,
7/7/2022,1427,1806,198,266,146,163,,140,7,100,29,,,,,48,13,,,
7/8/2022,1235,2018,171,236,128,160,,121,6,93,21,,,,,47,10,,,
7/9/2022,803,1268,128,125,64,85,,74,3,44,14,,,,,28,36,,,
7/10/2022,1060,1490,143,162,67,96,,100,2,71,16,,,,,42,16,,,
7/11/2022,1129,1471,176,215,92,149,,132,6,74,19,,,,,44,21,,,
7/12/2022,1238,1609,180,226,141,153,,150,5,75,12,,,,,59,9,,,
7/13/2022,1427,1988,213,246,86,176,,170,7,94,23,,,,,50,2,,,
7/14/2022,1394,1491,197,257,84,177,,163,6,69,41,,,,,53,8,,,
7/15/2022,1137,1539,183,238,20,159,,150,6,83,29,,,,,52,18,,,
7/16/2022,1212,829,196,271,22,174,,119,2,91,22,,,,,55,16,,,
7/17/2022,1064,1295,179,207,4,140,,127,4,73,20,,,,,55,9,,,
7/18/2022,1755,1659,284,327,18,188,,213,5,83,26,,,,,60,6,,,
7/19/2022,1523,1434,242,308,35,187,,181,3,45,27,,,,,61,6,,,
7/20/2022,1436,1179,225,287,4,184,,176,6,170,23,,,,,65,4,,,
7/21/2022,1236,1677,207,301,3,211,,162,6,30,11,,,,,54,20,,,
7/22/2022,1125,1831,207,776,2,171,,163,3,68,20,,,,,48,9,,,
7/23/2022,945,1644,160,350,4,116,,113,4,45,23,,,,,41,7,,,
7/24/2022,978,1989,145,194,2,115,,122,2,44,22,,,,,43,19,,,
7/25/2022,1229,1327,222,252,2,157,,167,3,147,20,,,,,53,5,,,
7/26/2022,1285,1831,252,243,36,140,,164,8,100,17,,,,,49,12,,,
7/27/2022,1483,1580,259,262,52,168,,200,3,112,44,,,,,70,5,,,
7/28/2022,1481,1597,280,416,69,248,,212,7,134,65,,,,,59,9,,,
7/29/2022,1339,1678,261,303,53,201,,196,8,98,74,,,,,45,4,,,
7/30/2022,1149,1700,226,207,69,148,,139,3,61,61,,,,,45,4,,,
7/31/2022,966,2088,212,220,80,159,,120,2,40,55,,,,,46,34,,,
8/1/2022,1179,1886,234,233,50,140,,161,6,177,69,,,,,60,47,,,
8/2/2022,1278,2108,242,229,66,147,,175,16,99,68,,,,,65,30,,,
8/3/2022,1122,1894,273,291,66,159,,184,22,139,95,,,,,65,19,,,
8/4/2022,1053,1937,326,245,48,124,,157,19,102,109,,,,,56,8,,,
8/5/2022,1277,1766,307,228,66,118,,180,22,150,193,,,,,125,16,,,
8/6/2022,893,1653,219,163,68,95,,103,4,537,171,,,,,47,45,,,
8/7/2022,987,1694,222,160,79,85,,127,7,198,176,,,,,53,24,,,
8/8/2022,1486,1441,327,259,91,157,,173,23,215,138,,,,,65,14,,,
8/9/2022,1331,1422,282,212,122,129,,190,32,185,99,,,,,59,10,,,
8/10/2022,1709,2002,335,327,97,206,,211,36,167,155,,,,,78,27,,,
8/11/2022,1608,1809,379,326,109,193,,199,35,221,161,,,,,98,6,,,
8/12/2022,1326,1149,319,250,84,140,,186,15,152,135,,,,,62,7,,,
8/13/2022,1439,1535,279,244,86,165,,173,22,126,147,,,,,63,16,,,
8/14/2022,1308,1555,219,245,81,147,,171,18,127,128,,,,,73,15,,,
8/15/2022,1556,1761,280,236,98,162,,210,23,164,97,,,,,76,8,,,
8/16/2022,1265,1826,227,260,75,184,,183,21,110,113,,,,,68,9,,,
8/17/2022,1689,2021,297,307,80,205,,210,22,246,110,,,,,78,11,,,
8/18/2022,1140,1989,247,222,84,137,,169,16,125,110,,,,,62,7,,,
8/19/2022,2085,2227,387,379,111,221,,240,38,154,164,,,,,88,2,,,
8/20/2022,1316,1683,276,205,86,123,,157,29,143,118,,,,,64,9,,,
8/21/2022,1099,2411,205,145,66,93,,138,34,112,175,,,,,54,13,,,
8/22/2022,1244,2123,218,174,97,107,,171,26,104,90,,,,,54,9,,,
8/23/2022,1321,2300,208,164,95,96,,179,28,106,94,,,,,59,4,,,
8/24/2022,1371,2399,203,183,80,93,,175,31,100,136,,,,,66,8,,,
8/25/2022,1315,2097,180,165,81,98,,173,38,75,92,,,,,67,4,,,
8/26/2022,1954,1340,319,252,89,148,,233,28,125,129,,,,,83,4,,,
8/27/2022,1708,1227,278,170,74,99,,144,29,141,115,,,,,80,7,,,
8/28/2022,1492,1593,217,157,70,72,,154,35,94,102,,,,,61,8,,,
8/29/2022,1865,1836,263,179,83,122,,175,44,121,74,,,,,107,7,,,
8/30/2022,2052,1931,231,175,135,100,,183,44,88,85,,,,,101,8,,,
8/31/2022,2108,1430,208,170,86,86,,147,44,84,109,,,,,95,8,,,
9/1/2022,1780,1682,192,141,91,77,,179,43,83,86,,,,,73,9,,,
9/2/2022,1806,1632,208,167,130,91,,172,37,106,91,,,,,66,5,,,
9/3/2022,1444,1953,136,94,114,47,,109,29,76,104,,,,,47,4,,,
9/4/2022,1180,1836,147,289,228,222,,109,25,44,87,,,,,60,10,,,
9/5/2022,2507,1567,205,334,281,258,,142,30,64,105,,,,,90,5,,,
9/6/2022,6829,1764,320,399,258,296,,237,52,98,121,,,,,115,12,,,
9/7/2022,2145,1788,288,369,192,243,,200,44,101,134,,,,,95,5,,,
9/8/2022,1540,1973,215,242,182,171,,185,44,118,108,,,,,76,3,,,
9/9/2022,2692,1604,282,254,201,168,,221,46,172,187,,,,,98,3,,,
9/10/2022,4367,1604,225,211,132,146,,134,34,103,100,,,,,91,0,,,
9/11/2022,3243,1850,217,221,127,163,,133,28,91,101,,,,,78,6,,,
9/12/2022,2512,1628,273,262,157,191,,192,32,92,94,,,,,78,2,,,
9/13/2022,2780,1467,296,306,207,222,,260,55,146,111,,,,,113,5,,,
9/14/2022,1913,2221,254,228,162,137,,186,31,72,137,,,,,98,12,,,
9/15/2022,2511,3354,290,248,140,169,,235,46,115,92,,,,,106,16,,,
9/16/2022,1795,2561,252,236,114,143,,182,36,160,89,,,,,82,10,,,
9/17/2022,1380,2190,200,140,94,88,,120,22,82,124,,,,,62,4,,,
9/18/2022,1887,2619,330,197,145,87,,185,36,103,120,,,,,74,38,,,
9/19/2022,2105,2274,400,225,172,134,,230,41,146,93,,,,,111,6,,,
9/20/2022,1680,2311,282,187,157,136,,185,36,107,90,,,,,110,9,,,
9/21/2022,2651,2819,1001,620,538,519,,260,47,388,145,,,,,124,3,,,
9/22/2022,2748,2171,1058,742,701,641,,217,42,478,150,,,,,104,5,,,
9/23/2022,2409,2551,1167,742,791,630,,222,39,496,153,,,,,149,5,,,
9/24/2022,1637,2700,1008,798,861,700,,137,21,447,127,,,,,145,4,,,
9/25/2022,1527,2277,1121,767,920,685,,137,23,3355,95,,,,,105,11,,,
9/26/2022,1865,2346,1113,838,827,745,,208,25,770,111,,,,,82,6,,,
9/27/2022,2533,2112,1014,800,762,696,,267,43,515,111,,,,,113,4,,,
9/28/2022,2180,2327,1160,901,1021,771,,254,30,485,107,,,,,75,2,,,
9/29/2022,1802,2268,1081,796,870,690,,234,26,344,93,,,,,85,1,,,
9/30/2022,1946,2266,991,604,743,526,,224,25,333,145,,,,,73,8,,,
10/1/2022,1369,2310,1133,809,858,736,,132,22,382,149,,,,,46,20,,,
10/2/2022,1608,2127,1032,887,949,793,,163,27,338,170,,,,,46,18,,,
10/3/2022,1797,2101,879,642,701,561,,243,26,233,101,,,,,55,7,,,
10/4/2022,2075,2269,1114,809,810,715,,286,30,305,136,,,,,54,5,,,
10/5/2022,1822,2238,1018,737,871,651,,278,19,298,133,,,,,51,17,,,
10/6/2022,1701,2403,1072,863,941,747,,267,27,315,115,,,,,60,13,,,
10/7/2022,1886,1970,1026,881,773,807,,267,30,276,117,,,,,71,19,,,
10/8/2022,1205,2085,966,835,946,742,,178,20,264,111,,,,,37,5,,,
10/9/2022,979,2112,572,708,579,643,,158,19,228,117,,,,,32,2,,,
10/10/2022,1495,2126,538,478,432,402,,276,25,154,85,,,,,55,2,,,
10/11/2022,1812,2352,641,531,489,431,,300,27,193,104,,,,,50,1,,,
10/12/2022,1405,2246,684,868,512,497,,231,20,172,133,,,,,45,2,,,
10/13/2022,2501,2339,1028,714,676,530,,389,39,219,98,,,,,66,2,,,
10/14/2022,1840,1899,743,559,497,479,,268,34,240,100,,,,,54,2,,,
10/15/2022,1289,1928,675,501,495,416,,135,19,173,99,,,,,26,2,,,
10/16/2022,1123,1984,647,746,578,564,,175,20,203,118,,,,,28,5,,,
10/17/2022,1453,1483,878,622,582,518,,242,30,207,90,,,,,40,6,,,
10/18/2022,1477,1822,738,481,600,384,,251,28,171,101,,,,,54,4,,,
10/19/2022,1377,1915,696,503,622,395,,228,26,212,148,,,,,25,4,,,
10/20/2022,1653,1865,820,528,659,461,,248,37,275,96,,,,,37,3,,,
10/21/2022,1769,1700,855,635,680,558,,258,29,335,113,,,,,40,8,,,
10/22/2022,1617,1473,858,617,698,566,,133,24,273,121,,,,,25,2,,,
10/23/2022,2045,1446,1122,787,905,723,,175,27,329,116,,,,,37,4,,,
10/24/2022,2518,1478,1113,750,808,665,,250,31,293,96,,,,,39,2,,,
10/25/2022,3410,1520,1415,963,922,860,,333,42,366,101,,,,,73,14,,,
10/26/2022,3073,1549,1539,918,898,796,,291,49,332,130,,,,,74,23,,,
10/27/2022,2429,1384,1300,963,850,881,,284,43,320,89,,,,,57,31,,,
10/28/2022,2347,1359,1354,874,979,786,,320,41,342,101,,,,,53,15,,,
10/29/2022,2442,1232,1270,923,888,756,,311,37,327,121,,,,,64,20,,,
10/30/2022,2118,1223,1312,904,964,737,,244,41,372,112,,,,,28,37,,,
10/31/2022,2244,1222,1035,732,738,623,,320,35,281,96,,,,,41,18,,,
11/1/2022,1973,994,1504,853,1131,763,,324,27,305,102,,,,,30,20,,,
11/2/2022,2831,1044,1668,890,1249,765,,392,37,354,130,,,,,69,38,,,
11/3/2022,2078,1049,1312,807,1037,708,,328,31,348,78,,,,,41,23,,,
11/4/2022,2545,803,1407,952,1229,854,,397,37,485,91,,,,,61,14,,,
11/5/2022,1960,963,2001,1030,1776,947,,278,26,480,97,,,,,43,24,,,
11/6/2022,2019,1202,2195,994,2020,924,,326,33,524,106,,,,,58,28,,,
11/7/2022,2340,1073,1931,1116,1509,1005,,388,39,458,89,,,,,74,12,,,
11/8/2022,4018,1149,1702,770,1233,605,,620,69,427,82,,,,,101,15,,,
11/9/2022,3810,1590,1438,993,1134,802,,630,81,322,81,,,,,109,4,,,
11/10/2022,3184,1330,966,853,740,695,,595,65,205,105,,,,,77,11,,,
11/11/2022,2738,1439,1670,860,1515,771,,442,56,370,93,,,,,80,10,,,
11/12/2022,1937,1661,1764,944,1388,878,,359,35,389,108,,,,,42,28,,,
11/13/2022,2151,1705,1987,1067,1568,998,,351,38,495,95,,,,,53,34,,,
11/14/2022,2854,1685,1799,1318,1461,1094,,461,63,471,78,,,,,61,27,,,
11/15/2022,2267,1926,1963,1195,1796,1091,,451,47,410,65,,,,,67,31,,,
11/16/2022,2771,2427,1743,1069,1367,978,,388,37,370,84,,,,,81,15,,,
11/17/2022,2236,2243,2073,1176,1921,1112,,388,47,470,74,,,,,64,12,,,
11/18/2022,2084,2154,2086,1267,1739,1211,,348,35,363,95,,,,,48,28,,,
11/19/2022,1600,2143,2968,1098,2541,1061,,235,18,333,101,,,,,80,32,,,
11/20/2022,2503,2224,2520,1393,2292,1315,,351,44,472,158,,,,,77,39,,,
11/21/2022,3031,2232,2476,1513,2201,1402,,480,67,429,213,,,,,75,31,,,
11/22/2022,2561,1828,2140,1659,1767,1585,,476,56,354,225,,,,,69,21,,,
11/23/2022,2674,1982,2822,1319,2387,1216,,436,61,374,253,,,,,50,18,,,
11/24/2022,2763,1719,3405,1107,3197,1038,,348,56,422,241,,,,,40,36,,,
11/25/2022,2304,2138,2616,1246,2248,1188,,323,46,425,249,,,,,33,45,,,
11/26/2022,2050,1449,2686,1197,2101,1142,,292,42,373,221,,,,,30,21,,,
11/27/2022,1405,1686,2464,1063,2439,1018,,253,31,350,215,,,,,40,24,,,
11/28/2022,2214,1545,2221,1166,2020,1104,2,419,58,309,221,,,,,40,15,,,
11/29/2022,2009,1133,2156,1129,2369,1072,29,358,54,326,223,,,,,38,42,,,
11/30/2022,2999,1966,2527,1125,2312,1038,18,444,73,437,247,,,,,54,59,,,
12/1/2022,2204,1882,2257,1195,2097,1130,18,341,56,403,243,,,,,34,34,,,
12/2/2022,1716,1242,2250,1250,2315,1208,10,306,53,375,223,,,1,,40,15,,,
12/3/2022,1758,1253,2718,1212,2307,1182,7,206,53,486,200,,,0,,35,37,,,
12/4/2022,1411,1093,2481,1088,2328,1049,7,202,56,474,234,,,0,,30,54,,,
12/5/2022,2081,1831,2998,1371,2788,1311,8,333,47,425,252,,,2,,52,22,,,
12/6/2022,1599,1706,2864,1509,2710,1466,16,286,47,394,210,,,4,,35,21,,,
12/7/2022,1715,1702,3188,1843,2841,1774,21,325,59,567,148,,,6,,43,29,,,
12/8/2022,2047,891,4308,1963,3517,1920,14,326,55,479,130,,,3,,37,19,,,
12/9/2022,4787,2326,3524,1871,2920,1822,11,293,51,507,232,,,7,,38,19,,,0
12/10/2022,3243,1411,3301,1803,2590,1773,11,165,35,616,198,,,0,,20,19,,,0
12/11/2022,2211,1722,3310,1915,2981,1867,14,185,48,695,106,,,0,,22,31,,,0
12/12/2022,2171,1561,4052,1688,4084,1634,5,331,55,503,121,,,4,,34,15,,,0
12/13/2022,2934,1582,5119,2125,4488,2041,8,453,70,679,188,,,5,,32,35,,,0
12/14/2022,2430,1724,6744,2419,5692,2340,16,368,55,609,190,,,10,,38,47,,,0
12/15/2022,2129,1952,4748,1879,3398,1815,23,365,67,520,150,,,7,,46,36,,,0
12/16/2022,2605,1946,5540,2490,2649,2385,16,454,72,684,125,,,4,,56,56,,,0
12/17/2022,1748,1322,6491,2040,6067,1982,7,232,64,596,131,,,2,,27,136,,,0
12/18/2022,1369,1652,5140,1755,4774,1719,6,202,43,459,149,,,2,,22,93,,,0
12/19/2022,1729,1209,4494,1609,3333,1562,11,303,47,468,92,,,1,,38,134,,,0
12/20/2022,1970,1997,5228,1970,3255,1924,15,300,41,519,87,,,5,,32,78,,,0
12/21/2022,1337,1704,4551,1909,3344,1853,16,260,29,449,101,,,20,,40,63,,,0
12/22/2022,1640,1830,5181,2082,4141,2023,7,305,32,406,78,,,190,,53,87,,,0
12/23/2022,2410,1412,5031,2306,4395,2234,5,230,29,539,90,,,164,,29,76,,,4
12/24/2022,2279,1321,5093,1362,5098,1330,5,107,22,494,80,,,98,,20,126,,,3
12/25/2022,2127,1489,5818,1470,4370,1421,4,127,20,442,70,,,98,,14,199,,,0
12/26/2022,2555,1464,5855,1705,4589,1668,4,167,22,507,95,,,106,,21,223,,,7
12/27/2022,2173,1587,6264,1905,4504,1856,5,206,31,454,108,,,137,,33,400,,,4
12/28/2022,2617,1531,6301,1589,4874,1506,12,296,36,545,129,,,129,,49,455,,,8
12/29/2022,2213,1689,6017,1444,4487,1382,11,277,31,482,116,,,71,,41,693,,,7
12/30/2022,2327,1905,5986,1440,5336,1391,9,280,31,362,121,,,60,,22,1197,,,10
12/31/2022,1162,1535,3823,1885,4199,1837,7,157,15,330,133,,,33,,14,764,,,4
1/1/2023,851,1301,4302,1429,3701,1397,5,166,22,294,94,,,33,,14,130,,,3
1/2/2023,1389,1339,3789,1730,3473,1675,9,271,35,411,111,,,99,,24,54,,,5
1/3/2023,1266,1251,6172,2196,4213,2141,5,329,47,486,94,,,194,,34,61,,,8
1/4/2023,1892,1391,5597,3195,3690,3110,10,437,50,592,143,,,197,,43,71,,,11
1/5/2023,1186,1344,6140,3031,4453,2973,6,310,52,610,94,,,148,,36,20,,,14
1/6/2023,1484,1246,8554,4028,5305,3974,5,380,68,484,92,,,120,,29,35,,,18
1/7/2023,750,1037,13109,4700,5839,4654,6,189,71,569,117,,,161,,18,47,,,11
1/8/2023,1006,1117,8357,5369,5468,5316,7,295,59,590,99,,,182,,27,33,,,14
1/9/2023,2122,1145,8406,5863,4108,5760,4,493,80,711,113,,,251,,43,29,,,23
1/10/2023,1542,1178,5722,4976,5044,4932,9,326,90,697,84,,,108,,26,10,,,22
1/11/2023,2040,973,7299,4210,5173,4069,12,416,69,874,112,,,153,,24,18,,,17
1/12/2023,2771,1191,8742,4691,5623,4546,20,550,85,885,89,,,253,,49,10,,,26
1/13/2023,2185,980,8663,2445,7016,2349,14,521,76,1386,97,,,255,,57,16,,,20
1/14/2023,2756,1135,6605,3807,5448,3645,9,525,93,1145,146,,,186,,33,25,,,29
1/15/2023,1637,1520,7380,3374,3450,3288,9,355,61,1387,165,,,182,,27,29,,,24
1/16/2023,2176,1344,7070,2178,4677,2097,15,440,85,1572,109,,,91,,41,18,,,30
1/17/2023,1979,1273,5268,1004,4077,930,19,411,169,1862,94,,,62,,29,12,,,52
1/18/2023,2626,1292,405,304,248,232,11,557,115,122,96,,,79,,47,13,,1,76
1/19/2023,1810,1257,722,210,134,147,7,421,77,60,92,,,67,,32,19,,2,73
1/20/2023,2531,838,436,289,247,177,11,540,93,124,119,,,68,,38,24,,1,87
1/21/2023,2184,881,363,288,198,189,9,447,79,58,195,,,61,,57,20,,1,60
1/22/2023,1799,857,279,196,169,148,9,436,87,75,169,,,82,,28,24,,1,70
1/23/2023,1677,1263,259,178,159,138,6,460,66,71,94,,,87,,29,15,,0,65
1/24/2023,1929,1250,322,218,189,164,3,505,97,62,98,,,88,,36,15,,3,65
1/25/2023,2292,1117,759,262,223,187,10,615,116,88,99,,,103,,41,26,,4,62
1/26/2023,1751,1175,388,219,177,153,12,537,132,66,106,,,154,,24,10,,4,43
1/27/2023,1952,1026,290,174,127,127,10,574,97,99,90,,,178,,27,30,,5,41
1/28/2023,1337,1052,252,129,113,95,10,374,82,127,108,,,132,,25,41,,1,36
1/29/2023,1932,1163,293,179,153,128,5,473,107,75,139,,,121,,56,26,,1,68
1/30/2023,2158,1062,765,273,230,157,6,576,122,402,88,,,131,,32,21,,4,56
1/31/2023,1958,1399,3535,537,132,135,2,492,2434,299,73,,,160,,36,16,,2,43
2/1/2023,2347,1456,1668,396,165,184,9,575,3463,111,106,,,160,,34,18,,27,50
2/2/2023,2543,921,931,363,181,189,4,604,1224,164,109,,,185,,35,9,,40,65
2/3/2023,2158,632,534,242,142,127,7,485,704,130,94,,,144,,27,12,,21,68
2/4/2023,1879,622,543,184,118,107,4,352,145,277,115,,,101,,14,24,,18,61
2/5/2023,2308,596,512,223,152,147,11,412,171,168,106,,,195,,20,90,,24,65
2/6/2023,2262,546,489,217,144,156,2,441,177,162,84,,,212,,44,34,,9,50
2/7/2023,2634,527,578,216,165,147,2,484,159,122,1281,,,213,,23,6,,10,47
2/8/2023,2595,485,626,244,182,185,11,490,166,137,2244,,,210,,22,16,,11,63
2/9/2023,2869,422,663,410,253,283,16,638,206,132,713,,,275,,130,8,,8,82
2/10/2023,2686,431,537,292,188,200,13,474,163,186,516,,,192,,32,17,,9,73
2/11/2023,1949,435,449,197,174,140,11,299,138,107,476,,,271,,15,39,,14,81
2/12/2023,1928,382,435,182,162,131,8,327,153,87,484,,,282,,23,48,,9,74
2/13/2023,2580,439,503,340,188,216,13,502,203,155,203,,,276,,255,15,,12,83
2/14/2023,2769,474,363,285,163,216,9,530,188,141,210,,,242,,152,12,,3,79
2/15/2023,2832,417,420,386,183,273,11,546,156,132,280,,,234,,59,210,,15,115
2/16/2023,3515,354,546,403,197,298,5,596,195,184,291,,,234,,36,207,,14,159
2/17/2023,3490,333,385,329,162,254,8,521,170,188,242,,,216,,31,139,,21,152
2/18/2023,2644,70,340,231,126,179,7,330,117,137,286,,,182,,19,104,,9,89
2/19/2023,2716,78,378,231,142,169,8,382,136,125,240,,,186,,23,105,,9,81
2/20/2023,3632,139,383,288,151,211,9,468,164,109,210,,,201,,29,71,,7,112
2/21/2023,3492,78,354,293,147,236,3,565,149,91,484,,,214,,37,34,,9,101
2/22/2023,3479,128,362,323,168,241,7,574,175,135,1142,,,243,,42,106,,2,88
2/23/2023,3357,115,309,314,173,243,7,459,140,113,929,,,197,,43,45,,8,77
2/24/2023,2922,128,436,328,249,235,4,493,160,141,713,,,254,,56,35,,15,80
2/25/2023,2849,132,342,275,202,198,9,342,140,87,739,,,173,,42,148,,5,60
2/26/2023,2665,425,304,222,231,167,3,313,119,62,729,,,135,,47,434,,4,65
2/27/2023,2446,270,321,285,198,222,11,429,115,245,532,,,175,,44,378,,15,78
2/28/2023,2382,173,476,289,168,226,8,359,109,463,395,,,241,,38,116,,12,60
3/1/2023,2560,163,432,328,172,237,17,389,159,349,541,,,236,,44,85,,26,66
3/2/2023,2550,118,405,349,172,276,55,375,119,320,571,,,208,,197,114,,27,55
3/3/2023,3059,89,458,487,195,360,35,506,163,574,442,,,247,,56,104,,16,73
3/4/2023,1855,129,236,298,142,233,32,255,104,389,447,,,218,,36,145,,12,50
3/5/2023,2049,104,215,339,170,259,31,247,87,338,402,,,181,,33,87,,18,46
3/6/2023,2023,149,365,325,195,244,56,302,91,241,359,,,165,,37,73,,6,55
3/7/2023,2368,215,442,409,194,325,94,448,129,259,383,,,208,,38,63,,14,67
3/8/2023,3017,114,346,430,196,330,99,456,111,229,397,2,,205,,33,93,,11,72
3/9/2023,3302,196,571,536,235,376,128,542,162,264,266,3,,235,,77,37,,12,92
3/10/2023,3626,122,532,505,183,380,132,562,169,415,269,0,,269,,68,76,,15,90
3/11/2023,2370,93,307,423,133,321,102,409,150,290,195,0,,142,,45,45,,16,75
3/12/2023,2784,83,332,459,126,369,67,429,157,233,306,0,,146,,67,247,,17,82
3/13/2023,3536,104,408,686,216,558,90,588,195,260,241,0,,184,,89,191,,24,106
3/14/2023,3581,101,516,642,187,522,112,617,207,346,252,0,,231,,78,436,,24,106
3/15/2023,2767,89,348,536,152,434,134,555,181,270,279,0,,192,,68,123,,13,98
3/16/2023,2712,70,305,416,132,334,115,461,211,216,282,0,,136,,64,238,,9,90
3/17/2023,3097,86,403,508,173,421,80,580,206,247,293,0,,257,,84,146,,13,102
3/18/2023,2366,93,363,417,174,332,98,435,174,244,358,0,,210,,72,366,,12,104
3/19/2023,2130,73,307,409,171,331,92,416,130,250,318,0,,194,,66,400,,13,82
3/20/2023,2475,235,317,474,125,365,83,501,159,238,183,0,,214,,62,192,,30,82
3/21/2023,2259,184,308,399,168,321,77,444,174,190,223,0,,221,,74,258,,22,80
3/22/2023,2994,224,314,516,136,411,86,572,243,232,196,0,,227,,103,194,,13,108
3/23/2023,2473,207,284,402,84,304,99,452,203,179,187,2,,184,,100,140,,17,87
3/24/2023,2213,218,240,376,151,295,56,446,242,256,298,2,,265,,136,283,,14,80
3/25/2023,1632,135,215,228,95,186,71,295,194,193,280,0,,252,,97,582,,5,55
3/26/2023,1653,102,214,248,131,191,53,317,205,160,354,0,,178,,85,878,,13,61
3/27/2023,2240,160,306,562,155,308,53,522,262,230,238,0,,248,,122,458,,167,86
3/28/2023,2121,123,300,1310,155,420,75,436,274,253,278,0,,320,,113,267,,914,71
3/29/2023,2215,144,293,1132,134,392,81,493,255,258,254,0,,307,,105,510,,667,74
3/30/2023,2198,200,275,1100,158,374,157,506,292,223,256,0,,268,,95,847,,645,86
3/31/2023,1956,143,322,907,142,308,157,465,260,195,293,0,,253,,89,84,,512,84
4/1/2023,1198,49,200,819,102,221,94,298,189,183,320,0,,212,,62,426,,429,61
4/2/2023,1685,172,242,902,144,274,86,376,259,186,311,0,,223,,90,439,,512,67
4/3/2023,1970,338,341,973,168,487,112,588,319,205,362,0,,278,,99,260,,436,93
4/4/2023,1993,148,770,947,163,561,91,506,251,198,529,2,,232,,107,198,,360,79
4/5/2023,2256,142,374,694,152,386,148,541,269,196,395,0,,200,,95,135,,212,93
4/6/2023,1726,119,1738,541,116,330,140,429,226,147,331,3,,146,,72,110,,84,65
4/7/2023,1343,121,406,431,105,270,118,304,182,208,351,5,,133,,59,86,,78,54
4/8/2023,1026,115,1288,337,120,194,80,243,140,145,405,2,,94,,48,127,,89,60
4/9/2023,1319,103,220,366,131,245,88,287,176,141,338,2,,121,,47,274,,81,75
4/10/2023,1991,253,302,472,176,300,126,477,239,161,318,82,,138,,67,189,,106,107
4/11/2023,2220,238,337,524,168,324,115,508,268,147,385,64,,204,,80,187,,122,102
4/12/2023,2449,223,300,543,185,370,102,529,275,168,358,63,6,195,,85,271,,106,106
4/13/2023,2439,346,352,702,193,448,100,556,309,159,316,53,13,155,,90,165,,174,91
4/14/2023,2719,340,406,716,193,466,102,654,371,258,319,67,72,177,,119,82,,104,114
4/15/2023,1256,329,247,450,107,326,109,328,251,971,340,29,68,116,,48,71,,62,69
4/16/2023,1519,341,274,465,121,349,79,368,237,138,296,35,55,143,,52,66,,62,85
4/17/2023,1973,345,335,589,174,434,61,532,267,177,266,32,81,187,,76,75,,62,97
4/18/2023,1739,342,716,624,160,451,79,504,309,126,229,12,97,179,,76,61,,76,75
4/19/2023,2457,356,326,967,175,668,69,639,331,145,225,8,18,229,,106,47,,110,154
4/20/2023,2011,406,286,1067,153,758,83,532,287,148,227,8,40,175,,91,43,,80,102
4/21/2023,2207,462,333,853,186,581,82,538,294,222,258,6,60,205,,100,48,,84,106
4/22/2023,1381,465,221,473,96,353,60,275,211,130,280,5,44,128,,76,41,,69,87
4/23/2023,1133,458,250,478,156,352,53,297,240,126,238,6,40,175,,61,71,,54,56
4/24/2023,1575,518,259,512,170,371,64,428,242,132,188,9,64,162,,67,88,,51,83
4/25/2023,1694,423,245,527,192,399,60,488,266,145,213,8,78,226,,74,73,,70,91
4/26/2023,2522,584,293,870,235,606,68,550,346,475,277,100,101,244,,129,51,,158,115
4/27/2023,1669,520,215,548,158,412,63,392,280,131,212,117,83,172,,104,70,,113,96
4/28/2023,1213,838,220,515,104,391,54,355,236,157,203,154,86,144,,94,150,,73,96
4/29/2023,748,662,168,322,128,247,45,195,167,99,207,105,57,110,,46,197,,43,47
4/30/2023,1173,547,186,445,120,337,39,245,191,105,224,123,89,158,,65,169,,67,69
5/1/2023,1647,649,246,587,134,449,48,441,290,139,184,114,122,183,,93,180,,100,98
5/2/2023,1207,791,204,452,94,361,58,351,201,133,171,109,101,134,,89,46,,79,75
5/3/2023,1356,713,212,439,86,310,43,404,257,124,194,110,105,196,,111,32,,73,70
5/4/2023,1133,611,205,444,80,334,1525,349,214,125,168,114,97,139,,93,26,,58,53
5/5/2023,1589,265,234,523,95,399,674,387,274,174,152,124,107,165,,104,18,,81,71
5/6/2023,1509,280,257,514,76,405,359,325,285,133,172,120,94,160,,81,21,,72,81
5/7/2023,891,295,184,299,85,247,319,223,178,110,153,81,71,109,,47,42,,43,56
5/8/2023,1777,334,298,608,121,435,353,496,350,138,140,111,124,229,,102,14,,89,91
5/9/2023,1033,307,214,344,80,285,352,337,200,92,151,84,85,135,2,64,42,,34,40
5/10/2023,1598,325,247,484,97,413,461,479,311,118,168,114,117,201,2,87,50,,77,80
5/11/2023,1443,255,284,523,130,377,769,453,273,141,151,103,102,181,1,89,21,,83,68
5/12/2023,1701,643,301,500,111,366,780,461,283,165,193,135,142,192,5,112,27,,70,62
5/13/2023,760,291,182,272,64,206,754,203,155,95,204,97,79,100,1,48,52,,37,43
5/14/2023,783,295,158,241,49,196,813,188,174,89,175,76,80,105,1,38,125,,18,41
5/15/2023,1185,320,210,359,67,296,537,377,216,114,148,153,126,154,4,71,56,,63,55
5/16/2023,984,320,193,312,57,268,464,353,182,1038,182,190,86,131,3,62,60,,27,32
5/17/2023,1116,241,226,430,80,362,605,409,235,566,209,157,81,192,3,75,53,,75,45
5/18/2023,1120,307,215,353,69,292,614,401,229,323,182,164,75,169,6,71,49,,65,45
5/19/2023,774,366,189,701,57,243,473,311,141,114,185,115,69,138,5,48,66,,470,28
5/20/2023,562,346,161,787,48,167,435,152,110,91,180,104,52,85,2,33,125,,592,18
5/21/2023,699,339,185,593,46,206,475,183,135,165,152,127,80,99,2,39,192,,357,32
5/22/2023,822,343,204,491,67,215,394,326,142,123,154,151,80,126,3,53,98,,248,50
5/23/2023,1180,348,228,552,74,306,376,360,192,133,168,242,111,130,4,60,57,,203,54
5/24/2023,1464,349,233,533,94,352,383,455,227,138,167,221,138,243,6,77,84,,142,71
5/25/2023,1195,417,219,405,65,291,587,396,178,104,179,148,93,153,3,61,85,,82,60
5/26/2023,938,411,193,342,52,264,393,346,171,134,146,128,102,126,3,51,60,,65,66
5/27/2023,590,587,170,268,47,193,440,149,116,89,167,106,73,76,2,31,117,,64,33
5/28/2023,1329,597,224,426,73,319,406,289,195,110,170,140,118,175,5,58,142,,78,79
5/29/2023,1144,531,214,387,101,331,377,314,190,93,176,125,129,134,8,50,194,,83,56
5/30/2023,900,521,204,403,522,331,321,373,175,94,123,130,113,128,8,41,151,,65,41
5/31/2023,1295,577,246,449,322,349,358,355,238,88,151,122,138,164,9,58,165,,51,64
6/1/2023,1044,439,203,303,162,257,248,318,182,57,143,107,126,119,5,58,131,,39,66
6/2/2023,969,762,193,319,154,265,248,336,195,126,125,106,115,115,4,54,90,,58,61
6/3/2023,611,680,169,245,155,205,264,159,121,80,118,88,77,87,3,34,126,,77,30
6/4/2023,678,679,179,193,77,151,362,195,135,67,143,83,82,91,1,33,71,,29,27
6/5/2023,1901,766,343,296,214,166,229,494,339,127,139,146,221,182,7,86,38,,30,93
6/6/2023,1638,845,682,91,43,56,283,416,305,104,113,125,134,154,8,69,68,,3,84
6/7/2023,1277,704,1530,375,60,310,1989,410,271,88,147,135,165,199,15,68,77,,39,85
6/8/2023,978,902,1018,303,57,263,1746,317,193,86,126,104,128,161,13,50,34,,29,56
6/9/2023,815,588,243,318,53,273,1080,335,169,103,139,99,134,135,18,47,35,,37,40
6/10/2023,1932,939,592,587,126,437,1170,415,361,123,167,110,200,258,17,74,79,,43,88
6/11/2023,849,707,199,266,55,254,2097,216,164,87,110,71,105,168,11,50,88,,19,45
6/12/2023,994,871,243,374,58,331,3264,361,216,95,114,91,148,200,40,53,63,,20,87
6/13/2023,1099,824,1162,366,64,342,2055,420,232,78,92,98,153,230,45,60,46,,26,73
6/14/2023,1722,946,860,503,95,361,1413,492,245,133,72,113,174,192,44,85,46,,24,90
6/15/2023,1614,891,382,434,87,385,915,411,280,139,94,116,153,188,44,71,85,,30,87
6/16/2023,1328,891,298,369,110,354,978,372,262,111,112,113,135,161,38,67,74,,26,79
6/17/2023,977,678,286,318,57,298,1181,247,208,89,110,101,120,136,50,45,62,,14,80
6/18/2023,702,740,266,229,43,230,1095,208,158,61,91,91,97,112,49,30,71,,18,49
6/19/2023,1041,803,276,321,83,295,902,318,201,66,112,114,109,113,51,40,81,,26,66
6/20/2023,1660,421,236,458,123,425,723,434,319,81,129,155,183,167,51,73,98,,30,87
6/21/2023,2164,378,287,602,124,511,793,422,400,115,130,174,233,251,59,89,109,,48,121
6/22/2023,1607,667,240,469,102,456,819,375,431,146,92,160,158,203,39,78,69,11,24,84
6/23/2023,1689,730,209,445,109,432,869,385,360,87,79,194,189,190,50,67,124,11,29,97
6/24/2023,912,804,188,333,70,329,676,221,268,47,94,152,133,146,48,37,140,6,17,64
6/25/2023,1042,692,235,359,86,342,875,236,258,110,85,156,140,130,66,40,107,6,29,57
6/26/2023,1352,685,221,405,76,386,877,359,312,63,71,218,169,160,73,58,152,15,26,107
6/27/2023,1173,668,201,410,60,395,843,334,269,50,103,242,136,124,68,62,254,17,34,73
6/28/2023,1398,768,250,441,78,409,670,370,270,75,115,203,154,147,51,56,516,19,41,104
6/29/2023,1066,791,212,371,63,357,573,302,220,71,80,237,124,142,71,45,1935,21,20,64
6/30/2023,1821,771,258,523,102,503,529,392,354,128,92,266,196,239,80,73,792,22,49,109
7/1/2023,825,687,216,303,53,312,514,183,179,92,85,183,110,128,77,29,170,13,15,72
7/2/2023,945,655,221,323,46,318,634,238,199,46,102,211,117,153,96,35,97,15,21,79
7/3/2023,1271,639,240,417,72,413,717,304,272,81,92,300,146,179,184,57,45,28,43,106
7/4/2023,995,553,203,380,74,371,628,307,182,51,126,236,144,162,297,52,71,52,48,95
7/5/2023,1235,819,221,470,76,398,452,335,267,71,100,238,143,182,193,60,51,76,131,89
7/6/2023,1554,774,238,592,63,494,511,393,326,73,107,258,184,217,244,71,39,96,145,100
7/7/2023,1055,783,209,459,48,360,498,296,249,82,105,232,139,146,155,56,58,97,117,92
7/8/2023,724,548,192,447,26,278,618,150,201,43,94,185,98,86,173,22,27,67,188,61
7/9/2023,605,481,174,404,20,248,625,141,117,44,79,194,90,70,139,25,35,74,204,47
7/10/2023,1105,780,229,558,46,414,576,339,215,63,71,324,150,78,205,48,34,111,219,88
7/11/2023,824,677,197,452,37,319,477,268,181,39,96,285,116,42,124,34,23,95,193,78
7/12/2023,1087,683,211,576,44,418,440,355,238,58,96,314,145,91,115,36,59,105,217,86
7/13/2023,1972,708,294,761,63,620,459,574,370,91,89,386,251,118,131,80,70,119,299,120
7/14/2023,1950,793,282,776,100,665,530,488,396,105,125,401,240,177,145,85,45,80,262,111
7/15/2023,731,766,202,417,44,348,573,225,213,49,109,192,126,92,103,34,57,48,117,48
7/16/2023,723,627,181,363,50,310,451,267,210,33,109,215,164,84,135,30,30,42,90,55
7/17/2023,1369,745,219,570,61,477,371,382,296,55,83,295,189,100,154,58,37,75,131,81
7/18/2023,1088,797,203,543,61,417,370,365,289,52,98,279,168,95,112,45,38,87,157,75
7/19/2023,876,763,211,451,51,373,334,330,238,39,87,283,157,73,195,43,41,67,103,64
7/20/2023,1163,764,207,532,67,419,370,385,269,49,93,282,212,107,155,48,39,100,109,62
7/21/2023,745,686,187,444,63,373,324,298,195,55,92,250,140,99,128,41,26,116,98,44
7/22/2023,852,606,180,324,75,266,367,243,169,54,66,229,128,88,96,32,37,81,73,51
7/23/2023,763,703,182,350,44,300,358,216,224,45,80,239,117,80,100,25,60,93,64,39
7/24/2023,1414,757,235,549,67,397,301,402,312,52,80,295,230,127,115,54,45,177,124,71
7/25/2023,825,626,190,416,44,353,375,276,199,41,102,278,138,67,94,30,100,112,88,38
7/26/2023,935,760,224,445,57,358,418,342,242,44,94,307,153,81,105,47,291,121,98,49
7/27/2023,769,733,193,598,56,373,471,300,205,41,119,391,136,68,107,40,254,107,301,55
7/28/2023,665,649,195,470,53,297,2352,241,185,58,110,420,113,62,94,26,144,118,219,46
7/29/2023,467,527,157,354,26,231,1900,153,117,42,89,508,102,47,61,23,224,110,157,28
7/30/2023,696,732,218,504,62,429,1308,267,177,29,111,514,135,76,93,38,288,96,179,54
7/31/2023,777,677,235,529,75,448,1093,304,186,36,87,372,248,73,161,32,706,139,217,49
8/1/2023,1278,753,238,621,92,580,919,445,235,60,137,392,357,97,192,54,0,164,214,78
8/2/2023,1074,747,219,548,126,471,949,357,238,53,98,355,368,93,101,48,0,126,163,81
8/3/2023,839,614,296,492,89,410,771,313,180,42,101,339,439,100,110,44,0,155,155,47
8/4/2023,1239,689,342,432,116,378,711,304,165,54,97,382,501,96,118,40,0,164,133,57
8/5/2023,1149,527,319,326,36,278,707,182,98,39,99,258,461,61,119,19,0,91,112,33
8/6/2023,519,605,309,319,47,280,668,172,90,35,98,258,405,59,104,25,0,68,108,28
8/7/2023,1147,739,379,484,75,410,615,253,183,50,106,548,469,94,136,34,0,204,138,52
8/8/2023,1190,721,248,505,69,430,526,279,218,49,125,524,482,97,149,36,0,166,165,65
8/9/2023,1017,688,176,512,78,441,463,248,164,47,99,486,460,86,104,28,0,150,122,50
8/10/2023,810,627,179,385,63,329,471,234,128,36,110,351,137,91,83,17,0,160,98,45
8/11/2023,719,604,176,348,65,314,353,187,131,60,124,322,116,96,117,22,0,134,101,32
8/12/2023,430,600,187,256,51,238,436,99,63,39,126,303,89,67,112,11,0,89,63,27
8/13/2023,696,691,286,245,56,222,793,113,78,22,123,378,102,72,125,10,0,132,67,31
8/14/2023,695,745,337,329,69,288,728,220,120,28,103,386,132,98,111,21,0,313,102,35
8/15/2023,903,748,241,415,80,342,452,212,138,64,123,352,140,128,91,26,0,298,110,47
8/16/2023,1126,676,360,494,103,375,345,221,182,44,117,364,150,128,105,27,0,416,117,55
8/17/2023,2323,712,414,899,155,600,478,316,333,96,116,366,284,196,137,69,0,266,207,94
8/18/2023,1412,676,253,485,77,407,484,222,218,100,136,300,163,148,96,38,0,182,96,66
8/19/2023,666,582,168,289,53,244,550,122,122,59,143,194,133,93,86,26,0,97,69,40
8/20/2023,543,548,164,226,45,184,358,105,99,43,102,169,97,84,95,22,0,108,51,38
8/21/2023,779,751,419,367,73,274,257,180,173,51,108,219,141,103,81,28,0,148,98,49
8/22/2023,1161,767,378,771,78,357,253,212,191,54,123,239,163,127,82,37,0,162,141,64
8/23/2023,1045,753,182,420,66,359,317,209,187,53,128,231,152,123,63,51,0,171,100,51
8/24/2023,820,776,245,342,52,312,293,184,158,37,108,201,139,87,74,35,0,153,88,38
8/25/2023,822,815,187,319,69,287,260,192,142,71,135,205,121,106,59,34,0,156,66,36
8/26/2023,413,546,139,189,42,188,352,66,62,37,144,163,55,69,61,19,0,74,50,22
8/27/2023,497,582,155,199,36,164,314,90,89,26,122,157,67,61,65,23,0,89,53,22
8/28/2023,715,788,212,251,43,213,257,142,150,28,104,213,94,83,68,70,0,145,58,38
8/29/2023,1552,775,251,487,85,413,302,260,274,61,139,295,189,130,87,66,0,190,133,65
8/30/2023,923,714,203,347,58,276,250,193,204,93,136,210,154,84,67,60,0,171,78,42
8/31/2023,1258,770,236,414,64,330,281,233,247,66,120,279,221,116,88,41,0,174,109,63
9/1/2023,1066,650,237,355,65,269,222,202,233,62,136,268,220,93,87,37,0,178,88,45
9/2/2023,570,625,152,214,30,183,229,99,148,35,139,204,202,64,56,17,0,106,42,25
9/3/2023,880,622,157,173,47,150,223,99,142,31,125,193,465,61,65,38,0,103,33,40
9/4/2023,892,704,203,265,45,212,238,140,519,31,95,207,236,72,57,36,0,123,72,39
9/5/2023,809,825,213,284,41,233,202,167,384,31,108,236,123,72,53,37,0,137,53,37
9/6/2023,848,804,249,267,63,237,250,184,310,32,140,239,136,103,75,39,0,145,50,44
9/7/2023,858,832,268,262,50,232,297,170,274,29,160,271,123,99,96,40,0,177,54,46
9/8/2023,855,833,291,247,45,213,241,144,211,44,134,250,115,70,79,25,0,120,40,34
9/9/2023,382,585,273,149,30,144,226,65,155,35,141,203,73,44,48,14,0,51,27,21
9/10/2023,917,741,336,246,64,226,226,121,219,29,178,298,112,102,66,28,0,131,49,43
9/11/2023,1537,832,442,439,86,328,194,206,285,51,130,341,186,110,96,66,0,161,63,49
9/12/2023,1139,966,280,338,59,308,220,221,247,41,123,356,145,117,90,47,0,138,60,60
9/13/2023,873,859,289,270,45,259,202,205,198,31,113,315,136,97,76,28,0,124,43,38
9/14/2023,1011,871,429,309,63,290,385,185,269,32,130,267,139,86,77,33,0,139,41,43
9/15/2023,909,748,1245,260,55,260,533,165,258,45,145,241,152,64,64,29,0,123,36,33
9/16/2023,607,818,593,180,44,200,363,103,165,25,139,186,91,57,39,13,0,107,35,26
9/17/2023,599,711,878,180,31,185,397,101,155,19,143,181,104,71,49,12,0,85,29,27
9/18/2023,1191,973,1259,335,54,302,345,184,266,32,135,269,180,86,80,37,0,136,48,53
9/19/2023,919,833,1281,314,50,281,301,181,200,25,140,244,131,82,57,37,0,128,53,34
9/20/2023,979,872,1049,316,48,291,300,186,288,36,149,247,158,76,68,34,0,145,48,45
9/21/2023,1009,743,1294,324,52,296,288,189,212,42,167,262,161,92,73,35,0,157,54,54
9/22/2023,721,537,1083,253,33,240,255,164,156,40,141,218,116,66,55,14,0,95,35,28
9/23/2023,496,793,984,139,31,145,232,89,101,17,187,171,98,56,50,9,0,59,15,24
9/24/2023,628,651,996,182,31,189,208,99,133,16,178,173,112,57,50,14,0,73,22,39
9/25/2023,932,837,1399,261,44,255,210,136,188,21,125,246,133,68,50,31,0,180,32,36
9/26/2023,3908,714,1423,239,31,241,202,156,126,11,121,200,125,65,48,15,0,121,42,27
9/27/2023,15767,968,775,318,53,300,209,190,206,20,119,251,157,95,46,28,0,161,42,53
9/28/2023,15157,889,646,376,63,367,199,202,303,20,145,280,161,85,52,45,0,156,48,39
9/29/2023,16756,915,615,310,51,313,237,192,185,37,145,247,138,89,45,32,0,129,43,42
9/30/2023,22261,671,527,241,37,231,252,122,197,15,165,216,111,78,51,17,0,84,30,25
10/1/2023,22149,974,1015,341,54,301,210,149,365,31,184,252,155,117,72,30,0,134,49,51
10/2/2023,5976,895,1108,445,85,415,206,244,290,29,166,331,211,114,75,46,0,174,58,64
10/3/2023,3328,819,976,301,48,288,284,233,233,17,155,266,144,84,52,40,0,151,41,29
10/4/2023,2602,743,900,324,67,307,237,200,236,22,159,272,150,90,48,31,0,171,46,49
10/5/2023,1902,875,730,309,48,288,278,192,260,21,167,281,164,72,50,27,0,144,48,56
10/6/2023,1659,872,722,312,74,303,244,174,223,26,134,264,157,78,59,20,0,151,40,46
10/7/2023,1040,645,698,189,45,187,260,122,281,42,175,198,127,55,52,13,0,91,22,21
10/8/2023,1082,761,542,196,48,182,210,122,180,14,197,239,133,95,40,17,0,103,21,36
10/9/2023,2281,971,621,348,63,305,260,213,260,35,154,317,186,92,62,29,0,146,36,48
10/10/2023,1026,911,427,267,38,242,219,191,179,41,139,285,137,57,42,37,0,105,29,33
10/11/2023,1325,942,492,332,55,296,263,204,237,22,128,313,181,78,52,46,0,143,42,59
10/12/2023,1416,880,758,322,48,282,298,206,209,33,167,248,200,88,56,39,0,127,35,51
10/13/2023,994,786,283,296,37,287,224,198,222,38,172,234,181,77,44,26,0,116,35,36
10/14/2023,563,551,199,161,25,163,161,88,141,22,163,193,202,56,39,10,0,51,19,12
10/15/2023,721,932,238,163,29,166,188,121,187,20,198,201,205,47,46,15,0,74,21,30
10/16/2023,1749,958,363,444,101,401,224,278,303,31,185,344,364,120,94,49,0,151,53,72
10/17/2023,1237,686,299,301,65,273,221,216,221,31,160,247,219,90,60,32,0,116,32,39
10/18/2023,1074,772,500,289,55,258,262,213,235,17,145,215,217,80,66,24,0,119,33,43
10/19/2023,1240,1445,452,303,55,291,255,235,219,23,151,222,214,88,53,20,0,125,37,41
10/20/2023,1552,1891,673,418,70,364,216,242,301,29,181,325,286,88,73,39,0,142,62,56
10/21/2023,1307,1443,559,366,74,333,174,200,218,18,251,268,193,95,37,25,0,93,47,34
10/22/2023,1170,1507,460,347,71,315,186,165,202,37,246,302,212,106,32,27,0,97,47,41
10/23/2023,2444,1922,731,584,140,516,208,357,337,35,204,434,340,157,92,64,0,179,87,72
10/24/2023,2476,1715,616,585,96,545,235,379,310,41,242,462,1203,140,98,58,0,195,98,66
10/25/2023,1602,1401,445,484,59,462,233,319,255,6,202,374,653,121,91,47,0,152,54,47
10/26/2023,1650,1202,390,470,77,468,223,270,254,13,216,437,736,131,86,65,0,166,42,50
10/27/2023,1278,1670,330,382,55,361,181,238,232,25,197,410,449,106,78,45,0,134,48,54
10/28/2023,883,1204,175,261,38,253,204,155,167,16,215,411,407,99,49,25,0,76,24,10
10/29/2023,935,1107,229,273,45,278,215,178,222,43,231,526,384,108,56,27,0,125,26,19
10/30/2023,1191,1469,292,385,61,368,187,268,226,26,196,462,336,124,115,45,0,117,35,16
10/31/2023,1164,1760,1661,448,57,444,201,261,246,19,158,514,213,121,99,47,0,141,44,18
11/1/2023,1850,1879,421,555,85,530,208,339,319,19,177,651,270,125,118,68,0,173,64,32
11/2/2023,1742,1645,419,580,70,510,271,339,540,11,180,676,293,118,107,65,0,158,99,34
11/3/2023,1399,1294,259,419,56,394,188,202,872,26,207,577,239,120,86,56,0,144,61,24
11/4/2023,1131,1343,196,382,52,347,257,176,583,23,234,555,243,105,59,29,0,124,72,18
11/5/2023,1380,1412,368,452,58,413,286,216,437,15,228,659,283,147,57,40,0,131,68,27
11/6/2023,1315,1308,408,459,56,428,319,280,429,7,198,679,240,110,119,37,0,170,60,30
11/7/2023,1483,1486,632,456,68,419,276,290,342,9,182,723,287,113,146,47,0,147,59,32
11/8/2023,1323,1019,535,475,62,417,275,263,234,3,197,633,255,109,99,55,0,138,58,26
11/9/2023,3159,1713,1834,766,123,691,377,407,398,17,205,594,431,193,111,108,0,194,132,44
11/10/2023,1817,1341,463,565,99,516,369,323,305,24,197,626,319,156,75,61,0,158,86,30
11/11/2023,1507,1268,769,498,85,430,319,262,255,1,214,565,255,142,53,47,0,124,84,23
11/12/2023,1186,1062,294,464,74,420,347,272,246,44,227,452,237,130,45,38,0,113,67,22
11/13/2023,1476,1372,394,539,87,498,237,350,266,3,158,527,304,146,98,60,0,139,83,31
11/14/2023,1845,988,1199,548,96,473,261,343,289,6,183,554,347,175,84,63,0,180,62,31
11/15/2023,1626,1469,386,566,91,524,302,318,275,10,174,583,451,144,83,48,0,164,72,36
11/16/2023,1868,386,288,623,86,571,316,328,309,8,199,536,348,163,95,48,0,168,91,35
11/17/2023,1491,1011,299,512,72,466,254,263,345,21,183,467,261,157,139,40,0,148,53,23
11/18/2023,867,1149,228,321,45,318,275,159,204,41,160,361,235,119,54,23,0,98,36,18
11/19/2023,918,1296,221,361,48,345,238,180,245,16,188,344,362,116,52,26,0,121,57,15
11/20/2023,1755,1191,244,504,55,465,227,266,240,17,171,451,260,141,70,47,0,142,65,31
11/21/2023,3907,1485,265,601,79,502,239,305,332,27,171,527,340,186,147,59,0,182,85,34
11/22/2023,3104,1348,202,523,49,496,273,255,303,31,154,452,278,141,115,54,0,151,79,36
11/23/2023,2471,1353,226,318,46,333,333,194,209,23,172,348,204,56,76,43,0,104,40,37
11/24/2023,2574,1242,281,409,84,357,259,207,280,32,197,399,251,108,115,49,0,129,59,35
11/25/2023,2082,1102,236,297,61,291,228,148,176,18,207,346,171,95,96,23,0,84,40,19
11/26/2023,1611,1331,222,342,65,309,254,152,218,19,204,485,187,98,100,33,0,115,49,25
11/27/2023,1892,1309,241,431,50,378,209,225,264,26,174,588,242,117,122,30,0,123,63,40
11/28/2023,1372,1569,167,398,53,362,179,223,254,27,188,575,253,122,130,35,0,167,43,27
11/29/2023,1170,1558,161,376,63,345,169,226,264,13,166,579,222,96,118,27,0,148,43,39
11/30/2023,1017,1333,135,313,72,299,198,185,262,9,155,431,213,94,124,29,0,106,48,32
12/1/2023,1556,1417,193,438,69,387,163,245,337,24,168,459,276,115,94,31,0,142,48,35
12/2/2023,1527,1060,755,448,44,397,170,196,241,26,183,448,226,128,116,29,0,115,58,23
12/3/2023,1400,934,233,435,53,387,189,189,215,20,203,432,244,132,114,32,0,122,40,41
12/4/2023,2111,1313,311,607,70,519,187,357,341,37,174,555,410,144,180,56,0,166,87,43
12/5/2023,1893,1108,274,544,62,483,144,334,313,29,173,523,339,142,208,44,0,147,61,30
12/6/2023,1722,1103,207,527,63,476,135,316,289,25,169,521,280,116,218,42,0,118,52,39
12/7/2023,1840,1355,278,513,76,458,231,310,310,31,146,487,272,131,237,32,0,134,51,36
12/8/2023,1651,1095,289,545,66,499,177,320,302,34,154,463,302,123,322,37,0,130,55,24
12/9/2023,1437,1305,235,468,62,435,167,272,274,22,136,446,231,155,257,36,0,103,67,21
12/10/2023,1114,1111,177,390,49,362,189,213,242,16,165,360,191,118,271,24,0,83,52,21
12/11/2023,2328,1395,259,688,81,574,195,344,426,20,173,511,381,183,360,52,0,152,111,42
12/12/2023,1502,1029,178,487,63,443,418,288,352,2,177,393,272,141,414,26,0,124,70,26
12/13/2023,1671,1262,178,486,68,457,527,268,353,4,175,438,303,144,248,32,0,123,58,32
12/14/2023,1264,1010,176,409,62,407,350,269,299,4,122,369,235,138,191,27,0,126,61,30
12/15/2023,1098,1254,152,399,56,398,191,228,220,11,133,341,231,118,210,18,0,95,78,25
12/16/2023,746,929,130,333,38,330,221,194,256,7,164,274,198,106,225,12,0,79,95,17
12/17/2023,830,806,129,371,42,307,321,187,253,28,183,277,197,119,196,12,0,83,127,21
12/18/2023,1461,1345,154,482,61,414,284,278,340,16,130,362,265,140,297,26,0,120,88,26
12/19/2023,1093,1432,138,406,42,360,235,249,305,14,136,318,239,110,239,21,0,108,99,32
12/20/2023,1198,1208,183,442,34,382,217,254,241,15,134,365,319,132,211,22,0,113,91,43
12/21/2023,1211,1136,191,612,40,405,268,271,246,12,138,350,292,152,238,20,0,113,247,29
12/22/2023,1722,1051,229,481,47,433,197,303,280,23,165,419,259,210,216,26,0,122,70,20
12/23/2023,1017,1158,168,320,35,328,276,205,190,12,166,322,247,164,273,15,0,81,31,12
12/24/2023,1108,919,173,404,39,385,265,235,209,6,135,352,270,162,270,18,0,87,38,21
12/25/2023,823,1161,182,328,33,328,239,203,152,6,143,307,236,136,246,19,0,83,43,17
12/26/2023,1365,1358,225,453,46,411,263,279,271,2,148,378,354,154,309,33,0,119,57,26
12/27/2023,1342,941,212,453,44,426,276,287,284,11,153,375,290,183,308,35,0,119,53,39
12/28/2023,1653,1028,251,516,46,472,309,320,295,10,161,387,341,183,401,28,0,123,75,21
12/29/2023,1330,1256,171,379,35,351,325,412,287,11,146,356,314,166,542,22,0,116,50,23
12/30/2023,851,1145,163,235,26,253,431,358,513,12,158,269,216,125,283,18,0,88,39,14
12/31/2023,810,1041,161,252,34,275,252,343,492,9,141,276,219,131,405,16,0,84,30,14
1/1/2024,955,792,162,303,20,303,366,287,296,8,165,330,266,113,192,23,0,97,37,19
1/2/2024,1503,1215,274,470,39,449,441,531,630,11,157,452,384,147,434,33,0,136,72,30
1/3/2024,2474,1594,278,623,83,522,397,566,742,1,142,502,445,185,465,57,0,168,116,43
1/4/2024,1650,1434,147,412,57,393,563,484,777,11,141,394,327,133,285,44,0,128,56,29
1/5/2024,1636,1404,163,358,51,353,313,491,479,1,124,365,291,157,266,26,0,125,38,25
1/6/2024,1252,1299,174,307,30,295,302,399,303,2,130,295,233,154,180,18,0,99,38,17
1/7/2024,1137,1295,167,266,37,265,284,429,258,5,144,289,251,145,270,17,0,96,41,25
1/8/2024,2336,1174,242,513,56,470,295,563,379,3,154,407,402,198,429,34,0,138,72,31
1/9/2024,1801,1172,222,442,39,423,319,582,347,2,128,417,330,204,495,35,0,136,57,32
1/10/2024,2527,1156,287,570,82,516,356,802,492,3,149,456,498,232,502,42,0,160,106,43
1/11/2024,2250,1525,341,580,58,521,586,1128,424,4,161,462,488,202,438,32,0,145,112,41
1/12/2024,2351,1275,303,555,40,484,627,820,404,2,174,452,449,190,492,21,0,133,88,38
1/13/2024,1346,866,239,327,28,273,819,783,251,6,215,316,282,95,191,10,0,80,88,18
1/14/2024,1147,835,157,299,21,260,507,704,214,7,213,319,273,116,161,11,0,84,70,23
1/15/2024,1020,868,264,293,17,291,735,965,225,1,351,332,273,113,368,8,0,108,51,28
1/16/2024,1060,887,131,301,17,274,590,757,214,4,404,370,234,126,227,11,0,121,70,23
1/17/2024,1059,782,118,339,20,297,680,676,232,2,214,333,249,101,329,13,0,117,67,26
1/18/2024,1562,866,240,385,27,342,657,899,398,2,312,392,329,133,295,16,0,127,60,26
1/19/2024,1363,779,171,327,28,302,952,685,445,1,275,345,260,140,282,14,0,132,84,21
1/20/2024,818,707,212,191,12,175,1253,622,285,2,323,237,194,91,286,4,0,75,37,13
1/21/2024,671,946,206,178,17,159,1384,359,294,4,365,224,192,87,356,7,0,71,35,15
1/22/2024,1872,1007,233,412,28,342,947,772,399,2,381,358,339,128,533,19,0,112,81,30
1/23/2024,1908,939,272,429,26,332,995,918,369,1,595,376,337,147,461,22,0,124,79,30
1/24/2024,1092,871,148,288,16,247,1388,1049,323,2,358,290,231,92,408,9,0,95,71,19
1/25/2024,844,942,139,220,15,222,1716,895,343,4,248,320,195,110,443,10,0,84,31,23
1/26/2024,1334,888,170,281,23,262,1727,650,381,0,269,354,239,102,428,10,0,98,50,24
1/27/2024,920,662,179,201,16,176,1992,844,297,2,339,242,167,92,317,7,0,76,52,13
1/28/2024,1250,951,187,236,15,208,2006,898,493,1,366,291,222,109,316,5,0,78,55,15
1/29/2024,1365,1117,181,347,18,199,1781,979,383,7,303,414,218,97,318,13,0,83,151,15
1/30/2024,1292,1370,187,285,21,254,1272,1049,192,2,232,438,219,114,286,12,0,96,49,20
1/31/2024,1256,909,164,278,10,246,1770,966,155,3,217,310,226,125,352,17,0,97,42,25
2/1/2024,1083,1035,147,257,10,229,2069,989,141,1,217,326,220,101,371,7,0,83,21,24
2/2/2024,1021,1107,153,226,7,201,2158,601,107,0,210,344,197,110,313,8,0,93,34,14
2/3/2024,945,1079,142,134,1,132,2234,528,86,2,224,255,157,53,314,3,0,55,12,4
2/4/2024,755,1138,173,143,0,150,2368,475,101,2,224,281,183,76,297,6,0,60,12,11
2/5/2024,965,1302,233,204,2,195,2536,1020,108,1,194,287,208,89,323,6,0,77,30,11
2/6/2024,1026,988,185,227,0,213,1537,1053,129,1,126,364,197,95,287,13,0,91,31,16
2/7/2024,1075,1368,208,246,4,233,1843,1115,139,2,139,354,220,68,243,10,0,86,33,22
2/8/2024,1183,1103,201,251,3,219,2098,1017,165,3,139,393,264,74,243,11,0,127,28,23
2/9/2024,1367,1262,181,300,3,270,2295,469,218,2,177,414,298,104,267,12,0,103,39,21
2/10/2024,989,863,160,193,1,206,2378,547,1161,0,246,321,261,89,222,4,0,77,29,12
2/11/2024,1074,1065,220,215,1,197,2487,412,1025,3,358,314,284,72,264,4,0,72,33,14
2/12/2024,1576,1255,234,319,2,282,1593,605,411,3,199,430,443,86,347,18,0,99,54,20
2/13/2024,1377,1120,173,275,1,256,1743,662,1559,1,190,412,311,84,232,17,0,120,37,17
2/14/2024,1560,1211,244,311,3,287,1534,410,1693,2,183,406,332,92,326,14,0,115,41,21
2/15/2024,1451,1088,244,331,4,314,1452,576,380,3,177,385,284,89,323,19,0,112,29,21
2/16/2024,1208,903,275,263,0,267,1371,412,499,1,206,389,242,87,288,12,0,104,33,18
2/17/2024,1069,1173,182,230,2,216,1384,350,445,4,256,334,248,67,356,5,0,87,34,11
2/18/2024,940,936,227,214,5,213,1222,318,552,2,220,334,210,64,357,8,0,76,40,15
2/19/2024,1035,1064,362,280,8,286,1031,393,556,1,197,371,256,108,365,11,0,110,41,17
2/20/2024,1335,1079,371,323,2,316,1078,452,653,0,227,423,327,132,443,12,0,122,42,19
2/21/2024,1340,800,236,289,2,264,1242,400,513,2,161,338,263,90,290,13,0,141,30,24
2/22/2024,1071,1041,245,274,1,269,1266,362,598,1,173,385,259,94,376,9,0,109,44,20
2/23/2024,1225,834,194,234,3,238,1838,331,344,0,211,357,288,101,480,11,0,91,35,15
2/24/2024,883,840,235,220,0,214,2115,238,316,5,193,375,252,79,564,8,0,85,31,12
2/25/2024,954,776,300,228,2,227,1779,232,176,2,238,352,250,64,777,12,0,111,37,10
2/26/2024,1451,877,393,329,1,297,1160,358,442,9,384,479,367,83,810,18,0,123,56,14
2/27/2024,1604,1049,413,360,2,333,966,378,324,2,414,481,367,88,806,18,0,154,64,14
2/28/2024,2063,755,412,494,4,412,1265,438,452,2,259,569,547,116,812,21,0,205,60,23
2/29/2024,1748,726,296,393,2,382,1300,378,241,0,181,510,448,71,499,23,0,230,52,23
3/1/2024,1218,418,132,310,1,317,1290,318,148,1,226,429,343,93,454,15,0,98,53,13
3/2/2024,1026,392,198,317,0,305,1286,263,161,1,318,341,279,117,369,10,0,89,81,10
3/3/2024,1171,462,207,259,1,261,1209,299,156,0,272,384,310,127,371,11,0,127,34,16
3/4/2024,1713,2502,294,372,1,367,869,419,214,1,200,479,469,126,360,18,0,119,42,19
3/5/2024,2429,0,282,513,2,479,1027,470,291,0,154,589,538,160,344,22,0,176,60,25
3/6/2024,1563,0,189,349,1,346,1102,313,195,2,161,461,339,134,194,13,0,106,30,22
3/7/2024,1274,0,137,315,0,285,1027,312,162,2,162,425,344,134,215,13,0,131,29,20
3/8/2024,1455,0,149,320,1,335,1058,345,177,0,165,455,498,139,247,13,0,128,32,17
3/9/2024,855,0,117,211,1,214,961,223,101,1,211,326,346,91,254,6,0,77,22,7
3/10/2024,1195,0,129,244,4,266,1033,250,148,3,215,380,428,101,274,9,0,100,18,12
3/11/2024,1715,0,180,313,3,293,934,311,197,0,157,511,468,143,222,15,0,142,23,16
3/12/2024,1414,0,129,292,1,288,1615,337,198,1,162,484,456,132,229,12,0,140,25,20
3/13/2024,1245,0,137,307,5,293,1407,310,171,0,149,479,451,130,369,12,0,117,21,17
3/14/2024,1618,0,138,359,1,339,1875,343,225,1,214,505,474,166,473,11,0,113,23,19
3/15/2024,2050,0,187,355,0,333,1700,377,233,3,207,509,430,198,307,16,0,119,24,23
3/16/2024,1571,0,169,280,0,255,2955,268,175,0,239,424,351,180,308,13,0,97,26,17
3/17/2024,1395,0,185,256,0,237,2832,234,194,0,270,376,344,144,368,10,0,88,28,16
3/18/2024,1335,0,142,285,0,256,5476,261,170,1,467,405,343,166,435,5,0,131,31,22
3/19/2024,2540,0,190,395,0,348,5019,366,229,3,677,554,525,208,593,11,0,137,38,24
3/20/2024,2056,0,155,328,0,304,6200,319,200,0,349,496,372,204,619,12,0,156,31,22
3/21/2024,1490,0,157,231,0,217,6201,243,181,1,313,436,313,164,543,8,0,111,21,18
3/22/2024,1586,0,129,220,0,201,5900,221,142,1,348,366,302,156,577,10,0,105,21,14
3/23/2024,868,0,110,159,1,143,7034,135,112,0,373,297,307,139,548,4,0,78,19,8
3/24/2024,918,0,125,163,1,157,7145,135,123,1,354,311,319,140,552,5,0,74,14,11
3/25/2024,1506,0,129,258,0,231,6321,210,173,0,234,438,354,142,518,10,0,119,24,17
3/26/2024,1259,0,125,222,1,223,5166,204,146,0,227,389,404,142,615,5,0,116,18,21
3/27/2024,2909,0,151,248,0,233,5962,221,271,1,582,433,408,149,675,13,0,123,18,21
3/28/2024,2387,0,147,205,1,194,8938,188,275,1,821,343,325,122,582,5,0,93,16,26
3/29/2024,1933,0,144,179,0,171,7412,222,269,0,821,351,289,131,662,5,0,99,22,17
3/30/2024,1553,0,128,160,0,150,7224,150,252,2,941,310,251,118,579,6,0,81,12,10
3/31/2024,1564,0,147,160,1,160,6064,133,297,1,967,296,300,105,554,5,0,77,15,15
4/1/2024,2044,0,171,224,2,216,5529,236,146,1,882,409,404,133,592,8,0,114,21,17
