Date,Uniswap (#),1inch (#),0x (#),MetaMask (#),QuickSwap (#),Osmosis (#),SushiSwap (#),SyncSwap (#),PancakeSwap (#),Trader Joe (#),ApeSwap (#),SpookySwap (#),ParaSwap (#),Biswap (#),Katana (#),Maverick Protocol (#),Balancer (#),DODO (#),Camelot (#),zkSwap Finance (#)
11/3/2021,76099,54517,92757,67729,71644,10615,50335,,,18905,50187,17144,18634,28812,5,,8975,14090,,
11/4/2021,71667,53436,88775,73007,62192,10284,42679,,,19220,43789,16197,18682,27959,65521,,6886,12528,,
11/5/2021,70558,52192,88567,63345,68580,10271,45879,,,19254,47417,17642,15547,25273,47845,,6960,16077,,
11/6/2021,72257,47628,74368,58122,51341,9614,37380,,,16097,40507,16184,19948,26685,35596,,4989,13967,,
11/7/2021,78335,52896,86817,63956,68013,10997,43855,,,18717,50689,17506,35832,27201,33772,,6143,15865,,
11/8/2021,71263,48980,187897,59700,150518,12625,76695,,,30705,73424,18150,23321,26914,32879,,8487,15220,,
11/9/2021,68922,55160,124586,76934,81641,12063,55523,,,29888,60969,17377,24570,26538,32604,,8322,18769,,
11/10/2021,68221,62172,86803,83704,58522,11757,47490,,,26846,59036,16972,27227,28627,36424,,10207,20069,,
11/11/2021,71006,60879,98286,87792,61787,11454,46637,,,24452,60916,15743,25401,28489,32011,,10798,23335,,
11/12/2021,79250,60746,99496,78798,67604,10671,44972,,,23203,58270,16398,23921,28275,30665,,12677,25759,,
11/13/2021,81366,63484,87972,80729,53306,10848,43183,,,31259,48246,15242,25620,28252,29699,,10564,22051,,
11/14/2021,78225,62236,101884,77571,61748,10941,45500,,,29207,52674,15868,26458,27263,30268,,8089,18373,,
11/15/2021,64833,61580,184705,79901,128013,11857,70049,,,32089,76739,16961,29933,30087,29779,,10873,20618,,
11/16/2021,61998,59716,128930,72335,90650,10587,52993,,,30831,64208,16779,21585,30260,25341,,10352,16272,,
11/17/2021,60712,55705,110597,68347,74367,10757,42324,,,37288,54407,15763,21392,31406,28664,,9814,16818,,
11/18/2021,65413,58935,97660,71212,61796,10581,42719,,,47292,57139,16762,20648,33416,36919,,11008,19280,,
11/19/2021,62175,59644,100234,76455,62465,10644,42403,,,37862,52641,16123,20703,35730,33304,,9171,19917,,
11/20/2021,63006,56757,102766,76059,63078,10118,44071,,,40849,52800,16257,22499,35974,31744,,6542,16451,,
11/21/2021,64513,57590,100974,74292,62068,11149,46354,,,45659,50075,17394,20181,31584,32252,,6384,15441,,
11/22/2021,56312,59660,187061,78818,133917,12126,78274,,,42825,71936,17952,23664,33421,31666,,12087,21577,,
11/23/2021,58548,62873,140287,88696,89511,12111,53100,,,45014,58105,21622,31033,39746,28857,,10299,21471,,
11/24/2021,62354,70653,129853,91421,75352,11171,55994,,,46534,63270,22593,28698,41087,32323,,9795,21369,,
11/25/2021,65002,75764,109794,98833,71873,11151,55190,,,45796,59844,24014,36927,43408,30902,,10896,23300,,
11/26/2021,61110,69585,91364,87495,68266,10267,55261,,,53159,46304,21446,28994,42134,30933,,10176,16641,,
11/27/2021,57816,61033,88212,79876,66532,10183,55344,,,41967,42917,21117,24864,35098,26796,,6901,14551,,
11/28/2021,50152,57952,86866,71429,71570,10669,60226,,,36895,44106,21560,25779,33454,26870,,7437,17443,,
11/29/2021,52585,71848,159138,88004,123757,11744,89663,,,37133,67351,20730,37699,43326,30136,,11882,21681,,
11/30/2021,50454,72541,107139,85355,71300,11832,51055,,,39732,54969,22506,35082,40337,32742,,10781,19663,,
12/1/2021,47856,76845,79369,85533,69945,11656,50886,,,42090,56758,24741,48040,46268,32721,,12511,18861,,
12/2/2021,52383,67375,92901,86829,71742,11514,46040,,,39707,50668,22448,43128,48279,31035,,10336,16497,,
12/3/2021,49083,58343,99154,77754,79083,12971,45560,,,44207,49299,21481,42425,44145,31293,,11907,14521,,
12/4/2021,47733,48926,116398,67161,78942,10565,44815,,,42161,56833,21815,25542,32958,32781,,13637,15174,,
12/5/2021,45319,42035,99443,67545,64992,10998,34189,,,31787,44483,21972,26334,29265,27304,,9171,13246,,
12/6/2021,47824,52738,148275,80468,101304,11727,51173,,,40642,65362,21427,32206,38580,28550,,13644,18379,,
12/7/2021,46066,56184,103953,88278,65532,11720,37506,,,40305,55412,20897,29998,54709,27281,,9918,15553,,
12/8/2021,45499,49036,98009,88160,53072,11748,33974,,,42897,51002,20038,29445,43390,39579,,8975,14152,,
12/9/2021,49535,43871,91679,74398,58460,11996,35082,,,44045,43965,19799,27722,31149,27531,,10143,13071,,
12/10/2021,51240,43300,107146,70084,72332,10980,38015,,,41497,47154,18988,25421,41829,26488,,11083,13209,,
12/11/2021,50680,38379,102074,58967,68977,10675,34227,,,37888,43731,18824,20144,27021,22924,,8600,11792,,
12/12/2021,45922,37513,102998,57706,65884,11230,34391,,,38792,40489,18706,20526,22031,24178,,6598,11427,,
12/13/2021,43931,38648,133635,60923,100978,12168,47471,,,42091,54069,18520,21949,24661,26649,,11760,12897,,
12/14/2021,45107,37639,118307,63838,87742,11164,41560,,,46071,44497,16685,25802,25650,26919,,12124,11363,,
12/15/2021,43391,36505,88287,59520,65664,11492,35412,,,45329,37876,17652,22409,24132,29367,,11858,11653,,
12/16/2021,41468,34988,79055,60463,59250,12123,30536,,,46642,34588,18503,25057,29421,27306,,10233,11318,,
12/17/2021,48033,41188,64313,65826,45945,11312,27795,,,50447,31112,15974,27357,29748,24382,,9405,11288,,
12/18/2021,47427,34360,74239,54241,53854,10969,28852,,,47935,42023,18311,20328,34503,22538,,8977,9780,,
12/19/2021,49218,31363,70305,52151,51349,11607,28813,,,49702,33922,16944,20039,22381,22938,,9475,9728,,
12/20/2021,47964,34787,133960,59474,102229,11942,44866,,,56260,51927,15321,23122,27808,25815,,14038,14266,,
12/21/2021,47591,37138,89177,58165,67340,13939,35596,,,61827,37631,15003,21114,24217,26121,,9453,11541,,
12/22/2021,47020,37542,84360,58093,62620,14434,36195,,,68264,39740,16806,22296,24376,26524,,10189,10590,,
12/23/2021,57479,38645,68414,58120,47286,14083,30390,,,60146,32150,19347,18991,27787,26332,,8581,9964,,
12/24/2021,67369,36361,64228,52482,40319,12883,31252,,,49387,28124,19301,15921,24070,23030,,7814,7816,,
12/25/2021,88324,37651,75910,57860,43782,11329,36840,,,37750,24624,14992,15738,20842,19064,,6949,7494,,
12/26/2021,72358,38090,69108,60922,39859,13901,33166,,,41986,26853,18338,18872,19704,24617,,8222,8078,,
12/27/2021,77544,37723,142378,62609,93354,14890,51418,,,51185,47574,20459,21970,22023,29172,,10248,8764,,
12/28/2021,67033,36130,92375,58592,66783,13845,37236,,,50111,39210,18592,19941,20091,28729,,10708,9519,,
12/29/2021,74663,34915,78860,57133,53958,14827,34493,,,40598,31322,18417,18930,20773,26617,,9511,9158,,
12/30/2021,61859,34025,69326,54783,57093,15384,28857,,,40524,29405,18198,19014,19570,26144,,9318,9165,,
12/31/2021,65675,32483,53993,51551,49499,25186,27828,,,38115,25274,18696,16078,18428,23459,,8211,7251,,
1/1/2022,55002,29640,51474,46447,47268,16586,27933,,,34398,22639,17850,14334,16144,21918,,5752,6755,,
1/2/2022,56177,32676,42079,52649,59021,17216,25332,,,42958,22213,20333,16333,19437,25750,,5487,6860,,
1/3/2022,55682,37412,45307,58960,88142,19761,26162,,,45075,24692,25600,14902,17879,28792,,6040,6738,,
1/4/2022,53303,41681,46104,59199,104720,21652,22811,,,45544,25400,28073,4998,15377,28773,,3851,6556,,
1/5/2022,52069,42632,41014,54958,85975,20787,24462,,,45516,24748,31252,4777,16768,30801,,4265,5837,,
1/6/2022,50310,37920,40629,51795,74971,19691,25736,,,40905,22737,26957,8717,16258,31961,,5079,6052,,
1/7/2022,46899,34610,37131,47076,63155,21870,26129,,,43813,21342,25784,7729,15602,26673,,5265,4445,,
1/8/2022,46590,31348,33742,41556,32310,18417,26662,,,37656,19191,22972,8191,15719,23717,,4808,3260,,
1/9/2022,39991,28532,33744,41208,26092,19553,21181,,,33427,18060,21192,8139,14366,22169,,6129,4642,,
1/10/2022,64665,36724,35176,47385,25711,20022,23525,,,33717,21893,21706,6590,15652,26568,,6021,5240,,
1/11/2022,59525,40736,33872,47528,25189,20883,28766,,,33043,21737,28260,3119,13809,22119,,6103,5318,,
1/12/2022,54184,39145,33687,46135,25658,21953,26075,,,32871,21224,36316,4016,13396,24483,,6288,7419,,
1/13/2022,50262,37298,37950,48443,28273,21543,24852,,,31333,20033,34357,4098,13931,23865,,6231,6819,,
1/14/2022,49676,38444,32859,46078,25086,22076,23219,,,34982,21070,31885,3682,13785,23513,,6282,5978,,
1/15/2022,47273,33257,34903,43956,24568,23027,21662,,,39209,19344,32035,4335,13201,26563,,6312,4887,,
1/16/2022,47505,36145,31271,42785,24075,26556,24209,,,40847,19424,38821,3924,12523,39727,,5128,5627,,
1/17/2022,47912,37108,31081,43518,25508,28872,34214,,,48891,20128,38325,3968,13841,36643,,5341,5279,,
1/18/2022,44448,33561,29884,40451,22418,28835,29296,,,36424,18660,34332,2615,14024,28861,,4198,4771,,
1/19/2022,49674,34341,30175,41678,20499,28581,25370,,,35472,17801,33052,2450,13584,27673,,6075,4420,,
1/20/2022,54681,36958,32579,44362,23310,30326,26448,,,32699,19004,30712,3333,14971,37803,,7005,5022,,
1/21/2022,52594,39250,30127,43349,24737,28168,27729,,,32235,21300,29967,4898,17362,29143,,8096,6217,,
1/22/2022,50989,37152,28281,39594,25751,24541,28045,,,32040,20488,34862,5852,18358,26832,,9783,6487,,
1/23/2022,42708,31223,26469,36618,20960,25521,22452,,,27473,15750,34713,4332,14109,22699,,7793,5314,,
1/24/2022,44850,33493,28011,39660,23468,27078,27239,,,29542,17105,31521,5170,16358,23697,,11004,5643,,
1/25/2022,44634,30684,29524,40849,22257,27947,25974,,,31394,17821,35488,7009,17135,25971,,7754,5615,,
1/26/2022,45745,32143,28770,40973,23666,26262,31577,,,37836,20236,34977,7324,14968,24702,,8669,6366,,
1/27/2022,42592,32107,27314,40275,23732,25355,35816,,,42690,20758,35656,7182,15622,59527,,8748,5919,,
1/28/2022,44819,31629,27269,39641,23511,25744,25516,,,37436,17792,30893,6512,13173,43922,,8071,7468,,
1/29/2022,44581,27372,25534,34803,23838,41684,23496,,,38096,17161,30002,6610,12857,32256,,7350,6661,,
1/30/2022,41061,26728,24599,33852,20482,24599,25159,,,33344,17857,28446,5876,11866,37430,,7731,5727,,
1/31/2022,41235,27473,24950,34692,22432,26118,23057,,,40523,17709,30099,5650,12335,37527,,8102,6138,,
2/1/2022,45202,25822,26214,34150,25509,32388,26593,,,39909,17758,32614,6171,12505,37148,,7587,5795,,
2/2/2022,48100,26044,26331,33422,27871,31141,22687,,,34229,17257,32261,4969,12591,35100,,8064,5794,,
2/3/2022,43206,25605,23966,32859,22549,31767,20143,,,33035,17415,28199,6651,12443,38180,,7689,6035,,
2/4/2022,48895,27526,25473,33623,24422,33021,21006,,,34468,18301,30640,5693,12388,42728,,8438,6428,,
2/5/2022,48180,26467,27614,33277,23406,32948,19171,,,33109,17312,31029,5289,12387,35623,,7366,5993,,
2/6/2022,51397,24678,28005,33687,25169,34251,18943,,,32717,16730,31098,5821,11394,42607,,7163,5755,,
2/7/2022,52165,29691,32257,39522,30607,36753,22170,,,40429,21027,36300,6975,13450,51299,,8095,7197,,
2/8/2022,54104,29189,32585,39330,30716,34366,21315,,,40499,20257,35478,6601,14558,57946,,10068,7952,,
2/9/2022,57447,26683,31568,37765,26377,34751,20340,,,37519,18341,31985,7174,12834,52228,,9337,7215,,
2/10/2022,54833,28911,32313,39794,29308,34182,22456,,,38875,19283,34016,6480,13343,54387,,9104,7490,,
2/11/2022,55957,26831,33913,39747,27732,34986,20542,,,38205,18953,33767,6569,14039,39573,,7836,8272,,
2/12/2022,54603,23808,27100,33783,25227,30318,21089,,,31365,15747,30347,7326,11767,26469,,7998,6444,,
2/13/2022,48235,23539,26336,32902,24252,30152,17448,,,31706,15684,32934,6660,11542,26683,,8338,5969,,
2/14/2022,49048,25511,30046,38410,34126,32133,18470,,,32871,15477,32302,7243,11435,24242,,8929,6816,,
2/15/2022,54595,30233,35832,44916,35379,36093,20048,,,35802,18023,34951,6301,12975,28841,,8875,7225,,
2/16/2022,54826,29439,34582,43788,29696,47342,19178,,,35887,17772,33214,6656,12000,25330,,9536,6557,,
2/17/2022,53312,27466,31556,40539,26443,44885,18319,,,37467,16458,33488,8463,12835,24578,,7795,6293,,
2/18/2022,58328,27032,28426,39306,23701,40939,15857,,,34535,14882,31866,8238,12547,22696,,7107,5815,,
2/19/2022,49771,23023,26572,34562,23724,36867,15142,,,37225,13687,30517,7450,11186,20785,,7103,5705,,
2/20/2022,48120,22631,26257,32665,21624,34837,16290,,,34713,13971,31778,7300,11924,25991,,7192,6162,,
2/21/2022,43410,23815,25757,32910,24045,41126,16852,,,34359,14952,32356,6247,12028,23339,,8093,6349,,
2/22/2022,46724,23917,27610,34586,24076,42544,18616,,,35757,14438,30569,6413,12199,21141,,7358,5242,,
2/23/2022,48073,23417,27786,34877,21885,46783,16646,,,33737,14009,34744,6712,12116,22406,,7974,5008,,
2/24/2022,56110,27128,28308,35509,25270,37580,22056,,,33704,16418,30646,8256,14375,21232,,9533,5811,,
2/25/2022,42578,22050,23649,29284,19811,40601,16442,,,31776,13151,32138,6393,12579,18210,,7475,5441,,
2/26/2022,40010,19375,21369,26198,16545,39908,14123,,,27904,11433,32011,5575,10881,17330,,5680,4750,,
2/27/2022,40825,20407,22328,27085,18480,39975,15952,,,30999,11878,31423,5994,10347,17103,,7733,5248,,
2/28/2022,41746,22637,24750,30615,22233,50857,17085,,,36413,13832,31804,6935,11973,20314,,8072,6620,,
3/1/2022,49063,25257,27078,33436,22724,54019,19004,,,35492,14576,32082,7416,11964,23540,,8599,7193,,
3/2/2022,49242,22791,25867,31613,20914,50522,19430,,,34209,13159,33830,6795,10049,20956,,9235,6412,,
3/3/2022,47871,22448,24899,31076,19983,49755,17866,,,33129,12783,29972,6682,9818,19564,,9704,5928,,
3/4/2022,47985,22454,26731,30543,22767,55036,16620,,,34494,12873,27906,7133,10829,16664,,7915,8307,,
3/5/2022,45259,20411,22719,27670,17701,46380,14250,,,30513,11363,24725,6210,10586,17379,,7675,5277,,
3/6/2022,42226,19765,21748,26514,18333,45281,14863,,,30452,10984,28415,6023,8815,15948,,8236,4999,,
3/7/2022,45283,21789,23896,29511,20547,49634,17227,,,33992,12251,28034,7021,10468,16867,,9401,6051,,
3/8/2022,44920,20498,22852,27741,18805,46582,15937,,,33066,10214,23228,5950,8582,12766,,8335,5258,,
3/9/2022,49880,21903,24511,29757,22279,53622,15485,,,33783,12536,24385,6525,9893,16636,,8819,6111,,
3/10/2022,42286,17221,21373,25522,15070,50968,12476,,,30404,10798,23491,5661,9517,14661,,6566,4613,,
3/11/2022,41543,18283,21246,25445,15965,54238,12486,,,34021,11022,22703,4666,9427,13469,,6276,3980,,
3/12/2022,41292,18171,20570,24608,15458,53290,12082,,,30283,11028,20317,4768,9519,12863,,5584,3676,,
3/13/2022,42193,18556,20760,25478,17579,47713,12423,,,30854,11357,21695,5544,9899,13636,,5703,4101,,
3/14/2022,44834,20711,22965,28757,21176,51243,15030,,,36661,12010,21114,5935,10066,14511,,7131,4833,,
3/15/2022,46509,20338,23589,29191,21364,51752,15279,,,35172,12227,20069,6093,10149,14187,,7183,4744,,
3/16/2022,46884,22551,24243,30641,23032,57635,16683,,,31144,12441,20387,6390,8910,14816,,8768,6563,,
3/17/2022,55480,23775,27767,33970,21827,55399,15993,,,33616,13649,20760,7121,9655,15354,,9693,6668,,
3/18/2022,54108,23267,27145,33188,20680,58318,16090,,,31796,14406,19157,6692,9107,13965,,8923,5538,,
3/19/2022,48767,22507,26913,32221,20051,49383,14940,,,31914,14118,19246,5473,9888,12765,,6936,5411,,
3/20/2022,47631,22365,26291,32076,19626,51590,14866,,,31146,13944,17704,5034,8813,12069,,7961,5315,,
3/21/2022,47770,23530,26674,34359,19253,62726,15185,,,32692,17330,19071,7103,28913,12461,,7014,5561,,
3/22/2022,52569,25787,30782,37119,22162,61268,16977,,,32883,18842,20210,7401,14894,14142,,7961,7261,,
3/23/2022,47761,23232,27839,34417,22582,55190,15812,,,32618,18843,20891,7008,12426,18669,,8786,6147,,
3/24/2022,50632,25303,29289,36122,24655,61072,17505,,,33050,15764,21674,7145,11996,25254,,9080,6280,,
3/25/2022,51236,24234,26921,33016,22762,54392,16519,,,32473,14497,23191,6516,11656,21046,,8511,6047,,
3/26/2022,46565,21937,25721,30864,19890,51852,13731,,,27664,12652,20000,5984,9859,19466,,5747,4891,,
3/27/2022,50082,23896,27370,33126,21175,44682,15303,,,27552,13183,20071,6885,11588,19303,,7200,5212,,
3/28/2022,63540,30340,32695,40268,23965,58771,18617,,,33396,16438,23886,7641,12886,31322,,9457,6604,,
3/29/2022,61228,27842,32158,37956,24113,63687,19424,,,31953,17809,22081,7340,11608,18003,,9639,6744,,
3/30/2022,56883,26277,29644,35641,23984,54287,18080,,,31858,18922,21405,7574,12107,0,,10480,6750,,
3/31/2022,55803,29028,32182,40316,25629,52430,17514,,,32047,18955,21182,8637,12852,0,,9676,6666,,
4/1/2022,54735,27279,28918,36582,25165,53060,16553,,,31536,17796,20412,8246,19695,0,,7077,7002,,
4/2/2022,55461,26361,28289,34921,25648,46962,23161,,,30741,17507,20345,7823,21442,0,,7499,6266,,
4/3/2022,51061,24896,26920,33533,26679,56149,17740,,,29818,15134,19208,6322,13073,0,,7485,5729,,
4/4/2022,50865,25448,27606,34608,27053,54136,16699,,,31960,17268,19199,6618,13887,0,,7093,5770,,
4/5/2022,50922,26810,30020,37555,29817,55038,15607,,,30592,19481,19463,6621,12897,0,,6414,5751,,
4/6/2022,53144,27064,28481,36669,29481,50367,17272,,,29280,19524,21299,6993,13020,31031,,7497,6209,,
4/7/2022,48611,25051,26440,33376,33294,47792,17185,,,29403,17127,21399,6313,12493,22807,,6751,5645,,
4/8/2022,46541,24006,24802,32636,30656,58063,17078,,,28551,17712,21759,7354,11547,17162,,5875,5882,,
4/9/2022,46057,22282,22925,29329,28162,44841,15175,,,27018,13856,18216,6892,10560,13814,,5390,4881,,
4/10/2022,46023,23215,23828,30363,29277,43134,15538,,,28766,13315,18740,7124,11286,12748,,5496,4843,,
4/11/2022,52506,26919,25574,32722,33104,52694,17647,,,30856,15313,20760,8381,13462,13333,,6673,6579,,
4/12/2022,47078,26245,23898,30939,32474,54390,16243,,,29542,14045,20920,7333,11836,11604,,6182,6010,,
4/13/2022,47091,25150,22985,29816,30725,41744,15960,,,27189,14601,19899,7065,10531,11343,,5541,5030,,
4/14/2022,48751,23459,22952,29690,30872,48278,15065,,,28809,14088,20572,7229,10544,12017,,5861,4946,,
4/15/2022,47158,23212,23235,30110,31164,41973,14598,,,28237,13076,19055,7087,9762,12254,,4707,4203,,
4/16/2022,48051,22553,21647,27834,31141,38077,13345,,,25781,11465,17221,6215,9045,11471,,4471,3894,,
4/17/2022,51283,21912,22399,28234,29792,36670,13891,,,26328,11355,16356,6309,9019,10925,,4510,4075,,
4/18/2022,51517,23957,24851,32175,31065,47226,15307,,,27321,13596,19699,7676,11349,13013,,5527,4737,,
4/19/2022,51586,24985,24670,32818,30831,52058,14974,,,28230,13157,18652,7137,10899,12398,,5847,4583,,
4/20/2022,53621,24750,25306,33248,30049,49524,14934,,,27286,13033,19166,7702,12009,12311,,6376,4608,,
4/21/2022,53329,25197,24909,32366,30022,46518,15349,,,27393,13551,19278,6959,12272,11747,,7491,4870,,
4/22/2022,50823,26310,25550,32666,28743,46785,14348,,,25878,15448,16978,6514,10972,11151,,6187,4703,,
4/23/2022,50673,25569,24832,32408,25544,65105,13357,,,24555,12833,15416,6242,9753,10093,,4377,4258,,
4/24/2022,49026,24206,23832,31265,25731,59632,13194,,,23494,12299,15216,6808,10225,10125,,3771,4086,,
4/25/2022,57495,28077,24711,35314,29252,57372,14894,,,28598,14747,18032,7614,13056,12383,,4960,5158,,
4/26/2022,56175,26593,25657,34715,29231,47404,15039,,,26630,12750,16718,7412,12550,12585,,5524,5089,,
4/27/2022,54645,25440,25256,33608,28113,38845,15788,,,26480,12586,16393,7289,13953,12038,,5880,4658,,
4/28/2022,61760,29049,29096,38356,29546,47943,15731,,,25288,15351,16522,8169,14020,11313,,6508,5159,,
4/29/2022,66372,31156,31962,43092,29797,45402,16710,,,25022,15835,17288,8971,13177,11103,,7401,5175,,
4/30/2022,65491,27421,28750,37275,28942,43882,17395,,,23773,12963,16314,7596,11945,11382,,5926,4288,,
5/1/2022,51415,24419,24907,32201,23266,37461,14605,,,23097,12224,17466,6465,11587,12403,,5506,4024,,
5/2/2022,46823,22718,21919,28387,22529,44645,14533,,,25070,11090,15455,5939,9721,11949,,5086,3919,,
5/3/2022,46277,24063,21570,29277,22834,46424,13454,,,25655,11411,14701,6011,10041,11112,,4454,3706,,
5/4/2022,52829,24352,23225,31163,24993,45260,15368,,,27098,10971,15399,6462,11216,10831,,5827,4127,,
5/5/2022,53788,23872,24075,32330,24499,47479,16245,,,26229,11426,16233,6900,12468,10818,,6879,4902,,
5/6/2022,51480,22427,22504,30226,23260,37197,15413,,,24490,11674,14310,6701,10824,9307,,5889,4738,,
5/7/2022,46331,19627,21674,26814,23274,41699,14103,,,20869,9380,13025,5884,11493,8117,,5593,4320,,
5/8/2022,49647,20965,21336,26833,23358,33505,15029,,,21621,10582,13861,6011,12139,8334,,6720,4921,,
5/9/2022,54457,26423,24543,32232,44764,41253,19292,,,24442,13149,16055,8213,16498,8586,,8489,6408,,
5/10/2022,50368,24123,22697,29748,33550,33285,16884,,,23604,11677,16489,7746,16877,8432,,7674,5888,,
5/11/2022,49535,28985,23486,32560,36015,35394,21201,,,26102,17662,15584,8989,24292,9984,,8580,5648,,
5/12/2022,47167,31469,25630,34358,36042,40349,20711,,,25761,19514,18034,9804,26470,9609,,9476,5082,,
5/13/2022,51534,28640,25361,34483,31649,47642,18638,,,26259,16159,17917,8358,23389,8284,,8409,5074,,
5/14/2022,55934,29448,28577,37687,24989,37993,17445,,,20098,13193,14865,7913,20797,7644,,8383,4603,,
5/15/2022,49864,22170,22660,28571,20681,38008,14601,,,17038,10223,15528,6137,15641,7217,,6316,4499,,
5/16/2022,49632,24223,25906,34118,35264,38262,14829,,,16664,10927,14972,6587,14384,7784,,6596,4947,,
5/17/2022,43008,20328,22083,28723,25199,45973,13606,,,15176,10350,14201,5893,11562,7105,,6481,4540,,
5/18/2022,44366,19704,20982,26829,24726,43953,14282,,,15783,11297,14307,6085,12237,6469,,6237,3884,,
5/19/2022,46846,19763,20306,25954,23551,37793,15441,,,13904,9843,14504,5864,11443,6044,,5970,3740,,
5/20/2022,42150,19275,19224,25291,23479,35465,13935,,,14632,9685,13622,6066,11179,5812,,5765,3727,,
5/21/2022,39274,17694,18821,23488,21914,32772,13700,,,11708,9021,14784,5436,9686,5782,,5116,3305,,
5/22/2022,41523,19265,19635,26045,24298,32935,14002,,,11998,8657,13788,5904,11100,5961,,5537,3727,,
5/23/2022,47373,21616,21560,28905,25368,36408,17116,,,13725,9764,15160,6917,12378,6407,,6140,4064,,
5/24/2022,43201,19889,20221,27239,24321,33637,15195,,,11863,9393,13453,6399,11429,5785,,5524,3720,,
5/25/2022,41421,19299,19114,26054,24726,32796,14252,,,12142,9636,12302,6229,11648,5601,,4876,3695,,
5/26/2022,41514,20349,19261,25984,26730,31720,14604,,,13202,10113,13575,6883,13089,5675,,5760,4024,,
5/27/2022,42457,20022,18883,25415,24673,30524,15220,,,13053,9318,12956,6412,11337,5390,,5980,3390,,
5/28/2022,39803,18066,18056,24209,23208,30541,12406,,,10576,7918,11302,5311,9500,4956,,4928,2797,,
5/29/2022,36092,16793,17139,22843,20751,34707,11549,,,10565,7232,11058,4844,9423,5102,,4572,2900,,
5/30/2022,41249,19318,18706,25024,23914,38974,13252,,,12631,9155,13958,5607,11864,6359,,5628,3464,,
5/31/2022,53348,19396,20699,26304,25454,38847,14527,,,12572,9214,13781,6110,10488,8153,,5643,3505,,
6/1/2022,69112,19344,20589,24130,24612,37353,13604,,,12265,9436,12789,6070,9911,6713,,5703,4070,,
6/2/2022,49209,17179,18607,22958,22779,37463,12883,,,11365,8424,12538,5646,9138,5949,,5636,3257,,
6/3/2022,42749,16948,17337,22024,21217,33573,12846,,,11480,8153,11192,4989,8672,5640,,5117,3030,,
6/4/2022,40203,15728,16327,20672,20136,30818,12081,,,9813,7624,11002,4684,7663,5238,,4548,2982,,
6/5/2022,41539,16650,18268,21631,19648,29814,13092,,,9865,7721,10942,4802,8399,5293,,4593,3113,,
6/6/2022,45737,19694,18747,23819,22039,39255,14218,,,11675,9035,12823,5446,9690,5698,,5481,4128,,
6/7/2022,44327,18725,19819,22944,21644,34261,14700,,,10571,8870,11882,5112,11107,5337,,5603,3949,,
6/8/2022,43862,18457,18551,22419,21884,5290,12514,,,10253,8769,11458,4781,10135,5394,,5147,3628,,
6/9/2022,43619,19513,19705,23159,21777,0,13111,,,10004,8536,11506,4804,10003,4979,,5586,3302,,
6/10/2022,44091,19318,18361,22596,21751,0,13643,,,10321,8504,11993,5013,9838,5039,,5789,3549,,
6/11/2022,45395,20596,18905,22475,23463,0,16289,,,11087,8576,11852,5163,9743,4858,,6690,3632,,
6/12/2022,43055,18595,18530,22781,22480,25551,15720,,,11332,8337,13658,5896,9931,4874,,6978,3926,,
6/13/2022,50025,26884,21326,27803,30239,33496,21021,,,13920,12071,14073,8001,15011,5479,,9135,4768,,
6/14/2022,46408,22919,19825,25845,27020,31947,17047,,,11278,10195,12850,6573,11728,5300,,7670,4826,,
6/15/2022,45196,22045,19559,25055,26963,26079,18339,,,11485,10446,12910,6616,11792,5343,,7604,4989,,
6/16/2022,42058,19785,20418,23204,23347,31064,15297,,,9853,9158,11865,5436,9468,4914,,6713,4464,,
6/17/2022,36840,16076,19137,20004,19755,42355,15921,,,9031,8015,11161,4973,8506,4201,,5107,3799,,
6/18/2022,41150,19255,18669,21516,21795,27651,17609,,,11158,8828,11723,5219,10899,4522,,5612,4064,,
6/19/2022,39244,18174,17684,20791,19436,27076,15117,,,10208,8309,11054,4487,9483,4081,,5896,3824,,
6/20/2022,38425,18175,18156,22023,18662,28574,15236,,,10695,8949,12188,4448,9430,4871,,5624,3732,,
6/21/2022,40312,18490,19831,22299,20877,33874,14767,,,11098,9240,12463,4570,10251,4476,,6170,4422,,
6/22/2022,41982,22693,18730,21450,21371,41326,16151,,,9815,8208,12024,4434,9534,4143,,6840,4554,,
6/23/2022,40211,21887,17827,21654,22116,42547,16594,,,11180,8328,11900,4745,9324,4105,,6558,4570,,
6/24/2022,43599,25834,18600,22000,23153,29284,16013,,,12929,8973,12310,4822,9147,5543,,8708,4681,,
6/25/2022,40732,27535,19426,20637,22251,23062,16331,,,11879,8975,11535,4727,8927,5000,,8071,4165,,
6/26/2022,43383,30903,18590,20801,23597,26595,16978,,,11779,8662,11832,5025,8593,4515,,7306,3678,,
6/27/2022,51920,43440,19545,23675,26876,33736,19559,,,11354,9277,11302,5383,8692,4656,,8429,4161,,
6/28/2022,39110,23359,16224,20817,19699,30644,14914,,,9773,8698,10792,3989,10282,4898,,7821,4886,,
6/29/2022,42944,27798,16548,20731,21907,28464,16087,,,10404,10238,10999,4360,10545,4336,,7455,4848,,
6/30/2022,42362,25992,18223,23337,25980,38127,15273,,,11461,10898,11656,4759,10395,4939,,7733,4633,,
7/1/2022,36987,23289,15979,19678,19526,27287,13804,,,10202,8515,10749,4127,9355,5223,,5288,3321,,
7/2/2022,34293,17799,15326,18621,16655,24906,12162,,,9924,6908,9746,3904,7608,4722,,5147,3143,,
7/3/2022,32443,16804,15991,18058,16276,27671,13015,,,10272,7357,10460,3609,7193,4590,,3990,2782,,
7/4/2022,35443,18180,16320,20175,16074,40935,12130,,,10120,7877,9608,3894,8604,5269,,4742,3644,,
7/5/2022,37022,18772,16369,20549,19802,32145,13398,,,9503,8615,11156,4373,9001,10616,,4774,3809,,
7/6/2022,38912,18112,17641,20589,21095,32723,12436,,,11740,8053,9903,4490,8483,8347,,4381,4097,,
7/7/2022,40473,17901,16859,20441,18635,29447,12356,,,10712,7934,9574,4575,8615,8004,,4248,4143,,
7/8/2022,39704,17293,15878,19685,18587,29385,11376,,,9901,8474,10757,4617,8312,7121,,4563,4093,,
7/9/2022,35097,15330,14774,17783,17884,22695,9650,,,8229,7181,8243,3589,6837,6128,,3540,3184,,
7/10/2022,35052,15314,15346,18723,15820,21852,9654,,,8962,6687,7997,3576,7249,5838,,3442,2972,,
7/11/2022,36249,16802,15382,19071,16134,36864,11217,,,9794,7690,9009,3912,7837,5912,,4264,3987,,
7/12/2022,38522,17058,15770,19140,16400,32451,11499,,,9163,7703,9179,3705,7595,5473,,4206,4844,,
7/13/2022,40382,19880,16407,19488,17378,28487,11783,,,9046,8549,10071,3691,8454,5651,,6147,6968,,
7/14/2022,41285,21387,16221,20411,20783,27582,11279,,,8956,8673,9760,3984,8158,7187,,4798,4241,,
7/15/2022,42944,23933,15791,20061,22103,29104,12070,,,9413,9008,10092,4076,8746,6633,,4547,5063,,
7/16/2022,42292,21158,17829,19860,18640,26143,12975,,,8969,8095,8734,3617,7566,6115,,4696,2956,,
7/17/2022,40143,20648,17553,21483,18422,26465,11981,,,9181,8223,9340,3852,8430,6014,,4975,3959,,
7/18/2022,50905,26768,18925,23382,24591,27988,15745,,,11422,10818,11551,5098,10108,7089,,6837,4527,,
7/19/2022,47626,25231,18826,22975,20878,30219,14095,,,10920,9586,13594,4523,9491,7407,,5827,3239,,
7/20/2022,48134,25354,18536,22391,20230,28319,13835,,,10672,9787,12065,4388,9403,8322,,5233,3775,,
7/21/2022,45213,24206,16963,21151,19568,28550,13405,,,9914,10449,10857,4035,7865,6119,,5093,3492,,
7/22/2022,45067,22813,15983,20480,18518,28595,12479,,,9451,9085,10338,4320,7006,5591,,6525,3681,,
7/23/2022,39078,20155,15239,19204,16235,25273,11278,,,8632,8158,10900,3769,6355,5785,,4872,3186,,
7/24/2022,39694,19946,15310,18611,16189,23971,11496,,,9481,7893,10121,3811,6150,5809,,4152,3382,,
7/25/2022,41534,21171,17039,19787,18036,24742,13121,,,10451,8795,10572,4177,6872,5612,,4471,3686,,
7/26/2022,42181,21147,17806,19756,16965,23912,11883,,,9764,9103,9175,3863,7251,5234,,4460,3298,,
7/27/2022,44712,23077,16126,19449,18617,24712,13109,,,10212,8960,9679,4224,8126,5347,,4694,3861,,
7/28/2022,53076,25811,17150,21866,19708,25910,15718,,,10452,9814,11188,4779,8049,6001,,5595,4855,,
7/29/2022,51211,24968,17914,21922,19337,26846,14155,,,10433,9838,11210,4686,8543,6242,,5166,3906,,
7/30/2022,46718,23665,17897,20744,19243,25989,13997,,,9666,8557,11328,4201,7834,5527,,4547,3424,,
7/31/2022,44768,22001,16762,20021,20972,25988,12013,,,9861,8452,10668,3917,7640,4950,,5070,3399,,
8/1/2022,44638,22655,16951,21154,18408,25510,13178,,,10520,8625,10363,4029,7885,5179,,4554,3942,,
8/2/2022,45223,22435,15870,20014,18809,28922,11965,,,9706,7975,10278,3503,7055,4835,,4064,3429,,
8/3/2022,48672,22077,16286,20371,20102,26066,13513,,,9590,7987,9492,3683,7133,4607,,4195,3892,,
8/4/2022,47288,21916,15106,18818,21566,24503,13232,,,11430,8751,11315,3464,7174,4459,,4018,4068,,
8/5/2022,52556,22313,16863,21031,18610,27201,12782,,,9809,8105,10142,3784,7198,4503,,4260,4052,,
8/6/2022,45657,20659,15885,20230,16757,25022,12000,,,9497,7954,8825,3685,7446,4071,,3915,3369,,
8/7/2022,46050,19431,16286,19456,18924,26024,12774,,,9414,8696,8948,3399,6539,5575,,3438,3308,,
8/8/2022,52340,23096,17518,21906,18053,27048,14841,,,10928,9941,10476,4540,7167,6781,,4559,4267,,
8/9/2022,48040,22208,16692,20846,18091,25772,13350,,,8987,9480,10577,4261,6986,5512,,3937,4703,,
8/10/2022,50544,23917,17038,22296,20661,27934,14089,,,11530,10621,11008,4779,8079,5226,,3957,4093,,
8/11/2022,54470,23542,17707,22664,19368,26386,13334,,,10526,9726,9315,4895,7266,5713,,4185,4237,,
8/12/2022,50223,21667,15301,21409,17069,26089,12005,,,9020,8254,8568,4210,6199,10389,,3972,3415,,
8/13/2022,56002,23969,17809,21778,19200,23865,12878,,,8724,8964,8185,4474,6280,8262,,6613,3606,,
8/14/2022,51585,22572,18140,20986,17202,24908,12052,,,8526,8713,8255,3752,6734,7649,,5908,3285,,
8/15/2022,51287,22429,16907,20563,19642,23805,12337,,,9203,8746,9543,3738,6821,8188,,4186,3716,,
8/16/2022,56673,22318,20425,21837,20713,37822,13080,,,9224,9319,8592,3727,5613,7720,,3934,5347,,
8/17/2022,51808,21628,19884,21631,19727,30556,13647,,,9936,10872,9263,4238,5091,7571,,3843,7577,,
8/18/2022,45921,20900,16792,21340,18425,25816,12326,,,9787,10904,9070,4020,4451,6931,,3359,8919,,
8/19/2022,55693,24195,18571,22520,20854,24428,14210,,,11084,10721,11582,5059,5647,7871,,5194,11127,,
8/20/2022,47798,19696,15483,18494,17256,23893,10990,,,9303,8742,8934,4127,4550,7323,,5588,9350,,
8/21/2022,44382,18813,15984,18209,14759,25180,10311,,,8283,8246,7551,3811,4225,7262,,5316,12402,,
8/22/2022,44578,19753,14490,18138,15777,25766,11097,,,8428,8529,9329,4234,4589,7136,,4318,31271,,
8/23/2022,46389,19676,15758,19360,15868,27082,11427,,,8010,8513,9017,4177,4610,7269,,5967,35549,,
8/24/2022,45462,19711,15281,17937,15826,29688,11616,,,7967,8233,8503,3637,4613,7085,,5602,17180,,
8/25/2022,47783,20082,16285,19134,14952,29520,11703,,,7529,8044,7781,3080,4791,6714,,4272,9794,,
8/26/2022,50943,20962,14919,18596,15652,27887,13501,,,7986,7915,9073,3697,4907,7251,,4708,6131,,
8/27/2022,50121,20540,15592,18815,15262,25884,13229,,,7603,7632,7261,4126,4534,6989,,6229,6446,,
8/28/2022,47514,17653,14824,17122,14267,26634,18188,,,7899,6901,7613,3572,4163,6540,,5953,8069,,
8/29/2022,52535,20978,15130,18125,16717,29891,15071,,,9340,7734,8419,4045,4439,6773,,5459,17381,,
8/30/2022,55996,21092,15229,18005,19567,29796,17498,,,8089,8236,8490,3827,4838,6726,,5648,15677,,
8/31/2022,54106,21261,14814,18259,16805,25664,22607,,,8742,8115,7980,3306,4977,6457,,5291,3725,,
9/1/2022,53455,21209,15594,19060,18285,48388,17223,,,8237,8304,7918,3492,5502,6138,,4933,3545,,
9/2/2022,49521,20633,15367,18699,16761,44259,20739,,,7833,7844,7602,3617,4881,5869,,4945,3812,,
9/3/2022,47327,19627,14413,16624,16174,24033,19190,,,6440,7539,6890,3689,4338,5731,,3650,3188,,
9/4/2022,45914,18694,14170,16445,15316,29248,20954,,,6824,7457,6184,3238,4418,5249,,3833,3040,,
9/5/2022,50849,22837,14273,19623,17482,32240,16560,,,7325,7383,7557,3960,5103,5412,,4685,3764,,
9/6/2022,59189,25248,15904,22104,20158,31639,18101,,,7766,8378,8640,4829,5821,5530,,7046,4792,,
9/7/2022,54133,22921,15157,19780,19012,28239,22882,,,7564,9165,7941,4195,5783,5579,,6331,4973,,
9/8/2022,56605,20987,15708,19052,17170,29471,15297,,,7184,8043,7706,3845,5361,4772,,11042,4318,,
9/9/2022,54960,21564,15981,19730,16970,32407,19431,,,8226,8061,8587,3831,6080,4972,,5062,4764,,
9/10/2022,47994,21313,15198,18621,15095,24645,13693,,,6804,7754,8446,3921,4579,4155,,7702,4407,,
9/11/2022,49418,19500,16011,17802,15223,26479,15325,,,6811,7452,7545,3632,4426,3913,,6338,3485,,
9/12/2022,52684,21711,16195,19520,18013,27557,17946,,,7820,8439,8620,4051,4656,4159,,5448,4199,,
9/13/2022,59552,22292,16492,19695,17689,31443,15576,,,7715,8325,7851,4347,5173,4123,,5921,4466,,
9/14/2022,57536,22294,15695,19689,16451,32784,13529,,,6791,8209,7150,4559,4898,5529,,4391,3956,,
9/15/2022,58265,23652,16178,21352,17566,32111,14728,,,7093,9025,8000,4732,5387,5265,,4752,3797,,
9/16/2022,50497,20885,15352,18743,16555,28947,13596,,,6589,8918,7272,4006,5007,4976,,4382,3661,,
9/17/2022,44922,18568,13790,16543,14392,24740,12875,,,6699,7237,6445,3579,4388,4673,,3595,4136,,
9/18/2022,48296,18700,14692,16447,15932,28004,16085,,,7111,7735,7656,3518,5158,4980,,4443,4043,,
9/19/2022,53135,21048,16203,19449,16127,31846,14826,,,7639,8317,8628,4168,5669,5184,,5226,4934,,
9/20/2022,55363,18789,14671,16934,15050,27860,13793,,,6571,7744,6834,3433,4470,4841,,4670,4565,,
9/21/2022,56856,19378,14362,17583,16610,25381,14373,,,6787,8174,8554,3842,5198,5836,,5307,4963,,
9/22/2022,54345,19285,13390,16952,15780,27415,14020,,,6348,8434,7425,4047,4237,5933,,6952,5530,,
9/23/2022,54740,19055,13966,17002,15601,26944,13475,,,6392,7656,7549,4133,4334,6212,,4954,5255,,
9/24/2022,48601,17313,11825,15280,14107,23644,11735,,,5604,6688,5730,3246,3774,5867,,4284,4634,,
9/25/2022,49441,16472,11370,14631,14928,28236,11978,,,5848,6643,6108,3237,3717,5786,,4172,4242,,
9/26/2022,53213,18560,12217,16733,17797,28256,15678,,,6422,7443,6953,3563,4245,5937,,5773,5164,,
9/27/2022,53873,20483,12398,17487,22952,28988,16423,,1544,6794,8722,7146,3942,4655,9981,,5352,5409,,
9/28/2022,54662,19040,12850,16354,16932,29376,12572,,829,6290,8125,7057,3733,4309,7298,,5288,4679,,
9/29/2022,56138,19039,13168,16394,17162,31976,11907,,318,10672,7490,5970,3734,4132,6754,,4693,4829,,
9/30/2022,55137,19061,12301,16314,16944,29659,10882,,267,7013,7340,5964,3706,4704,6404,,4752,4932,,
10/1/2022,51201,17503,12164,15599,19575,26332,10077,,129,5768,7788,4894,3211,5102,5872,,4167,4197,,
10/2/2022,52801,18840,13640,16428,19413,24964,10885,,89,5993,7276,5371,3374,3940,5705,,4595,4038,,
10/3/2022,49545,18342,13205,17148,18629,21206,13769,,65,6353,7688,5520,3606,3745,5808,,4340,4297,,
10/4/2022,56865,20426,14352,18510,16965,28302,11647,,109,6300,7221,6188,4206,5037,5937,,4513,4892,,
10/5/2022,56432,19304,14234,18379,16050,27379,13433,,88,6475,8481,6036,3781,4334,5985,,4503,5314,,
10/6/2022,59979,18882,13910,16557,26555,27719,16617,,73,5781,8444,6213,3615,5304,5798,,5608,4801,,
10/7/2022,58209,17656,10511,14763,20471,24267,13835,,100,5645,7009,5359,4778,4042,5612,,9320,4200,,
10/8/2022,53123,15930,10626,15054,18650,25884,15959,,73,5533,7092,5310,7393,4242,5257,,6769,4254,,
10/9/2022,43648,14945,11107,13763,16010,29073,13504,,63,5268,7582,4743,7060,3585,5153,,5107,4128,,
10/10/2022,50296,17411,13698,14979,17466,37393,14582,,98,5829,8904,6697,7628,4068,5446,,8240,4513,,
10/11/2022,53823,20066,13488,16734,17444,30906,13738,,106,5876,8985,6142,7848,4343,5311,,7404,6420,,
10/12/2022,52434,19940,12647,15810,16048,28431,13351,,75,5318,8215,5382,7280,3974,5118,,6868,6549,,
10/13/2022,54320,21124,13038,17248,16150,27883,14565,,124,6550,7540,8152,8140,4888,4994,,6117,4648,,
10/14/2022,54369,19062,11583,15773,15465,30665,12321,,108,5575,7153,6316,7111,3919,4819,,5472,4555,,
10/15/2022,45938,17700,10853,14341,13119,31363,10809,,93,5070,6779,4853,6280,3280,4649,,4837,3896,,
10/16/2022,49572,17953,11629,13937,14746,28564,11549,,109,5338,7340,5184,6818,4117,4443,,5469,4730,,
10/17/2022,57874,19447,13892,15194,15441,34189,16966,,87,5737,8091,6270,7208,3930,4827,,5936,5481,,
10/18/2022,58761,18812,13452,15632,14482,31847,12586,,80,5029,7272,6885,7861,3755,4664,,5485,4814,,
10/19/2022,57362,18450,12234,15217,15793,27622,16795,,82,4818,7629,6198,12607,4018,4623,,7090,5472,,
10/20/2022,66984,18748,11986,15566,13601,34222,16942,,131,5146,7761,6418,7023,3845,4606,,7479,5013,,
10/21/2022,65244,18145,12171,15502,14027,34120,14299,,100,5256,6815,6982,7114,3585,4712,,6550,3732,,
10/22/2022,58638,20311,11727,16136,14145,27877,15593,,81,4838,7887,6983,9637,3902,4154,,6152,3941,,
10/23/2022,61646,19686,13257,15083,13808,28410,16500,,115,5082,6636,6920,8503,3229,4081,,6709,4126,,
10/24/2022,69852,19510,13345,16762,15377,29081,17475,,106,6049,6670,6606,9228,3569,4412,,6926,3968,,
10/25/2022,74383,21516,14309,18442,17600,28926,19629,,141,10661,7586,7572,9704,4274,4438,,7067,4384,,
10/26/2022,79278,21890,14705,18533,20474,31743,25367,,180,7531,7397,7460,13165,4270,4561,,8142,4277,,
10/27/2022,72189,20612,14269,17813,16557,33777,21745,,120,6640,7014,7721,9342,4253,4060,,8287,4120,,
10/28/2022,68496,20079,13974,17248,16103,46223,21049,,123,6215,7055,6657,8721,4123,3933,,8921,4366,,
10/29/2022,69053,20987,15264,18083,15707,29883,21556,,174,6223,7534,7571,8993,5040,3673,,8471,4117,,
10/30/2022,66428,20164,15038,17733,14653,27803,21160,,139,5552,7179,7994,8645,4358,3665,,8905,3823,,
10/31/2022,70683,22057,14096,18431,15814,29040,29550,,116,6433,7683,7958,8862,5247,3638,,7631,3970,,
11/1/2022,71042,23767,14179,19279,16873,29981,22498,,142,5705,7939,6531,8781,4772,3799,,9287,5300,,
11/2/2022,71051,23132,13225,19285,17286,38266,23126,,142,5424,7733,6439,9394,4838,3878,,8609,4870,,
11/3/2022,66566,21774,13471,17730,17288,30670,21584,,113,5424,7687,7828,9485,10955,3703,,7700,4635,,
11/4/2022,71519,23954,15541,20100,22389,30966,20843,,153,5514,7989,7022,11219,11688,3934,,7358,4296,,
11/5/2022,69281,22108,14723,19321,19896,42312,21500,,118,5555,7170,6793,10022,5540,4245,,7796,4600,,
11/6/2022,67534,21368,12362,17589,17335,30415,20823,,135,5194,7194,5079,8381,5358,3768,,11483,4532,,
11/7/2022,70318,23482,12796,18109,19302,31109,21765,,138,5240,7964,4629,9133,5622,3635,,12460,4865,,
11/8/2022,80167,28720,16118,21258,24729,30454,27468,,167,6514,10168,6701,11508,8812,3900,,10358,5082,1,
11/9/2022,87150,32125,17140,24108,23914,39509,29394,,209,7673,10787,6986,12708,9384,3635,,10387,5224,4,
11/10/2022,80519,32762,13806,23152,20953,40349,23621,,178,6589,10047,5440,11785,6951,3181,,10586,5614,0,
11/11/2022,75982,26118,12177,19595,18484,38121,22473,,168,5491,8675,4614,9196,5125,2760,,11342,6715,4,
11/12/2022,71242,24732,11422,19204,16910,36673,19586,,113,5038,8873,4755,9162,7394,2597,,8347,3425,2,
11/13/2022,63951,27912,12289,20501,16346,37026,18091,,143,4874,9288,4967,9227,7010,3026,,7305,3742,5,
11/14/2022,67708,29901,12111,21713,16986,38088,17666,,155,5538,9061,5243,9696,6524,2810,,8385,3814,1,
11/15/2022,67467,28032,12478,21929,16442,37055,17430,,142,5372,8762,5005,9004,5370,2471,,7965,3431,3,
11/16/2022,67909,28380,12231,21511,15548,36607,17173,,139,4852,8602,5316,9191,5217,2087,,14493,3717,12,
11/17/2022,66677,30262,13289,21681,15280,35888,16627,,155,4731,8710,4730,9587,4668,2010,,11232,3686,2,
11/18/2022,66469,27338,12355,20220,15225,34405,16149,,101,7617,8489,4613,8917,4442,1970,,8326,3856,5,
11/19/2022,59433,26414,11935,19461,15816,34122,23607,,123,4338,8066,5112,8178,4733,1897,,8810,6354,8,
11/20/2022,67554,26796,14012,20692,16841,33817,26036,,128,4796,9076,6522,9196,4956,1940,,8389,5996,4,
11/21/2022,70385,29043,13591,21716,17214,34472,23691,,183,5237,8696,6339,9759,4961,2077,,8383,6768,5,
11/22/2022,63247,27147,12424,19822,15391,37010,21396,,151,4826,8329,6687,8854,5097,1961,,7708,4968,71,
11/23/2022,65377,25751,12077,19165,14963,38817,17365,,161,4770,8161,5126,9008,5960,2436,,7475,4956,142,
11/24/2022,66222,25250,10829,18672,15648,37228,16995,,127,4437,7953,4252,8735,4188,2336,,7454,4437,153,
11/25/2022,60167,24578,10726,18004,14573,35529,17467,,110,4302,7776,4180,8225,4088,1965,,6701,3963,138,
11/26/2022,58571,25776,10403,16777,14143,30820,16515,,112,4374,7314,4323,7492,3970,1929,,6945,4323,116,
11/27/2022,55735,26113,10105,15487,13650,23302,16262,,83,5295,7239,3785,7604,3748,1824,,6382,4181,119,
11/28/2022,61393,30687,9745,19184,14252,25078,16189,,109,4744,8962,5894,7573,4134,1973,,6699,4631,277,
11/29/2022,68324,33893,11441,17976,15312,37500,17855,,140,4734,8739,5979,8050,4225,1920,,5789,6311,285,
11/30/2022,74866,25463,12143,20876,17012,37669,19206,,119,4988,8009,7247,9325,4882,2044,,7762,5822,469,
12/1/2022,65015,25261,11801,19921,16274,26061,17590,,118,4871,7810,6995,8688,6524,1902,,7515,6932,536,
12/2/2022,60643,22066,11345,17640,15709,24583,14974,,133,5342,14316,5472,8363,6245,1863,,6173,5690,897,
12/3/2022,57014,24496,9985,16620,18951,34891,15939,,114,8825,14615,5670,7874,4016,1832,,5577,4079,732,
12/4/2022,54470,21996,10036,15982,14593,29472,16015,,102,5265,9248,4845,7321,3789,1919,,6386,4711,686,
12/5/2022,62802,23429,10204,16570,14670,40912,16429,,127,5044,10925,5857,7767,4308,2836,,12992,4636,739,
12/6/2022,61213,22980,9838,16694,14537,38656,15329,,103,4074,9549,4872,7840,4052,2179,,9858,4206,965,
12/7/2022,63179,22379,10270,16587,16214,37947,19124,,112,4365,8875,5001,12010,4104,2073,,7228,6454,843,
12/8/2022,66581,22660,10860,16716,21915,35268,16181,,112,4561,8651,5175,16122,4064,1994,,7001,4078,705,
12/9/2022,57036,22277,9342,15794,14798,35210,14140,,79,6851,7531,4900,8470,3387,1936,,6219,3835,582,
12/10/2022,55949,20565,9004,14940,13774,36421,12732,,78,4912,6913,3560,7235,3634,2049,,5516,3407,445,
12/11/2022,56875,20484,9122,14871,13988,24844,13269,,89,4246,7068,4151,7655,3699,2169,,4814,3261,542,
12/12/2022,65850,23090,10782,17174,15269,24140,20362,,120,4761,7431,4645,8234,4199,2474,,6035,4052,941,
12/13/2022,70051,25041,12298,19402,15562,25902,33827,,147,4925,7058,5988,9110,5066,2726,,6315,4773,998,
12/14/2022,67817,23423,11534,17834,14921,35375,23036,,118,18976,6767,5377,8224,4144,2227,,5850,3786,913,
12/15/2022,71128,25759,13934,18598,15542,34927,18108,,124,8872,7538,5013,8099,3958,4511,,5252,4360,633,
12/16/2022,72770,29386,17193,19798,17756,32461,18929,,149,5740,7319,5835,8693,4949,3901,,5434,5349,559,
12/17/2022,65556,24955,12972,17718,15543,32421,15656,,118,5239,6619,4486,7382,4811,2788,,6041,4676,566,
12/18/2022,64352,20663,19882,15177,15778,31316,22969,,99,5103,5450,3641,6491,3536,2200,,9657,3546,461,
12/19/2022,65511,22828,15250,17010,17029,23632,18995,,95,5341,5914,4601,7198,3970,2547,,6236,4675,509,
12/20/2022,71173,25336,13542,17401,17969,35459,16063,,98,5324,5865,4410,7196,3721,2822,,5896,4460,602,
12/21/2022,66742,24833,13147,17764,19944,42953,14971,,102,5822,6397,5306,7149,3269,2326,,5035,3721,576,
12/22/2022,62670,23490,12520,17207,15308,31083,19842,,110,4384,5832,6524,6495,3402,2205,,4791,3462,581,
12/23/2022,61529,20728,11435,15524,12967,38256,16913,,86,4155,8323,4398,5833,3202,1992,,4618,3235,548,
12/24/2022,54430,18799,10186,14160,12773,35482,20915,,86,3806,7028,3442,5489,2860,1770,,12396,2819,446,
12/25/2022,54473,16672,9683,12646,11315,25112,14641,,94,3530,5336,2852,5132,3187,1550,,9356,2704,363,
12/26/2022,61039,18665,10278,14932,12769,25105,12972,,99,4291,5912,3818,5584,3370,1817,,6552,3234,471,
12/27/2022,59519,18596,10393,15283,12207,26415,12144,,113,4258,6580,3951,5775,3188,2074,,4193,3221,514,
12/28/2022,62438,19775,11138,16087,12715,23812,12979,,93,8184,6860,5014,6005,4217,2039,,4698,2980,580,
12/29/2022,62616,19712,11476,16210,12426,23784,13499,,107,7124,6288,5253,5888,3594,2140,,5138,2915,516,
12/30/2022,57949,19858,10843,15638,12476,35338,11798,,111,5670,6601,4691,5789,3662,2209,,4595,2850,486,
12/31/2022,57244,22047,10396,16578,11918,20935,11199,,95,4199,6567,4471,5335,3294,1942,,5223,2556,365,
1/1/2023,47722,15108,8399,11648,9499,18418,9000,,66,4544,4939,3640,4193,2924,1989,,3783,2384,342,
1/2/2023,56624,17155,10099,14043,11304,35449,10484,,114,4956,5209,4716,5467,3317,2521,,5012,2567,454,
1/3/2023,66754,17735,10532,14393,12367,76305,10474,,114,4534,5387,3908,5597,4036,2472,,8232,3692,386,
1/4/2023,72947,20448,11304,15925,12705,24825,11287,,130,4863,5728,4505,6167,5962,2399,,6167,6632,466,
1/5/2023,66504,18108,12279,14871,11732,19487,10210,,93,4319,5827,4473,5591,3638,2354,,5096,3575,378,
1/6/2023,69886,18951,12159,14956,11453,21353,10194,,115,4362,5159,4126,5579,4513,2294,,3819,3388,299,
1/7/2023,68270,18048,11068,14676,11103,19231,9762,,92,3779,4933,3899,5280,4399,2157,,3919,3486,297,
1/8/2023,67837,17851,10848,14070,11367,21028,9861,,100,3913,5421,3895,5745,3692,2030,,4031,2565,351,
1/9/2023,77705,22041,12611,17482,12731,23168,15150,,130,5096,6243,5695,6607,4910,2588,,4732,3717,413,
1/10/2023,73587,20263,12011,16230,12013,36198,13225,,139,4374,5703,4127,6832,4102,2498,,6492,3515,356,
1/11/2023,72259,20057,11966,16566,12704,22388,15447,,132,6735,6021,4605,6856,4265,3138,,9476,3646,410,
1/12/2023,80252,22765,13626,17863,13696,24226,15432,,168,7413,6247,6357,7259,4730,3765,,8105,4114,463,
1/13/2023,74799,22342,12833,17215,13130,21273,13876,,152,5398,6077,6629,6793,4474,3512,,5729,3676,465,
1/14/2023,83292,27376,15904,20728,14940,23045,17302,,211,6837,7340,7615,7674,5865,4191,,6961,4042,614,
1/15/2023,72550,21832,13809,17029,12507,21041,13806,,148,5167,5972,5963,6630,4486,3576,,5948,2954,443,
1/16/2023,78523,22901,14571,18279,13277,22369,14424,,159,5291,6242,6704,7149,4698,3315,,6645,3349,509,
1/17/2023,71531,22080,13338,17628,12902,34537,13289,,133,5096,6241,5637,7094,4454,3395,,4626,3273,429,
1/18/2023,63412,23435,13848,18457,13304,34156,13665,,139,4979,6350,6114,7080,5247,4394,,4755,3501,513,
1/19/2023,59804,21734,12293,18023,12935,34104,13614,,134,6853,5628,4548,6660,4561,3586,,4333,3481,468,
1/20/2023,60239,23020,13721,18968,13972,34975,14600,,130,7776,6133,5663,7402,4668,3440,,5252,3826,776,
1/21/2023,60283,24196,14747,18900,13888,37628,14420,,136,5152,6626,6302,7379,4951,3828,,4983,3829,672,
1/22/2023,54306,22006,13357,16928,12674,38231,14652,,108,5352,6733,6355,6988,4634,4405,,5086,3514,544,
1/23/2023,55722,22040,13216,17906,13710,23947,15764,,126,4779,6181,6409,7229,4696,5818,,4563,3691,581,
1/24/2023,59424,24753,13479,18625,14092,24673,18151,,136,4693,6828,6409,7128,4939,4953,,4836,3551,860,
1/25/2023,58805,23664,12967,17358,13107,34555,15543,,160,4260,6232,6230,6826,4478,4997,,4845,3478,787,
1/26/2023,59597,23519,12954,17117,14931,37029,18968,,141,5284,7235,7317,7383,4403,4720,,4879,3476,1465,
1/27/2023,60452,25732,13346,17935,16357,22565,19708,,175,6276,6968,6433,8723,5148,4267,,4968,3394,2250,
1/28/2023,59928,25752,13136,17700,15754,38862,17584,,155,7041,6915,6116,8198,4560,4898,,6228,3128,1916,
1/29/2023,62960,26665,15618,18101,15254,31554,18162,,192,6796,7659,5884,7826,5409,5739,,5935,3395,2154,
1/30/2023,70211,29805,18879,19405,19108,49949,20869,,215,6954,8188,6116,8365,5340,5399,,6165,3875,1985,
1/31/2023,64342,32887,16457,20360,18448,48553,20925,,170,5601,9520,6560,6896,5131,4323,,5714,3629,1765,
2/1/2023,73898,33785,15740,20223,18812,50541,21069,,235,6258,8204,7020,7386,5353,5218,,5974,3324,1800,
2/2/2023,80895,37424,17180,22560,19307,28958,23898,,299,7982,8786,8330,8589,5316,4908,,6023,4012,2237,
2/3/2023,73559,30926,15358,19750,17825,64519,22453,,276,6851,7119,7038,7603,4962,4024,,5289,3635,2372,
2/4/2023,76457,30638,16665,20128,18048,50342,23184,,251,6466,7140,6516,7712,4923,4242,,6577,4105,3380,
2/5/2023,76703,30691,16182,19986,17044,25214,22818,,268,7350,7056,7633,7576,5110,4051,,6055,3872,2873,
2/6/2023,79361,29953,15790,19574,17067,24901,23452,,447,7426,6767,7250,7424,4845,4322,,6046,3406,2833,
2/7/2023,87138,29653,16957,19351,17652,27523,24257,,402,7205,7354,6843,8089,5072,7386,,6531,3406,4279,
2/8/2023,84227,35902,9190,21250,17635,27920,24098,,374,6383,7807,7413,8437,5118,6164,,6662,3254,4620,
2/9/2023,79902,34039,8618,20067,16591,25715,23191,,393,6493,7026,7139,8531,5435,4616,,6108,3092,3803,
2/10/2023,82413,30398,7538,17998,15967,24425,20234,,337,6089,6821,6431,8556,5745,4087,,5867,2897,3723,
2/11/2023,65511,27907,7158,16883,13976,33137,17902,,255,5977,5617,5840,6808,4399,3472,,4684,3158,3245,
2/12/2023,64930,28393,7420,16723,13727,28140,19867,,229,5644,5969,5683,7050,4763,3524,,5167,3083,3618,
2/13/2023,68329,33319,7424,20423,14969,37419,22700,,275,5646,6593,6432,8149,5585,3704,,5968,3853,3605,
2/14/2023,75610,32793,7260,20959,13345,37215,19026,,455,5563,6262,6115,7317,5013,3619,,5519,3051,4473,
2/15/2023,86607,37368,8641,25063,14714,40427,22390,,281,6730,6631,6395,8702,5589,3446,,6359,3941,4366,
2/16/2023,86496,39851,10188,23934,16944,50231,26011,,376,7650,8831,7132,11052,6535,3923,,6899,4632,4138,
2/17/2023,81222,35988,11297,21208,18643,37724,25528,,307,7633,8927,6792,10632,6226,3396,,7554,4721,4764,
2/18/2023,75932,32998,9666,19570,15169,62203,23612,,254,6392,6953,7006,9602,5084,3134,,6329,4065,4599,
2/19/2023,77852,33512,9493,19662,16895,37321,24290,,299,6486,7355,5957,9916,5161,3008,,7560,3993,5215,
2/20/2023,77403,33310,8807,19767,16987,24356,26926,,279,7220,7450,5811,10225,6496,3052,,7867,4750,9475,
2/21/2023,75801,33266,8289,18915,16199,23821,26890,,284,7685,7500,6239,9875,6324,2996,,7670,4555,10840,
2/22/2023,80133,33513,8205,18641,14971,23517,26404,,263,11624,8006,5952,9238,6721,3371,,9113,4194,10226,
2/23/2023,71894,32891,8030,17696,13327,44820,23600,,210,12554,7891,6306,8786,5935,2915,,7775,4110,9888,
2/24/2023,82100,30692,9473,19155,16044,58191,21815,,217,8288,6363,6211,10128,4586,2851,,7287,3950,7973,
2/25/2023,73540,28294,8478,17599,14273,29014,20387,,196,6928,5996,5360,8676,3655,2618,,7082,4010,7901,
2/26/2023,71261,27187,8202,17135,13237,54809,19249,,155,6465,5752,5384,8536,3482,2453,,6223,3901,7004,
2/27/2023,74220,28664,12587,18373,13376,23360,24301,,221,6176,5723,6089,9163,3688,2563,,7663,4162,6084,
2/28/2023,73057,30611,8978,19566,12617,59292,22814,,198,5902,6401,5591,8266,4046,2437,,5684,4376,4774,
3/1/2023,80751,29717,12552,19679,15028,24683,24335,,306,5344,5844,6166,8451,3996,2465,,5394,5428,4491,
3/2/2023,79028,27879,11653,18280,13605,32586,24550,,228,5336,5442,5855,7875,3576,2470,,5319,5924,4946,
3/3/2023,79152,28247,11553,18585,14371,46737,22046,,200,5766,6665,7037,8692,3993,2565,,5376,3861,4456,
3/4/2023,66619,25241,9149,15772,13298,20685,19736,,170,5215,5590,6344,7155,3079,2097,,4856,3486,3890,
3/5/2023,74874,24379,9659,15211,12678,21618,17653,,153,4920,5557,5424,7087,3019,2149,,4712,3993,3873,
3/6/2023,68278,25567,9054,16303,14898,22104,20681,,125,5555,5608,5145,8780,3318,2079,,5305,4301,3954,
3/7/2023,74897,27146,9296,17340,15013,22348,20472,,226,5341,6057,5400,8850,3635,5148,,5567,4441,3959,
3/8/2023,71090,27364,9064,17835,14114,21212,18807,,232,5319,5898,5245,8262,3426,5866,,5435,4457,4681,
3/9/2023,73662,27849,12088,19118,15069,21908,18871,,238,5491,6470,5848,9140,3720,4808,,5784,4084,4953,
3/10/2023,78551,27874,18342,20117,15793,59838,19876,,359,6116,6483,6011,9732,4206,4400,,7185,4633,4877,
3/11/2023,93088,31751,19799,22762,19879,46032,20704,,419,8690,7635,6896,15527,5976,5087,,9183,4486,5453,
3/12/2023,72812,25234,16855,17564,15087,22500,18234,,322,5774,6219,5690,9999,3664,4428,,7325,3314,3965,
3/13/2023,78317,28672,18344,19511,16345,24335,20870,,411,7124,6647,6530,10641,4456,4614,,7779,4080,4430,
3/14/2023,78676,27436,19274,18646,16050,25238,21396,,351,7342,6182,6701,8738,4163,4913,,7922,4368,3993,
3/15/2023,84747,26090,23225,16968,14661,26371,19571,,324,5725,6203,5321,7913,3789,5128,,7823,4190,4113,
3/16/2023,90369,25475,19830,17243,14209,31839,20559,,297,5953,5029,5222,8655,3812,4065,,6147,4138,6725,
3/17/2023,86544,26550,19829,18671,15321,31532,18167,,345,6340,4807,6315,9061,3711,4604,,6063,3993,6636,
3/18/2023,81427,25343,18516,18323,16490,19170,20785,,351,8004,4642,6250,9489,3581,5958,,7743,3491,8225,
3/19/2023,79256,24671,18871,17651,15993,19363,21216,,324,7905,4531,5644,9703,3102,5350,,8572,3085,8004,
3/20/2023,84483,26206,16538,18815,15953,19756,22096,,292,7208,4896,5364,8507,3460,5249,,8391,2880,8912,
3/21/2023,86563,27550,18979,19796,14969,38556,23821,,260,7359,5937,4932,7470,3303,4553,,8906,2812,10060,
3/22/2023,98951,30001,20294,22446,14865,20298,23292,,316,6678,6973,5105,8250,4374,4520,,8332,3568,8802,
3/23/2023,140278,29194,23994,20952,15696,17379,28470,,263,16004,5503,4571,12491,3548,4436,,9546,4291,11899,
3/24/2023,114443,25894,21032,20893,15169,18835,28032,615,270,10977,5007,4269,10940,4198,4900,,11720,5474,8560,
3/25/2023,88826,23099,18877,19093,14156,18613,20847,18122,285,7648,4601,3941,8982,2901,3812,,13684,4032,5589,
3/26/2023,90966,23927,21249,22112,13737,21203,20625,27531,237,8741,4889,3627,8539,2829,3830,,14525,4410,5486,
3/27/2023,98551,29952,31107,33247,15437,21749,22806,23647,221,11183,6024,4446,7919,3725,4050,,11536,4980,5483,
3/28/2023,97053,30134,30842,33153,14650,19418,21711,23518,257,10661,5831,4013,7834,3580,3808,,17672,5316,4983,
3/29/2023,94984,27311,23872,26108,13974,19034,20295,21975,227,10568,5790,4935,9265,3706,5149,,18304,4652,5646,
3/30/2023,99091,26143,24016,24468,14279,18587,20981,25079,195,11929,5217,4252,9673,3504,5017,,9629,5218,5874,
3/31/2023,96372,26990,23807,24170,14744,20196,20745,33488,189,11770,5482,3962,9810,3224,3828,,10776,4252,5163,
4/1/2023,82938,23959,19571,21033,12834,17937,17547,27799,201,10215,4444,3643,8307,3072,4208,,9461,3780,4368,
4/2/2023,89923,23211,19292,19320,14247,17405,19215,33644,197,10490,4563,3610,9720,2973,3515,,7380,3635,5350,
4/3/2023,91702,24745,18355,19669,16137,18155,20413,45768,14019,10422,4604,4344,10785,3939,3626,,8620,4471,5222,
4/4/2023,97206,26575,20827,20055,14958,18931,22632,35697,22991,10613,4784,3603,9222,3859,3586,,7362,4310,4548,
4/5/2023,103559,26279,20829,20690,14534,19766,23042,24816,22739,12497,4950,3787,9553,4020,3619,,7250,3898,5493,
4/6/2023,105940,24932,20062,20398,13572,18814,23479,41432,25318,15010,5159,3334,8962,3726,3227,,7467,4409,4035,
4/7/2023,102098,24485,19099,20912,15978,16310,21083,38241,22622,13064,4784,2746,9665,3417,3483,,6112,3976,3114,
4/8/2023,100244,23141,18234,18475,15598,16158,22216,41069,20235,14831,4297,2743,9368,3506,3097,,5886,4085,2917,
4/9/2023,93055,22125,17087,17844,13710,15967,16422,41003,19844,16030,4555,3468,8389,3486,3424,,5616,3553,3147,
4/10/2023,101440,25473,18635,20420,14388,18096,16054,41600,27165,15819,4676,3731,9298,3973,4053,,6052,3759,3273,
4/11/2023,107941,27064,19715,21833,14916,18986,16580,38616,26893,15993,5627,4037,11007,4049,3868,,6234,4272,3222,
4/12/2023,103663,25775,17161,20408,13920,17573,16579,38109,25160,16391,4534,4096,9859,3890,3808,,6120,3921,3673,
4/13/2023,106984,26662,19100,20821,14657,18708,17666,25218,27695,18241,4933,4169,10546,3904,4014,,5943,3774,3998,
4/14/2023,115202,29500,20432,22472,14815,21057.5,18664,25556,29433,20326,6158,4519,11526,4286,4914,,6927,4444,5028,
4/15/2023,108636,25342,19473,19919,13134,19220,16215,30579,25694,18449,4649,4692,9510,3426,3440,,5871,3753,31401,
4/16/2023,101030,24348,18363,18962,12561,19368.5,15491,29337,25517,16645,4324,4247,8896,3684,3299,,4921,3605,36123,
4/17/2023,155592,27161,22197,21068,13425,19920,17007,25426,27380,17474,4330,4394,9009,3657,3367,,5458,3432,106141,
4/18/2023,131773,29314,20649,24041,14919,20867,17531,17113,29865,15473,4769,4778,8957,3775,3008,,5250,3588,58147,
4/19/2023,138511,30700,20811,24960,14058,17946,20329,15625,31282,13101,5571,4708,8239,4404,3042,,7308,3136,51395,
4/20/2023,134910,30392,21660,23340,13767,19766.5,18206,10208,30475,12276,4806,4528,8434,3866,2716,,5777,3432,87243,
4/21/2023,125377,29405,19809,23235,13556,19359,17873,15607,29289,11313,4397,4253,8883,3978,2664,,5328,3618,61975,
4/22/2023,130972,26172,17949,20146,12351,17613,17857,19416,24646,11143,3723,3945,7302,3162,2388,,4453,3192,44501,
4/23/2023,140038,29646,16876,19589,13085,16536,17317,17107,24667,13042,3716,3428,6983,2973,2077,,4557,3519,29101,
4/24/2023,132833,32729,17087,20757,14937,19715,18981,15939,29831,13178,4547,3575,7149,3480,2190,,5153,3163,65188,
4/25/2023,122346,29881,17580,21305,13296,17119,19867,20228,32156,15367,4913,3831,8219,3693,2404,,5521,3708,41991,
4/26/2023,123230,26262,19663,21674,13088,16951,18675,20329,32515,15353,5044,4182,11296,3828,2503,,5751,3609,23075,
4/27/2023,117434,30612,18146,20180,11796,16497,18798,21128,31031,15079,4964,5143,10028,3706,2210,,4348,3560,15321,
4/28/2023,112114,50381,18404,20550,12706,22151.5,18715,20367,31043,15046,5157,4324,10168,4245,5851,,3898,3285,20040,
4/29/2023,109921,25105,16786,19518,10921,25592,16860,20783,25676,14154,4565,3193,9026,3427,3314,,3559,3002,33694,
4/30/2023,131289,27985,20170,24439,11189,50379,19086,20836,28179,14957,4886,3478,8345,3528,2880,,5143,2982,64930,
5/1/2023,142326,30171,20818,26318,11585,27538,20535,31646,32625,13160,5082,4108,7400,4167,3169,,4296,3072,42065,
5/2/2023,139450,28663,21374,23963,11771,16500.5,28126,10307,34110,12636,4558,4397,6231,3489,2723,,4717,3258,25864,
5/3/2023,146640,28217,20533,23991,12035,18525,21729,10074,34077,14819,4020,3807,6269,3881,2631,,4071,3505,27929,
5/4/2023,149873,28948,21121,24872,11559,50737.5,19991,22310,32095,14554,4374,3514,6591,3870,2601,,3913,3769,25718,
5/5/2023,163539,33081,23454,29434,11869,19936.5,25002,11550,41304,11773,5439,4198,5293,5104,2649,,3472,2979,16897,
5/6/2023,169994,29128,23297,26135,10801,26643,27900,11959,36518,10180,4413,3758,5149,3937,2439,,3595,2562,33608,
5/7/2023,155879,27741,20518,24499,10752,42753,23091,8778,39244,11420,3966,3140,5075,3706,2278,,2823,2475,16927,
5/8/2023,153842,30200,26434,28737,12753,29718,21869,10902,43043,13073,4815,4365,6411,4652,2463,1,4046,3063,11795,
5/9/2023,161821,28371,24089,25411,11485,16021,20483,16457,53480,17752,4381,3260,6594,4090,2506,26,4169,3067,12291,
5/10/2023,154096,26527,20065,20486,11697,25799,20736,23657,45116,14433,3629,3540,6477,4245,3125,362,4444,3166,11165,
5/11/2023,144091,26763,22062,22589,11579,30151,20036,24896,40846,13425,3825,3419,6639,3850,3223,1238,3492,3015,31943,
5/12/2023,141454,28082,23551,24485,11536,31435,20152,25563,37910,15771,4335,3457,7438,3913,3162,3186,4227,3219,14291,
5/13/2023,134862,26521,23101,24339,10698,33336,15989,53030,30514,15786,3324,2674,6808,3000,3553,6743,3770,2986,9588,
5/14/2023,123812,24634,21811,21600,10573,28082,15613,44228,28536,17261,3522,2793,6207,3096,3477,8263,5084,3713,8919,
5/15/2023,122976,25013,22677,23317,10960,16565,16898,45043,36540,16777,4088,3383,7326,4371,3497,8732,3194,3283,10959,
5/16/2023,128371,26925,22088,23325,11892,14811,16715,72542,34983,17914,4033,2894,5672,3471,3136,11051,3486,3489,7123,
5/17/2023,126546,29867,25410,23866,14499,15038,17154,54797,34655,18415,4384,3341,6485,4067,3649,21347,3605,3537,8816,
5/18/2023,127674,29477,24836,23683,15008,14064,17650,47095,35790,17896,4148,3765,6728,3659,3076,4753,3887,4052,6845,
5/19/2023,123188,27467,23450,22898,12857,14420,16403,47884,32047,18430,3853,3160,6160,3503,2796,4961,3408,2761,5981,
5/20/2023,117470,27459,21614,20881,12673,13948,17906,53567,30543,20575,3590,3006,5680,3101,2658,7263,3661,2977,6602,
5/21/2023,121881,28918,20722,20815,12055,14231,17034,66296,32833,18111,3550,2624,5767,3022,2624,7462,3267,3005,6984,
5/22/2023,126695,30661,22001,22075,13747,16896,18338,53100,31213,20744,3773,2682,6776,3339,2861,5870,3370,3231,7488,
5/23/2023,132757,31133,23170,22776,16108,16608,23220,40182,32461,23418,4385,2601,6550,3685,2981,5200,3980,3470,8042,
5/24/2023,138724,34773,24582,23895,17729,18213,23796,50916,34413,26073,4783,6056,6416,4682,4453,6139,4527,3418,11056,
5/25/2023,138304,36494,24763,22527,17925,15804,24211,54610,32660,28658,3998,4787,5974,3717,3112,5495,4068,3720,8913,
5/26/2023,136755,35332,23267,21493,18926,14721,26805,59183,33562,25378,3984,4438,5769,3690,2961,7623,3791,3154,6752,
5/27/2023,127799,32828,20900,18819,16188,14294.5,25651,65649,30760,24022,3223,4336,5019,3379,4374,8928,3099,3405,6546,
5/28/2023,123464,31435,19119,17418,16356,14943,24252,56158,29862,22528,3505,4048,5197,3399,3832,8326,3481,3209,5804,
5/29/2023,135317,35396,18953,19958,18514,15608.5,26925,50142,31392,23397,3735,3945,5673,3706,3903,7361,4035,3326,6978,
5/30/2023,139416,33530,24457,23144,17258,14680,27309,44192,31785,26373,4124,3385,5252,4016,3399,6113,3478,3032,6386,2
5/31/2023,132336,33634,26402,22763,17030,15492,28039,62508,31979,30767,4198,4746,5595,4917,3386,8157,3851,3714,5672,0
6/1/2023,125407,31783,22512,20484,16958,15186,21782,33506,30012,23224,3995,5357,9765,3835,3533,6471,3734,3274,5175,0
6/2/2023,122160,32238,21998,19178,18849,14619,20208,42056,28284,19325,3775,3893,11089,3974,3506,8150,3343,3367,4859,1
6/3/2023,119263,34810,22850,21049,18191,13998.5,21702,51131,25960,19704,3401,3362,11580,4150,3173,10331,3063,3902,4285,0
6/4/2023,122311,40258,18366,13823,19728,14734,21739,55665,29869,20634,2897,3305,9304,3787,3013,14552,3176,3615,4619,0
6/5/2023,126240,43449,20327,18967,20854,15538,23769,44028,40073,22964,4185,4829,10380,5377,3500,8395,4092,4173,6505,1
6/6/2023,117481,39306,20859,21058,18159,15278,22953,45722,35745,20573,4243,3996,8912,4794,3575,9142,4341,4080,4737,0
6/7/2023,112984,41809,19317,19885,19169,14125,23280,47902,34272,19104,4378,4199,6718,5139,4483,8013,4142,4118,4489,0
6/8/2023,116636,43266,22855,19880,20806,13918,22393,44016,31432,21339,3779,5850,7059,4273,3324,6986,3768,3805,4443,0
6/9/2023,116090,42807,26653,20637,21829,13779,27614,44669,31535,24352,3866,4294,7395,4091,3133,6887,3904,3866,3824,0
6/10/2023,116856,48090,26159,22863,27310,14611,26934,45113,35612,22340,6123,5651,9690,7223,4098,6501,6065,5221,5095,0
6/11/2023,105279,46319,24788,18904,23825,13367,25154,50714,27473,25805,3993,4422,11696,3819,3184,8354,4445,5313,3845,0
6/12/2023,113225,47278,29773,19518,22639,13319,29122,54005,34663,25417,4596,4466,12581,4649,3166,9114,4709,5264,10430,3
6/13/2023,109072,40672,27232,19805,17546,14057,25541,50953,32956,21883,4299,5335,9781,5002,3012,12566,4737,5222,4994,3
6/14/2023,110098,45626,29515,19111,20783,14484,28234,46391,34072,20828,4133,7808,9549,4851,2857,15287,4155,4603,4417,0
6/15/2023,113058,49878,30242,20099,27993,14467.5,30484,43365,33936,19109,4466,6354,8751,4617,2818,13740,5009,4841,4644,2
6/16/2023,120291,39290,31424,18786,20429,13193,25216,42420,30526,19741,4953,5866,8240,4478,2483,14030,4276,7197,3778,0
6/17/2023,107699,38616,28618,18260,18363,12591,24913,41819,28315,18991,5017,5635,8210,4266,2326,14006,3898,4788,3725,0
6/18/2023,100137,34896,25319,14703,18290,13479,22708,41479,28485,18031,4567,11832,7250,3660,2225,12993,3667,4333,3249,0
6/19/2023,109466,42139,26805,17704,24020,14465,24970,42042,30810,19698,4608,7522,7666,4375,2341,14837,3674,4001,3943,0
6/20/2023,115061,40144,28716,18734,20826,15037,25899,47683,32897,24243,4901,6521,9339,4215,2334,15595,3864,4358,5014,0
6/21/2023,122989,45465,39918,20713,23338,15050,27585,45924,38643,26672,5424,7069,10958,4613,2372,15582,4675,5125,4643,0
6/22/2023,116690,35305,33553,18718,15015,12821,23363,43853,32905,21280,4859,6986,8926,3884,2179,14959,4454,4221,4049,0
6/23/2023,115494,36365,27768,17387,17197,13200,24397,42323,31709,18382,4014,5589,8512,3816,2142,16154,4134,4574,3477,0
6/24/2023,98924,32537,30788,16272,15725,11699,21766,47502,27961,22349,3589,5088,6942,3850,2255,17639,3486,4372,2805,0
6/25/2023,102650,31685,27675,16969,14794,12220,22632,54289,28678,19551,5252,5322,7865,3898,1985,21009,4320,4599,2740,14
6/26/2023,117166,33211,28667,18359,17206,13578,22243,56028,30483,20704,4738,6156,8351,4548,2031,23228,4656,9273,3330,16
6/27/2023,129942,33205,30517,19260,18034,14943,22182,53467,29070,21938,3800,11857,9262,3731,1901,22759,4139,4459,3314,9
6/28/2023,118263,31981,29105,17572,16022,13022,21495,57728,28601,19834,4860,10040,8152,3729,1857,46774,4034,4326,3020,17
6/29/2023,135819,35909,38944,22330,17043,12802,21843,57561,42527,20240,3843,9855,8552,3682,1733,32967,4220,4015,3490,30
6/30/2023,135533,36932,23145,19228,19179,13234,25108,53860,33356,22104,4891,6450,9027,5363,1843,25634,4209,4562,3500,18
7/1/2023,124727,34879,29360,16400,18888,11796,23258,54110,28021,19745,3740,4796,7405,4152,1907,20777,2945,3553,2932,411
7/2/2023,120484,34232,30825,16266,19554,12831,22964,57878,25943,20173,3205,5479,7355,3587,1728,23674,3515,3842,2854,409
7/3/2023,143608,34481,33201,20041,17714,13805,22026,56094,28761,22446,4114,6357,9193,4630,1901,13417,4618,3984,4759,807
7/4/2023,121304,31395,29396,19129,16076,13351.5,20404,56513,28712,19289,5254,5049,7910,3258,5139,16945,4030,4092,3508,1385
7/5/2023,104027,30322,25616,16551,15329,13411,18680,27371,32525,16861,3783,4706,7949,4046,3831,9789,4779,4321,3814,861
7/6/2023,122036,32378,30498,18362,16340,19077,21794,35016,31294,17720,5060,6843,8608,3916,3082,11377,5677,3947,3548,651
7/7/2023,121763,30980,26990,17797,15542,17214,21753,48962,29004,18761,3600,6768,8347,2878,2555,17652,4624,3702,3700,145
7/8/2023,118614,29885,27056,17508,15147,15461,22216,60022,27202,19577,3673,5507,7903,3255,2628,21443,4193,3732,3671,246
7/9/2023,114033,29550,29153,17104,15156,14457,22524,59867,27315,18986,3575,6666,8014,3458,2296,19950,4217,3911,3429,221
7/10/2023,125194,33148,26761,18248,17179,15496,26002,58339,32232,20549,4073,7367,8653,3801,2488,21590,4540,4264,3260,160
7/11/2023,121630,32773,23925,19742,16636,14402,26271,55770,31277,20254,3553,6033,9025,3327,2244,19390,4233,4097,3623,228
7/12/2023,123854,32548,24716,19347,16206,12926,25425,56663,32758,19033,3843,6444,8381,3131,2546,19278,4443,4019,3186,1273
7/13/2023,131060,35835,22242,20534,16413,12213,27075,52058,36296,20205,4727,7079,8905,5272,2846,18749,4873,4534,3541,2080
7/14/2023,135802,38529,26446,23250,17406,7950,30269,51467,34975,20418,4806,7746,9064,4638,2706,18898,5355,4679,3512,2166
7/15/2023,126885,32483,24433,18647,14501,12575,24638,67101,30752,17688,3384,6075,7756,3389,2076,22432,4190,3649,2785,2996
7/16/2023,122243,31971,23458,18217,14506,11953,23137,62150,31325,17115,3395,5370,7441,3402,2003,20748,3941,3539,3166,2782
7/17/2023,125844,33071,25401,19367,14773,12843,25492,56449,34829,17978,3804,6854,8851,3983,2320,18625,4264,3987,3362,2306
7/18/2023,133685,35786,30504,18287,15188,12064,25227,46794,34299,17233,4222,6662,8683,3676,2079,16847,3682,3605,3541,1802
7/19/2023,126753,35632,26787,18878,15563,11260.5,23584,56740,33640,19132,3948,13053,8470,3593,2147,19714,3557,3367,3040,2368
7/20/2023,125214,35480,23833,19228,15441,11584,22324,53103,35981,18396,3895,4529,8873,3481,2033,20696,3937,2966,3172,1994
7/21/2023,121581,33844,23101,19179,14933,12085,25562,50887,32717,19094,3514,4239,8528,3274,1927,21531,3556,2881,2949,1892
7/22/2023,123730,32638,24168,18093,14132,10819,25557,62987,31283,19981,3535,3769,8360,3094,1852,25454,3579,3526,2766,2885
7/23/2023,124985,31599,21434,17794,13753,10655.5,24739,62321,30335,18541,3336,3041,9029,2919,1995,24363,3719,3197,2637,2963
7/24/2023,128939,33811,20859,19629,14506,11359,28201,48925,33783,19532,3520,3280,9033,3691,2421,20251,4212,3664,3128,2498
7/25/2023,126085,34677,21692,19171,13018,11503,24973,64617,34315,18330,3546,3323,6940,3220,2702,28734,3835,3586,2789,2201
7/26/2023,129121,35385,21310,18793,14099,11906.5,27022,66290,35145,18338,3436,3795,7062,3163,3003,26373,3722,3861,2753,3334
7/27/2023,125296,37196,21094,17995,16402,13084,25052,55476,35608,17259,3264,3032,7317,2505,3562,24229,3801,3716,3434,3397
7/28/2023,130955,34888,20178,18247,14212,11581.5,19974,44525,47664,17240,2704,3211,9700,2267,3252,19108,3344,3248,2827,3131
7/29/2023,124934,33298,21972,16838,13483,10291.25,19124,63702,47603,14676,2586,3009,7786,2273,3934,24617,3436,3205,2560,4563
7/30/2023,122341,34354,21777,16868,14062,11920.67,20279,72044,47026,15375,2842,4491,7986,2685,3955,24630,3914,3491,3078,5106
7/31/2023,128289,37931,22135,19020,14986,15113,21384,65371,46136,15425,3338,3922,7821,2858,3649,22981,4175,3909,3153,4244
8/1/2023,121208,35662,20973,18750,15068,13271,20739,54457,47391,13540,4092,3823,8041,3476,3396,23014,4540,3898,3200,4142
8/2/2023,120586,36388,20270,18151,15967,12019.33,23711,56721,45825,14933,3632,3476,8468,2757,3210,24359,4132,3511,3089,4714
8/3/2023,126596,36385,19215,18770,16571,11516.5,26162,59983,45764,14446,3947,3427,8203,2799,3003,24474,3686,4071,3142,4930
8/4/2023,120088,34582,20067,17879,14887,12276,24533,58181,42406,14899,3960,3530,8210,2563,2974,28652,3910,4073,2952,5590
8/5/2023,115828,34547,19596,17289,14451,11794,23963,64123,46892,14143,3692,3066,7475,2664,2815,33306,3480,3249,2436,6802
8/6/2023,111894,33277,19379,17212,13394,11741,23095,68451,45972,15296,3043,3055,7745,2485,2833,32099,3392,3177,2498,7090
8/7/2023,120125,34987,18894,18239,14832,11513,24309,56208,44444,14032,3403,2753,8315,2688,3016,27132,4109,3766,2734,5015
8/8/2023,121716,33769,17936,18736,14233,11583,23111,58485,42952,13987,3415,2911,8935,2670,3024,27694,3924,3821,3030,5249
8/9/2023,123806,32746,20996,18774,13631,11997,22147,60829,41780,13647,3349,2989,8663,2914,4828,28480,3756,3368,3183,5683
8/10/2023,117957,30974,20473,17294,13309,11274,22908,56064,42835,12324,2949,3063,8429,2467,4697,26480,3674,2886,2773,5581
8/11/2023,122222,30666,19059,17097,12571,12117,20704,59490,44455,10546,2808,2806,6752,2621,3059,25757,3474,2788,2546,5427
8/12/2023,112653,31314,22244,16938,12009,11856.5,18792,67689,62194,9125,2560,2459,6470,2628,4907,29445,3154,2651,2344,7819
8/13/2023,111041,30480,19619,16422,12572,11427.25,18920,66148,47849,11805,2756,2771,6501,2532,3950,29950,3415,2465,2495,6923
8/14/2023,110804,32775,18098,17953,13272,12854.5,18958,57417,46995,11206,2547,2728,6608,2744,4070,27637,3611,2702,2570,6061
8/15/2023,123067,32699,18590,18365,13718,12838.5,20052,50498,43838,8950,3327,2847,6892,3121,3993,27460,3671,2724,2643,5445
8/16/2023,120522,32226,17931,17642,12825,12947.33,18882,45131,44529,12870,3184,3621,7101,3153,4089,22441,3609,3105,2747,3758
8/17/2023,120012,31230,18456,18137,12970,24795.5,18012,46137,44843,9090,3738,3005,8822,4103,3962,23209,4550,3930,3121,4108
8/18/2023,120425,32106,20082,17866,12847,25831.33,16713,49030,42258,10113,3076,2807,8284,3507,3740,23324,4088,4271,2973,4269
8/19/2023,110875,27996,18447,15546,10770,17773,15283,64869,44355,8977,2390,2349,6922,2719,3566,29025,3292,3491,2186,7052
8/20/2023,105325,27346,17615,14653,10567,14299.25,15523,64542,45075,8383,2230,2383,6482,2482,3355,26883,3377,3203,2312,6302
8/21/2023,119130,28610,18469,15613,11162,17233,16751,57020,44168,8666,2798,2203,6575,2863,3515,26960,3810,3647,2462,5554
8/22/2023,118305,28240,20605,15865,11091,16023.25,15710,51176,45123,8392,2890,2241,7050,2724,3300,24763,4787,3749,2944,5322
8/23/2023,115996,27282,16493,14897,10780,14518.67,16682,60270,47532,9733,2605,2294,6532,2553,4424,26619,3475,3905,2728,6376
8/24/2023,113567,26805,16271,15521,10728,13885,15153,70436,44980,10012,2427,2082,6607,2026,3047,28880,3594,3195,2572,6623
8/25/2023,106209,27329,14942,15878,11148,14519.5,14391,53491,40839,8244,2468,1980,6001,2082,2867,27038,3303,2685,2237,5473
8/26/2023,97723,27856,14585,14613,10293,12366.8,14580,71325,46659,8265,2011,2208,5824,1780,3971,37804,2970,2500,2048,8313
8/27/2023,92525,26403,14698,13003,9928,12914.25,13249,68949,44948,7665,2095,2281,5641,1838,3289,34575,2589,2733,1951,7808
8/28/2023,102241,26682,14972,14458,10407,13162,13346,50013,41982,7150,2447,2838,6379,2073,3284,26588,3167,2512,2463,5357
8/29/2023,105816,27812,15394,15277,11098,13264,15444,52905,42790,8173,2697,3381,7340,2772,3115,26987,3570,3148,2779,5610
8/30/2023,104672,27332,13683,14602,10435,12899.8,16075,58501,40515,7934,2140,3621,7253,1998,3158,26406,3104,2638,2588,6392
8/31/2023,106850,28980,16510,16425,11221,14338,15865,70733,50332,9118,2799,3765,7481,2422,3162,30278,3935,3167,2668,7103
9/1/2023,99672,26532,16237,16100,10165,13185.5,14260,56968,49022,7990,2753,2863,6985,2458,2959,27690,3385,2870,2265,6874
9/2/2023,91348,23070,13030,13116,10019,12330,12313,66247,48265,7314,2119,2575,5825,2163,2670,32117,2621,2300,1990,7882
9/3/2023,88263,22772,11911,10723,9565,12344,12799,63805,47128,6786,1881,2646,5700,2075,2721,29372,2708,2440,2070,8610
9/4/2023,94550,24298,12483,11677,11547,13264,13637,59056,44482,7216,2515,3996,5934,2832,2567,27517,3221,2748,2130,7804
9/5/2023,99571,25171,13431,13705,10218,12124.5,15006,60766,47678,7576,2213,3433,5915,2518,2316,30480,3329,2561,2424,6717
9/6/2023,100411,24476,13337,13836,10839,11568,14549,55495,43867,7558,2395,2988,6131,2862,1971,28543,3526,2787,2602,5831
9/7/2023,97680,24643,13999,14606,10535,12299,13938,62238,46500,7389,2325,2954,6042,2980,4536,30304,3523,2559,2430,6583
9/8/2023,95783,25404,14205,14612,10414,11305.5,13470,60931,49497,7365,2368,2871,6142,2639,1990,31016,3311,2712,2466,7434
9/9/2023,85210,22255,11531,10799,8855,11420,12457,62286,45464,6846,1879,2324,5162,2447,1793,31233,3082,2308,2756,8010
9/10/2023,83902,21804,12535,10618,9821,11119.5,12303,61713,46514,6999,2070,2477,5440,2727,1808,32042,3708,2536,2136,8566
9/11/2023,94615,23292,13555,14085,10151,10770.67,13553,55140,45306,7528,2618,2730,6447,2911,1888,29938,3745,2966,2386,5878
9/12/2023,90211,22944,12177,11773,9806,10303.67,13016,53228,43232,6851,2711,2641,5837,3228,1871,28855,3541,2582,1998,6238
9/13/2023,84657,22861,15444,12123,9429,11946.67,12353,47418,38079,6138,2111,2718,5358,2635,1754,24167,3255,2361,2085,5410
9/14/2023,97252,24527,16853,13250,9776,11144,12435,53822,45850,6929,2581,1982,5847,2778,2001,28169,3135,2440,2353,6702
9/15/2023,95577,24741,14902,13732,9506,10687,12505,53485,43955,6807,2533,2589,5925,2607,7226,29900,3209,2411,2236,6435
9/16/2023,82783,23737,13490,13363,8842,10252,11437,61394,44887,6763,2059,2248,5279,2328,3072,31881,3041,2177,2086,7752
9/17/2023,78163,22487,12955,12824,8756,10174,12262,62953,45193,6585,2251,1678,5440,2361,2463,31561,2822,2053,2112,8138
9/18/2023,91304,23858,13723,14435,9746,11307,13178,52289,46150,7011,2641,2526,6327,2552,2435,29242,3351,2461,2538,7127
9/19/2023,95326,24115,15012,14529,9795,11285.25,14207,58788,46008,8049,2543,2514,6135,2337,2201,32666,3460,2289,2857,7703
9/20/2023,93745,24321,14799,14696,10128,10666,15165,59165,46039,7421,2441,2642,6500,2234,2571,31522,2841,2386,3034,7189
9/21/2023,87111,24207,14814,13925,9983,9935,14287,55332,47361,6910,2457,2797,5628,2406,2601,31915,2872,2441,2703,6836
9/22/2023,88820,24448,17700,14324,8955,9170,12948,55172,50262,6064,2469,2255,4747,2978,2396,33022,2830,2499,2840,7663
9/23/2023,81135,22222,15632,12945,9101,8557.33,11630,57975,45828,5366,2022,1826,4649,1961,2196,31089,2609,1815,2454,8789
9/24/2023,81864,22163,15541,13020,10179,9886.5,11580,56492,47903,5300,2277,1783,5272,1976,2078,30842,2661,2040,2128,8923
9/25/2023,86360,23872,15936,14883,10162,10452,12910,53710,42833,5861,2417,2185,5340,1966,2093,30437,2939,2348,1799,8313
9/26/2023,86666,23321,15109,15292,9217,10839.25,11648,52155,46412,4935,2399,2841,4945,2208,1975,28706,2950,2305,1762,7668
9/27/2023,88138,23432,15344,14531,9794,12311.75,12515,55156,47868,5847,2189,2886,7238,2539,2163,30928,3548,2402,2129,8580
9/28/2023,89949,27506,15999,14685,11498,10685,13712,55119,43315,5611,2373,2487,6868,2064,2152,28285,3873,2500,2611,6896
9/29/2023,91778,28514,17809,15647,10654,8674.8,16256,53026,42765,5470,2375,2836,6143,2157,2036,29212,3545,2323,2205,6735
9/30/2023,115596,23761,16005,14740,9275,10162,13621,67727,46536,5510,1925,2633,6839,2288,1940,30223,3265,1979,2006,8452
10/1/2023,87497,22985,15241,14405,10072,10799.33,12017,52810,42878,5534,2287,2646,6392,2164,2005,25704,3511,2146,2479,6960
10/2/2023,96027,25592,16198,15280,9577,10641.5,12803,43857,40229,5947,2376,2783,6048,2435,2261,24768,3794,2245,2541,5903
10/3/2023,96809,30975,15930,14407,8849,9825,12906,45757,41119,5472,2206,2720,5448,2116,2190,29446,3364,1971,2196,6066
10/4/2023,91475,25093,16802,14788,8896,9871.5,12319,45684,42077,5414,2323,2539,4732,2481,2798,26203,3412,2071,2119,7077
10/5/2023,87048,27716,15453,14688,12538,8833.5,11384,47061,43047,5246,2090,2067,4300,2120,2708,26976,3419,1953,2139,6573
10/6/2023,89544,22674,15222,14295,8604,9968,12010,48866,43282,5658,1969,1909,5842,2224,2545,27198,3249,1814,2311,7181
10/7/2023,88019,25348,14203,13455,8460,9025,11343,53935,45307,5591,2040,2044,5712,2109,3356,32061,2911,1462,1853,9187
10/8/2023,79653,22167,12837,12622,8057,8639,10563,53657,44285,5047,2263,1764,5760,2167,3140,30780,2995,1607,1947,6989
10/9/2023,86743,22842,13379,13898,8492,8655.8,12053,49103,41917,5239,2343,2176,6110,2357,3050,30915,3437,2201,2198,6611
10/10/2023,86126,22694,13442,13407,8451,11117.33,11370,50602,40503,4799,2233,2292,5358,1985,2775,32178,3305,1896,2145,7442
10/11/2023,86977,22143,12905,13565,9371,9210.5,11031,47677,41932,4799,2381,2249,5200,1859,2653,30634,3829,2119,1966,7803
10/12/2023,88090,22233,13892,14117,9094,9251,11395,47139,40349,4795,2088,2243,4690,1912,2772,29189,3718,2063,1932,6866
10/13/2023,82462,21158,12633,13172,8623,8726.5,10188,46878,39929,4728,1836,1824,4222,1754,2403,29090,3641,1750,1930,7127
10/14/2023,77332,20917,12567,12929,7999,9298,9813,45721,39070,3775,1552,1900,4295,1984,2317,29189,2861,1453,1826,7205
10/15/2023,80860,21162,12656,12135,8307,9033.2,10050,45350,38842,4003,1786,2063,4803,2047,2278,28010,2756,1604,2666,7069
10/16/2023,90318,22511,13155,13767,9397,20160.5,12099,43659,42033,4837,2103,2067,5250,2462,2389,27904,3584,2495,2699,6316
10/17/2023,96069,22562,14240,14151,9629,12138.25,11478,49020,41763,4781,2296,2924,7181,2713,2329,30562,3517,2135,2319,7704
10/18/2023,89040,21744,14961,13836,9110,35103.67,11570,45718,40652,4912,1940,1666,5068,2225,3699,28893,3507,1986,2331,7454
10/19/2023,92020,21702,15780,13931,8774,34812,10625,42875,41448,4838,2026,2427,4924,2169,2486,27490,3444,1957,2596,7925
10/20/2023,93835,23436,17130,15011,8865,26312,11659,39428,39316,4739,2136,3315,5388,2559,2404,25527,3342,2282,2543,6325
10/21/2023,88161,23455,15760,14222,9112,35365,11111,44887,38926,4462,2576,2491,5053,2428,4105,28308,3493,1931,2199,7051
10/22/2023,87418,23431,15530,14606,8807,23558.5,11344,47107,39238,5267,2691,2476,5274,2547,3306,28220,3638,1573,2443,7437
10/23/2023,102335,26586,17020,16886,10084,23900.33,12638,40155,41496,5907,2795,3646,6222,3360,3304,24901,4362,2812,3271,5456
10/24/2023,114358,29049,21271,19105,10718,37130.5,13867,30172,42293,6463,3046,4346,6912,3618,3795,19644,4866,3116,3302,3927
10/25/2023,114241,26661,19955,17168,9950,12583,12423,39312,42805,5868,2627,3422,5967,3545,3171,22873,4266,2278,3084,5520
10/26/2023,112356,26026,19393,16493,10343,11424.5,12588,32521,39948,6256,2846,3423,6282,3148,3075,21646,4228,2279,3395,4067
10/27/2023,117323,26256,17729,15281,9312,9602,13145,37978,45963,5460,2886,2654,5534,3407,2712,23088,3581,2118,2955,5489
10/28/2023,106731,25143,15853,14514,8804,24035.33,12606,46298,46338,5304,2335,2356,5129,2729,3139,26004,3454,1532,2905,7518
10/29/2023,96168,24395,14859,13850,9298,21679,11378,48438,46081,5220,2393,2630,5304,2570,3687,26558,3401,1664,2894,6664
10/30/2023,100764,25829,14800,15739,10246,36919,12363,43069,45933,5769,2470,2795,5646,2914,3558,24057,3571,1889,3196,5712
10/31/2023,114405,25692,14485,15109,11285,41656.5,17061,43073,43507,5751,2571,2773,6008,3001,4449,22204,3659,1897,3205,5092
11/1/2023,113171,27393,15446,15715,12376,32556,14410,37010,43985,5621,2875,5409,6592,3210,5725,21090,3945,2494,3871,5383
11/2/2023,110764,29959,18059,16678,10579,27773,13619,29780,46458,5308,3385,3313,6460,4165,5812,18893,4187,2852,3920,4309
11/3/2023,108570,27707,16757,15579,10085,17400,13535,36299,44378,5215,2890,3181,5753,3212,6435,21997,3934,2544,3319,5807
11/4/2023,108019,27934,17786,15942,10688,25567,13079,47057,47481,5842,2853,2587,6563,3386,7211,25376,4322,2427,4173,7585
11/5/2023,110272,28898,17697,16134,11108,27568,14460,45293,48711,9240,3222,3491,6917,4339,7495,24152,4310,2824,4276,6885
11/6/2023,109360,30514,16379,18155,13257,82741,14797,29126,45440,7939,3335,3462,6551,4358,4576,16756,4803,3567,3931,4886
11/7/2023,119623,31469,13685,17463,13252,53872,16352,29600,43945,7067,3037,2848,6050,4026,4280,18498,6194,6904,4212,5243
11/8/2023,126956,33748,15370,18176,13325,40865,16267,32588,44404,6712,2961,3143,6669,4245,6192,19639,5823,6511,4576,6203
11/9/2023,123072,37023,15757,19305,14868,27881,16790,21888,46441,7849,3836,3510,8046,5183,6156,15464,5763,5015,5680,3963
11/10/2023,121244,30543,15116,17484,13932,28574,15348,22494,39708,7510,3063,3354,7353,3546,5700,13114,4853,4888,4807,3162
11/11/2023,120614,29921,17166,16540,13200,16606,15477,40893,45742,8845,2690,4307,6430,3783,5276,21359,4730,5705,4187,6923
11/12/2023,110611,28759,15279,16325,15133,17145,14551,46950,44098,9458,2980,4618,6709,4277,4883,24951,4685,3398,3711,8398
11/13/2023,107604,29198,13586,16923,14343,18646,13561,24122,40177,7786,3795,3194,6467,4493,5315,13987,4697,2313,3606,3472
11/14/2023,111803,31249,13837,17061,15762,15307,13771,31628,41059,6786,3441,3431,7028,4168,5259,17106,4639,2524,3995,5405
11/15/2023,112570,32195,14150,17530,14182,15217,13846,32957,43716,7457,3201,3595,6854,3621,6091,16355,4511,2415,4051,5547
11/16/2023,107197,30201,13301,15335,10409,14973,13891,27644,43503,8828,3002,4621,6165,4298,5861,15421,3805,2563,3942,4513
11/17/2023,112850,30921,13646,15850,14078,14063,14031,39957,43809,8642,3131,3233,6430,4047,5160,19118,4371,2495,3661,6277
11/18/2023,108173,28948,13376,15130,13487,13284,13406,51756,46802,7344,2816,2335,6056,3795,5444,24080,4273,2330,3498,9431
11/19/2023,106534,29291,14266,15948,12445,14847,12967,59567,50009,7953,2793,2047,5836,4078,4877,27997,4392,2722,3671,11289
11/20/2023,109900,29687,13258,16354,12825,14991,15377,31203,43669,7463,3764,2159,6140,4629,5528,14730,4285,2248,3706,5804
11/21/2023,108664,30684,12769,17911,13817,13889,23767,28575,47377,6435,4480,2580,6921,6507,5918,14556,4547,2618,3927,6173
11/22/2023,112649,29368,12446,16063,12368,13552,29874,29546,44142,5618,3390,1979,6853,5454,6847,14000,4258,2108,3877,6236
11/23/2023,105433,28578,12666,14295,11224,12673,29771,33681,43869,6468,2693,616,6823,4227,6401,16784,3367,1721,3438,7281
11/24/2023,104386,28420,12616,14101,9478,12863,29634,40657,47370,7266,2521,796,6442,3735,6253,19754,3049,1150,2991,9983
11/25/2023,110593,28876,14594,13017,13387,11882,25682,65044,56435,8063,2490,954,6501,3217,7307,30452,3751,1436,3178,14495
11/26/2023,108599,32122,13662,14734,13234,17864,17087,61779,56375,7702,2753,927,6527,3575,6557,28897,3961,1576,3173,13619
11/27/2023,114113,29702,14498,15421,13803,15094,15632,42502,48177,7121,2953,1586,7051,5350,7434,18664,4086,1630,3241,8281
11/28/2023,110068,28187,13693,14981,12778,13837,12711,36610,45530,7228,2731,2150,6911,4213,6353,14936,3629,1533,3317,7111
11/29/2023,112622,27539,14661,15876,12236,14634,12410,35240,44823,7849,3106,2066,6308,3444,6893,15804,3648,2105,2994,7517
11/30/2023,113247,28099,17998,15755,10612,14946,11379,40675,46167,7137,2679,2465,6018,2986,7300,17843,3178,1783,3214,8392
12/1/2023,119687,29526,18581,16690,12407,15977,11509,26807,44089,8129,2804,3136,6439,3570,6865,12376,3395,2156,3714,5906
12/2/2023,117260,29521,19157,16810,14110,14567,11745,40667,47770,7751,3099,3262,6979,3015,9788,19015,3513,2458,4162,9420
12/3/2023,119124,33143,19175,16530,14427,15197,13071,54340,50644,7983,3236,2697,7083,4323,8105,22341,3732,2539,4538,11999
12/4/2023,130687,39257,19081,18878,14864,17417,13891,31994,52072,9199,4118,3485,8642,5334,8953,14001,5409,3223,6172,6277
12/5/2023,132895,49847,16988,18602,14005,16273,13053,77125,52471,8766,4223,3173,7612,5677,9009,14563,3795,2692,5481,8081
12/6/2023,128365,46823,16262,19310,17598,17567,12462,86190,57803,11019,4262,1810,7472,5174,9537,18088,3756,2547,4711,10957
12/7/2023,125257,41660,17254,18492,13629,15578,13471,59962,56640,11446,3847,1856,7213,4506,13047,18366,4141,2671,4716,8408
12/8/2023,128197,43220,19905,20055,14723,20889,14069,53008,59721,17885,4029,2566,7628,4723,10484,20125,3934,2763,4426,8230
12/9/2023,128838,43125,22124,21359,14731,21764,16092,71097,64056,23480,4470,6036,7994,5494,7370,26565,4438,3199,4164,9955
12/10/2023,128757,40876,22232,19708,15532,21594,16504,81241,64158,25509,4162,4231,7962,4234,5997,30182,4494,2965,4482,12696
12/11/2023,131400,40245,19737,20769,15144,22971,15681,64263,63347,29105,4480,4241,9852,6536,6723,24463,4715,3600,5455,9099
12/12/2023,123269,40011,18578,19908,13285,32197,14432,54592,58206,36908,4568,4280,7742,5186,7437,20188,4129,3283,4939,7748
12/13/2023,121247,41209,18344,19080,12765,26020,13898,48777,58922,24540,4012,3639,7072,5474,8689,18422,4075,2806,4557,7452
12/14/2023,121949,39691,17539,20011,13069,27309,12781,40964,57846,19905,3817,4497,6126,4114,8085,17232,3999,2649,3784,6308
12/15/2023,118484,37507,17005,19788,12132,26311,13816,36156,57404,18888,3531,4526,5597,4440,9351,14287,4382,2739,3084,5411
12/16/2023,115951,36169,15814,18632,11502,29403,12324,34569,52969,22328,3187,6410,5815,3542,10911,14872,2985,2320,3991,5130
12/17/2023,111784,34855,16889,18703,14572,32293,15554,52326,55690,20080,3270,5087,6162,3209,8425,20673,3627,2455,4252,9208
12/18/2023,116276,37149,15899,20406,19516,29136,18099,46245,58355,20983,3630,5860,7292,4327,10553,18787,4079,2686,4049,6778
12/19/2023,124390,39391,18086,21485,19309,30768,18364,40770,55987,18763,3688,8110,8480,3462,9494,18375,3963,2795,6478,7688
12/20/2023,120062,39099,16924,20387,17202,30356,16265,41537,57663,19681,3713,8784,7236,3673,11936,18274,4219,2459,5894,6573
12/21/2023,129037,40462,19425,20793,15118,28270,17044,52873,65393,20548,3865,10979,9659,3595,13492,24859,4157,2844,10170,8754
12/22/2023,136693,37952,22986,20631,15592,26377,23925,57558,63582,21739,3858,9368,13269,4108,9748,26594,4487,2997,15006,9446
12/23/2023,126887,36725,25564,19086,14532,21703,24025,73114,62699,16553,3625,6433,9987,3077,9363,29121,4957,2506,8484,13628
12/24/2023,115838,36923,23081,19078,14616,22036,19290,68230,63255,14128,3831,6573,8399,3889,10516,27933,4485,2813,8672,11870
12/25/2023,112673,35935,21529,18578,15939,21483,19601,54321,60264,15221,3886,9004,7454,3873,14017,24686,4844,2690,4929,9349
12/26/2023,131903,40925,22827,20676,17068,26009,18590,77751,78674,15938,5092,7883,9289,6300,11932,30870,5477,3317,5587,14519
12/27/2023,141874,44041,23823,22431,19286,23147,20024,70047,76772,17662,4875,6538,11285,4535,12297,26497,5044,3361,8437,10636
12/28/2023,139097,43065,23753,22000,17082,23084,20105,64730,76978,19598,4927,9847,10938,5322,13353,24583,4988,3592,11837,9633
12/29/2023,129326,38443,21955,19521,16468,21968,17178,64614,70673,21103,4086,6644,9397,3899,12142,23749,4517,2863,11025,10392
12/30/2023,118730,35517,22694,18528,15817,22061,15034,67503,74393,21379,3539,4213,8071,3886,11541,24820,4180,2824,10048,12141
12/31/2023,112395,33325,22842,18077,14689,21039,16662,69897,63306,23876,3354,4157,8089,3143,10352,26473,4224,2701,10072,12696
1/1/2024,114464,29651,21953,18446,15103,25102,15783,65058,58802,18334,3261,3700,8604,2487,9254,24444,4565,2691,9347,12831
1/2/2024,128443,33489,24307,21420,16449,43834,16688,63386,65162,22809,3874,4564,9839,4208,12058,22807,5266,3163,10733,13249
1/3/2024,132175,33979,22738,21340,16677,64972,17684,55680,70177,22212,4775,5018,11291,5134,13697,21886,5538,3348,7544,9960
1/4/2024,133984,33456,24408,20574,15538,65706,17730,60801,72472,22442,4132,3950,11014,3466,12200,24184,5140,3200,6743,12027
1/5/2024,125407,31904,24726,19275,15174,50249,15962,63598,65560,18178,3818,4094,8922,3503,14519,23768,4903,3165,5263,11932
1/6/2024,118116,32964,25380,17634,15287,52362,15143,61393,59906,13009,3868,4340,9249,2669,11934,22281,4496,3409,6762,11773
1/7/2024,106065,30684,21377,16639,17574,44366,16280,50806,51732,13644,3496,3625,9321,3132,10891,16781,3949,3000,9475,8583
1/8/2024,125406,32714,23965,19452,17143,46766,16449,59874,62525,16861,3645,4294,10729,3247,12809,20486,5191,3886,6913,11969
1/9/2024,126790,33626,24335,17575,17374,51204,22243,61438,63827,13871,3774,3957,10204,3699,11344,21588,5140,3672,7255,12407
1/10/2024,120407,32179,21626,16577,15671,48198,17512,47066,60588,14187,3914,4119,11176,3770,12515,18019,5670,3091,6404,4161
1/11/2024,134433,37649,23038,19439,16744,46917,18656,47523,65848,21670,4268,4040,11441,3834,14157,18966,5737,3537,7394,9480
1/12/2024,127668,34556,21327,20672,15832,39866,15575,51208,61164,15274,3666,3936,9860,3362,12141,20265,5560,3187,6051,9944
1/13/2024,125629,34897,19373,18050,14670,39126,14115,63796,58868,14737,3096,3604,8765,2639,8336,22228,4686,2939,4735,13621
1/14/2024,106793,29096,16462,14587,13859,42280,12595,47088,51180,10343,3147,3485,8156,2748,14697,16029,4156,2522,4353,8737
1/15/2024,131842,34278,19080,13550,15822,42275,15616,57701,60212,12193,3205,3715,9624,2684,12249,20571,4774,2811,4594,10366
1/16/2024,129821,31659,18360,13772,16619,45584,15196,47446,54693,12317,3238,4019,9074,2310,11668,22980,4682,2782,4571,9041
1/17/2024,150046,46760,17434,15683,16708,45086,16832,41375,53308,12967,3372,3394,9234,2482,15187,21201,4849,2684,4971,7334
1/18/2024,137079,36974,17829,18816,19643,35061,15936,43880,54068,16002,3435,4578,9969,2803,14315,20470,4849,2927,5745,7816
1/19/2024,135446,33245,18273,18279,19547,66171,15401,45493,57695,11642,3448,4398,8533,3225,13670,19776,5142,3369,4677,8774
1/20/2024,123216,31046,18712,16316,18810,178725,17880,59867,56625,13838,3053,3727,7669,2173,11727,24547,4693,2875,4756,12234
1/21/2024,118622,31016,19184,16732,18119,39100,16695,69134,56571,15537,2708,2909,7982,2069,13623,24695,4608,2923,4868,13048
1/22/2024,122433,31146,18739,17182,18455,135730,16270,55418,58932,14834,3416,3391,8442,3028,16321,21248,5149,3119,4912,11429
1/23/2024,126442,34986,19374,17880,18875,38847,29975,56744,59700,16260,3696,3788,9819,3114,12706,22522,6299,3305,19729,11735
1/24/2024,123543,35659,19204,16738,20811,35405,17535,58494,58138,20719,3188,3150,8959,2333,12512,24566,6058,3427,10694,11894
1/25/2024,121792,35382,18435,16211,20018,58554,16216,43566,53242,14119,2940,3250,8723,2177,11800,18458,5507,3349,16852,9090
1/26/2024,122771,35766,20388,16953,19592,42705,15966,43456,49174,11765,2960,3413,9541,2161,7531,20441,5240,2928,17524,9225
1/27/2024,112360,35689,21169,16160,18993,36595,15187,49123,47907,9358,2914,3457,9033,1846,10307,21734,5102,3088,15651,9637
1/28/2024,118236,36387,20980,16642,19200,37574,16158,52355,52203,10700,2971,3358,9849,2090,11485,22934,6176,3444,16403,10228
1/29/2024,127311,39413,21553,17832,20447,37628,17457,50643,54330,10625,3257,3488,10032,2173,9553,22386,6020,3307,15789,10555
1/30/2024,134155,42204,23006,18853,21473,38845,18193,46047,55964,10588,3725,4054,11942,2514,7789,19420,5180,3463,17592,8901
1/31/2024,138749,44927,23646,19098,19936,32178,19343,56576,58243,12076,3561,3407,11137,2386,9536,20629,4806,2970,16446,9415
2/1/2024,124205,41782,24339,17614,18816,31695,14529,47989,49783,13254,3000,3505,10432,2164,11597,17316,5691,2833,14073,7832
2/2/2024,128314,42216,24555,17866,19817,40511,16679,44273,49061,9837,2952,3084,9565,1976,13616,19389,7092,2497,16834,7892
2/3/2024,129187,40442,22488,16399,17801,34728,13716,50563,48089,11702,2645,2745,8152,1785,12609,21484,5995,2414,14530,9444
2/4/2024,125625,43251,23638,16009,19825,32665,16148,56341,47814,10348,2667,3371,8375,1824,13655,23425,7020,2579,12926,10849
2/5/2024,128756,44193,23609,16474,19884,32057,17223,52450,50185,11886,2818,3149,8563,1822,18229,20115,7753,2907,13825,9463
2/6/2024,126917,41031,21891,17235,19806,42902,18180,35204,44442,9343,3075,2790,9047,1776,12748,14307,7096,2551,10296,6740
2/7/2024,131297,36088,22272,18174,20852,51336,16295,32992,45842,13381,2846,3418,9866,1853,12688,14688,6315,2928,9098,5391
2/8/2024,133991,34734,21097,16992,19033,52783,14085,27652,46300,14784,2911,4027,9794,2114,24757,10286,5240,2918,4866,4183
2/9/2024,140783,34349,21349,17283,19072,48894,13351,18932,46276,11177,3027,3301,9328,2322,9666,7761,5117,2869,11633,2933
2/10/2024,137844,33803,22267,17315,17474,41312,14578,35521,47445,13125,2739,3073,8486,2213,7553,15774,5394,2909,4385,6911
2/11/2024,143359,35689,22249,18628,18559,38521,14155,46767,46572,13008,2766,2958,8986,1952,7342,17271,5733,2703,4513,8497
2/12/2024,130983,33960,19491,17829,18571,41627,13502,36763,46775,12739,2997,3117,9501,2142,7008,14962,5321,3101,4238,6700
2/13/2024,139340,35163,25139,18561,19316,39646,14316,37081,46344,13339,3116,2518,9812,2231,6629,15989,5676,3369,4502,7030
2/14/2024,138945,37121,24716,19681,19427,87777,16724,52361,47412,12015,3067,3129,9843,2326,6769,18324,5209,3156,4534,7934
2/15/2024,142437,37933,23777,20847,19733,42670,15312,50099,51793,13385,3515,2819,10144,3090,7335,19168,6077,3252,5140,8588
2/16/2024,147413,38330,24625,20758,20100,40860,15206,53932,52313,12542,3308,2655,10184,3194,6986,21986,5695,3082,9910,9059
2/17/2024,139379,36602,25108,19496,19022,36803,16888,63485,55560,10881,3095,3056,9324,2310,6787,27318,5494,3160,8453,12564
2/18/2024,148559,37783,26744,21056,19000,37872,18552,71928,58979,10583,3110,2707,9445,2313,8353,26969,5655,3205,6470,13355
2/19/2024,151255,41127,27402,24309,19984,42661,18285,64676,58717,10832,3264,3514,10604,2493,24060,21799,5787,3347,5853,11369
2/20/2024,142954,39208,24498,22937,17807,39999,17167,65451,57030,10165,3432,3088,9835,2664,15105,19340,5819,3135,15564,10249
2/21/2024,143468,38610,23368,21231,18482,39621,15605,67159,57087,10036,3489,2763,10349,2639,10690,19112,5551,3293,5400,10741
2/22/2024,141109,39277,24990,21220,21230,39864,15665,70072,61640,10571,3646,3194,9777,2522,11239,20147,5663,3178,11905,11130
2/23/2024,136549,38979,22557,19742,21589,36003,15496,76748,57061,8535,3220,3103,8831,2364,9451,23192,5589,2979,9103,12758
2/24/2024,140546,36950,24925,20225,17933,35329,15186,100761,61827,7761,3288,2475,8132,2118,8095,34838,5874,3154,12170,18061
2/25/2024,148670,39880,26796,21870,20484,37746,16695,118007,68893,9633,3181,2346,9387,2329,8744,37922,6191,3631,9436,25208
2/26/2024,150996,39339,27388,23532,20484,41295,15342,104601,68124,10389,3476,2527,10628,2733,10556,30296,6485,3858,11611,24695
2/27/2024,158069,45924,28216,24412,20410,41730,16820,90292,70554,13453,4098,3049,9454,2979,10314,25654,6178,3776,5344,21555
2/28/2024,159363,53236,26948,31019,20290,40095,19136,89783,86348,13837,4646,3648,9524,4260,9730,24539,6236,4131,10129,23064
2/29/2024,154239,49686,26214,27125,20366,38994,18899,82633,74842,14483,4597,3076,9101,3762,9144,22031,6735,3617,10106,21472
3/1/2024,153574,46089,27466,26190,19522,38471,15878,61968,67399,12424,3919,2932,8116,3063,7851,18167,5413,3283,12145,17295
3/2/2024,168106,50296,32545,27917,21123,37770,18327,69269,75578,15985,5658,3886,8143,4193,9178,20060,5755,3427,12262,19363
3/3/2024,169359,48909,32243,26937,21083,37037,19174,68982,73164,13040,5020,5085,8753,3738,13763,20184,6160,3486,9932,18612
3/4/2024,181177,57822,32448,31594,21583,40652,18560,53510,78924,16582,6456,6104,9669,4879,11192,15113,6040,3453,5802,12981
3/5/2024,179087,61193,33474,30635,21866,39776,23339,47132,77681,16425,7525,4866,11302,6247,9814,13686,7544,6572,7933,11992
3/6/2024,189060,53048,32645,28193,20865,41954,30201,52903,73250,15585,5451,4916,10460,4440,10569,16026,6700,5829,4999,14947
3/7/2024,197070,54814,34079,29372,21931,42157,30062,59574,78595,15567,5345,7068,10439,4297,10218,18691,6378,5468,4636,17776
3/8/2024,194153,55509,35089,29972,20990,33222,21894,59918,79518,16576,5905,5054,9720,4484,10127,17573,5782,5021,4825,18093
3/9/2024,190803,57792,39270,30404,21584,32750,20322,63058,79272,19755,5543,4797,9583,3776,14620,18626,5686,4584,8299,19407
3/10/2024,194623,59275,36996,32051,22603,33707,23280,58280,87320,18978,5802,4853,10036,4648,17145,19456,6377,4656,9269,18570
3/11/2024,195180,58327,33658,32523,22070,33055,22636,50329,85347,21267,5725,5236,9684,4369,14155,18053,6746,4814,5181,16102
3/12/2024,192717,62095,35353,31613,22214,33584,21619,54524,84816,26141,5477,4721,9936,4036,10334,17473,6531,4759,5110,16852
3/13/2024,191424,65116,33626,32549,22643,30562,21626,56221,88384,23450,5785,4938,10102,4116,14144,17410,6702,4607,4908,15648
3/14/2024,212775,64760,42637,32807,25707,30899,28613,75408,94445,26791,5781,4711,9890,4154,13676,21154,6569,4431,6287,19652
3/15/2024,215073,58816,45636,29418,23273,31490,29172,71881,92185,28522,5608,4093,9167,4041,15776,23240,7800,4297,19060,18578
3/16/2024,204360,53469,43556,26817,21158,30091,26590,71535,83954,24449,4809,5728,7627,3558,12248,22561,7124,4133,18537,18388
3/17/2024,197445,53049,41416,25430,20748,29547,24021,73924,80002,22719,4347,4412,7915,2901,9005,24070,7295,3991,7074,19235
3/18/2024,203500,53446,39143,25911,21498,31833,27082,66614,81966,21859,4630,4940,8622,2955,8513,26498,7549,4474,8627,21249
3/19/2024,195323,57968,38614,26313,21513,32164,29275,60242,103243,24180,4916,7944,8836,3763,11894,24678,29582,4790,15078,20665
3/20/2024,227725,57306,39906,25016,20293,31832,35566,62383,96510,24889,4452,7549,9067,3066,8092,24115,33560,4840,12201,22598
3/21/2024,220502,55482,39486,24305,20376,34165,30860,66709,95250,18953,4473,5761,7876,2788,8596,24802,33088,4410,19332,22959
3/22/2024,219856,55910,35897,24007,20706,28696,27473,71440,94445,18555,4182,6159,8216,2663,9060,26359,33458,4796,21592,23364
3/23/2024,208222,54797,34384,23905,21168,26906,27355,72476,86931,15218,3741,5602,8209,2376,9506,28961,39858,4682,18413,27247
3/24/2024,224913,54765,35364,24468,23305,27562,29576,75568,85488,18242,3782,5088,8411,2338,8053,27829,30897,4716,23882,25009
3/25/2024,262093,69803,35162,29451,26245,28889,36113,61538,123851,18019,4722,6026,8690,3232,10362,24532,34028,5375,25525,23465
3/26/2024,277167,75950,40386,33095,27970,28766,34897,65703,123521,17373,4886,5633,8973,3273,10259,24097,29838,5676,22323,24194
3/27/2024,280857,76660,50897,30125,28526,30667,34268,62155,108552,17982,5487,4309,9535,3157,12858,23257,22894,5216,24115,23196
3/28/2024,294767,81755,51053,30527,28414,45954,37571,59908,111373,19803,5486,4343,9828,3067,10821,26878,26082,5841,19886,22663
3/29/2024,305089,76993,50146,28937,27771,42906,42897,55558,105719,16844,5025,4583,8516,3326,10401,26535,35230,5510,25191,21774
3/30/2024,312957,78116,37658,27150,29269,33951,35523,54624,96738,15123,4240,4201,8128,2640,9604,23988,9772,5061,12661,20937
3/31/2024,307511,75988,47701,26922,29511,28806,37322,62656,92090,16171,4150,3553,8093,2381,8400,26480,9653,5115,12782,21537
4/1/2024,308487,72471,44311,27805,29934,31535,35361,55149,97824,15816,4490,3714,8431,2858,8737,22249,8698,4876,12669,17899
