Date,PancakeSwap (#),Uniswap (#),QuickSwap (#),SushiSwap (#),SpookySwap (#),Trader Joe (#),DODO (#),ApeSwap (#),Balancer (#),Pangolin (#),Biswap (#),KyberSwap (#),Beethoven X (#),Camelot (#),SyncSwap (#),Velodrome (#),Maverick Protocol (#),Thena (#),Ramses Exchange (#),Aerodrome (#)
11/3/2021,509943,59984,21377,8329,4850,1118,2990,2841,307,1947,504,320,115,,,,,,,
11/4/2021,512596,60103,21441,8366,4959,1139,3021,2865,308,1963,509,323,116,,,,,,,
11/5/2021,515726,60204,21535,8462,5085,1152,3053,2895,308,1981,512,329,121,,,,,,,
11/6/2021,518982,60327,21624,8519,5216,1171,3073,2914,308,1990,521,343,123,,,,,,,
11/7/2021,522310,60419,21688,8549,5350,1183,3097,2932,309,1999,532,344,124,,,,,,,
11/8/2021,525559,60562,21760,8598,5488,1201,3121,2951,310,2008,540,349,126,,,,,,,
11/9/2021,528833,60673,21838,8626,5610,1223,3139,2972,315,2021,546,349,133,,,,,,,
11/10/2021,531901,60786,21912,8670,5707,1248,3159,2992,320,2029,556,349,137,,,,,,,
11/11/2021,535162,61144,21976,8709,5807,1271,3171,3004,326,2039,558,352,142,,,,,,,
11/12/2021,538197,61405,22060,8744,5959,1294,3183,3025,329,2055,565,354,144,,,,,,,
11/13/2021,541421,61599,22126,8765,6123,1327,3203,3037,331,2064,569,355,149,,,,,,,
11/14/2021,544464,61766,22257,8789,6257,1346,3217,3048,333,2068,572,357,153,,,,,,,
11/15/2021,547765,61952,22331,8831,6369,1376,3239,3072,338,2074,575,357,157,,,,,,,
11/16/2021,550605,62070,22386,8859,6449,1397,3261,3084,342,2083,581,357,159,,,,,,,
11/17/2021,553658,62183,22470,8894,6541,1425,3285,3106,349,2091,588,361,161,,,,,,,
11/18/2021,556833,62284,22568,8933,6622,1466,3314,3128,350,2102,598,363,161,,,,,,,
11/19/2021,559553,62405,22632,8971,6690,1508,3336,3149,350,2113,601,366,161,,,,,,,
11/20/2021,562182,62510,22718,9004,6731,1545,3366,3158,352,2128,608,366,161,,,,,,,
11/21/2021,564984,62631,22999,9038,6785,1577,3384,3182,354,2139,615,368,164,,,,,,,
11/22/2021,567937,62720,23083,9084,6843,1652,3421,3206,362,2153,618,369,165,,,,,,,
11/23/2021,570801,62840,23185,9116,6890,1716,3439,3226,368,2159,631,371,167,,,,,,,
11/24/2021,573377,62969,23268,9183,6975,1812,3462,3244,373,2167,634,374,170,,,,,,,
11/25/2021,575734,63116,23349,9220,7045,1898,3483,3262,373,2174,638,380,171,,,,,,,
11/26/2021,577700,63222,23406,9247,7090,1977,3499,3273,374,2178,641,386,171,,,,,,,
11/27/2021,580013,63335,23465,9283,7145,2054,3518,3286,378,2187,643,386,184,,,,,,,
11/28/2021,582469,63415,23541,9325,7211,2133,3536,3305,379,2191,648,386,184,,,,,,,
11/29/2021,584855,63510,23613,9369,7277,2212,3547,3318,383,2198,651,393,191,,,,,,,
11/30/2021,587592,63610,23686,9410,7324,2303,3555,3327,386,2202,657,407,197,,,,,,,
12/1/2021,590287,63721,23765,9452,7399,2382,3564,3340,391,2209,660,412,198,,,,,,,
12/2/2021,593379,63812,23841,9485,7450,2531,3578,3352,424,2221,663,440,202,,,,,,,
12/3/2021,595590,63918,23917,9516,7485,2783,3588,3360,444,2224,666,444,203,,,,,,,
12/4/2021,597572,63973,23984,9543,7521,2915,3596,3369,455,2228,668,448,206,,,,,,,
12/5/2021,599761,64021,24026,9573,7570,3066,3607,3381,466,2234,672,449,207,,,,,,,
12/6/2021,602141,64097,24077,9614,7602,3204,3626,3392,494,2240,677,450,209,,,,,,,
12/7/2021,604403,64191,24145,9642,7625,3370,3643,3413,519,2250,688,451,209,,,,,,,
12/8/2021,606647,64271,24217,9677,7678,3508,3666,3431,536,2272,695,453,210,,,,,,,
12/9/2021,609265,64378,24276,9706,7748,3673,3695,3438,565,2282,701,456,210,,,,,,,
12/10/2021,611921,64514,24349,9744,7783,3904,3705,3451,583,2295,712,457,210,,,,,,,
12/11/2021,614103,64617,24403,9766,7821,4139,3721,3469,585,2309,716,458,211,,,,,,,
12/12/2021,616334,64725,24454,9791,7871,4398,3737,3479,596,2318,722,458,215,,,,,,,
12/13/2021,618776,64817,24519,9832,7899,4636,3757,3489,612,2342,726,459,216,,,,,,,
12/14/2021,621035,64914,24570,9865,7928,4939,3772,3499,632,2353,730,464,216,,,,,,,
12/15/2021,623328,65043,24628,9904,7963,5170,3790,3508,641,2368,743,465,216,,,,,,,
12/16/2021,625542,65139,24690,9947,7992,5428,3805,3510,656,2374,747,466,216,,,,,,,
12/17/2021,627853,65223,24746,9981,8007,5630,3816,3517,666,2382,759,467,218,,,,,,,
12/18/2021,629961,65316,24809,10012,8027,5842,3843,3527,672,2386,764,467,226,,,,,,,
12/19/2021,632083,65429,24897,10034,8071,6062,3855,3546,679,2389,766,467,226,,,,,,,
12/20/2021,634393,65575,24996,10058,8108,6289,3876,3556,699,2392,770,467,227,,,,,,,
12/21/2021,636559,65722,25074,10081,8229,6484,3892,3563,706,2395,773,467,230,,,,,,,
12/22/2021,638839,65902,25130,10115,8280,6643,3904,3567,723,2410,784,469,233,,,,,,,
12/23/2021,640980,66176,25201,10175,8307,6823,3923,3577,725,2423,788,470,237,,,,,,,
12/24/2021,642816,66356,25255,10214,8320,6960,3944,3584,735,2428,788,470,239,,,,,,,
12/25/2021,644640,66476,25337,10235,8335,7062,3959,3588,744,2433,793,471,241,,,,,,,
12/26/2021,646554,66586,25417,10285,8368,7196,3976,3595,750,2440,797,471,241,,,,,,,
12/27/2021,648870,66753,25501,10318,8395,7378,3996,3604,764,2442,801,474,245,,,,,,,
12/28/2021,651183,66862,25598,10348,8425,7545,4017,3611,774,2460,803,476,246,,,,,,,
12/29/2021,653349,66970,25670,10372,8454,7739,4024,3615,783,2465,808,477,252,,,,,,,
12/30/2021,655597,67069,25736,10393,8492,7937,4033,3622,787,2467,812,479,253,,,,,,,
12/31/2021,657266,67142,25786,10405,8503,8049,4047,3624,794,2473,815,480,254,,,,,,,
1/1/2022,658899,67230,25854,10438,8553,8146,4061,3629,804,2478,817,480,255,,,,,,,
1/2/2022,660871,67329,25899,10465,8608,8275,4072,3635,810,2483,826,481,257,,,,,,,
1/3/2022,663101,67424,25952,10503,8669,8422,4077,3648,815,2485,830,481,260,,,,,,,
1/4/2022,665444,67486,25984,10530,8780,8561,4079,3654,827,2496,834,481,263,,,,,,,
1/5/2022,667873,67549,26002,10557,8931,8666,4092,3658,832,2506,839,482,270,,,,,,,
1/6/2022,670352,67614,26032,10592,9095,8752,4100,3663,834,2517,843,488,273,,,,,,,
1/7/2022,672615,67684,26071,10619,9268,8813,4127,3667,839,2525,845,489,277,,,,,,,
1/8/2022,674767,67744,26115,10648,9373,8849,4146,3673,842,2526,847,492,284,,,,,,,
1/9/2022,676925,67812,26195,10691,9477,8924,4167,3680,850,2526,854,498,286,,,,,,,
1/10/2022,679095,67882,26267,10729,9557,8975,4186,3690,855,2532,860,503,289,,,,,,,
1/11/2022,681392,67952,26361,10761,9630,9031,4210,3700,863,2535,862,514,299,,,,,,,
1/12/2022,683647,68021,26419,10786,9737,9099,4232,3706,874,2538,869,517,307,,,,,,,
1/13/2022,685865,68105,26497,10821,9860,9169,4253,3719,882,2539,875,521,317,,,,,,,
1/14/2022,687987,68156,26551,10845,9980,9236,4271,3731,889,2545,879,523,327,,,,,,,
1/15/2022,689968,68233,26596,10873,10087,9304,4286,3740,893,2550,880,523,336,,,,,,,
1/16/2022,692042,68297,26634,10911,10231,9375,4301,3743,915,2551,893,529,346,,,,,,,
1/17/2022,694065,68382,26683,10968,10387,9441,4326,3761,923,2555,898,533,349,,,,,,,
1/18/2022,696109,68480,26737,10999,10513,9507,4353,3771,928,2562,904,536,357,,,,,,,
1/19/2022,698301,68575,26782,11031,10641,9570,4376,3775,933,2568,906,538,364,,,,,,,
1/20/2022,700341,68659,26835,11060,10745,9625,4394,3781,944,2574,915,540,374,,,,,,,
1/21/2022,702097,68696,26860,11073,10826,9655,4436,3792,952,2578,917,540,377,,,,,,,
1/22/2022,703694,68734,26902,11088,10914,9692,4466,3798,954,2580,920,542,380,,,,,,,
1/23/2022,705323,68793,26940,11109,11068,9705,4479,3801,954,2582,925,544,388,,,,,,,
1/24/2022,706917,68844,26971,11129,11206,9729,4497,3806,959,2584,930,547,395,,,,,,,
1/25/2022,708797,68932,27003,11153,11327,9773,4524,3812,973,2586,931,548,406,,,,,,,
1/26/2022,710810,69019,27054,11175,11465,9855,4540,3816,975,2591,937,549,414,,,,,,,
1/27/2022,712816,69084,27134,11191,11602,9915,4564,3820,979,2596,939,553,417,,,,,,,
1/28/2022,714843,69162,27225,11222,11720,9976,4583,3824,984,2598,940,559,423,,,,,,,
1/29/2022,716980,69242,27299,11251,11840,10040,4594,3831,991,2601,944,562,432,,,,,,,
1/30/2022,719187,69337,27360,11276,11933,10171,4600,3838,1000,2610,953,568,435,,,,,,,
1/31/2022,721294,69413,27411,11298,12035,10260,4621,3845,1016,2617,955,576,439,,,,,,,
2/1/2022,723663,69477,27493,11326,12143,10395,4657,3852,1021,2621,959,581,449,,,,,,,
2/2/2022,726158,69577,27615,11357,12273,10510,4667,3857,1027,2625,963,590,453,,,,,,,
2/3/2022,728482,69668,27742,11377,12394,10618,4688,3866,1042,2636,963,596,458,,,,,,,
2/4/2022,731035,69816,27828,11394,12514,10744,4718,3871,1056,2644,970,596,465,,,,,,,
2/5/2022,734186,69900,27912,11413,12643,10856,4744,3873,1064,2648,972,605,470,,,,,,,
2/6/2022,737176,70013,27961,11439,12762,10990,4778,3881,1066,2656,975,607,473,,,,,,,
2/7/2022,740690,70123,28023,11461,12872,11110,4819,3892,1072,2660,980,612,481,,,,,,,
2/8/2022,743655,70241,28097,11483,12976,11257,4842,3899,1085,2672,986,616,485,,,,,,,
2/9/2022,746460,70406,28217,11534,13089,11381,4873,3909,1089,2681,991,618,492,,,,,,,
2/10/2022,749092,70523,28287,11582,13211,11481,4886,3911,1105,2685,995,618,501,,,,,,,
2/11/2022,751559,70653,28382,11604,13327,11575,4914,3917,1112,2690,996,621,512,,,,,,,
2/12/2022,754013,70755,28508,11621,13437,11660,4933,3924,1122,2692,997,622,524,,,,,,,
2/13/2022,756874,70872,28584,11642,13562,11761,4955,3931,1132,2703,1004,623,533,,,,,,,
2/14/2022,759795,71007,28651,11674,13691,11847,4979,3936,1137,2706,1006,625,537,,,,,,,
2/15/2022,762642,71142,28710,11693,13858,11981,4997,3941,1141,2714,1007,626,549,,,,,,,
2/16/2022,765539,71274,28793,11715,13999,12115,5013,3953,1156,2717,1012,630,559,,,,,,,
2/17/2022,768557,71405,28857,11728,14151,12246,5027,3957,1162,2717,1018,632,568,,,,,,,
2/18/2022,771623,71524,28904,11739,14285,12368,5041,3977,1164,2719,1021,639,572,,,,,,,
2/19/2022,774316,71634,29004,11749,14442,12476,5056,3981,1171,2722,1023,639,581,,,,,,,
2/20/2022,776998,71720,29113,11770,14564,12605,5071,3984,1171,2726,1128,642,582,,,,,,,
2/21/2022,779750,71814,29188,11789,14677,12731,5105,3993,1173,2737,1132,644,590,,,,,,,
2/22/2022,782795,71936,29318,11807,14780,12838,5132,4000,1184,2743,1142,649,594,,,,,,,
2/23/2022,785293,72084,29389,11818,14904,12950,5149,4002,1191,2744,1145,650,599,,,,,,,
2/24/2022,787888,72170,29422,11827,14942,13051,5190,4008,1194,2750,1146,651,604,,,,,,,
2/25/2022,790441,72294,29470,11840,14999,13123,5220,4009,1200,2759,1146,653,610,,,,,,,
2/26/2022,792600,72394,29538,11859,15099,13191,5234,4015,1206,2767,1147,655,628,,,,,,,
2/27/2022,795171,72499,29589,11873,15186,13254,5258,4017,1228,2772,1151,657,651,,,,,,,
2/28/2022,797742,72597,29648,11882,15265,13314,5280,4020,1250,2779,1153,662,677,,,,,,,
3/1/2022,800440,72727,29707,11888,15354,13381,5294,4023,1255,2787,1154,663,718,,,,,,,
3/2/2022,802923,72880,29763,11914,15405,13429,5305,4027,1265,2797,1154,667,735,,,,,,,
3/3/2022,805417,73033,29850,11931,15464,13493,5330,4031,1273,2808,1155,674,743,,,,,,,
3/4/2022,807721,73179,29921,11946,15511,13556,5354,4041,1288,2815,1164,676,746,,,,,,,
3/5/2022,810099,73308,29967,11963,15581,13620,5366,4050,1297,2823,1164,678,748,,,,,,,
3/6/2022,812253,73418,30020,11989,15639,13700,5380,4057,1308,2827,1169,680,759,,,,,,,
3/7/2022,814648,73545,30073,12020,15732,13756,5395,4057,1318,2830,1172,680,770,,,,,,,
3/8/2022,816978,73740,30157,12035,15791,13822,5410,4069,1326,2866,1176,686,771,,,,,,,
3/9/2022,819299,73908,30224,12045,15895,13912,5429,4084,1335,2887,1178,688,777,,,,,,,
3/10/2022,821618,74061,30269,12059,15977,13982,5461,4096,1343,2893,1182,688,784,,,,,,,
3/11/2022,823852,74225,30324,12099,16046,14063,5488,4100,1360,2905,1185,691,791,,,,,,,
3/12/2022,825970,74371,30387,12119,16127,14114,5507,4107,1375,2916,1188,695,794,,,,,,,
3/13/2022,827961,74509,30441,12130,16239,14175,5532,4113,1375,2917,1190,698,800,,,,,,,
3/14/2022,830390,74708,30480,12153,16341,14235,5557,4113,1386,2935,1193,700,805,,,,,,,
3/15/2022,832880,74891,30570,12172,16408,14286,5576,4119,1389,2939,1199,702,810,,,,,,,
3/16/2022,835366,75049,30627,12192,16504,14347,5591,4120,1399,2941,1203,705,821,,,,,,,
3/17/2022,837801,75221,30681,12205,16652,14385,5604,4133,1401,2941,1205,714,825,,,,,,,
3/18/2022,840084,75350,30732,12219,16966,14428,5621,4151,1409,2945,1206,720,829,,,,,,,
3/19/2022,842259,75499,30788,12227,17145,14463,5640,4153,1414,2945,1207,721,835,,,,,,,
3/20/2022,844293,75641,30824,12238,17288,14514,5662,4157,1435,2946,1208,727,840,,,,,,,
3/21/2022,846430,75831,30864,12251,17353,14558,5698,4172,1442,2947,1212,731,846,,,,,,,
3/22/2022,848636,76027,30903,12261,17459,14605,5720,4176,1466,2950,1216,733,851,,,,,,,
3/23/2022,850691,76186,30967,12272,17538,14686,5736,4184,1472,2953,1228,733,859,,,,,,,
3/24/2022,852730,76330,31031,12277,17612,14723,5759,4189,1477,2954,1230,733,870,,,,,,,
3/25/2022,854860,76447,31090,12301,17657,14764,5775,4193,1485,2959,1233,740,878,,,,,,,
3/26/2022,857075,76557,31124,12325,17692,14834,5790,4196,1487,2966,1235,743,889,,,,,,,
3/27/2022,859164,76695,31166,12349,17776,14887,5803,4199,1490,2978,1240,746,900,,,,,,,
3/28/2022,861374,76885,31235,12385,17825,14936,5823,4202,1498,2980,1243,747,906,,,,,,,
3/29/2022,863458,77092,31300,12409,17956,14975,5837,4211,1500,2986,1247,750,925,,,,,,,
3/30/2022,865633,77243,31348,12416,18027,14992,5851,4222,1505,2994,1248,751,930,,,,,,,
3/31/2022,867593,77415,31407,12436,18075,15022,5866,4227,1507,2998,1252,751,934,,,,,,,
4/1/2022,869593,77558,31479,12445,18148,15036,5885,4232,1513,3001,1258,753,940,,,,,,,
4/2/2022,871552,77717,31548,12451,18234,15090,5906,4239,1519,3002,1262,754,947,,,,,,,
4/3/2022,873514,77912,31612,12463,18330,15145,5927,4240,1526,3003,1264,754,958,,,,,,,
4/4/2022,875336,78115,31656,12480,18398,15171,5940,4250,1535,3005,1271,754,964,,,,,,,
4/5/2022,877033,78299,31737,12497,18454,15198,5951,4257,1544,3005,1275,763,975,,,,,,,
4/6/2022,878659,78455,31779,12512,18485,15214,5969,4269,1564,3009,1278,766,989,,,,,,,
4/7/2022,880394,78626,31842,12519,18573,15251,5972,4275,1579,3012,1279,767,1003,,,,,,,
4/8/2022,882039,78786,31935,12530,18670,15275,5983,4282,1586,3015,1283,771,1010,,,,,,,
4/9/2022,883675,78924,32009,12537,18728,15308,5991,4285,1587,3016,1292,782,1015,,,,,,,
4/10/2022,885289,79107,32091,12549,18777,15340,6001,4286,1593,3017,1293,783,1024,,,,,,,
4/11/2022,886843,79302,32155,12563,18816,15384,6020,4286,1608,3018,1299,788,1031,,,,,,,
4/12/2022,888488,79475,32203,12573,18872,15460,6027,4291,1613,3019,1304,792,1034,,,,,,,
4/13/2022,890008,79663,32263,12584,18922,15490,6042,4294,1624,3023,1310,793,1039,,,,,,,
4/14/2022,891511,79890,32370,12609,18954,15516,6065,4303,1635,3024,1313,797,1042,,,,,,,
4/15/2022,893019,80054,32438,12619,18998,15552,6098,4307,1640,3026,1315,797,1048,,,,,,,
4/16/2022,894632,80229,32497,12631,19053,15570,6106,4314,1644,3031,1318,798,1052,,,,,,,
4/17/2022,896297,80444,32535,12637,19137,15588,6131,4317,1645,3032,1321,798,1055,,,,,,,
4/18/2022,897874,80678,32574,12641,19212,15609,6157,4317,1659,3032,1324,801,1055,,,,,,,
4/19/2022,899698,80893,32644,12650,19274,15629,6173,4317,1666,3033,1327,804,1062,,,,,,,
4/20/2022,901462,81116,32691,12657,19345,15660,6205,4327,1682,3037,1333,804,1062,,,,,,,
4/21/2022,903143,81292,32744,12665,19390,15677,6229,4331,1692,3038,1335,806,1063,,,,,,,
4/22/2022,904933,81462,32781,12681,19457,15699,6256,4339,1702,3045,1339,807,1066,,,,,,,
4/23/2022,906620,81635,32838,12695,19543,15750,6271,4345,1712,3050,1343,812,1068,,,,,,,
4/24/2022,908469,81797,32919,12706,19564,15775,6301,4350,1721,3052,1344,814,1074,,,,,,,
4/25/2022,910411,81969,32963,12717,19597,15798,6319,4353,1726,3053,1348,815,1078,,,,,,,
4/26/2022,912372,82153,33036,12734,19686,15826,6349,4357,1737,3053,1350,823,1082,,,,,,,
4/27/2022,914086,82344,33076,12742,19762,15852,6374,4363,1749,3054,1358,829,1082,,,,,,,
4/28/2022,915871,82508,33113,12760,19804,15878,6396,4370,1753,3057,1360,834,1086,,,,,,,
4/29/2022,917662,82655,33158,12768,19839,15908,6420,4386,1759,3060,1365,839,1089,,,,,,,
4/30/2022,919240,82778,33193,12773,19861,15929,6455,4392,1763,3060,1373,842,1092,,,,,,,
5/1/2022,920659,82867,33240,12784,19885,15954,6491,4393,1764,3062,1374,850,1097,,,,,,,
5/2/2022,922240,82984,33290,12791,19923,15981,6500,4403,1770,3062,1374,858,1103,,,,,,,
5/3/2022,923948,83118,33336,12800,20034,16035,6511,4405,1783,3062,1377,863,1106,,,,,,,
5/4/2022,925828,83278,33387,12810,20115,16054,6531,4413,1787,3062,1384,868,1108,,,,,,,
5/5/2022,927672,83401,33442,12828,20186,16074,6559,4420,1792,3068,1386,872,1110,,,,,,,
5/6/2022,929214,83519,33486,12875,20268,16089,6585,4426,1795,3071,1394,874,1119,,,,,,,
5/7/2022,930767,83638,33546,12893,20375,16094,6601,4429,1800,3073,1410,875,1121,,,,,,,
5/8/2022,932174,83754,33594,12901,20468,16117,6617,4430,1802,3073,1410,876,1124,,,,,,,
5/9/2022,933604,83830,33684,12907,20527,16134,6657,4431,1803,3073,1413,876,1124,,,,,,,
5/10/2022,935108,83923,33728,12916,20559,16145,6684,4435,1818,3074,1420,881,1125,,,,,,,
5/11/2022,936384,83980,33752,12920,20568,16151,6714,4439,1824,3074,1424,881,1126,,,,,,,
5/12/2022,937421,84020,33794,12927,20579,16153,6742,4439,1829,3077,1430,881,1130,,,,,,,
5/13/2022,938534,84100,33855,12931,20618,16169,6753,4443,1831,3080,1430,883,1132,,,,,,,
5/14/2022,939611,84193,33894,12944,20653,16180,6766,4444,1836,3083,1434,886,1136,,,,,,,
5/15/2022,940765,84275,33924,12953,20682,16191,6771,4447,1839,3085,1438,888,1137,,,,,,,
5/16/2022,942201,84423,33953,12960,20705,16196,6779,4448,1842,3085,1441,893,1142,,,,,,,
5/17/2022,943839,84566,33991,12966,20735,16204,6791,4454,1851,3092,1445,898,1144,,,,,,,
5/18/2022,945493,84709,34012,12978,20759,16235,6801,4457,1858,3092,1448,902,1144,,,,,,,
5/19/2022,947116,84857,34049,12988,20802,16254,6815,4460,1862,3093,1453,910,1146,,,,,,,
5/20/2022,948832,85032,34131,12996,20924,16257,6828,4468,1876,3094,1460,915,1146,,,,,,,
5/21/2022,950372,85179,34167,13002,20938,16261,6836,4470,1883,3094,1467,921,1147,,,,,,,
5/22/2022,951917,85346,34217,13013,20966,16275,6850,4476,1886,3094,1472,923,1149,,,,,,,
5/23/2022,953881,85530,34252,13032,21017,16280,6854,4482,1893,3095,1475,927,1152,,,,,,,
5/24/2022,955806,85700,34293,13052,21046,16287,6868,4488,1900,3100,1479,933,1154,,,,,,,
5/25/2022,957717,85887,34329,13064,21074,16290,6884,4494,1906,3108,1483,935,1158,,,,,,,
5/26/2022,959566,86012,34350,13076,21114,16301,6900,4497,1907,3109,1484,938,1159,,,,,,,
5/27/2022,961339,86149,34392,13080,21147,16308,6906,4498,1912,3111,1484,938,1162,,,,,,,
5/28/2022,962956,86302,34436,13086,21185,16313,6915,4505,1915,3115,1486,938,1169,,,,,,,
5/29/2022,964564,86411,34463,13095,21212,16324,6942,4510,1918,3115,1490,940,1175,,,,,,,
5/30/2022,966356,86547,34517,13111,21231,16331,6952,4524,1923,3117,1497,940,1179,,,,,,,
5/31/2022,968060,86677,34563,13127,21254,16335,6967,4528,1928,3120,1499,943,1184,,,,,,,
6/1/2022,969744,86797,34600,13136,21279,16342,6985,4536,1933,3120,1504,946,1192,,,22,,,,
6/2/2022,971722,86889,34630,13141,21306,16354,7007,4543,1942,3121,1511,948,1200,,,49,,,,
6/3/2022,973309,86992,34680,13161,21342,16360,7030,4545,1944,3121,1514,950,1206,,,59,,,,
6/4/2022,974985,87099,34738,13168,21419,16365,7052,4547,1948,3124,1518,953,1208,,,62,,,,
6/5/2022,976581,87197,34786,13177,21515,16369,7076,4547,1966,3124,1527,954,1212,,,64,,,,
6/6/2022,978522,87334,34819,13193,21640,16384,7099,4549,1976,3124,1531,956,1219,,,67,,,,
6/7/2022,980358,87442,34840,13200,21694,16389,7103,4554,1995,3125,1531,956,1220,,,67,,,,
6/8/2022,982369,87551,34904,13211,21783,16391,7119,4559,2016,3125,1533,962,1220,,,69,,,,
6/9/2022,984346,87670,34934,13227,21930,16394,7134,4573,2032,3127,1547,968,1223,,,70,,,,
6/10/2022,986200,87751,34973,13237,21994,16397,7148,4580,2044,3129,1551,980,1225,,,70,,,,
6/11/2022,987852,87842,35014,13249,22084,16403,7168,4591,2072,3129,1555,982,1226,,,71,,,,
6/12/2022,989442,87919,35048,13257,22093,16411,7183,4592,2084,3129,1556,988,1229,,,73,,,,
6/13/2022,990980,87974,35083,13265,22102,16416,7197,4595,2107,3129,1568,988,1230,,,73,,,,
6/14/2022,992644,88075,35122,13273,22115,16421,7216,4598,2121,3130,1574,989,1236,,,73,,,,
6/15/2022,994275,88142,35167,13285,22143,16421,7229,4600,2134,3130,1579,990,1238,,,73,,,,
6/16/2022,995945,88249,35202,13295,22166,16428,7240,4606,2152,3130,1586,994,1242,,,74,,,,
6/17/2022,997642,88361,35236,13305,22184,16439,7245,4620,2172,3130,1597,998,1247,,,74,,,,
6/18/2022,999061,88438,35253,13307,22202,16442,7258,4625,2176,3132,1600,999,1248,,,74,,,,
6/19/2022,1000675,88554,35285,13310,22222,16448,7273,4628,2178,3132,1604,1000,1248,,,74,,,,
6/20/2022,1002381,88680,35327,13320,22240,16456,7283,4631,2185,3133,1610,1000,1250,,,76,,,,
6/21/2022,1004109,88826,35361,13332,22249,16471,7301,4638,2197,3134,1617,1000,1253,,,76,,,,
6/22/2022,1005607,88962,35391,13345,22296,16487,7318,4638,2209,3134,1622,1010,1253,,,77,,,,
6/23/2022,1007317,89102,35428,13349,22330,16496,7341,4641,2222,3135,1625,1013,1255,,,78,,,,
6/24/2022,1008813,89218,35458,13360,22362,16503,7363,4647,2232,3135,1630,1016,1259,,,78,,,,
6/25/2022,1010143,89306,35472,13374,22384,16509,7384,4651,2238,3137,1631,1016,1260,,,78,,,,
6/26/2022,1011524,89420,35497,13385,22406,16517,7399,4653,2242,3137,1632,1016,1260,,,78,,,,
6/27/2022,1012907,89517,35521,13390,22442,16525,7414,4657,2249,3137,1645,1021,1261,,,79,,,,
6/28/2022,1014403,89667,35554,13394,22455,16528,7417,4664,2261,3137,1647,1025,1262,,,80,,,,
6/29/2022,1015694,89778,35652,13400,22470,16535,7418,4671,2266,3138,1650,1027,1264,,,80,,,,
6/30/2022,1017078,89866,35685,13407,22478,16540,7427,4674,2273,3138,1654,1028,1264,,,81,,,,
7/1/2022,1018502,90007,35719,13413,22497,16544,7430,4677,2288,3138,1655,1030,1266,,,81,,,,
7/2/2022,1019836,90176,35738,13424,22506,16553,7437,4682,2291,3140,1659,1031,1272,,,81,,,,
7/3/2022,1021167,90308,35759,13428,22518,16558,7454,4683,2298,3141,1661,1033,1272,,,81,,,,
7/4/2022,1022801,90537,35776,13430,22525,16561,7461,4691,2305,3146,1671,1036,1273,,,81,,,,
7/5/2022,1024273,90784,35801,13435,22536,16567,7476,4701,2318,3146,1673,1041,1276,,,83,,,,
7/6/2022,1025768,91017,35846,13454,22550,16590,7480,4710,2327,3149,1676,1046,1276,,,86,,,,
7/7/2022,1027168,91256,35876,13466,22571,16612,7492,4719,2333,3150,1687,1052,1281,,,88,,,,
7/8/2022,1028661,91497,35898,13486,22601,16620,7505,4733,2343,3153,1690,1054,1285,,,89,,,,
7/9/2022,1029930,91691,35991,13505,22611,16624,7513,4742,2358,3154,1701,1062,1292,,,92,,,,
7/10/2022,1031211,91872,36010,13513,22627,16631,7523,4743,2366,3154,1703,1063,1294,,,94,,,,
7/11/2022,1032741,92128,36046,13520,22660,16635,7532,4744,2370,3155,1711,1065,1299,,,94,,,,
7/12/2022,1034243,92367,36069,13525,22678,16641,7536,4749,2372,3156,1712,1069,1300,,,95,,,,
7/13/2022,1035748,92607,36093,13534,22696,16641,7554,4751,2378,3156,1716,1074,1300,,,95,,,,
7/14/2022,1037250,92817,36145,13543,22727,16647,7566,4757,2392,3156,1721,1080,1303,,,95,,,,
7/15/2022,1038663,93017,36187,13549,22736,16660,7578,4763,2401,3156,1726,1084,1307,,,97,,,,
7/16/2022,1039911,93236,36211,13554,22747,16662,7587,4765,2409,3156,1732,1088,1310,,,101,,,,
7/17/2022,1041072,93421,36257,13559,22763,16666,7599,4768,2419,3158,1737,1096,1313,,,103,,,,
7/18/2022,1042527,93663,36313,13571,22788,16673,7602,4773,2434,3159,1739,1097,1313,,,106,,,,
7/19/2022,1044013,93921,36347,13591,22800,16684,7604,4782,2437,3160,1741,1102,1319,,,107,,,,
7/20/2022,1045402,94172,36363,13621,22813,16691,7611,4783,2454,3161,1744,1109,1320,,,109,,,,
7/21/2022,1046764,94466,36403,13629,22832,16697,7618,4798,2468,3161,1747,1111,1323,,,109,,,,
7/22/2022,1048158,94740,36424,13633,22844,16702,7623,4806,2469,3163,1750,1114,1326,,,110,,,,
7/23/2022,1049323,94997,36439,13646,22861,16707,7629,4812,2476,3164,1753,1118,1330,,,110,,,,
7/24/2022,1050438,95259,36450,13655,22872,16715,7632,4813,2482,3164,1755,1121,1333,,,112,,,,
7/25/2022,1051706,95481,36466,13661,22895,16729,7641,4815,2487,3168,1764,1121,1333,,,113,,,,
7/26/2022,1052943,95690,36499,13674,22917,16732,7648,4820,2492,3168,1767,1124,1333,,,113,,,,
7/27/2022,1054188,95973,36540,13678,22950,16742,7657,4822,2498,3169,1774,1126,1334,,,121,,,,
7/28/2022,1055514,96261,36573,13687,22963,16749,7665,4827,2504,3170,1780,1127,1336,,,123,,,,
7/29/2022,1056906,96559,36602,13700,22974,16759,7670,4840,2512,3171,1789,1128,1336,,,125,,,,
7/30/2022,1058399,96877,36675,13708,22980,16771,7675,4842,2517,3171,1790,1145,1336,,,128,,,,
7/31/2022,1060026,97219,36704,13720,22997,16776,7679,4846,2537,3171,1793,1151,1336,,,129,,,,
8/1/2022,1061613,97565,36730,13730,23016,16780,7692,4850,2551,3171,1796,1155,1337,,,129,,,,
8/2/2022,1063237,97919,36752,13741,23023,16789,7712,4853,2561,3171,1800,1157,1346,,,131,,,,
8/3/2022,1064744,98292,36775,13756,23028,16800,7731,4858,2569,3175,1803,1159,1349,,,137,,,,
8/4/2022,1066169,98590,36803,13763,23035,16807,7752,4861,2576,3176,1807,1159,1359,,,141,,,,
8/5/2022,1067615,98894,36824,13771,23040,16812,7761,4863,2594,3176,1810,1169,1360,,,142,,,,
8/6/2022,1068882,99243,36869,13787,23045,16816,7765,4865,2601,3176,1818,1180,1364,,,145,,,,
8/7/2022,1070126,99547,36905,13797,23062,16822,7772,4867,2609,3176,1822,1183,1366,,,145,,,,
8/8/2022,1071656,99847,36952,13806,23078,16827,7782,4873,2614,3176,1826,1193,1366,,,146,,,,
8/9/2022,1073089,100134,36977,13825,23092,16837,7795,4876,2624,3176,1828,1203,1367,,,148,,,,
8/10/2022,1074625,100370,36997,13833,23109,16838,7815,4882,2629,3176,1830,1209,1368,,,156,,,,
8/11/2022,1075912,100703,37019,13840,23112,16841,7820,4884,2649,3177,1832,1209,1372,,,158,,,,
8/12/2022,1077100,101046,37036,13864,23116,16845,7828,4886,2656,3178,1835,1211,1375,,,158,,,,
8/13/2022,1078171,101387,37067,13876,23117,16850,7833,4890,2668,3178,1837,1227,1376,,,159,,,,
8/14/2022,1079269,101728,37134,13887,23123,16855,7838,4894,2673,3178,1841,1231,1377,,,160,,,,
8/15/2022,1080474,102047,37193,13900,23130,16855,7842,4899,2679,3179,1846,1234,1377,,,160,,,,
8/16/2022,1081693,102353,37234,13907,23137,16858,7850,4905,2690,3179,1849,1237,1378,,,162,,,,
8/17/2022,1082707,102640,37261,13914,23155,16858,7854,4912,2693,3179,1855,1244,1383,,,163,,,,
8/18/2022,1083825,102922,37305,13933,23164,16866,7863,4920,2699,3179,1864,1253,1386,,,164,,,,
8/19/2022,1084924,103129,37355,13953,23170,16872,7868,4924,2711,3179,1870,1259,1386,,,166,,,,
8/20/2022,1086091,103408,37403,13967,23173,16874,7876,4928,2715,3179,1879,1267,1389,,,166,,,,
8/21/2022,1087009,103710,37433,13974,23175,16876,7884,4931,2720,3179,1880,1267,1389,,,166,,,,
8/22/2022,1088267,104029,37471,13999,23188,16889,7886,4935,2728,3179,1886,1273,1390,,,167,,,,
8/23/2022,1089470,104365,37516,14006,23202,16894,7892,4936,2747,3179,1892,1281,1391,,,167,,,,
8/24/2022,1090626,104725,37575,14028,23214,16896,7901,4939,2759,3180,1894,1283,1394,,,168,,,,
8/25/2022,1091757,105075,37635,14036,23222,16897,7903,4942,2768,3181,1900,1299,1395,,,170,,,,
8/26/2022,1092828,105369,37662,14052,23235,16899,7906,4951,2769,3182,1904,1308,1397,,,172,,,,
8/27/2022,1093799,105634,37692,14063,23243,16905,7914,4955,2774,3183,1905,1309,1398,,,174,,,,
8/28/2022,1094796,105915,37720,14070,23248,16912,7921,4956,2816,3183,1907,1311,1398,,,174,,,,
8/29/2022,1095854,106203,37775,14082,23256,16914,7926,4966,2822,3183,1914,1329,1401,,,175,,,,
8/30/2022,1096975,106537,37802,14090,23260,16918,7929,4970,2828,3183,1916,1334,1403,,,188,,,,
8/31/2022,1098007,106761,37826,14104,23273,16923,7935,4972,2845,3185,1926,1334,1406,,,192,,,,
9/1/2022,1099234,107058,37877,14114,23283,16930,7941,4975,2851,3185,1933,1335,1408,,,196,,,,
9/2/2022,1100506,107369,37897,14130,23289,16939,7944,4979,2858,3185,1936,1336,1409,,,196,,,,
9/3/2022,1101604,107644,37942,14142,23291,16945,7946,4979,2860,3187,1941,1336,1421,,,196,,,,
9/4/2022,1102690,107898,37965,14158,23292,16948,7951,4979,2862,3187,1942,1336,1425,,,196,,,,
9/5/2022,1103923,108205,38007,14176,23306,16953,7954,4983,2865,3188,1944,1337,1431,,,198,,,,
9/6/2022,1105291,108507,38052,14185,23310,16954,7963,4992,2867,3188,1948,1340,1432,,,205,,,,
9/7/2022,1106604,108764,38074,14195,23312,16966,7971,4992,2889,3189,1951,1355,1437,,,205,,,,
9/8/2022,1108126,109101,38098,14219,23324,16972,7972,4993,2936,3189,1954,1355,1438,,,209,,,,
9/9/2022,1109357,109416,38125,14233,23331,16975,7974,4996,2947,3190,1958,1359,1441,,,210,,,,
9/10/2022,1110422,109708,38144,14240,23339,16978,7976,5000,2968,3190,1960,1364,1441,,,210,,,,
9/11/2022,1111543,110017,38174,14250,23342,16981,7978,5004,2981,3191,1962,1367,1443,,,210,,,,
9/12/2022,1112695,110300,38209,14265,23348,16981,7980,5009,2996,3191,1965,1367,1445,,,210,,,,
9/13/2022,1114140,110653,38257,14300,23353,16983,7987,5012,3004,3191,1966,1368,1446,,,214,,,,
9/14/2022,1115527,111022,38301,14314,23366,16986,7990,5018,3010,3192,1970,1372,1458,,,215,,,,
9/15/2022,1117045,111284,38359,14337,23367,16989,7991,5020,3013,3192,1972,1376,1461,,,218,,,,
9/16/2022,1118128,111559,38387,14356,23370,16991,7993,5022,3018,3193,1977,1386,1461,,,220,,,,
9/17/2022,1119086,111760,38414,14370,23376,16997,7995,5029,3022,3194,1978,1391,1467,,,220,,,,
9/18/2022,1120160,112013,38446,14377,23380,16999,7999,5034,3028,3194,1982,1395,1478,,,222,,,,
9/19/2022,1121350,112357,38489,14385,23383,17007,8003,5041,3037,3194,1989,1408,1482,,,224,,,,
9/20/2022,1122474,112682,38536,14399,23388,17012,8008,5046,3041,3194,1997,1408,1491,,,226,,,,
9/21/2022,1123613,113047,38564,14405,23391,17012,8014,5046,3043,3194,1997,1411,1494,,,229,,,,
9/22/2022,1124816,113369,38596,14412,23393,17015,8022,5049,3050,3194,2001,1418,1500,,,232,,,,
9/23/2022,1125807,113737,38619,14420,23395,17018,8022,5051,3054,3194,2003,1419,1501,,,233,,,,
9/24/2022,1126700,114129,38668,14431,23399,17018,8034,5057,3054,3194,2007,1427,1504,,,233,,,,
9/25/2022,1127623,114502,38699,14439,23408,17020,8047,5059,3062,3194,2009,1432,1504,,,234,,,,
9/26/2022,1128545,114925,38745,14445,23416,17021,8052,5060,3070,3194,2013,1435,1504,,,237,,,,
9/27/2022,1129586,115362,38789,14462,23418,17028,8057,5062,3089,3197,2018,1441,1504,,,239,,,,
9/28/2022,1130466,115744,38839,14473,23419,17031,8064,5063,3097,3198,2025,1444,1506,,,240,,,,
9/29/2022,1131441,116163,38876,14480,23425,17034,8069,5063,3107,3198,2029,1447,1507,,,242,,,,
9/30/2022,1132330,116606,38925,14488,23426,17039,8072,5063,3109,3200,2029,1450,1510,,,244,,,,
10/1/2022,1133084,117030,38978,14503,23430,17043,8077,5070,3113,3201,2036,1456,1511,,,248,,,,
10/2/2022,1133827,117451,39008,14513,23433,17045,8081,5072,3114,3204,2037,1459,1511,,,250,,,,
10/3/2022,1134770,117854,39069,14525,23443,17050,8105,5072,3116,3206,2041,1464,1521,,,253,,,,
10/4/2022,1135574,118314,39089,14530,23447,17052,8115,5073,3118,3207,2044,1468,1522,,,255,,,,
10/5/2022,1136379,118757,39117,14539,23452,17054,8119,5075,3120,3209,2044,1470,1523,,,261,,,,
10/6/2022,1137196,119297,39151,14548,23456,17060,8133,5077,3128,3209,2047,1476,1526,,,264,,,,
10/7/2022,1137917,119741,39180,14557,23460,17063,8138,5080,3148,3210,2048,1487,1526,,,265,,,,
10/8/2022,1138776,120157,39208,14563,23462,17069,8140,5081,3172,3210,2052,1489,1531,,,265,,,,
10/9/2022,1139456,120397,39247,14572,23464,17075,8144,5083,3191,3213,2053,1490,1532,,,267,,,,
10/10/2022,1140301,120703,39280,14580,23469,17080,8147,5084,3211,3214,2054,1498,1533,,,269,,,,
10/11/2022,1141193,121062,39331,14593,23474,17085,8150,5084,3219,3214,2059,1502,1533,,,269,,,,
10/12/2022,1142135,121480,39361,14641,23482,17090,8153,5086,3235,3215,2064,1506,1533,,,273,,,,
10/13/2022,1143001,121813,39382,14668,23485,17094,8164,5088,3250,3217,2065,1507,1533,,,283,,,,
10/14/2022,1143809,122205,39413,14675,23495,17097,8174,5093,3256,3218,2070,1509,1535,,,287,,,,
10/15/2022,1144671,122549,39441,14682,23499,17100,8180,5099,3259,3218,2077,1510,1535,,,287,,,,
10/16/2022,1145437,123000,39473,14686,23499,17106,8184,5102,3265,3218,2081,1511,1536,,,289,,,,
10/17/2022,1146527,123536,39513,14692,23508,17111,8192,5103,3272,3218,2090,1512,1536,,,291,,,,
10/18/2022,1147721,124133,39540,14700,23516,17113,8199,5103,3274,3218,2095,1513,1537,,,291,,,,
10/19/2022,1148572,124709,39568,14709,23522,17119,8203,5105,3285,3218,2098,1515,1540,,,292,,,,
10/20/2022,1149656,125312,39588,14726,23543,17121,8210,5108,3289,3218,2102,1516,1546,,,293,,,,
10/21/2022,1150485,125918,39617,14736,23547,17128,8217,5108,3294,3219,2102,1518,1548,,,294,,,,
10/22/2022,1151365,126351,39633,14743,23554,17135,8220,5109,3317,3219,2108,1521,1549,,,294,,,,
10/23/2022,1152199,127027,39660,14752,23561,17141,8223,5110,3347,3219,2112,1526,1551,,,295,,,,
10/24/2022,1153199,127749,39684,14762,23568,17142,8230,5113,3360,3220,2118,1531,1551,,,297,,,,
10/25/2022,1154162,128419,39697,14779,23584,17146,8233,5113,3369,3222,2121,1536,1552,,,298,,,,
10/26/2022,1155148,129020,39718,14801,23591,17148,8239,5118,3379,3223,2124,1540,1552,,,299,,,,
10/27/2022,1156138,129619,39739,14823,23594,17153,8247,5122,3396,3223,2127,1543,1557,,,300,,,,
10/28/2022,1157097,130254,39770,14837,23606,17158,8253,5122,3410,3223,2128,1557,1557,,,300,,,,
10/29/2022,1158070,130801,39788,14851,23610,17166,8258,5127,3420,3223,2133,1569,1558,,,301,,,,
10/30/2022,1159011,131310,39828,14868,23626,17169,8261,5130,3428,3224,2133,1573,1564,,,303,,,,
10/31/2022,1160102,131782,39862,14884,23631,17200,8266,5133,3444,3224,2137,1573,1565,,,303,,,,
11/1/2022,1161188,132396,39888,14928,23634,17202,8268,5134,3457,3224,2140,1576,1567,,,305,,,,
11/2/2022,1162186,132904,39915,14975,23636,17208,8274,5135,3470,3224,2144,1580,1570,,,310,,,,
11/3/2022,1163187,133362,39949,15014,23639,17210,8282,5137,3484,3224,2147,1583,1572,,,310,,,,
11/4/2022,1164206,133806,39969,15045,23643,17212,8284,5139,3490,3224,2150,1585,1573,3,,312,,,,
11/5/2022,1165072,134155,39989,15094,23647,17215,8294,5141,3503,3224,2157,1592,1577,3,,314,,,,
11/6/2022,1166032,134529,40006,15245,23651,17226,8304,5141,3514,3224,2157,1598,1577,3,,315,,,,
11/7/2022,1166980,134914,40035,15314,23653,17229,8307,5143,3543,3225,2165,1608,1578,3,,319,,,,
11/8/2022,1168147,135220,40060,15386,23654,17230,8315,5150,3558,3228,2172,1611,1582,3,,319,,,,
11/9/2022,1168827,135372,40087,15423,23655,17230,8316,5150,3564,3228,2175,1613,1585,4,,319,,,,
11/10/2022,1169586,135611,40112,15473,23657,17233,8321,5150,3569,3230,2178,1622,1586,4,,322,,,,
11/11/2022,1170825,135920,40150,15514,23662,17239,8327,5152,3573,3240,2180,1624,1592,4,,324,,,,
11/12/2022,1171724,136142,40173,15544,23664,17240,8334,5158,3578,3240,2185,1626,1592,4,,324,,,,
11/13/2022,1172573,136356,40202,15567,23671,17241,8342,5158,3583,3241,2186,1629,1595,5,,326,,,,
11/14/2022,1173326,136637,40244,15591,23671,17256,8349,5158,3594,3247,2186,1632,1595,5,,326,,,,
11/15/2022,1174423,136966,40275,15613,23682,17261,8355,5162,3604,3248,2186,1639,1595,5,,328,,,,
11/16/2022,1175259,137298,40303,15631,23686,17267,8362,5164,3618,3251,2187,1641,1595,6,,329,,,,
11/17/2022,1176181,137611,40338,15667,23695,17269,8366,5166,3630,3253,2188,1644,1595,6,,331,,,,
11/18/2022,1177117,137965,40383,15710,23696,17271,8370,5167,3641,3260,2191,1646,1595,6,,343,,,,
11/19/2022,1178129,138264,40417,15734,23700,17271,8377,5167,3653,3260,2193,1649,1596,7,,344,,,,
11/20/2022,1179275,138602,40468,15788,23701,17272,8390,5171,3673,3261,2195,1652,1600,8,,344,,,,
11/21/2022,1180365,138880,40520,15819,23704,17272,8392,5177,3684,3261,2197,1656,1600,12,,346,,,,
11/22/2022,1181344,139177,40541,15848,23709,17281,8395,5179,3691,3262,2198,1661,1604,22,,346,,,,
11/23/2022,1182303,139475,40566,15879,23716,17286,8400,5183,3697,3266,2201,1664,1604,23,,348,,,,
11/24/2022,1183109,139757,40598,15933,23724,17287,8408,5187,3707,3266,2203,1668,1605,23,,349,,,,
11/25/2022,1183871,140020,40630,15975,23727,17288,8413,5195,3714,3266,2205,1673,1605,26,,350,,,,
11/26/2022,1184659,140317,40663,16009,23729,17297,8415,5198,3724,3266,2210,1674,1605,26,,351,,,,
11/27/2022,1185400,140642,40705,16048,23730,17315,8418,5198,3729,3271,2212,1686,1608,28,,352,,,,
11/28/2022,1186287,140953,40739,16141,23743,17319,8423,5202,3736,3271,2217,1692,1609,28,,353,,,,
11/29/2022,1187181,141291,40817,16208,23748,17328,8428,5207,3748,3271,2224,1700,1609,29,,353,,,,
11/30/2022,1188057,141634,40875,16237,23761,17332,8431,5212,3760,3271,2225,1709,1612,30,,354,,,,
12/1/2022,1188853,141984,40898,16281,23768,17335,8438,5213,3768,3271,2229,1713,1613,30,,355,,,,
12/2/2022,1189726,142308,40936,16337,23772,17337,8444,5218,3776,3271,2235,1723,1616,31,,355,,,,
12/3/2022,1190279,142623,40958,16359,23775,17340,8447,5220,3786,3272,2239,1729,1616,32,,356,,,,
12/4/2022,1191255,142913,40977,16381,23782,17345,8451,5220,3800,3273,2244,1732,1616,32,,357,,,,
12/5/2022,1192124,143276,41020,16404,23792,17350,8453,5225,3812,3273,2248,1739,1617,32,,357,,,,
12/6/2022,1192994,143636,41065,16432,23796,17353,8458,5231,3839,3273,2250,1741,1620,33,,358,,,,
12/7/2022,1193939,143977,41163,16444,23797,17357,8466,5240,3863,3274,2256,1747,1620,37,,360,,,,
12/8/2022,1194786,144355,41184,16479,23804,17358,8474,5241,3894,3274,2260,1753,1623,38,,363,,,,
12/9/2022,1195615,144590,41215,16523,23807,17359,8477,5244,3912,3275,2264,1760,1623,38,,364,,,,
12/10/2022,1196173,144878,41240,16553,23809,17362,8482,5248,3925,3275,2267,1773,1623,38,,365,,,,
12/11/2022,1197043,145202,41354,16608,23813,17365,8486,5250,3935,3275,2271,1782,1623,38,,366,,,,
12/12/2022,1197781,145606,41443,16636,23814,17374,8489,5250,3957,3276,2275,1784,1623,39,,367,,,,
12/13/2022,1198572,146001,41468,16679,23814,17376,8497,5253,3972,3276,2277,1794,1624,40,,367,,,,
12/14/2022,1199265,146330,41494,16708,23815,17377,8500,5254,3995,3278,2278,1803,1624,40,,367,,,,
12/15/2022,1199802,146673,41516,16726,23826,17380,8507,5259,4011,3278,2280,1808,1624,41,,368,,,,
12/16/2022,1200717,146974,41557,16740,23828,17382,8510,5266,4019,3279,2285,1811,1625,41,,369,,,,
12/17/2022,1201105,147209,41575,16748,23829,17382,8515,5269,4027,3279,2287,1815,1625,41,,369,,,,
12/18/2022,1201968,147498,41608,16772,23830,17386,8520,5271,4031,3279,2290,1817,1625,41,,370,,,,
12/19/2022,1202606,147821,41638,16786,23834,17387,8522,5272,4056,3279,2293,1823,1626,42,,370,,,,
12/20/2022,1203350,148147,41693,16806,23839,17392,8524,5272,4065,3279,2297,1826,1626,43,,371,,,,
12/21/2022,1203836,148476,41713,16823,23846,17395,8525,5273,4067,3280,2298,1830,1627,43,,376,,,,
12/22/2022,1204539,148773,41739,16856,23860,17397,8527,5274,4071,3284,2304,1835,1629,45,,376,,,,
12/23/2022,1205472,149100,41793,16884,23864,17399,8530,5275,4074,3284,2308,1841,1630,47,,376,,,,
12/24/2022,1206302,149316,41831,16897,23869,17400,8534,5282,4085,3284,2318,1843,1630,50,,377,,,,
12/25/2022,1207013,149541,41857,16911,23870,17408,8537,5286,4100,3284,2320,1843,1630,51,,377,,,,
12/26/2022,1207766,149783,41908,16937,23871,17408,8539,5288,4113,3284,2328,1844,1630,52,,377,,,,
12/27/2022,1208174,150090,41962,16951,23872,17408,8542,5288,4120,3287,2329,1853,1631,52,,378,,,,
12/28/2022,1208879,150451,42035,16969,23879,17427,8549,5288,4129,3287,2334,1854,1631,52,,378,,,,
12/29/2022,1209825,150802,42073,16983,23891,17429,8551,5292,4136,3287,2337,1855,1632,52,,379,,,,
12/30/2022,1210579,151062,42105,16997,23900,17432,8556,5292,4140,3287,2339,1857,1632,52,,379,,,,
12/31/2022,1211131,151274,42130,17010,23907,17432,8558,5293,4150,3287,2341,1857,1633,52,,379,,,,
1/1/2023,1211437,151573,42151,17027,23917,17433,8561,5294,4157,3287,2341,1857,1634,53,,379,,,,
1/2/2023,1212436,151978,42189,17046,23932,17436,8563,5294,4171,3287,2341,1860,1634,53,,379,,,,
1/3/2023,1213185,152512,42248,17070,23948,17440,8571,5299,4204,3288,2342,1862,1640,54,,381,,,,
1/4/2023,1214055,152994,42315,17088,23966,17441,8575,5300,4215,3290,2342,1863,1640,55,,383,,5,,
1/5/2023,1214900,153468,42375,17130,23983,17444,8583,5302,4225,3290,2342,1868,1640,56,,383,,29,,
1/6/2023,1215584,153937,42411,17158,24012,17444,8589,5302,4232,3290,2352,1871,1640,56,,385,,33,,
1/7/2023,1216128,154313,42479,17181,24040,17444,8590,5303,4237,3290,2354,1875,1641,56,,389,,33,,
1/8/2023,1216895,154638,42536,17196,24062,17445,8594,5307,4237,3290,2356,1880,1642,56,,389,,33,,
1/9/2023,1217794,155030,42564,17216,24079,17445,8599,5309,4243,3290,2356,1881,1644,56,,390,,35,,
1/10/2023,1218905,155448,42609,17234,24098,17447,8608,5313,4251,3290,2356,1883,1644,56,,390,,38,,
1/11/2023,1219783,155872,42668,17251,24116,17525,8617,5317,4268,3290,2356,1888,1652,56,,390,,50,,
1/12/2023,1220323,156236,42715,17276,24137,17570,8627,5317,4270,3291,2357,1893,1654,57,,396,,57,,
1/13/2023,1221333,156536,42739,17302,24155,17574,8628,5323,4270,3293,2358,1895,1655,57,,396,,59,,
1/14/2023,1222124,156831,42782,17329,24175,17590,8633,5324,4274,3293,2361,1898,1655,61,,397,,60,,
1/15/2023,1222618,157101,42840,17406,24201,17594,8640,5325,4281,3294,2361,1903,1662,61,,397,,61,,
1/16/2023,1223399,157450,42880,17435,24236,17597,8644,5333,4285,3294,2365,1906,1664,61,,397,,63,,
1/17/2023,1224413,157774,42919,17451,24271,17601,8648,5335,4289,3294,2365,1911,1666,61,,398,,64,,
1/18/2023,1225183,158079,42959,17473,24295,17611,8653,5340,4298,3294,2369,1924,1669,61,,398,,66,,
1/19/2023,1225923,158416,43031,17483,24323,17615,8658,5340,4307,3294,2369,1932,1675,61,,399,,66,,
1/20/2023,1226682,158694,43059,17496,24349,17632,8659,5344,4311,3296,2373,1932,1677,65,,400,,68,,
1/21/2023,1227820,158965,43089,17524,24365,17639,8662,5347,4313,3296,2377,1935,1678,65,,402,,73,,
1/22/2023,1228730,159202,43120,17559,24380,17648,8664,5351,4316,3298,2383,1935,1685,66,,402,,75,,
1/23/2023,1229232,159534,43139,17599,24399,17653,8668,5354,4320,3298,2385,1940,1685,66,,406,,76,,
1/24/2023,1230010,159823,43162,17711,24419,17655,8673,5357,4325,3299,2385,1946,1688,66,,409,,77,,
1/25/2023,1230790,160144,43218,17853,24447,17657,8677,5357,4332,3299,2385,1955,1690,66,,411,,80,,
1/26/2023,1231517,160447,43245,17930,24492,17658,8681,5358,4336,3299,2385,1961,1692,69,,411,,80,,
1/27/2023,1232517,160737,43263,18063,24510,17663,8681,5362,4340,3299,2389,1967,1696,74,,414,,81,,
1/28/2023,1233277,161028,43297,18167,24531,17676,8688,5368,4345,3299,2392,1971,1700,74,,415,,82,,
1/29/2023,1233722,161267,43331,18286,24550,17678,8689,5370,4350,3299,2398,1978,1703,74,,415,,83,,
1/30/2023,1234809,161606,43370,18409,24577,17681,8691,5372,4356,3300,2401,1983,1703,75,,417,,83,,
1/31/2023,1235652,161916,43402,18532,24596,17682,8700,5381,4363,3301,2402,1994,1704,76,,420,,85,,
2/1/2023,1236166,162217,43444,18684,24628,17682,8705,5386,4366,3303,2404,1999,1708,76,,422,,90,,
2/2/2023,1237197,162545,43489,18859,24652,17683,8708,5389,4377,3303,2406,1999,1714,83,,427,,91,,
2/3/2023,1237980,163031,43505,19019,24676,17686,8716,5391,4383,3304,2409,2010,1720,87,,429,,91,,
2/4/2023,1238781,163421,43527,19176,24712,17687,8721,5392,4393,3305,2411,2019,1722,93,,433,,92,,
2/5/2023,1239434,163736,43556,19331,24736,17691,8724,5392,4399,3305,2412,2020,1725,107,,435,,95,,
2/6/2023,1240215,164123,43582,19492,24761,17699,8727,5392,4411,3305,2413,2024,1726,111,,438,,96,,
2/7/2023,1240673,164472,43624,19667,24788,17704,8732,5394,4417,3305,2413,2029,1741,117,,442,,101,,
2/8/2023,1241415,164826,43668,19831,24810,17704,8739,5394,4439,3305,2416,2032,1747,121,,448,,101,,
2/9/2023,1242139,165131,43698,19993,24825,17707,8744,5394,4472,3305,2416,2035,1751,126,,452,,103,,
2/10/2023,1243184,165475,43737,20122,24860,17707,8746,5395,4481,3305,2417,2036,1759,129,,453,,103,,
2/11/2023,1243848,165742,43749,20327,24888,17707,8747,5395,4496,3306,2420,2039,1771,131,,455,,103,,
2/12/2023,1244455,166089,43762,20541,24918,17707,8752,5397,4509,3306,2426,2039,1772,132,,456,,105,,
2/13/2023,1244855,166362,43790,20746,24940,17708,8755,5399,4520,3306,2428,2043,1785,134,,458,,105,,
2/14/2023,1245881,166621,43817,20948,24967,17709,8760,5402,4536,3306,2430,2044,1795,139,,461,,108,,
2/15/2023,1246604,166889,43838,21182,24992,17713,8763,5403,4544,3306,2434,2047,1798,141,,461,,115,,
2/16/2023,1247077,167191,43864,21398,25018,17721,8764,5405,4573,3306,2438,2053,1800,146,,463,,125,,
2/17/2023,1248136,167533,43891,21571,25053,17723,8768,5407,4578,3307,2442,2056,1805,153,,463,,129,,
2/18/2023,1248893,167773,43925,21775,25092,17723,8773,5409,4587,3307,2445,2061,1817,160,,466,,133,,
2/19/2023,1249625,168020,43945,22025,25214,17729,8782,5416,4594,3307,2449,2067,1835,173,,467,,140,,
2/20/2023,1250062,168265,43969,22283,25324,17734,8783,5419,4598,3307,2452,2071,1845,203,,469,,145,,
2/21/2023,1251123,168546,44003,22494,25352,17739,8789,5420,4602,3307,2454,2079,1854,228,,472,,151,,
2/22/2023,1251605,168752,44039,22726,25395,17741,8792,5421,4607,3307,2457,2084,1858,266,,472,,154,,
2/23/2023,1252391,168974,44054,23001,25445,17743,8797,5427,4615,3308,2460,2085,1864,293,,474,,159,,
2/24/2023,1253482,169187,44076,23227,25484,17746,8804,5427,4619,3309,2460,2089,1868,317,,483,,161,,
2/25/2023,1254238,169389,44094,23476,25522,17748,8817,5429,4623,3310,2462,2100,1870,336,,486,,166,,
2/26/2023,1254763,169591,44115,23746,25550,17750,8822,5430,4626,3312,2462,2103,1873,342,,489,,167,,
2/27/2023,1255806,169847,44139,24049,25573,17754,8825,5434,4633,3312,2523,2103,1881,359,,491,,168,,
2/28/2023,1257128,170111,44162,24347,25610,17757,8829,5436,4637,3313,2529,2111,1883,368,,491,,173,,
3/1/2023,1258182,170377,44190,24630,25645,17757,8833,5439,4641,3313,2534,2113,1885,376,,494,,176,,
3/2/2023,1259045,170666,44212,24908,25673,17760,8833,5445,4652,3313,2536,2118,1889,383,,494,,177,,
3/3/2023,1259634,170969,44235,25114,25696,17770,8835,5448,4652,3313,2537,2122,1891,395,,500,,181,,
3/4/2023,1260384,171325,44257,25283,25718,17770,8840,5448,4656,3313,2537,2122,1892,399,,500,,186,,
3/5/2023,1261187,171622,44277,25435,25743,17784,8847,5449,4667,3313,2541,2127,1894,403,,503,,188,,
3/6/2023,1262411,171927,44295,25634,25770,17784,8848,5450,4673,3313,2543,2131,1895,403,,508,,190,,
3/7/2023,1263337,172282,44309,25805,25802,17791,8851,5453,4695,3315,2548,2133,1898,406,,512,,190,,
3/8/2023,1264204,172624,44325,25969,25822,17795,8858,5457,4713,3315,2548,2143,1900,417,,515,,191,,
3/9/2023,1265119,172897,44355,26114,25846,17801,8858,5465,4735,3316,2555,2146,1902,422,,518,,195,,
3/10/2023,1265686,173164,44392,26249,25863,17804,8861,5474,4745,3320,2560,2154,1906,434,,520,,196,,
3/11/2023,1266436,173322,44410,26353,25870,17809,8868,5478,4763,3320,2560,2165,1907,447,,520,,197,,
3/12/2023,1267430,173583,44429,26462,25888,17811,8872,5479,4771,3320,2568,2170,1911,450,,521,,199,,
3/13/2023,1268325,173914,44456,26601,25914,17812,8875,5483,4780,3321,2571,2181,1921,461,,521,,202,,
3/14/2023,1268849,174266,44485,26752,25940,17815,8883,5493,4790,3321,2587,2184,1929,465,,523,,203,1,
3/15/2023,1269973,174761,44498,26887,25961,17817,8889,5495,4810,3321,2587,2193,1932,473,,525,,203,25,
3/16/2023,1270852,175234,44514,27058,25978,17821,8895,5495,4823,3321,2589,2196,1935,485,,525,,204,53,
3/17/2023,1271555,175672,44546,27166,25997,17822,8897,5508,4835,3321,2591,2203,1936,488,,525,,206,60,
3/18/2023,1271967,176039,44568,27288,26010,17825,8899,5510,4845,3321,2591,2210,1938,489,,526,,206,66,
3/19/2023,1272923,176428,44593,27424,26027,17826,8906,5515,4854,3322,2591,2221,1942,498,,526,,208,70,
3/20/2023,1273580,176882,44622,27577,26039,17827,8911,5521,4857,3324,2591,2229,1946,519,,526,,208,84,
3/21/2023,1274252,177313,44636,27781,26066,17828,8916,5526,4881,3324,2592,2236,1950,534,,528,,208,89,
3/22/2023,1274857,177745,44643,28027,26075,17840,8918,5529,4885,3324,2594,2251,1950,558,,531,,212,97,
3/23/2023,1275541,178134,44668,28280,26116,17846,8919,5531,4903,3324,2595,2273,1950,575,,531,,214,99,
3/24/2023,1276122,178502,44717,28621,26134,17854,8925,5536,4914,3325,2596,2299,1959,587,2,534,,215,100,
3/25/2023,1276310,178754,44742,28842,26147,17854,8926,5537,4925,3326,2596,2306,1959,600,17,535,,215,105,
3/26/2023,1277146,179100,44769,29037,26161,17855,8929,5538,4927,3326,2596,2314,1960,604,34,536,,215,106,
3/27/2023,1277443,179450,44787,29247,26176,17857,8933,5540,4931,3326,2597,2317,1962,606,47,537,,216,107,
3/28/2023,1278416,179812,44804,29478,26189,17859,8941,5540,4938,3326,2600,2335,1963,613,64,537,,218,109,
3/29/2023,1279075,180182,44822,29649,26203,17861,8943,5541,4939,3326,2601,2347,1965,630,71,539,,221,114,
3/30/2023,1279333,180609,44845,29843,26222,17863,8944,5543,4940,3327,2601,2355,1965,641,87,540,,222,116,
3/31/2023,1280331,181011,44874,30035,26234,17863,8950,5545,4945,3327,2604,2363,1965,644,113,541,,223,117,
4/1/2023,1281028,181300,44909,30175,26247,17864,8955,5546,4946,3328,2607,2370,1965,647,137,541,,227,119,
4/2/2023,1281309,181611,44934,30317,26266,17865,8986,5559,4953,3329,2608,2375,1971,655,153,541,,227,120,
4/3/2023,1282598,182043,44955,30469,26287,17868,8988,5561,4960,3331,2609,2386,1975,666,173,543,,230,121,
4/4/2023,1283167,182441,44975,30642,26316,17874,8989,5562,4975,3331,2614,2395,1976,676,184,543,,235,121,
4/5/2023,1284218,182761,44999,30832,26332,17880,8994,5564,4989,3331,2617,2407,1976,679,199,543,,242,123,
4/6/2023,1284927,183105,45016,30989,26354,17892,8997,5567,4992,3331,2618,2416,1979,685,220,545,,242,123,
4/7/2023,1285333,183402,45044,31073,26372,17894,8999,5568,4993,3331,2619,2422,1980,690,234,549,,245,124,
4/8/2023,1286310,183641,45074,31147,26385,17901,9001,5569,4994,3331,2620,2434,1982,690,252,549,,245,124,
4/9/2023,1286610,183885,45087,31233,26405,17901,9004,5574,4994,3331,2629,2441,1983,694,267,549,,246,124,
4/10/2023,1287471,184232,45104,31322,26439,17906,9010,5577,5000,3331,2631,2446,1985,701,280,549,,247,125,
4/11/2023,1288532,184573,45119,31419,26453,17932,9015,5583,5019,3331,2633,2455,1987,704,282,549,,248,125,
4/12/2023,1289363,184929,45126,31529,26470,17961,9021,5584,5028,3332,2637,2463,1987,704,287,549,,248,125,
4/13/2023,1289829,185228,45141,31601,26477,17981,9022,5588,5034,3332,2642,2468,1991,709,296,551,,266,125,
4/14/2023,1290945,185547,45151,31657,26486,17992,9025,5591,5048,3334,2643,2473,1993,715,302,552,,269,125,
4/15/2023,1291762,185812,45157,31722,26508,17997,9027,5592,5055,3334,2646,2480,1999,722,307,552,,269,126,
4/16/2023,1292260,186092,45170,31793,26511,18003,9028,5592,5065,3334,2648,2482,1999,726,314,552,,269,128,
4/17/2023,1293268,186754,45191,31898,26531,18016,9030,5593,5067,3334,2653,2486,2004,746,319,556,,270,128,
4/18/2023,1294278,187481,45213,32018,26540,18033,9033,5593,5068,3334,2659,2494,2006,798,325,556,,270,132,
4/19/2023,1295612,188241,45231,32179,26552,18048,9041,5598,5071,3335,2660,2494,2008,906,336,557,,273,132,
4/20/2023,1296730,189187,45245,32321,26573,18063,9048,5610,5074,3336,2664,2494,2009,1028,342,557,,284,132,
4/21/2023,1297773,189849,45258,32500,26592,18074,9049,5612,5075,3339,2665,2496,2012,1077,346,558,,285,133,
4/22/2023,1298854,190593,45282,32730,26612,18084,9053,5615,5078,3342,2665,2497,2013,1131,351,559,,286,134,
4/23/2023,1300038,191368,45296,32945,26631,18097,9060,5617,5082,3343,2666,2497,2021,1186,354,559,,287,134,
4/24/2023,1300926,192153,45308,33182,26641,18112,9064,5619,5085,3346,2667,2498,2024,1252,355,559,,289,138,
4/25/2023,1302501,192889,45335,33404,26668,18131,9066,5621,5087,3348,2669,2500,2027,1345,362,560,,290,138,
4/26/2023,1303311,193518,45354,33581,26684,18144,9070,5622,5088,3351,2669,2500,2027,1415,365,561,,291,140,
4/27/2023,1304804,194217,45375,33750,26703,18154,9075,5627,5088,3354,2671,2500,2030,1461,372,564,,296,140,
4/28/2023,1305550,194945,45395,33915,26714,18170,9077,5631,5090,3355,2673,2500,2032,1514,380,565,,298,140,
4/29/2023,1306992,195538,45410,34054,26726,18179,9083,5634,5091,3355,2674,2501,2032,1550,384,565,,299,140,
4/30/2023,1307769,196197,45425,34227,26742,18190,9086,5641,5091,3356,2675,2502,2032,1587,387,565,,299,141,
5/1/2023,1309583,196841,45442,34401,26761,18197,9093,5645,5092,3356,2681,2502,2033,1631,393,565,,309,144,
5/2/2023,1310884,197554,45461,34606,26778,18208,9094,5646,5095,3356,2682,2502,2034,1685,397,566,,309,147,
5/3/2023,1312272,198378,45483,34849,26801,18229,9097,5646,5100,3357,2682,2502,2035,1723,402,568,,310,148,
5/4/2023,1313776,199160,45511,35038,26830,18233,9105,5651,5111,3358,2684,2502,2035,1760,405,570,,311,149,
5/5/2023,1315561,199732,45525,35312,26847,18246,9110,5651,5119,3358,2688,2502,2035,1813,406,570,,318,152,
5/6/2023,1316783,200531,45547,35567,26867,18260,9112,5653,5124,3361,2689,2502,2036,1881,410,571,,321,153,
5/7/2023,1318604,201475,45578,35868,26886,18290,9118,5655,5128,3363,2690,2503,2037,1943,414,571,2,321,154,
5/8/2023,1320657,202361,45612,36146,26909,18312,9122,5658,5134,3364,2692,2503,2041,1997,417,571,20,325,155,
5/9/2023,1322735,203354,45636,36438,26936,18332,9127,5671,5135,3364,2694,2503,2041,2051,425,572,20,326,155,
5/10/2023,1325378,204250,45652,36601,26961,18348,9131,5676,5138,3364,2699,2503,2041,2108,434,572,24,328,155,
5/11/2023,1327599,205119,45682,36778,26980,18380,9139,5676,5159,3364,2702,2504,2042,2155,440,572,25,328,156,
5/12/2023,1329846,205954,45707,36948,26995,18398,9145,5684,5167,3366,2707,2511,2042,2183,444,574,29,331,158,
5/13/2023,1331865,206782,45727,37108,27016,18411,9146,5686,5169,3366,2710,2511,2043,2218,454,574,32,331,159,
5/14/2023,1333780,207561,45747,37234,27035,18424,9150,5689,5173,3366,2716,2511,2043,2236,456,575,34,331,161,
5/15/2023,1335789,208508,45784,37383,27052,18446,9154,5695,5184,3366,2719,2511,2045,2252,462,575,35,333,163,
5/16/2023,1337644,209431,45823,37541,27072,18467,9162,5697,5190,3366,2723,2513,2047,2271,469,576,41,334,168,
5/17/2023,1339468,210309,45842,37668,27083,18477,9169,5700,5198,3366,2725,2513,2047,2279,474,576,43,335,170,
5/18/2023,1341016,211207,45856,37757,27097,18483,9176,5705,5202,3368,2728,2513,2047,2294,479,576,43,335,173,
5/19/2023,1343346,212170,45892,37857,27124,18493,9178,5705,5208,3368,2729,2522,2047,2306,479,578,45,335,176,
5/20/2023,1345142,212959,45920,37931,27134,18497,9183,5705,5210,3368,2729,2528,2047,2320,486,578,46,335,176,
5/21/2023,1346622,213794,45942,38013,27148,18506,9188,5709,5212,3368,2734,2534,2047,2337,502,578,51,335,177,
5/22/2023,1348484,214722,45966,38078,27162,18517,9194,5709,5216,3368,2739,2542,2048,2359,513,578,54,338,177,
5/23/2023,1350472,215625,45995,38149,27167,18525,9199,5712,5220,3368,2740,2550,2048,2372,526,578,55,338,179,
5/24/2023,1353062,216538,46016,38220,27170,18548,9203,5715,5229,3368,2741,2593,2048,2389,554,579,61,338,181,
5/25/2023,1355030,217391,46041,38268,27184,18582,9206,5715,5233,3368,2749,2603,2048,2407,613,580,63,338,181,
5/26/2023,1356787,218200,46051,38350,27202,18594,9211,5720,5237,3368,2751,2609,2049,2419,684,580,63,338,183,
5/27/2023,1358569,218862,46068,38441,27216,18608,9212,5723,5241,3368,2757,2625,2050,2429,732,580,63,339,183,
5/28/2023,1360164,219661,46082,38532,27227,18623,9217,5726,5245,3368,2764,2631,2050,2433,789,581,66,339,183,
5/29/2023,1361884,220648,46115,38626,27233,18634,9219,5727,5246,3369,2771,2652,2050,2446,831,581,72,346,183,
5/30/2023,1363537,221341,46137,38729,27266,18644,9222,5730,5250,3369,2774,2659,2050,2456,860,583,73,346,184,
5/31/2023,1364791,222152,46155,38796,27277,18659,9225,5732,5258,3369,2778,2663,2052,2467,921,584,79,346,186,
6/1/2023,1366315,222919,46177,38866,27295,18668,9228,5735,5259,3369,2780,2669,2053,2477,976,586,82,346,190,
6/2/2023,1368314,223641,46193,38944,27305,18681,9229,5741,5264,3369,2781,2672,2053,2482,1052,587,84,347,190,
6/3/2023,1369773,224253,46212,39003,27319,18690,9235,5741,5266,3369,2782,2672,2053,2486,1122,587,87,347,190,
6/4/2023,1371254,224930,46234,39060,27340,18694,9241,5741,5266,3369,2787,2675,2053,2490,1189,587,87,348,190,
6/5/2023,1372408,225609,46251,39124,27352,18698,9243,5751,5268,3369,2790,2682,2053,2494,1243,587,89,349,195,
6/6/2023,1374396,226323,46288,39207,27362,18702,9252,5752,5270,3370,2794,2690,2053,2503,1301,588,90,351,197,
6/7/2023,1375919,226943,46310,39270,27368,18710,9261,5754,5276,3371,2798,2691,2053,2508,1368,594,92,351,197,
6/8/2023,1377293,227615,46340,39339,27379,18718,9264,5755,5285,3377,2800,2701,2053,2518,1409,594,98,355,200,
6/9/2023,1378598,228168,46364,39419,27394,18724,9272,5756,5287,3377,2804,2709,2054,2528,1453,594,101,355,202,
6/10/2023,1379745,228565,46374,39483,27406,18731,9282,5756,5293,3377,2806,2713,2054,2529,1495,595,113,355,207,
6/11/2023,1380885,228936,46394,39546,27410,18733,9286,5756,5294,3377,2808,2713,2054,2532,1520,595,123,357,221,
6/12/2023,1382108,229565,46423,39625,27412,18742,9288,5756,5301,3377,2810,2720,2054,2534,1549,595,139,358,222,
6/13/2023,1383329,230148,46434,39666,27415,18743,9291,5758,5304,3377,2812,2725,2055,2541,1574,595,158,360,226,
6/14/2023,1384571,230634,46456,39703,27435,18753,9299,5761,5309,3377,2820,2730,2056,2560,1605,599,163,363,227,
6/15/2023,1385814,231156,46472,39749,27446,18763,9303,5763,5313,3377,2825,2735,2056,2569,1639,599,169,363,229,
6/16/2023,1387066,231641,46488,39793,27449,18770,9309,5763,5316,3377,2829,2741,2058,2573,1659,600,178,364,230,
6/17/2023,1387787,232160,46507,39826,27456,18778,9312,5763,5317,3377,2832,2747,2058,2576,1683,600,181,364,231,
6/18/2023,1389313,232606,46521,39847,27462,18783,9313,5764,5319,3377,2836,2749,2058,2580,1697,601,188,364,233,
6/19/2023,1390144,233241,46538,39892,27466,18789,9314,5765,5326,3378,2839,2752,2058,2587,1711,602,193,364,237,
6/20/2023,1391827,233886,46554,39960,27468,18798,9315,5766,5332,3378,2847,2754,2058,2604,1724,602,209,364,238,
6/21/2023,1392559,234556,46572,40014,27471,18804,9320,5766,5336,3380,2851,2756,2058,2634,1737,602,214,365,246,
6/22/2023,1393756,235158,46589,40036,27471,18806,9330,5769,5340,3380,2855,2763,2058,2643,1755,691,225,366,248,
6/23/2023,1395285,235745,46601,40065,27475,18810,9331,5773,5344,3381,2855,2768,2060,2646,1776,707,233,374,250,
6/24/2023,1396337,236284,46611,40148,27499,18817,9344,5773,5344,3381,2860,2775,2060,2651,1795,719,236,375,252,
6/25/2023,1396833,236771,46628,40209,27537,18821,9348,5775,5352,3381,2862,2783,2060,2653,1815,727,240,375,253,
6/26/2023,1397995,237309,46644,40227,27545,18821,9348,5777,5360,3381,2866,2799,2060,2658,1835,734,261,375,255,
6/27/2023,1399566,237933,46659,40264,27575,18827,9359,5777,5367,3388,2868,2808,2060,2662,1850,745,270,377,260,
6/28/2023,1400640,238649,46672,40309,27597,18830,9365,5782,5375,3388,2869,2824,2060,2667,1872,753,306,377,262,
6/29/2023,1401360,239484,46695,40354,27608,18836,9372,5787,5375,3389,2870,2835,2060,2671,1887,762,311,378,266,
6/30/2023,1402876,240216,46718,40387,27616,18840,9377,5788,5381,3389,2875,2847,2060,2683,1895,771,319,378,269,
7/1/2023,1403373,240909,46733,40443,27622,18840,9383,5788,5383,3389,2876,2858,2060,2684,1905,773,329,378,271,
7/2/2023,1404410,241551,46738,40470,27628,18844,9388,5792,5384,3389,2877,2869,2060,2687,1921,775,339,378,272,
7/3/2023,1405646,242292,46747,40510,27629,18852,9395,5796,5388,3389,2879,2882,2060,2693,1931,776,349,380,273,
7/4/2023,1406773,242888,46758,40538,27632,18854,9395,5796,5391,3389,2881,2887,2060,2695,1947,778,351,383,273,
7/5/2023,1407937,243343,46772,40573,27633,18862,9403,5798,5394,3389,2881,2899,2061,2699,1956,781,358,383,274,
7/6/2023,1409651,244006,46789,40622,27635,18864,9411,5798,5395,3389,2882,2902,2066,2701,1961,786,362,383,275,
7/7/2023,1410837,244871,46815,40663,27643,18870,9418,5799,5397,3389,2882,2906,2067,2706,1970,787,369,384,275,
7/8/2023,1411380,245696,46831,40712,27661,18870,9429,5800,5403,3389,2883,2910,2068,2708,1975,790,374,384,275,
7/9/2023,1412377,246589,46851,40760,27668,18870,9431,5801,5404,3389,2883,2914,2069,2712,1983,794,377,392,275,
7/10/2023,1413980,247385,46866,40839,27676,18873,9434,5802,5410,3389,2884,2917,2069,2717,1986,795,381,393,275,
7/11/2023,1414585,248203,46881,40875,27679,18877,9439,5803,5420,3389,2890,2921,2071,2723,1990,799,385,393,276,
7/12/2023,1416122,249006,46897,40918,27683,18879,9448,5803,5451,3394,2892,2927,2080,2723,2001,803,386,393,276,
7/13/2023,1417287,249809,46913,40960,27696,18880,9453,5806,5461,3394,2893,2938,2081,2733,2008,808,391,393,276,
7/14/2023,1417883,250463,46940,41021,27712,18882,9458,5808,5466,3395,2895,2944,2081,2736,2024,811,393,394,276,
7/15/2023,1419295,251064,46964,41053,27726,18885,9465,5811,5472,3395,2896,2945,2081,2740,2027,813,398,394,277,
7/16/2023,1420293,251784,46972,41091,27733,18891,9474,5812,5480,3395,2896,2954,2081,2748,2033,815,404,394,277,
7/17/2023,1421398,252549,46997,41138,27748,18899,9479,5812,5495,3396,2896,2961,2082,2752,2036,818,407,394,277,
7/18/2023,1422472,253205,47014,41197,27755,18906,9484,5813,5505,3396,2897,2965,2084,2756,2045,820,408,396,277,
7/19/2023,1423507,254011,47020,41243,27758,18912,9487,5814,5513,3397,2898,2975,2087,2758,2054,826,411,396,278,
7/20/2023,1424541,254752,47034,41284,27758,18915,9491,5814,5522,3398,2900,2979,2089,2765,2059,827,412,396,279,
7/21/2023,1425007,255508,47053,41336,27770,18918,9498,5819,5528,3398,2902,2980,2091,2773,2063,829,415,396,279,
7/22/2023,1426381,256245,47083,41367,27771,18925,9534,5821,5536,3398,2902,2985,2091,2775,2066,830,419,396,281,
7/23/2023,1427276,256938,47109,41408,27771,18932,9536,5821,5538,3399,2903,2990,2091,2779,2074,835,420,396,281,
7/24/2023,1427824,257707,47136,41448,27774,18934,9539,5821,5541,3399,2903,3002,2102,2784,2081,838,426,397,281,
7/25/2023,1429301,258622,47158,41503,27781,18937,9548,5822,5548,3399,2912,3008,2103,2791,2084,840,428,397,281,
7/26/2023,1430301,259371,47174,41531,27782,18940,9552,5822,5557,3399,2912,3014,2104,2799,2095,844,432,398,282,
7/27/2023,1431206,260192,47189,41570,27786,18945,9559,5822,5559,3402,2913,3016,2106,2803,2103,853,435,400,282,
7/28/2023,1432223,260941,47202,41591,27787,18947,9561,5822,5564,3402,2913,3019,2106,2809,2105,854,435,402,282,
7/29/2023,1433015,261610,47225,41608,27789,18949,9566,5822,5566,3402,2913,3020,2107,2814,2108,858,440,402,282,
7/30/2023,1433808,262149,47236,41630,27794,18953,9575,5822,5566,3402,2914,3025,2110,2817,2113,865,446,402,283,
7/31/2023,1434790,262706,47250,41645,27808,18957,9586,5822,5567,3402,2914,3030,2110,2826,2116,881,446,406,286,
8/1/2023,1435553,263438,47267,41701,27837,18960,9593,5822,5570,3402,2914,3035,2112,2828,2120,882,449,407,286,
8/2/2023,1436702,264158,47283,41838,27840,18962,9593,5826,5576,3402,2914,3043,2114,2830,2133,885,452,407,287,
8/3/2023,1438200,264878,47300,41966,27841,18966,9596,5826,5582,3402,2914,3049,2115,2834,2137,886,455,407,287,
8/4/2023,1439138,265628,47321,42108,27847,18967,9600,5827,5589,3402,2915,3052,2117,2834,2141,891,457,408,288,
8/5/2023,1440012,266291,47337,42195,27853,18969,9604,5829,5592,3402,2915,3056,2120,2837,2145,897,457,410,288,
8/6/2023,1440940,266864,47346,42277,27859,18974,9609,5831,5597,3402,2915,3065,2120,2838,2149,902,459,410,288,
8/7/2023,1441888,267787,47359,42373,27863,18977,9613,5833,5602,3402,2915,3069,2121,2846,2153,903,459,411,289,
8/8/2023,1442884,268688,47380,42432,27865,18982,9616,5835,5610,3403,2915,3085,2125,2847,2154,905,461,412,289,
8/9/2023,1443952,269587,47393,42476,27868,18983,9623,5840,5617,3403,2920,3086,2126,2853,2157,908,471,412,289,
8/10/2023,1444544,270414,47421,42537,27869,18986,9632,5841,5620,3403,2925,3092,2127,2854,2161,911,476,412,289,
8/11/2023,1445459,271199,47435,42576,27869,18989,9639,5842,5627,3403,2926,3096,2134,2856,2164,913,477,412,291,
8/12/2023,1446751,271911,47450,42600,27869,18990,9647,5845,5631,3403,2928,3099,2134,2858,2172,916,477,412,291,
8/13/2023,1447430,272498,47467,42612,27875,18990,9647,5845,5633,3403,2929,3100,2134,2858,2174,916,480,412,291,
8/14/2023,1447984,273215,47492,42664,27876,18996,9672,5846,5646,3403,2930,3104,2135,2860,2177,920,486,414,291,
8/15/2023,1449487,273901,47503,42704,27879,18998,9693,5848,5658,3403,2933,3108,2139,2863,2179,922,488,414,292,
8/16/2023,1450450,274592,47524,42721,27899,19000,9714,5849,5664,3403,2933,3112,2150,2864,2181,923,489,415,296,
8/17/2023,1450888,275161,47537,42748,27903,19013,9725,5850,5670,3403,2933,3114,2150,2869,2184,938,490,415,296,
8/18/2023,1451767,276280,47565,42771,27906,19018,9734,5854,5680,3403,2934,3116,2152,2869,2190,941,492,415,298,
8/19/2023,1453042,276836,47582,42801,27908,19019,9739,5856,5685,3403,2935,3119,2152,2869,2199,943,495,416,298,
8/20/2023,1453758,277387,47601,42812,27911,19022,9744,5857,5697,3403,2936,3124,2152,2869,2204,945,496,416,298,
8/21/2023,1454460,278120,47622,42844,27923,19023,9750,5857,5709,3403,2988,3129,2152,2869,2210,948,496,418,298,
8/22/2023,1455326,278708,47635,42869,27926,19024,9755,5857,5717,3403,2990,3131,2152,2905,2212,970,500,418,298,
8/23/2023,1456181,279365,47669,42896,27934,19025,9763,5858,5718,3403,2992,3139,2152,2924,2213,977,503,418,299,
8/24/2023,1456937,279988,47690,42936,27939,19025,9775,5859,5728,3403,2993,3142,2152,2932,2219,986,504,419,304,
8/25/2023,1457630,280691,47701,42955,27953,19028,9778,5860,5733,3403,2993,3148,2152,2946,2220,987,504,419,304,
8/26/2023,1458370,281256,47712,42972,27959,19030,9783,5860,5737,3403,2995,3151,2152,2954,2225,990,504,419,304,
8/27/2023,1458969,281786,47729,42992,28008,19031,9788,5861,5739,3403,2995,3155,2152,2959,2232,993,505,419,304,
8/28/2023,1459081,282490,47745,43006,28011,19031,9791,5862,5742,3403,2996,3157,2152,2967,2238,996,509,421,304,21
8/29/2023,1460345,283167,47769,43026,28016,19035,9800,5863,5747,3404,3001,3157,2152,2979,2244,999,509,422,305,55
8/30/2023,1460961,283861,47800,43043,28019,19036,9802,5865,5749,3404,3002,3160,2152,2992,2252,1000,509,424,305,69
8/31/2023,1461860,284551,47835,43059,28022,19040,9805,5866,5751,3404,3003,3161,2152,2998,2254,1005,510,424,307,85
9/1/2023,1462542,285112,47858,43070,28023,19046,9812,5868,5752,3404,3003,3161,2153,3002,2258,1007,512,424,310,90
9/2/2023,1462711,285684,47878,43078,28026,19047,9820,5876,5756,3404,3006,3162,2153,3007,2263,1007,515,425,310,97
9/3/2023,1463363,286265,47895,43100,28028,19053,9822,5881,5762,3404,3006,3166,2153,3011,2264,1012,516,425,311,99
9/4/2023,1464748,286932,47909,43124,28029,19056,9824,5886,5770,3404,3007,3172,2153,3011,2266,1012,517,428,317,103
9/5/2023,1465035,287668,47936,43144,28029,19058,9827,5889,5774,3404,3007,3176,2153,3018,2266,1017,521,431,318,111
9/6/2023,1466251,288431,47955,43163,28029,19060,9836,5889,5784,3404,3008,3183,2153,3019,2272,1018,525,432,318,120
9/7/2023,1467010,289076,47975,43183,28032,19063,9841,5893,5785,3404,3010,3198,2153,3022,2274,1019,526,433,318,122
9/8/2023,1467495,289667,47988,43192,28035,19065,9843,5895,5785,3404,3012,3201,2153,3030,2277,1021,527,434,319,123
9/9/2023,1468305,290219,48001,43204,28039,19069,9853,5895,5786,3404,3016,3205,2153,3031,2281,1023,527,434,319,124
9/10/2023,1468407,290711,48010,43210,28041,19072,9856,5895,5789,3405,3019,3208,2153,3035,2285,1024,531,434,319,127
9/11/2023,1469098,291351,48065,43229,28052,19079,9861,5895,5791,3405,3025,3219,2154,3040,2288,1026,532,434,323,128
9/12/2023,1470404,292011,48083,43269,28069,19084,9866,5896,5795,3405,3031,3226,2154,3040,2290,1046,535,435,323,132
9/13/2023,1471227,292629,48107,43288,28069,19085,9878,5899,5795,3405,3039,3230,2154,3041,2299,1064,536,436,323,133
9/14/2023,1471284,293349,48124,43298,28069,19089,9885,5901,5797,3405,3043,3234,2154,3041,2310,1067,536,438,324,137
9/15/2023,1472570,294068,48148,43313,28089,19089,9892,5901,5800,3405,3046,3245,2154,3041,2314,1075,536,438,324,140
9/16/2023,1472485,294696,48170,43323,28096,19089,9915,5901,5804,3405,3048,3246,2155,3041,2322,1083,539,438,324,141
9/17/2023,1473150,295282,48192,43331,28100,19091,9918,5903,5807,3405,3049,3251,2155,3042,2331,1083,540,438,324,146
9/18/2023,1474567,295961,48212,43341,28101,19096,9927,5908,5809,3405,3052,3254,2155,3043,2338,1086,547,440,324,150
9/19/2023,1475270,296731,48225,43360,28106,19096,9934,5909,5812,3406,3052,3258,2155,3049,2342,1090,549,440,326,156
9/20/2023,1475935,297451,48243,43375,28110,19099,9940,5909,5814,3409,3057,3262,2155,3049,2346,1095,552,440,327,157
9/21/2023,1476496,298145,48255,43391,28113,19101,9943,5911,5818,3409,3057,3263,2159,3052,2348,1097,553,440,330,161
9/22/2023,1477065,298775,48277,43432,28114,19102,9946,5912,5819,3409,3060,3264,2159,3053,2354,1099,554,440,331,162
9/23/2023,1477078,299317,48293,43445,28114,19104,9947,5912,5820,3409,3060,3265,2159,3054,2390,1101,555,440,331,164
9/24/2023,1477666,299905,48309,43460,28118,19104,9951,5915,5822,3409,3066,3270,2160,3054,2413,1103,560,440,332,165
9/25/2023,1478388,300583,48325,43462,28120,19105,9955,5915,5825,3410,3066,3270,2160,3054,2418,1103,562,441,332,169
9/26/2023,1478987,301301,48354,43477,28125,19106,9959,5916,5826,3410,3066,3276,2160,3055,2424,1108,565,441,334,173
9/27/2023,1480317,301919,48372,43487,28125,19107,9966,5916,5829,3410,3067,3280,2160,3056,2425,1109,569,441,334,183
9/28/2023,1480360,302639,48384,43494,28128,19110,9969,5916,5835,3410,3067,3283,2160,3057,2428,1110,569,441,335,187
9/29/2023,1481645,303220,48395,43501,28131,19113,9974,5918,5839,3411,3068,3291,2160,3059,2430,1114,571,441,336,192
9/30/2023,1482041,303771,48412,43513,28135,19114,9986,5919,5841,3412,3068,3293,2160,3060,2436,1114,575,441,336,192
10/1/2023,1482213,304323,48427,43518,28138,19115,9994,5920,5844,3412,3068,3301,2160,3061,2440,1117,578,441,336,192
10/2/2023,1483518,305018,48446,43535,28145,19116,10000,5921,5844,3413,3068,3321,2160,3064,2443,1123,579,441,336,197
10/3/2023,1484265,305770,48460,43557,28146,19122,10002,5925,5851,3413,3074,3324,2160,3065,2444,1126,580,441,339,205
10/4/2023,1485108,306418,48475,43574,28148,19129,10005,5926,5851,3413,3074,3324,2160,3066,2456,1128,583,441,340,207
10/5/2023,1485282,307077,48491,43585,28153,19130,10006,5928,5856,3414,3074,3331,2160,3067,2460,1130,584,441,340,208
10/6/2023,1486608,307704,48514,43605,28154,19137,10013,5929,5859,3414,3076,3337,2160,3069,2466,1132,584,441,340,211
10/7/2023,1487224,308251,48530,43622,28157,19138,10018,5932,5863,3414,3079,3340,2160,3069,2470,1133,586,442,340,211
10/8/2023,1487352,308798,48543,43634,28159,19140,10023,5933,5865,3414,3081,3344,2160,3069,2476,1135,590,442,340,212
10/9/2023,1488535,309416,48568,43664,28161,19150,10025,5935,5869,3414,3081,3347,2160,3070,2482,1143,593,442,340,220
10/10/2023,1489235,310022,48576,43689,28166,19152,10033,5936,5877,3414,3081,3355,2161,3074,2490,1144,593,443,343,223
10/11/2023,1490046,310561,48609,43700,28169,19153,10041,5937,5885,3414,3081,3357,2161,3074,2491,1145,594,443,344,223
10/12/2023,1490759,311162,48622,43728,28170,19164,10049,5940,5900,3414,3084,3362,2161,3075,2495,1148,600,443,345,225
10/13/2023,1491176,311680,48648,43750,28170,19167,10053,5941,5902,3414,3084,3372,2161,3076,2501,1149,603,445,345,228
10/14/2023,1491972,312117,48661,43760,28170,19176,10062,5943,5909,3414,3085,3372,2161,3076,2507,1150,608,445,345,229
10/15/2023,1492364,312523,48672,43778,28170,19176,10081,5944,5913,3414,3087,3376,2161,3077,2511,1150,611,445,347,235
10/16/2023,1493483,313085,48686,43795,28170,19177,10085,5946,5919,3414,3087,3382,2161,3078,2513,1152,616,445,348,235
10/17/2023,1493965,313632,48705,43802,28174,19182,10099,5948,5924,3414,3088,3387,2162,3078,2514,1153,617,445,352,236
10/18/2023,1494984,314224,48718,43812,28176,19186,10101,5951,5931,3414,3089,3396,2162,3079,2517,1153,621,445,354,237
10/19/2023,1495791,314854,48735,43823,28183,19192,10109,5951,5941,3414,3089,3410,2163,3084,2519,1156,621,446,356,243
10/20/2023,1496355,315382,48772,43838,28191,19193,10117,5951,5942,3414,3089,3418,2163,3091,2520,1156,628,446,357,249
10/21/2023,1497286,315833,48787,43867,28195,19195,10127,5951,5943,3414,3090,3422,2163,3093,2521,1156,635,446,357,250
10/22/2023,1497651,316298,48797,43874,28197,19196,10132,5951,5946,3414,3094,3427,2163,3094,2524,1157,639,446,358,255
10/23/2023,1498236,316777,48814,43889,28206,19197,10139,5952,5950,3414,3095,3437,2163,3103,2524,1157,640,446,358,256
10/24/2023,1499324,317304,48833,43905,28207,19200,10147,5952,5958,3414,3096,3442,2163,3108,2524,1159,644,446,358,257
10/25/2023,1500123,317797,48845,43925,28207,19202,10155,5952,5964,3414,3097,3457,2163,3116,2527,1159,645,447,359,257
10/26/2023,1500432,318313,48858,43951,28210,19207,10158,5952,5969,3414,3099,3465,2164,3119,2529,1159,648,447,359,259
10/27/2023,1501098,318863,48872,43986,28214,19211,10164,5952,5977,3414,3101,3471,2164,3119,2530,1160,654,447,359,260
10/28/2023,1502740,319354,48890,44012,28221,19213,10173,5954,5982,3414,3104,3472,2165,3121,2533,1160,654,447,360,261
10/29/2023,1503438,319843,48904,44037,28233,19215,10175,5954,5988,3414,3105,3477,2165,3123,2535,1163,656,447,361,261
10/30/2023,1503535,320371,48918,44065,28244,19215,10179,5955,5989,3414,3112,3487,2166,3133,2538,1164,659,448,361,262
10/31/2023,1504848,320946,48940,44101,28259,19218,10185,5958,5992,3414,3113,3496,2166,3142,2544,1166,660,448,361,263
11/1/2023,1505353,321420,48965,44118,28270,19223,10187,5959,6001,3414,3115,3498,2166,3152,2549,1169,661,448,365,267
11/2/2023,1506179,321915,48982,44147,28286,19223,10193,5959,6010,3414,3118,3511,2166,3154,2551,1170,663,449,366,267
11/3/2023,1507403,322454,49033,44174,28295,19224,10197,5959,6017,3414,3119,3532,2168,3157,2553,1170,664,449,366,269
11/4/2023,1508148,322894,49060,44190,28310,19226,10201,5959,6021,3414,3122,3552,2169,3158,2555,1170,666,449,368,271
11/5/2023,1509133,323342,49079,44207,28320,19228,10211,5961,6022,3414,3123,3557,2169,3161,2559,1171,669,449,370,271
11/6/2023,1509228,323865,49113,44241,28338,19228,10224,5963,6022,3414,3124,3567,2169,3163,2563,1175,671,452,372,272
11/7/2023,1510202,324317,49129,44256,28344,19237,10230,5968,6024,3414,3125,3573,2175,3166,2563,1177,672,452,373,275
11/8/2023,1510840,324735,49145,44277,28368,19253,10241,5969,6033,3414,3133,3586,2175,3171,2565,1177,673,452,374,276
11/9/2023,1512452,325127,49160,44299,28382,19259,10246,5972,6035,3414,3135,3605,2175,3173,2567,1177,673,454,374,277
11/10/2023,1512834,325584,49167,44333,28394,19263,10265,5975,6042,3414,3136,3609,2178,3174,2569,1178,674,455,374,281
11/11/2023,1514045,325995,49180,44355,28413,19276,10279,5977,6052,3414,3136,3612,2178,3177,2574,1178,676,456,374,281
11/12/2023,1515608,326490,49187,44374,28418,19291,10286,5979,6059,3414,3139,3621,2178,3177,2578,1178,677,457,374,281
11/13/2023,1516806,327069,49210,44413,28427,19301,10293,5982,6065,3415,3139,3639,2178,3180,2580,1183,680,457,374,283
11/14/2023,1517454,327647,49223,44432,28433,19312,10295,5982,6068,3415,3139,3648,2178,3184,2582,1186,695,458,374,284
11/15/2023,1518831,328206,49232,44462,28438,19318,10300,5983,6084,3415,3139,3651,2194,3190,2583,1187,699,458,375,285
11/16/2023,1519599,328725,49242,44497,28448,19332,10303,5985,6089,3415,3143,3654,2194,3192,2584,1187,701,458,375,287
11/17/2023,1519935,329222,49250,44505,28452,19343,10305,5986,6098,3415,3146,3658,2195,3194,2587,1188,704,458,375,288
11/18/2023,1521057,329671,49270,44521,28454,19351,10318,5991,6111,3416,3149,3660,2196,3195,2592,1189,710,458,375,290
11/19/2023,1521583,330140,49285,44539,28461,19362,10326,5991,6114,3416,3151,3663,2196,3196,2595,1189,713,458,375,292
11/20/2023,1523008,330620,49297,44551,28469,19366,10330,5992,6124,3416,3153,3669,2197,3196,2597,1190,718,461,377,292
11/21/2023,1523533,331031,49326,44567,28476,19370,10335,5993,6132,3416,3155,3673,2197,3199,2600,1192,718,461,377,293
11/22/2023,1525259,331561,49350,44580,28477,19372,10352,5995,6132,3417,3157,3677,2198,3200,2603,1194,721,461,377,295
11/23/2023,1526074,332022,49395,44605,28477,19381,10359,5996,6138,3417,3158,3677,2198,3201,2610,1197,729,461,378,296
11/24/2023,1526963,332491,49402,44625,28477,19388,10368,5996,6143,3417,3159,3679,2198,3206,2611,1197,731,461,378,297
11/25/2023,1527877,332855,49447,44645,28477,19400,10371,5997,6145,3418,3160,3686,2198,3210,2618,1198,735,462,378,298
11/26/2023,1527607,333226,49472,44657,28477,19407,10375,5997,6148,3418,3162,3689,2198,3214,2628,1199,737,462,378,300
11/27/2023,1528777,333761,49505,44686,28477,19413,10377,5998,6169,3419,3162,3690,2204,3220,2636,1201,739,464,378,302
11/28/2023,1530883,334258,49526,44713,28485,19423,10383,6000,6176,3421,3164,3690,2210,3221,2638,1203,741,464,379,304
11/29/2023,1530724,334746,49549,44753,28488,19433,10392,6002,6188,3421,3165,3694,2216,3229,2639,1203,742,464,383,306
11/30/2023,1531966,335216,49563,44771,28496,19451,10398,6003,6194,3421,3168,3695,2216,3235,2639,1203,744,465,383,306
12/1/2023,1533776,335752,49580,44788,28515,19468,10403,6003,6200,3421,3168,3695,2216,3242,2642,1203,746,465,383,307
12/2/2023,1534334,336239,49609,44808,28540,19478,10408,6003,6209,3421,3169,3696,2216,3247,2644,1203,751,466,384,308
12/3/2023,1535384,336706,49633,44821,28555,19495,10413,6003,6213,3421,3171,3697,2216,3252,2647,1204,759,466,384,308
12/4/2023,1535813,337199,49655,44862,28565,19505,10420,6004,6243,3421,3174,3700,2217,3260,2653,1204,768,468,385,308
12/5/2023,1537455,337673,49677,44873,28568,19520,10432,6005,6248,3421,3175,3701,2217,3264,2654,1206,772,468,385,308
12/6/2023,1538002,338098,49690,44894,28575,19534,10432,6005,6256,3421,3175,3701,2220,3265,2656,1206,773,469,386,308
12/7/2023,1538379,338538,49708,44913,28577,19563,10452,6005,6276,3422,3180,3701,2221,3268,2659,1209,776,472,387,309
12/8/2023,1540170,338988,49731,44924,28580,19777,10459,6006,6283,3424,3184,3701,2222,3272,2661,1210,779,472,390,310
12/9/2023,1540473,339326,49754,44947,28593,20419,10470,6007,6298,3424,3185,3702,2222,3276,2667,1211,779,473,391,311
12/10/2023,1541393,339705,49769,44969,28619,21056,10481,6007,6313,3427,3189,3711,2222,3276,2673,1211,780,473,391,312
12/11/2023,1542464,340153,49787,44993,28638,21877,10492,6008,6315,3427,3191,3713,2224,3281,2677,1213,781,474,392,313
12/12/2023,1543926,340504,49808,45010,28680,22842,10505,6009,6324,3429,3192,3718,2224,3281,2681,1214,784,476,392,316
12/13/2023,1545395,340857,49835,45021,28714,23292,10512,6011,6333,3430,3194,3724,2225,3282,2689,1215,784,479,394,317
12/14/2023,1545450,341201,49852,45040,28810,23523,10521,6013,6338,3430,3196,3726,2226,3286,2691,1216,787,481,394,318
12/15/2023,1546595,341513,49881,45063,28920,23639,10536,6013,6345,3430,3196,3728,2226,3287,2691,1216,788,481,395,321
12/16/2023,1546883,341765,49897,45075,28975,23736,10543,6015,6348,3431,3196,3730,2226,3289,2693,1216,791,481,395,321
12/17/2023,1548071,342053,49913,45102,29021,23884,10549,6015,6351,3432,3198,3731,2228,3289,2695,1217,795,481,396,322
12/18/2023,1549659,342398,49940,45130,29101,24008,10560,6016,6357,3432,3200,3732,2228,3289,2696,1217,795,482,396,324
12/19/2023,1549937,342737,49971,45149,29156,24101,10564,6016,6363,3432,3202,3734,2229,3300,2699,1218,795,482,396,334
12/20/2023,1550207,343051,50006,45183,29215,24200,10574,6017,6371,3432,3208,3736,2235,3305,2704,1218,795,483,396,335
12/21/2023,1551389,343378,50044,45248,29348,24416,10577,6018,6373,3433,3209,3739,2238,3329,2706,1219,796,486,396,336
12/22/2023,1552811,343675,50094,45331,29442,24691,10587,6018,6375,3433,3209,3743,2238,3351,2711,1225,797,487,399,337
12/23/2023,1553775,343914,50139,45444,29537,24883,10600,6023,6378,3434,3211,3744,2239,3374,2714,1227,798,487,404,337
12/24/2023,1554819,344117,50200,45481,29671,25061,10610,6023,6381,3436,3211,3746,2239,3387,2715,1228,798,487,405,338
12/25/2023,1555383,344326,50258,45514,29825,25254,10618,6023,6381,3437,3212,3747,2239,3395,2721,1228,799,487,405,338
12/26/2023,1556937,344544,50309,45549,29974,25408,10623,6023,6387,3437,3214,3749,2241,3401,2726,1230,799,488,405,340
12/27/2023,1557280,344793,50365,45620,30104,25633,10634,6024,6390,3437,3215,3751,2241,3413,2736,1231,799,488,406,340
12/28/2023,1558351,345077,50429,45683,30236,25836,10646,6024,6395,3437,3218,3755,2241,3435,2740,1233,801,488,406,342
12/29/2023,1559951,345402,50491,45735,30309,26041,10657,6028,6398,3439,3218,3766,2241,3445,2746,1233,802,491,406,346
12/30/2023,1560713,345689,50571,45763,30347,26173,10663,6028,6405,3439,3218,3769,2241,3450,2749,1233,804,491,406,350
12/31/2023,1561643,345922,50605,45793,30388,26305,10679,6029,6411,3440,3218,3769,2241,3458,2754,1233,805,491,407,352
1/1/2024,1561910,346192,50636,45828,30443,26518,10687,6029,6420,3440,3220,3772,2241,3467,2759,1233,811,491,407,355
1/2/2024,1563863,346520,50757,45871,30531,26877,10694,6030,6429,3441,3221,3776,2243,3475,2766,1234,811,491,408,356
1/3/2024,1564200,346839,50809,45928,30599,27202,10708,6030,6433,3442,3221,3776,2243,3488,2768,1234,811,493,410,356
1/4/2024,1565127,347168,50856,45971,30676,27514,10717,6031,6436,3442,3222,3776,2243,3497,2771,1239,812,494,410,356
1/5/2024,1566783,347597,50903,46026,30730,27778,10726,6032,6443,3442,3223,3776,2245,3503,2775,1242,813,494,411,356
1/6/2024,1567633,347906,50970,46059,30788,27971,10737,6033,6447,3442,3226,3777,2245,3510,2781,1242,813,494,411,360
1/7/2024,1567901,348137,51024,46111,30869,28204,10763,6033,6449,3442,3230,3777,2245,3525,2793,1242,813,495,411,362
1/8/2024,1569232,348467,51090,46156,30990,28336,10780,6033,6453,3442,3233,3777,2247,3541,2800,1244,815,495,413,362
1/9/2024,1570988,348895,51133,46192,31055,28476,10789,6033,6465,3442,3233,3778,2248,3549,2807,1246,815,495,413,363
1/10/2024,1571588,349156,51205,46241,31103,28644,10792,6036,6469,3442,3238,3778,2249,3560,2813,1250,818,495,413,364
1/11/2024,1573019,349455,51262,46296,31199,28784,10798,6036,6471,3442,3239,3779,2249,3574,2818,1252,818,495,413,366
1/12/2024,1573209,349758,51311,46328,31264,28875,10810,6038,6472,3442,3242,3783,2249,3583,2820,1252,818,496,413,367
1/13/2024,1573988,350029,51337,46353,31337,28980,10818,6038,6479,3443,3244,3786,2250,3591,2829,1252,818,496,413,369
1/14/2024,1574706,350280,51396,46383,31395,29064,10823,6038,6492,3443,3244,3787,2251,3599,2832,1252,819,496,417,372
1/15/2024,1575938,350592,51466,46426,31436,29177,10827,6038,6495,3444,3244,3789,2253,3613,2840,1252,820,496,418,374
1/16/2024,1577265,350999,51526,46451,31492,29246,10835,6038,6498,3447,3245,3791,2256,3622,2847,1252,822,496,421,375
1/17/2024,1577525,351322,51606,46491,31567,29328,10849,6038,6503,3448,3248,3791,2256,3636,2852,1252,825,496,422,378
1/18/2024,1579567,351657,51668,46516,31605,29398,10862,6038,6504,3448,3249,3792,2256,3654,2854,1252,826,496,423,379
1/19/2024,1580125,351963,51840,46537,31637,29437,10868,6038,6506,3448,3250,3792,2256,3663,2862,1253,826,498,425,379
1/20/2024,1581049,352253,51965,46570,31669,29479,10877,6039,6512,3448,3251,3794,2256,3668,2865,1254,827,498,425,379
1/21/2024,1582462,352538,52040,46586,31712,29536,10880,6039,6513,3450,3254,3797,,3672,2867,1255,829,498,425,381
1/22/2024,1582747,352826,52104,46615,31760,29580,10886,6041,6513,3450,3256,3799,,3674,2874,1256,830,498,425,381
1/23/2024,1584620,353136,52172,46636,31813,29628,10899,6041,6519,3452,3256,3799,,3684,2877,1256,831,498,425,383
1/24/2024,1585631,353495,52228,46661,31860,29679,10903,6041,6526,3452,3257,3800,,3694,2879,1256,831,500,427,385
1/25/2024,1585712,353815,52297,46692,31894,29708,10906,6042,6537,3452,3261,3803,,3700,2883,1257,831,500,428,386
1/26/2024,1586310,354102,52380,46706,31931,29763,10923,6042,6538,3452,3263,3808,,3707,2888,1257,831,502,430,388
1/27/2024,1588032,354372,52454,46733,31974,29839,10933,6043,6540,3452,3264,3815,,3711,2894,1257,831,502,430,388
1/28/2024,1589654,354654,52519,46753,32012,29902,10946,6049,6541,3452,3264,3817,,3714,2905,1257,831,503,430,391
1/29/2024,1590421,355006,52564,46780,32049,30016,10963,6051,6542,3452,3264,3817,,3722,2907,1257,833,505,430,392
1/30/2024,1591210,355443,52605,46810,32086,30127,10971,6052,6547,3452,3264,3817,,3731,2909,1257,836,505,430,395
1/31/2024,1592495,355807,52648,46833,32110,30264,10982,6052,6552,3452,3264,3819,,3738,2912,1257,837,507,430,398
2/1/2024,1593412,356219,52694,46844,32121,30382,10986,6053,6564,3453,3265,3819,,3748,2919,1258,837,507,430,400
2/2/2024,1593953,356631,52747,46856,32126,30471,10989,6053,6568,3453,3267,3821,,3754,2923,1258,837,508,430,405
2/3/2024,1594892,357024,52790,46873,32138,30530,10993,6053,6570,3454,3268,3821,,3757,2926,1258,839,508,431,407
2/4/2024,1595313,357407,52820,46914,32162,30588,11000,6056,6574,3454,3268,3821,,3761,2931,1258,840,510,431,407
2/5/2024,1596915,357976,52858,46980,32175,30645,11002,6056,6579,3455,3272,3823,,3763,2938,1260,840,511,433,409
2/6/2024,1597396,358517,52912,47034,32192,30712,11012,6056,6581,3456,3272,3823,,3774,2942,1260,841,513,433,411
2/7/2024,1598627,359105,52970,47096,32197,30783,11023,6056,6582,3456,3275,3823,,3781,2946,1260,841,514,434,412
2/8/2024,1599582,359779,53023,47158,32209,30884,11033,6056,6585,3456,3275,3823,,3789,2946,1260,841,514,435,416
2/9/2024,1599582,360339,53063,47178,32216,30949,11034,6056,6600,3456,3276,3824,,3795,2948,1260,842,515,437,419
2/10/2024,1601018,360843,53131,47203,32230,31022,11036,6056,6602,3456,3276,3825,,3797,2953,1260,844,515,440,422
2/11/2024,1602498,361357,53164,47225,32244,31086,11039,6056,6609,3456,3276,3825,,3803,2954,1260,844,516,440,423
2/12/2024,1603338,361873,53216,47246,32253,31157,11041,6056,6610,3457,3276,3825,,3808,2957,1262,844,516,440,425
2/13/2024,1603108,362368,53278,47279,32261,31242,11048,6056,6622,3457,3276,3828,,3810,2962,1262,844,516,441,430
2/14/2024,1604877,362780,53321,47303,32262,31310,11051,6058,6623,3457,3276,3828,,3814,2972,1262,844,516,441,435
2/15/2024,1605307,363168,53346,47320,32268,31382,11056,6058,6624,3457,3278,3833,,3818,2976,1263,848,516,442,439
2/16/2024,1605748,363602,53386,47340,32274,31454,11059,6058,6627,3457,3278,3837,,3822,2987,1264,848,517,442,439
2/17/2024,1607197,363935,53420,47358,32280,31525,11061,6059,6637,3457,3278,3839,,3827,2994,1264,849,517,443,440
2/18/2024,1607990,364363,53450,47387,32283,31611,11066,6059,6639,3457,3278,3842,,3833,3003,1264,849,517,443,444
2/19/2024,1608191,364898,53482,47420,32291,31664,11078,6059,6645,3457,3278,3842,,3855,3009,1264,849,519,444,446
2/20/2024,1609785,365361,53518,47460,32299,31710,11086,6060,6650,3457,3279,3842,,3863,3011,1265,850,521,445,450
2/21/2024,1610610,365822,53551,47487,32305,31769,11096,6061,6650,3458,3281,3848,,3867,3013,1266,851,521,445,450
2/22/2024,1611450,366265,53592,47517,32313,31838,11102,6061,6650,3459,3283,3848,,3872,3020,1267,851,521,445,452
2/23/2024,1611962,366704,53612,47547,32329,31863,11105,6062,6651,3460,3287,3848,,3879,3023,1267,853,523,446,454
2/24/2024,1611599,367063,53642,47560,32332,31879,11109,6062,6671,3460,3288,3848,,3887,3025,1267,853,523,446,460
2/25/2024,1612941,367521,53662,47588,32335,31931,11117,6063,6672,3460,3289,3848,,3889,3033,1267,853,524,447,461
2/26/2024,1613492,367878,53682,47607,32348,31986,11124,6063,6673,3460,3292,3850,,3894,3035,1267,855,524,447,463
2/27/2024,1615441,368231,53712,47630,32356,32045,11130,6063,6681,3460,3294,3855,,3898,3042,1267,855,525,447,466
2/28/2024,1615318,368561,53764,47659,32370,32095,11135,6064,6686,3460,3295,3858,,3903,3043,1269,856,525,448,470
2/29/2024,1615853,368848,53838,47680,32374,32148,11140,6065,6686,3460,3295,3859,,3909,3047,1270,860,525,448,474
3/1/2024,1617359,369164,53891,47712,32377,32224,11146,6065,6691,3460,3295,3859,,3914,3057,1271,860,526,448,479
3/2/2024,1617796,369475,53935,47742,32380,32269,11158,6067,6698,3462,3295,3859,,3917,3060,1271,862,526,449,482
3/3/2024,1617970,369852,53960,47811,32388,32326,11169,6068,6706,3462,3295,3860,,3930,3064,1272,864,527,450,483
3/4/2024,1620158,370337,53996,47875,32421,32410,11176,6069,6709,3463,3295,3860,,3936,3066,1274,864,527,450,486
3/5/2024,1620407,370871,54032,47959,32433,32521,11188,6069,6711,3463,3297,3860,,3938,3069,1281,865,528,452,496
3/6/2024,1622144,371583,54078,48070,32454,32630,11196,6069,6717,3464,3302,3862,,3938,3072,1281,865,528,454,501
3/7/2024,1623069,372384,54113,48170,32490,32740,11202,6072,6720,3468,3303,3862,,3940,3076,1284,865,528,454,505
3/8/2024,1623568,372997,54152,48261,32506,32851,11210,6073,6726,3468,3308,3866,,3940,3077,1285,865,528,455,508
3/9/2024,1624828,373551,54212,48341,32520,32996,11215,6074,6728,3468,3308,3868,,3942,3083,1287,866,529,456,511
3/10/2024,1626190,374203,54258,48416,32534,33180,11223,6076,6731,3468,3312,3868,,3947,3087,1288,866,529,461,512
3/11/2024,1626825,374926,54292,48491,32550,33402,11228,6077,6735,3469,3318,3868,,3949,3088,1289,867,529,463,517
3/12/2024,1628601,375654,54345,48560,32570,33821,11243,6080,6738,3470,3325,3870,,3955,3090,1289,867,529,463,524
3/13/2024,1629640,376274,54377,48626,32581,34223,11257,6080,6739,3470,3328,3874,,3956,3095,1290,867,531,464,538
3/14/2024,1630665,377122,54421,48721,32602,34596,11270,6081,6740,3473,3329,3876,,3983,3103,1290,868,532,464,551
3/15/2024,1630783,378155,54476,48843,32621,34986,11279,6082,6743,3474,3330,3876,,3999,3107,1293,868,532,465,564
3/16/2024,1632024,379456,54508,48969,32643,35295,11296,6082,6743,3475,3330,3877,,4009,3116,1296,868,534,465,575
3/17/2024,1632558,380658,54551,49051,32672,35639,11313,6083,6744,3475,3332,3879,,4021,3125,1297,868,534,465,578
3/18/2024,1633817,381958,54592,49152,32689,35941,11323,6084,6745,3477,3332,3879,,4024,3128,1299,871,534,465,582
3/19/2024,1635114,382906,54632,49221,32730,36143,11330,6084,6751,3478,3333,3879,,4036,3138,1299,871,534,469,589
3/20/2024,1636080,385421,54664,49420,32792,36290,11334,6084,6754,3478,3334,3882,,4042,3157,1300,873,535,472,595
3/21/2024,1636659,388247,54715,49625,32840,36423,11343,6084,6758,3478,3342,3882,,4048,3164,1302,873,535,473,610
3/22/2024,1637138,390573,54778,49776,32887,36598,11353,6085,6759,3478,3342,3882,,4058,3176,1302,875,536,476,615
3/23/2024,1638703,392615,54825,49896,32943,36719,11365,6085,6760,3479,3344,3882,,4069,3184,1302,876,536,476,623
3/24/2024,1638354,394972,54892,50029,32996,36858,11383,6085,6761,3479,3348,3882,,4071,3193,1302,878,537,477,630
3/25/2024,1639755,397834,54966,50164,33085,36980,11408,6092,6762,3479,3356,3882,,4080,3202,1304,881,537,479,641
3/26/2024,1640835,400311,55032,50267,33173,37118,11422,6092,6766,3481,3358,3882,,4083,3207,1306,885,538,480,650
3/27/2024,1641860,402745,55134,50371,33208,37245,11440,6094,6767,3481,3360,3882,,4090,3214,1308,886,539,481,673
3/28/2024,1643709,406244,55185,50477,33248,37358,11452,6096,6774,3481,3362,3882,,4094,3218,1309,887,539,482,686
3/29/2024,1643566,409524,55247,50604,33276,37463,11465,6096,6776,3481,3363,3882,,4095,3220,1313,887,539,482,695
3/30/2024,1645846,413368,55363,50669,33321,37552,11488,6097,6782,3481,3366,3882,,4099,3235,1316,889,539,485,702
3/31/2024,1645781,416992,55426,50769,33360,37657,11520,6098,6783,3481,3369,3882,,4108,3245,1323,890,539,486,717
4/1/2024,1647171,421305,55483,50851,33392,37763,11546,6099,6785,3481,3374,3882,,4114,3251,1323,891,539,489,727
