Date,Tether (#),Paxos (#),Frax Stablecoin (#),Archblock (#),Lybra Finance (#),Gemini (#),Inverse Finance (#),Aave GHO (#),MakerDAO (#),Origin DeFi (#),Circle (#),Reflexer (#),Angle (#),Liquity (#),Abracadabra.money (#),Monerium (#),Raft (#),Membrane Finance (#),Prisma Finance (#),Ethena (#)
11/3/2021,,,,,,,,,40,7,6,6,4,5,2,3,,,,
11/4/2021,,,,,,,,,40,6,6,6,4,5,2,3,,,,
11/5/2021,,,,,,,,,40,6,6,6,4,5,2,3,,,,
11/6/2021,,,,,,,,,41,6,6,6,4,5,2,3,,,,
11/7/2021,,,,,,,,,40,6,6,6,4,5,2,3,,,,
11/8/2021,,,,,,,,,41,6,6,6,4,5,2,3,,,,
11/9/2021,,,,,,,,,42,6,6,6,4,5,2,3,,,,
11/10/2021,,,,,,,,,41,6,6,6,4,5,2,2,,,,
11/11/2021,,,,,,,,,39,7,6,6,5,5,2,2,,,,
11/12/2021,,,,,,,,,37,7,6,6,5,4,2,2,,,,
11/13/2021,,,,,,,,,37,7,6,6,5,4,2,2,,,,
11/14/2021,,,,,,,,,35,8,6,6,5,4,2,2,,,,
11/15/2021,,,,,,,,,36,8,6,6,5,4,2,2,,,,
11/16/2021,,,,,,,,,38,8,5,6,5,4,2,2,,,,
11/17/2021,,,,,,,,,38,8,5,6,5,4,2,2,,,,
11/18/2021,,,,,,,,,38,8,5,6,5,4,2,2,,,,
11/19/2021,,,,,,,,,39,8,6,6,5,3,2,2,,,,
11/20/2021,,,,,,,,,38,8,6,5,5,3,2,2,,,,
11/21/2021,,,,,,,,,37,8,6,5,5,3,2,2,,,,
11/22/2021,,,,,,,,,37,9,6,5,5,4,2,2,,,,
11/23/2021,,,,,,,,,37,9,6,5,5,4,2,2,,,,
11/24/2021,,,,,,,,,38,9,6,5,5,4,2,2,,,,
11/25/2021,,,,,,,,,38,9,6,5,5,4,2,2,,,,
11/26/2021,,,,,,,,,38,9,6,5,5,4,2,2,,,,
11/27/2021,,,,,,,,,38,9,6,5,5,4,3,2,,,,
11/28/2021,,,,,,,,,37,9,6,5,5,4,3,2,,,,
11/29/2021,,,,,,,,,38,9,6,5,5,4,3,2,,,,
11/30/2021,,,,,,,,,39,10,6,5,5,4,3,2,,,,
12/1/2021,,,,,,,,,39,10,6,5,5,4,3,2,,,,
12/2/2021,,,,,,,,,38,10,6,5,5,4,3,2,,,,
12/3/2021,,,,,,,,,38,10,6,5,6,3,3,0,,,,
12/4/2021,,,,,,,,,38,10,6,5,6,3,3,0,,,,
12/5/2021,,,,,,,,,38,10,6,5,6,3,3,0,,,,
12/6/2021,,,,,,,,,39,10,6,5,6,3,3,0,,,,
12/7/2021,,,,,,,,,39,10,6,5,6,3,4,0,,,,
12/8/2021,,,,,,,,,40,10,8,6,6,3,4,0,,,,
12/9/2021,,,,,,,,,40,10,8,6,6,3,4,0,,,,
12/10/2021,,,,,,,,,41,10,9,6,6,3,4,0,,,,
12/11/2021,,,,,,,,,40,10,9,6,6,3,4,0,,,,
12/12/2021,,,,,,,,,40,10,9,6,6,3,4,0,,,,
12/13/2021,,,,,,,,,40,9,9,6,6,3,4,0,,,,
12/14/2021,,,,,,,,,40,8,9,6,6,3,4,0,,,,
12/15/2021,,,,,,,,,40,9,9,6,6,3,4,0,,,,
12/16/2021,,,,,,,,,39,9,9,6,6,2,4,0,,,,
12/17/2021,,,,,,,,,39,9,9,6,6,2,4,0,,,,
12/18/2021,,,,,,,,,39,9,9,6,6,2,4,0,,,,
12/19/2021,,,,,,,,,39,9,8,6,6,2,4,0,,,,
12/20/2021,,,,,,,,,41,9,8,6,6,2,4,0,,,,
12/21/2021,,,,,,,,,41,9,8,6,6,2,4,0,,,,
12/22/2021,,,,,,,,,41,7,8,6,6,1,4,0,,,,
12/23/2021,,,,,,,,,42,7,8,6,6,1,4,0,,,,
12/24/2021,,,,,,,,,41,6,8,6,6,1,4,0,,,,
12/25/2021,,,,,,,,,41,6,8,6,6,1,4,0,,,,
12/26/2021,,,,,,,,,40,6,8,6,6,1,4,0,,,,
12/27/2021,,,,,,,,,39,6,8,6,6,1,4,0,,,,
12/28/2021,,,,,,,,,39,6,8,6,6,1,4,0,,,,
12/29/2021,,,,,,,,,38,6,8,6,6,1,4,0,,,,
12/30/2021,,,,,,,,,38,5,8,6,6,2,4,0,,,,
12/31/2021,,,,,,,,,38,6,8,6,6,2,4,0,,,,
1/1/2022,,,,,,,,,37,7,8,6,6,2,4,0,,,,
1/2/2022,,,,,,,,,36,8,7,5,6,2,4,0,,,,
1/3/2022,,,,,,,,,37,8,7,5,6,2,4,0,,,,
1/4/2022,,,,,,,,,38,8,7,5,6,2,4,0,,,,
1/5/2022,,,,,,,,,38,8,7,5,6,2,4,0,,,,
1/6/2022,,,,,,,,,38,8,7,5,6,2,4,0,,,,
1/7/2022,,,,,,,,,38,8,6,4,6,2,4,0,,,,
1/8/2022,,,,,,,,,37,8,6,4,6,2,4,0,,,,
1/9/2022,,,,,,,,,36,8,6,4,6,2,4,0,,,,
1/10/2022,,,,,,,,,37,9,6,4,7,2,4,0,,,,
1/11/2022,,,,,,,,,39,9,6,4,7,2,4,0,,,,
1/12/2022,,,,,,,,,39,9,5,4,7,2,4,0,,,,
1/13/2022,,,,,,,,,40,8,5,4,7,2,4,0,,,,
1/14/2022,,,,,,,,,40,8,7,4,7,2,4,0,,,,
1/15/2022,,,,,,,,,40,8,7,4,7,2,4,0,,,,
1/16/2022,,,,,,,,,39,8,7,4,7,2,4,0,,,,
1/17/2022,,,,,,,,,39,8,7,5,7,2,4,0,,,,
1/18/2022,,,,,,,,,39,8,7,5,7,2,4,0,,,,
1/19/2022,,,,,,,,,38,8,7,5,7,4,4,0,,,,
1/20/2022,,,,,,,,,37,7,7,5,7,4,4,0,,,,
1/21/2022,,,,,,,,,37,7,7,5,7,4,4,1,,,,
1/22/2022,,,,,,,,,37,7,7,5,7,4,4,1,,,,
1/23/2022,,,,,,,,,37,7,7,5,7,4,4,1,,,,
1/24/2022,,,,,,,,,37,7,7,5,7,4,4,1,,,,
1/25/2022,,,,,,,,,38,7,8,5,7,4,4,1,,,,
1/26/2022,,,,,,,,,38,8,8,5,7,4,4,1,,,,
1/27/2022,,,,,,,,,39,9,8,6,7,4,4,1,,,,
1/28/2022,,,,,,,,,39,9,7,6,7,4,4,1,,,,
1/29/2022,,,,,,,,,38,9,7,6,7,3,4,1,,,,
1/30/2022,,,,,,,,,38,9,7,6,7,3,4,1,,,,
1/31/2022,,,,,,,,,38,9,7,6,7,3,4,1,,,,
2/1/2022,,,,,,,,,38,9,8,6,7,3,4,2,,,,
2/2/2022,,,,,,,,,39,9,8,6,7,3,4,2,,,,
2/3/2022,,,,,,,,,39,9,7,6,7,3,4,2,,,,
2/4/2022,,,,,,,,,39,9,7,6,7,3,4,2,,,,
2/5/2022,,,,,,,,,38,9,7,6,7,3,4,2,,,,
2/6/2022,,,,,,,,,38,9,7,6,7,3,4,2,,,,
2/7/2022,,,,,,,,,38,9,7,6,8,3,7,2,,,,
2/8/2022,,,,,,,,,38,9,8,6,8,3,10,2,,,,
2/9/2022,,,,,,,,,38,9,8,6,7,3,10,2,,,,
2/10/2022,,,,,,,,,38,9,8,6,7,3,11,2,,,,
2/11/2022,,,,,,,,,36,8,8,6,7,4,11,2,,,,
2/12/2022,,,,,,,,,33,8,8,6,7,4,11,2,,,,
2/13/2022,,,,,,,,,34,8,6,6,7,4,11,2,,,,
2/14/2022,,,,,,,,,34,8,6,6,7,4,11,2,,,,
2/15/2022,,,,,,,,,35,9,6,6,7,4,11,2,,,,
2/16/2022,,,,,,,,,35,8,9,6,7,4,11,2,,,,
2/17/2022,,,,,,,,,36,9,10,6,7,4,11,2,,,,
2/18/2022,,,,,,,,,36,9,11,6,8,3,11,2,,,,
2/19/2022,,,,,,,,,36,9,11,5,8,4,11,2,,,,
2/20/2022,,,,,,,,,35,9,11,5,8,4,11,2,,,,
2/21/2022,,,,,,,,,35,11,11,5,8,4,11,2,,,,
2/22/2022,,,,,,,,,37,11,11,5,8,4,11,2,,,,
2/23/2022,,,,,,,,,39,11,11,5,8,4,11,2,,,,
2/24/2022,,,,,,,,,40,11,10,5,8,4,11,2,,,,
2/25/2022,,,,,,,,,40,11,10,6,8,4,11,2,,,,
2/26/2022,,,,,,,,,39,11,10,5,8,4,11,2,,,,
2/27/2022,,,,,,,,,39,11,10,5,8,4,11,2,,,,
2/28/2022,,,,,,,,,39,11,10,5,8,5,11,2,,,,
3/1/2022,,,,,,,,,39,11,11,5,8,5,10,2,,,,
3/2/2022,,,,,,,,,39,11,14,5,8,5,10,2,,,,
3/3/2022,,,,,,,,,39,10,15,5,8,5,10,1,,,,
3/4/2022,,,,,,,,,40,11,17,5,8,5,10,2,,,,
3/5/2022,,,,,,,,,38,11,17,5,8,5,10,2,,,,
3/6/2022,,,,,,,,,38,11,17,5,8,5,10,2,,,,
3/7/2022,,,,,,,,,39,12,17,5,9,6,10,2,,,,
3/8/2022,,,,,,,,,39,12,17,5,9,6,10,2,,,,
3/9/2022,,,,,,,,,40,12,17,5,9,6,10,2,,,,
3/10/2022,,,,,,,,,42,13,16,5,9,6,8,2,,,,
3/11/2022,,,,,,,,,42,13,16,5,9,6,8,2,,,,
3/12/2022,,,,,,,,,42,13,16,5,9,6,7,2,,,,
3/13/2022,,,,,,,,,42,13,16,5,9,6,7,2,,,,
3/14/2022,,,,,,,,,43,13,16,5,9,6,7,2,,,,
3/15/2022,,,,,,,,,42,14,16,5,9,6,7,2,,,,
3/16/2022,,,,,,,,,42,14,16,5,9,6,7,2,,,,
3/17/2022,,,,,,,,,41,14,15,5,9,6,7,2,,,,
3/18/2022,,,,,,,,,41,13,13,5,9,6,8,2,,,,
3/19/2022,,,,,,,,,40,12,11,5,9,6,8,2,,,,
3/20/2022,,,,,,,,,40,12,11,5,9,6,8,2,,,,
3/21/2022,,,,,,,,,40,12,11,5,9,5,8,2,,,,
3/22/2022,,,,,,,,,40,12,11,5,9,5,8,2,,,,
3/23/2022,,,,,,,,,40,11,10,5,9,5,8,2,,,,
3/24/2022,,,,,,,,,39,11,11,5,9,5,7,2,,,,
3/25/2022,,,,,,,,,38,11,11,5,9,5,7,2,,,,
3/26/2022,,,,,,,,,38,11,11,5,9,5,7,2,,,,
3/27/2022,,,,,,,,,39,10,11,5,9,5,7,2,,,,
3/28/2022,,,,,,,,,40,11,11,5,9,5,7,2,,,,
3/29/2022,,,,,,,,,41,11,11,5,9,5,7,2,,,,
3/30/2022,,,,,,,,,41,11,13,5,9,4,7,2,,,,
3/31/2022,,,,,,,,,41,11,13,5,9,4,7,2,,,,
4/1/2022,,,,,,,,,42,11,11,5,9,4,7,2,,,,
4/2/2022,,,,,,,,,43,12,9,5,9,4,7,2,,,,
4/3/2022,,,,,,,,,43,11,9,5,9,4,7,2,,,,
4/4/2022,,,,,,,,,44,11,9,5,9,4,7,2,,,,
4/5/2022,,,,,,,,,46,11,9,5,9,4,7,2,,,,
4/6/2022,,,,,,,,,46,10,9,5,8,4,7,2,,,,
4/7/2022,,,,,,,,,46,10,10,5,8,4,7,2,,,,
4/8/2022,,,,,,,,,47,10,9,5,8,4,7,2,,,,
4/9/2022,,,,,,,,,46,10,9,5,8,4,7,2,,,,
4/10/2022,,,,,,,,,45,10,9,5,8,4,7,2,,,,
4/11/2022,,,,,,,,,45,10,10,5,8,4,7,2,,,,
4/12/2022,,,,,,,,,46,10,10,5,8,4,7,2,,,,
4/13/2022,,,,,,,,,46,10,11,5,8,4,7,2,,,,
4/14/2022,,,,,,,,,47,10,11,4,8,4,7,2,,,,
4/15/2022,,,,,,,,,47,10,12,4,8,4,7,2,,,,
4/16/2022,,,,,,,,,47,10,12,4,8,4,7,2,,,,
4/17/2022,,,,,,,,,47,11,12,4,8,4,6,2,,,,
4/18/2022,,,,,,,,,47,11,13,4,8,4,6,2,,,,
4/19/2022,,,,,,,,,47,11,13,4,8,4,6,2,,,,
4/20/2022,,,,,,,,,49,11,13,4,8,4,7,2,,,,
4/21/2022,,,,,,,,,49,11,13,4,8,4,7,2,,,,
4/22/2022,,,,,,,,,50,11,13,4,8,4,7,2,,,,
4/23/2022,,,,,,,,,50,11,12,4,8,4,7,2,,,,
4/24/2022,,,,,,,,,48,11,12,4,8,4,7,2,,,,
4/25/2022,,,,,,,,,48,11,12,4,8,4,7,2,,,,
4/26/2022,,,,,,,,,46,11,12,4,8,4,7,2,,,,
4/27/2022,,,,,,,,,47,11,13,4,8,4,7,2,,,,
4/28/2022,,,,,,,,,48,11,11,4,8,4,7,2,,,,
4/29/2022,,,,,,,,,49,11,10,4,9,4,7,2,,,,
4/30/2022,,,,,,,,,49,10,8,4,9,4,7,2,,,,
5/1/2022,,,,,,,,,47,10,8,4,9,4,8,2,,,,
5/2/2022,,,,,,,,,47,10,8,4,9,4,8,2,,,,
5/3/2022,,,,,,,,,47,10,8,5,9,4,8,2,,,,
5/4/2022,,,,,,,,,47,10,8,5,9,4,8,2,,,,
5/5/2022,,,,,,,,,45,10,8,5,9,4,8,2,,,,
5/6/2022,,,,,,,,,44,9,8,5,9,4,8,2,,,,
5/7/2022,,,,,,,,,45,9,7,5,9,4,8,2,,,,
5/8/2022,,,,,,,,,43,9,7,5,9,4,7,2,,,,
5/9/2022,,,,,,,,,44,9,7,5,9,4,7,2,,,,
5/10/2022,,,,,,,,,45,9,7,5,9,4,7,2,,,,
5/11/2022,,,,,,,,,45,9,7,5,9,4,8,2,,,,
5/12/2022,,,,,,,,,44,9,7,5,9,4,8,2,,,,
5/13/2022,,,,,,,,,45,9,7,5,9,4,8,2,,,,
5/14/2022,,,,,,,,,43,9,6,5,9,4,8,2,,,,
5/15/2022,,,,,,,,,43,9,5,5,9,4,8,2,,,,
5/16/2022,,,,,,,,,44,9,6,5,9,4,8,2,,,,
5/17/2022,,,,,,,,,44,9,7,5,9,4,8,2,,,,
5/18/2022,,,,,,,,,43,9,6,5,9,5,8,2,,,,
5/19/2022,,,,,,,,,42,9,6,5,9,5,8,2,,,,
5/20/2022,,,,,,,,,43,9,6,5,9,5,8,2,,,,
5/21/2022,,,,,,,,,43,9,6,5,9,5,8,2,,,,
5/22/2022,,,,,,,,,41,9,6,5,9,5,8,1,,,,
5/23/2022,,,,,,,,,42,9,6,5,9,5,8,1,,,,
5/24/2022,,,,,,,,,43,9,6,5,10,5,8,1,,,,
5/25/2022,,,,,,,,,44,9,6,5,10,5,8,1,,,,
5/26/2022,,,,,,,,,43,9,6,5,10,5,8,1,,,,
5/27/2022,,,,,,,,,43,9,5,5,10,5,8,1,,,,
5/28/2022,,,,,,,,,43,9,6,5,9,5,8,0,,,,
5/29/2022,,,,,,,,,42,9,6,5,9,5,8,0,,,,
5/30/2022,,,,,,,,,42,9,6,5,9,5,8,0,,,,
5/31/2022,,,,,,,,,44,8,6,5,10,5,7,0,,,,
6/1/2022,,,,,,,,,42,8,6,5,10,5,7,0,,,,
6/2/2022,,,,,,,,,42,8,8,5,10,5,7,0,,,,
6/3/2022,,,,,,,,,41,8,8,5,10,5,7,2,,,,
6/4/2022,,,,,,,,,41,9,8,5,9,5,7,2,,,,
6/5/2022,,,,,,,,,41,9,8,5,9,5,7,2,,,,
6/6/2022,,,,,,,,,40,9,9,5,9,5,7,2,,,,
6/7/2022,,,,,,,,,40,10,11,5,9,5,7,2,,,,
6/8/2022,,,,,,,,,40,10,12,5,9,5,7,2,,,,
6/9/2022,,,,,,,,,40,10,13,5,9,5,7,2,,,,
6/10/2022,,,,,,,,,41,11,13,5,9,5,7,2,,,,
6/11/2022,,,,,,,,,40,11,13,5,9,5,6,2,,,,
6/12/2022,,,,,,,,,38,11,13,5,9,5,6,2,,,,
6/13/2022,,,,,,,,,37,11,14,5,9,5,6,2,,,,
6/14/2022,,,,,,,,,37,11,15,5,9,5,6,2,,,,
6/15/2022,,,,,,,,,38,10,16,5,9,5,6,2,,,,
6/16/2022,,,,,,,,,38,11,16,5,9,5,6,2,,,,
6/17/2022,,,,,,,,,40,11,15,5,9,5,6,2,,,,
6/18/2022,,,,,,,,,40,11,15,5,9,5,6,2,,,,
6/19/2022,,,,,,,,,40,11,15,5,9,5,6,2,,,,
6/20/2022,,,,,,,,,40,11,15,5,9,5,6,2,,,,
6/21/2022,,,,,,,,,43,11,15,5,9,5,6,2,,,,
6/22/2022,,,,,,,,,43,11,15,5,9,5,6,2,,,,
6/23/2022,,,,,,,,,43,11,16,5,8,5,6,2,,,,
6/24/2022,,,,,,,,,39,11,16,5,8,5,6,2,,,,
6/25/2022,,,,,,,,,37,11,15,5,8,5,6,2,,,,
6/26/2022,,,,,,,,,37,11,15,5,8,5,6,2,,,,
6/27/2022,,,,,,,,,37,11,14,5,8,5,6,2,,,,
6/28/2022,,,,,,,,,37,11,14,5,8,5,6,2,,,,
6/29/2022,,,,,,,,,37,11,15,5,7,5,6,2,,,,
6/30/2022,,,,,,,,,36,11,16,5,7,5,5,2,,,,
7/1/2022,,,,,,,,,36,11,17,5,7,5,5,2,,,,
7/2/2022,,,,,,,,,36,11,16,5,7,5,5,2,,,,
7/3/2022,,,,,,,,,36,11,16,5,7,5,4,2,,,,
7/4/2022,,,,,,,,,37,11,16,5,7,5,4,2,,,,
7/5/2022,,,,,,,,,39,11,17,5,7,5,4,2,,,,
7/6/2022,,,,,,,,,41,11,18,5,7,5,4,2,,,,
7/7/2022,,,,,,,,,42,11,18,5,7,5,4,3,,,,
7/8/2022,,,,,,,,,41,11,18,5,7,6,4,1,,,,
7/9/2022,,,,,,,,,40,11,17,5,7,6,4,1,,,,
7/10/2022,,,,,,,,,39,10,16,5,7,6,4,1,,,,
7/11/2022,,,,,,,,,40,9,16,5,7,6,4,1,,,,
7/12/2022,,,,,,,,,40,9,17,5,7,6,4,1,,,,
7/13/2022,,,,,,,,,41,9,17,5,7,6,4,1,,,,
7/14/2022,,,,,,,,,41,9,18,5,6,6,4,1,,,,
7/15/2022,,,,,,,,,42,8,17,5,6,6,4,1,,,,
7/16/2022,,,,,,,,,42,8,17,5,6,6,4,1,,,,
7/17/2022,,,,,,,,,42,8,17,5,6,6,3,1,,,,
7/18/2022,,,,,,,,,41,8,17,5,6,6,3,1,,,,
7/19/2022,,,,,,,,,41,8,17,5,6,6,3,2,,,,
7/20/2022,,,,,,,,,37,8,18,5,6,6,3,2,,,,
7/21/2022,,,,,,,,,35,8,19,5,6,5,3,2,,1,,
7/22/2022,,,,,,,,,35,9,20,5,6,5,3,2,,1,,
7/23/2022,,,,,,,,,35,9,20,5,6,5,3,2,,1,,
7/24/2022,,,,,,,,,34,9,21,5,6,5,3,2,,1,,
7/25/2022,,,,,,,,,34,9,21,5,6,6,3,2,,1,,
7/26/2022,,,,,,,,,35,9,22,5,6,6,3,2,,1,,
7/27/2022,,,,,,,,,35,9,22,5,6,6,3,2,,1,,
7/28/2022,,,,,,,,,36,9,23,5,6,6,3,2,,1,,
7/29/2022,,,,,,,,,36,9,23,5,6,6,3,2,,1,,
7/30/2022,,,,,,,,,36,9,21,5,6,6,3,2,,1,,
7/31/2022,,,,,,,,,35,9,21,5,6,6,3,2,,1,,
8/1/2022,,,,,,,,,35,9,21,5,6,6,3,2,,1,,
8/2/2022,,,,,,,,,35,10,21,5,6,6,3,2,,1,,
8/3/2022,,,,,,,,,38,11,22,5,6,6,3,2,,1,,
8/4/2022,,,,,,,,,37,11,23,5,7,6,3,2,,1,,
8/5/2022,,,,,,,,,36,11,23,5,7,6,3,2,,1,,
8/6/2022,,,,,,,,,37,11,22,5,7,6,3,2,,1,,
8/7/2022,,,,,,,,,37,11,21,5,7,5,3,2,,1,,
8/8/2022,,,,,,,,,38,11,20,5,7,5,3,2,,1,,
8/9/2022,,,,,,,,,38,11,21,5,7,5,3,2,,1,,
8/10/2022,,,,,,,,,39,11,20,5,7,5,3,2,,1,,
8/11/2022,,,,,,,,,39,12,20,5,7,5,3,2,,1,,
8/12/2022,,,,,,,,,40,13,20,5,7,4,2,2,,1,,
8/13/2022,,,,,,,,,40,13,19,5,7,4,2,2,,1,,
8/14/2022,,,,,,,,,39,13,18,5,7,4,2,2,,1,,
8/15/2022,,,,,,,,,40,13,21,5,7,4,2,2,,1,,
8/16/2022,,,,,,,,,43,13,21,5,7,4,3,2,,1,,
8/17/2022,,,,,,,,,43,13,22,5,7,4,5,2,,1,,
8/18/2022,,,,,,,,,43,13,22,5,7,4,5,1,,1,,
8/19/2022,,,,,,,,,42,13,22,5,7,4,5,1,,1,,
8/20/2022,,,,,,,,,41,13,21,5,6,4,5,1,,1,,
8/21/2022,,,,,,,,,40,12,20,5,6,4,5,1,,1,,
8/22/2022,,,,,,,,,39,12,20,5,6,4,5,1,,1,,
8/23/2022,,,,,,,,,39,12,20,5,7,4,5,1,,1,,
8/24/2022,,,,,,,,,39,12,18,5,6,3,6,1,,1,,
8/25/2022,,,,,,,,,39,11,19,5,6,4,7,1,,0,,
8/26/2022,,,,,,,,,39,11,17,5,6,4,8,1,,0,,
8/27/2022,,,,,,,,,38,11,16,5,5,4,8,1,,0,,
8/28/2022,,,,,,,,,37,11,16,5,5,4,8,1,,0,,
8/29/2022,,,,,,,,,37,11,16,5,5,4,8,1,,0,,
8/30/2022,,,,,,,,,39,11,16,5,5,4,8,2,,0,,
8/31/2022,,,,,,,,,40,11,16,5,5,4,9,2,,0,,
9/1/2022,,,,,,,,,39,12,16,5,5,4,9,2,,0,,
9/2/2022,,,,,,,,,38,11,15,5,5,4,9,2,,0,,
9/3/2022,,,,,,,,,37,11,14,5,5,4,9,2,,0,,
9/4/2022,,,,,,,,,38,10,13,5,5,4,9,1,,0,,
9/5/2022,,,,,,,,,38,10,13,5,6,4,9,1,,0,,
9/6/2022,,,,,,,,,39,10,13,5,6,4,9,1,,0,,
9/7/2022,,,,,,,,,39,10,13,5,6,4,9,1,,0,,
9/8/2022,,,,,,,,,38,10,13,5,6,4,9,1,,0,,
9/9/2022,,,,,,,,,38,11,14,5,6,4,9,1,,0,,
9/10/2022,,,,,,,,,37,10,14,5,6,4,9,1,,0,,
9/11/2022,,,,,,,,,37,9,14,5,6,4,9,1,,0,,
9/12/2022,,,,,,,,,39,9,14,5,6,4,9,1,,0,,
9/13/2022,,,,,,,,,39,10,14,5,6,4,9,1,,0,,
9/14/2022,,,,,,,,,39,11,13,5,6,4,9,1,,0,,
9/15/2022,,,,,,,,,39,12,13,5,6,4,9,1,,0,,
9/16/2022,,,,,,,,,37,13,13,5,6,4,7,1,,0,,
9/17/2022,,,,,,,,,37,13,12,5,6,4,7,1,,0,,
9/18/2022,,,,,,,,,36,13,12,5,6,4,6,1,,0,,
9/19/2022,,,,,,,,,37,15,12,5,6,4,6,2,,1,,
9/20/2022,,,,,,,,,38,16,14,5,6,4,6,2,,1,,
9/21/2022,,,,,,,,,39,16,14,5,6,4,6,2,,1,,
9/22/2022,,,,,,,,,40,16,15,5,6,4,6,2,,1,,
9/23/2022,,,,,,,,,39,16,16,4,6,4,6,2,,1,,
9/24/2022,,,,,,,,,36,16,15,4,6,4,6,2,,1,,
9/25/2022,,,,,,,,,36,16,15,4,6,4,6,2,,1,,
9/26/2022,,,,,,,,,37,16,16,4,7,4,6,2,,1,,
9/27/2022,,,,,,,,,38,16,16,4,7,4,6,2,,1,,
9/28/2022,,,,,,,,,38,16,16,4,7,4,6,2,,1,,
9/29/2022,,,,,,,,,39,16,16,4,7,4,6,1,,1,,
9/30/2022,,,,,,,,,39,16,16,3,7,4,5,1,,1,,
10/1/2022,,,,,,,,,39,15,14,3,7,4,5,1,,1,,
10/2/2022,,,,,,,,,39,15,15,3,7,4,5,1,,1,,
10/3/2022,,,,,,,,,39,15,15,3,7,4,5,1,,1,,
10/4/2022,,,,,,,,,39,15,15,3,7,4,5,1,,1,,
10/5/2022,,,,,,,,,39,15,15,3,6,4,5,1,,1,,
10/6/2022,,,,,,,,,37,15,15,3,6,4,5,1,,1,,
10/7/2022,,,,,,,,,36,14,15,3,7,4,5,1,,1,,
10/8/2022,,,,,,,,,35,14,14,3,7,4,5,1,,1,,
10/9/2022,,,,,,,,,35,14,13,3,7,4,4,1,,1,,
10/10/2022,,,,,,,,,36,14,13,3,7,4,3,1,,1,,
10/11/2022,,,,,,,,,36,14,13,3,7,4,3,3,,1,,
10/12/2022,,,,,,,,,35,14,13,3,7,4,3,3,,1,,
10/13/2022,,,,,,,,,37,13,13,3,7,4,3,3,,1,,
10/14/2022,,,,,,,,,37,13,13,3,7,4,3,3,,1,,
10/15/2022,,,,,,,,,37,13,13,3,7,4,3,3,,1,,
10/16/2022,,,,,,,,,37,13,13,3,7,4,3,3,,1,,
10/17/2022,,,,,,,,,38,13,13,3,7,4,3,3,,1,,
10/18/2022,,,,,,,,,39,13,15,3,7,4,3,3,,1,,
10/19/2022,,,,,,,,,38,12,15,3,8,4,3,2,,1,,
10/20/2022,,,,,,,,,38,12,16,3,8,4,3,2,,1,,
10/21/2022,,,,,,,,,38,12,16,3,9,4,3,2,,1,,
10/22/2022,,,,,,,,,37,12,15,2,9,4,3,2,,1,,
10/23/2022,,,,,,,,,36,11,14,2,9,4,3,2,,1,,
10/24/2022,,,,,,,,,37,11,15,3,9,4,3,2,,1,,
10/25/2022,,,,,,,,,36,11,15,3,9,4,3,2,,1,,
10/26/2022,,,,,,,,,35,11,15,3,8,4,3,2,,1,,
10/27/2022,,,,,,,,,35,11,15,3,8,4,3,2,,1,,
10/28/2022,,,,,,,,,35,11,15,3,8,4,5,2,,1,,
10/29/2022,,,,,,,,,35,10,15,3,8,4,5,2,,1,,
10/30/2022,,,,,,,,,34,10,15,3,8,4,5,2,,1,,
10/31/2022,,,,,,,,,34,10,15,3,8,4,5,2,,1,,
11/1/2022,,,,,,,,,35,10,15,3,8,4,5,2,,1,,
11/2/2022,,,,,,,,,35,10,15,3,8,4,5,2,,1,,
11/3/2022,,,,,,,,,36,8,15,3,8,3,5,2,,1,,
11/4/2022,,,,,,,,,35,8,15,3,8,4,5,2,,1,,
11/5/2022,,,,,,,,,34,8,15,3,8,4,5,2,,1,,
11/6/2022,,,,,,,,,34,8,15,3,8,4,5,2,,1,,
11/7/2022,,,,,,,,,35,9,15,3,8,4,5,2,,1,,
11/8/2022,,,,,,,,,36,9,16,3,8,4,5,2,,1,,
11/9/2022,,,,,,,,,35,9,17,4,8,4,5,2,,1,,
11/10/2022,,,,,,,,,35,9,17,4,8,4,5,2,,1,,
11/11/2022,,,,,,,,,35,9,17,4,8,4,5,0,,1,,
11/12/2022,,,,,,,,,35,9,17,4,8,4,5,0,,1,,
11/13/2022,,,,,,,,,35,9,15,4,8,4,5,0,,1,,
11/14/2022,,,,,,,,,35,9,15,5,8,4,5,0,,1,,
11/15/2022,,,,,,,,,36,9,16,5,8,4,5,1,,1,,
11/16/2022,,,,,,,,,38,9,16,5,8,4,5,1,,1,,
11/17/2022,,,,,,,,,37,10,19,5,8,4,5,1,,1,,
11/18/2022,,,,,,,,,36,10,20,5,8,4,5,1,,1,,
11/19/2022,,,,,,,,,36,10,20,5,8,4,5,1,,1,,
11/20/2022,,,,,,,,,36,10,19,5,7,4,5,1,,1,,
11/21/2022,,,,,,,,,36,10,20,5,7,5,5,1,,1,,
11/22/2022,,,,,,,,,37,10,20,5,8,5,5,1,,1,,
11/23/2022,,,,,,,,,37,11,19,5,8,5,5,1,,1,,
11/24/2022,,,,,,,,,37,11,19,5,8,5,5,1,,1,,
11/25/2022,,,,,,,,,37,11,19,5,8,5,5,1,,1,,
11/26/2022,,,,,,,,,35,11,19,5,8,5,5,1,,1,,
11/27/2022,,,,,,,,,35,11,19,5,8,5,4,1,,1,,
11/28/2022,,,,,,,,,35,11,19,5,8,5,4,1,,1,,
11/29/2022,,,,,,,,,35,11,19,5,8,5,4,1,,1,,
11/30/2022,,,,,,,,,35,11,20,5,8,5,4,1,,1,,
12/1/2022,,,,,,,,,33,11,20,5,8,5,5,1,,2,,
12/2/2022,,,,,,,,,34,11,20,5,8,5,5,1,,2,,
12/3/2022,,,,,,,,,34,11,20,5,8,5,5,1,,2,,
12/4/2022,,,,,,,,,33,10,20,5,8,4,5,1,,2,,
12/5/2022,,,,,,,,,34,10,20,5,8,4,5,1,,2,,
12/6/2022,,,,,,,,,34,10,20,5,8,4,5,1,,2,,
12/7/2022,,,,,,,,,33,10,20,5,8,4,5,1,,2,,
12/8/2022,,,,,,,,,32,10,20,5,8,4,4,1,,2,,
12/9/2022,,,,,,,,,33,10,20,6,8,4,4,1,,2,,
12/10/2022,,,,,,,,,33,10,20,6,8,4,4,1,,2,,
12/11/2022,,,,,,,,,33,10,20,6,8,4,4,1,,2,,
12/12/2022,,,,,,,,,32,10,20,6,8,4,4,1,,2,,
12/13/2022,,,,,,,,,32,10,20,6,8,4,4,1,,2,,
12/14/2022,,,,,,,,,31,9,20,5,8,4,4,1,,2,,
12/15/2022,,,,,,,,,31,9,19,5,8,4,4,1,,2,,
12/16/2022,,,,,,,,,30,9,18,5,8,4,4,1,,2,,
12/17/2022,,,,,,,,,30,8,18,5,8,4,4,1,,2,,
12/18/2022,,,,,,,,,30,8,18,5,8,4,4,1,,2,,
12/19/2022,,,,,,,,,30,8,18,5,8,4,4,0,,2,,
12/20/2022,,,,,,,,,30,8,18,5,8,4,4,0,,2,,
12/21/2022,,,,,,,,,30,8,18,5,8,3,5,0,,2,,
12/22/2022,,,,,,,,,30,8,18,5,7,3,5,0,,2,,
12/23/2022,,,,,,,,,30,6,19,5,6,3,6,0,,2,,
12/24/2022,,,,,,,,,30,6,19,5,6,3,6,0,,2,,
12/25/2022,,,,,,,,,29,6,19,5,6,3,6,0,,2,,
12/26/2022,,,,,,,,,29,6,19,5,6,3,6,0,,2,,
12/27/2022,,,,,,,,,28,7,19,5,6,3,6,0,,2,,
12/28/2022,,,,,,,,,26,7,19,5,6,3,6,0,,2,,
12/29/2022,,,,,,,,,25,7,19,5,6,3,6,1,,2,,
12/30/2022,,,,,,,,,25,7,18,5,6,3,6,1,,2,,
12/31/2022,,,,,,,,,25,7,18,5,6,3,6,1,,2,,
1/1/2023,,,,,,,,,24,7,18,5,6,3,6,1,,2,,
1/2/2023,,,,,,,,,24,7,18,5,6,3,7,1,,2,,
1/3/2023,,,,,,,,,24,7,18,5,6,3,7,1,,2,,
1/4/2023,,,,,,,,,23,7,15,5,6,3,7,1,,2,,
1/5/2023,,,,,,,,,24,7,14,5,6,3,7,2,,2,,
1/6/2023,,,,,,,,,24,8,14,5,6,3,7,2,,2,,
1/7/2023,,,,,,,,,24,8,10,5,5,3,7,2,,2,,
1/8/2023,,,,,,,,,23,8,10,5,5,3,7,2,,2,,
1/9/2023,,,,,,,,,25,8,12,5,5,3,7,2,,2,,
1/10/2023,,,,,,,,,25,9,12,5,5,2,7,2,,2,,
1/11/2023,,,,,,,,,26,10,12,5,6,2,6,2,,2,,
1/12/2023,,,,,,,,,24,13,16,5,7,2,6,3,,2,,
1/13/2023,,,,,,,,,21,14,14,4,7,2,6,3,,2,,
1/14/2023,,,,,,,,,20,14,11,4,7,2,6,3,,2,,
1/15/2023,,,,,,,,,20,14,10,4,8,2,7,3,,2,,
1/16/2023,,,,,,,,,20,14,10,4,8,2,7,3,,2,,
1/17/2023,,,,,,,,,20,14,11,4,8,3,7,3,,2,,
1/18/2023,,,,,,,,,23,14,11,3,9,3,7,3,,2,,
1/19/2023,,,,,,,,,24,14,11,3,9,3,7,3,,2,,
1/20/2023,,,,,,,,,25,16,11,3,9,3,5,3,,2,,
1/21/2023,,,,,,,,,25,16,12,3,9,3,5,3,,2,,
1/22/2023,,,,,,,,,25,16,12,3,9,3,4,3,,2,,
1/23/2023,,,,,,,,,25,16,13,3,9,3,5,3,,2,,
1/24/2023,,,,,,,,,26,16,14,4,9,3,6,3,,2,,
1/25/2023,,,,,,,,,26,16,14,4,9,3,6,4,,2,,
1/26/2023,,,,,,,,,26,16,14,4,9,3,6,4,,2,,
1/27/2023,,,,,,,,,26,16,14,4,9,3,6,4,,2,,
1/28/2023,,,,,,,,,26,16,14,4,9,3,6,4,,2,,
1/29/2023,,,,,,,,,26,16,14,4,9,3,6,4,,2,,
1/30/2023,,,,,,,,,26,17,14,4,9,3,6,4,,2,,
1/31/2023,,,,,,,,,26,17,14,4,9,3,6,4,,2,,
2/1/2023,,,,,,,,,26,17,15,4,9,3,6,4,,3,,
2/2/2023,,,,,,,,,26,17,15,4,9,3,7,4,,3,,
2/3/2023,,,,,,,,,26,17,15,4,9,3,7,4,,3,,
2/4/2023,,,,,,,,,26,17,15,4,9,3,7,4,,2,,
2/5/2023,,,,,,,,,26,16,15,4,9,3,7,4,,2,,
2/6/2023,,,,,,,,,26,17,16,4,9,3,7,4,,2,,
2/7/2023,,,,,,,,,26,18,16,4,9,3,8,4,,2,,
2/8/2023,,,,,,,,,26,18,17,4,9,3,8,4,,2,,
2/9/2023,,,,,,,,,26,18,16,4,9,3,9,4,,2,,
2/10/2023,,,,,,,,,25,17,15,4,9,3,9,4,,2,,
2/11/2023,,,,,,,,,25,17,11,4,9,3,10,4,,1,,
2/12/2023,,,,,,,,,25,14,11,4,9,3,10,4,,1,,
2/13/2023,,,,,,,,,25,14,12,4,10,3,10,4,,1,,
2/14/2023,,,,,,,,,26,14,13,4,10,3,10,4,,1,,
2/15/2023,,,,,,,,,26,14,13,4,10,3,10,4,,1,,
2/16/2023,,,,,,,,,26,14,13,4,10,3,10,4,,1,,
2/17/2023,,,,,,,,,23,14,12,4,9,3,10,4,,1,,
2/18/2023,,,,,,,,,23,14,12,4,9,2,10,4,,1,,
2/19/2023,,,,,,,,,22,12,12,4,8,2,10,4,,1,,
2/20/2023,,,,,,,,,22,12,12,4,8,2,10,4,,1,,
2/21/2023,,,,,,,,,22,12,14,5,8,2,11,4,,1,,
2/22/2023,,,,,,,,,22,12,13,5,8,2,11,4,,1,,
2/23/2023,,,,,,,,,22,13,13,5,8,2,11,4,,1,,
2/24/2023,,,,,,,,,22,13,13,5,9,2,11,4,,1,,
2/25/2023,,,,,,,,,22,13,13,5,9,2,11,4,,1,,
2/26/2023,,,,,,,,,22,13,13,5,9,3,11,4,,1,,
2/27/2023,,,,,,,,,22,13,13,5,9,3,11,4,,1,,
2/28/2023,,,,,,,,,22,13,15,5,9,3,11,4,,1,,
3/1/2023,,,,,,,,,22,12,16,5,9,3,11,4,,1,,
3/2/2023,,,,,,,,,25,12,16,5,9,3,11,4,,2,,
3/3/2023,,,,,,,,,25,12,15,5,9,3,11,3,,2,,
3/4/2023,,,,,,,,,25,12,15,5,9,3,10,3,,2,,
3/5/2023,,,,,,,,,25,12,15,5,9,3,9,3,,2,,
3/6/2023,,,,,,,,,25,12,15,5,9,3,9,3,,2,,
3/7/2023,,,,,,,,,27,12,15,5,10,3,9,3,,2,,
3/8/2023,,,,,,,,,26,12,15,5,10,3,9,3,,2,,
3/9/2023,,,,,,,,,26,10,15,5,10,3,8,2,,2,,
3/10/2023,,,,,,,,,26,10,14,5,10,3,8,2,,2,,
3/11/2023,,,,,,,,,26,9,14,5,10,3,8,2,,2,,
3/12/2023,,,,,,,,,28,9,14,5,10,3,8,2,,2,,
3/13/2023,,,,,,,,,29,9,14,5,11,4,7,2,1,2,,
3/14/2023,,,,,,,,,30,9,14,5,11,4,7,2,1,2,,
3/15/2023,,,,,,,,,31,9,13,5,10,4,7,2,3,2,,
3/16/2023,,,,,,,,,30,10,11,5,10,4,7,2,3,2,,
3/17/2023,,,,,,,,,30,10,11,6,10,4,7,2,3,2,,
3/18/2023,,,,,,,,,30,10,11,6,10,4,7,2,3,2,,
3/19/2023,,,,,,,,,29,10,10,6,10,4,7,2,3,2,,
3/20/2023,,,,,,,,,29,10,8,6,10,4,7,2,3,2,,
3/21/2023,,,,,,,,,30,10,8,6,10,4,7,2,3,2,,
3/22/2023,,,,,,,,,30,10,8,6,10,4,7,2,4,2,,
3/23/2023,,,,,,,,,30,10,6,7,10,4,7,2,4,2,,
3/24/2023,,,,,,,,,31,9,7,7,10,4,7,2,4,2,,
3/25/2023,,,,,,,,,31,9,8,7,10,4,7,2,4,2,,
3/26/2023,,,,,,,,,31,8,8,7,10,4,7,2,4,2,,
3/27/2023,,,,,,,,,31,8,8,7,10,4,7,1,4,2,,
3/28/2023,,,,,,,,,32,8,8,7,10,3,7,1,4,2,,
3/29/2023,,,,,,,,,32,8,8,7,10,3,7,1,4,2,,
3/30/2023,,,,,,,,,33,8,7,7,10,3,7,1,4,2,,
3/31/2023,,,,,,,,,34,9,7,7,10,3,7,1,4,2,,
4/1/2023,,,,,,,,,32,9,7,7,9,3,7,1,4,2,,
4/2/2023,,,,,,,,,32,9,7,7,9,3,7,1,4,2,,
4/3/2023,,,,,,,,,32,9,7,7,9,3,7,1,4,2,,
4/4/2023,,,,,,,,,33,10,7,7,9,3,7,1,4,2,,
4/5/2023,,,,,,,,,34,9,7,7,8,3,7,1,4,2,,
4/6/2023,,,,,,,,,34,10,7,7,6,3,6,1,4,2,,
4/7/2023,,,,,,,,,35,10,8,7,6,3,6,1,4,2,,
4/8/2023,,,,,,,,,35,10,8,7,5,3,6,1,4,2,,
4/9/2023,,,,,,,,,35,10,8,7,4,3,6,1,4,2,,
4/10/2023,,,,,,,,,34,12,8,7,4,3,6,1,4,2,,
4/11/2023,,,,,,,,,32,12,9,7,6,2,6,1,4,2,,
4/12/2023,,,,,,,,,33,12,9,7,5,2,6,1,4,2,,
4/13/2023,,,,,,,,,32,12,9,7,5,3,6,1,4,2,,
4/14/2023,,,,,,,,,32,12,8,7,5,3,6,1,4,2,,
4/15/2023,,,,,,,,,31,12,8,7,5,3,6,1,4,2,,
4/16/2023,,,,,,,,,30,11,8,7,5,3,6,1,4,2,,
4/17/2023,,,,,,,,,29,11,8,6,5,3,6,1,4,2,,
4/18/2023,,,,,,,,,29,11,8,6,5,3,6,1,6,2,,
4/19/2023,,,,,,,,,29,11,8,6,5,3,6,1,6,2,,
4/20/2023,,,,,,,,,28,11,8,5,5,2,6,1,6,1,,
4/21/2023,,,,,,,,,27,12,8,5,4,2,6,2,6,1,,
4/22/2023,,,,,,,,,27,12,8,5,4,2,6,2,6,1,,
4/23/2023,,,,,,,,,25,12,7,5,4,2,6,2,6,1,,
4/24/2023,,,,,,,,,25,13,7,5,4,2,6,2,7,1,,
4/25/2023,,,,,,,,,26,13,8,5,4,2,6,2,7,1,,
4/26/2023,,,,,,,,,26,13,8,5,4,2,6,2,7,1,,
4/27/2023,,,,,,,,,26,13,8,4,6,2,6,3,7,1,,
4/28/2023,,,,,,,,,25,13,8,4,6,2,6,3,7,1,,
4/29/2023,,,,,,,,,25,13,8,4,6,2,6,3,7,1,,
4/30/2023,,,,,,,,,24,13,6,4,6,2,6,3,7,1,,
5/1/2023,,,,,,,,,25,13,8,4,6,2,6,3,7,1,,
5/2/2023,,,,,,,,,26,13,8,4,7,2,6,3,7,1,,
5/3/2023,,,,,,,,,24,13,8,4,7,2,6,3,7,1,,
5/4/2023,,,,,,,,,24,13,8,4,7,2,6,3,7,1,,
5/5/2023,,,,,,,,,23,13,8,4,8,2,6,3,7,0,,
5/6/2023,,,,,,,,,22,13,8,4,8,2,6,3,7,0,,
5/7/2023,,,,,,,,,21,13,8,4,8,2,6,3,7,0,,
5/8/2023,,,,,,,,,21,12,8,4,8,2,6,4,7,0,,
5/9/2023,,,,,,,,,22,11,8,4,8,2,6,4,7,0,,
5/10/2023,,,,,,,,,21,11,9,4,8,2,6,4,7,0,,
5/11/2023,,,,,,,,,24,11,10,4,7,2,6,4,7,0,,
5/12/2023,,,,,,,,,25,10,10,4,7,2,6,4,7,0,,
5/13/2023,,,,,,,,,25,10,10,4,7,1,6,4,7,0,,
5/14/2023,,,,,,,,,24,10,10,4,7,1,6,4,7,0,,
5/15/2023,,,,,,,,,23,12,10,4,7,1,5,4,7,0,,
5/16/2023,,,,,,,,,24,12,10,4,7,1,5,4,7,0,,
5/17/2023,,,,,,,,,25,12,10,4,8,1,5,4,7,0,,
5/18/2023,,,,,,,,,25,13,10,4,8,1,5,4,7,0,,
5/19/2023,,,,,,,,,24,13,10,4,8,1,5,4,7,0,,
5/20/2023,,,,,,,,,24,13,10,4,8,1,5,4,7,0,,
5/21/2023,,,,,,,,,24,13,10,4,8,1,5,4,7,0,,
5/22/2023,,,,,,,,,24,13,10,4,8,1,5,4,7,0,,
5/23/2023,,,,,,,,,24,13,12,4,8,1,5,4,7,0,,
5/24/2023,,,,,,,,,27,13,12,5,8,1,5,4,7,0,,
5/25/2023,,,,,,,,,26,13,10,5,8,1,4,4,7,0,,
5/26/2023,,,,,,,,,26,13,9,5,8,1,4,4,7,0,,
5/27/2023,,,,,,,,,24,13,9,5,8,1,4,3,7,0,,
5/28/2023,,,,,,,,,24,13,9,5,8,1,4,3,7,0,,
5/29/2023,,,,,,,,,24,13,9,5,8,2,4,3,7,1,,
5/30/2023,,,,,,,,,24,13,9,5,8,2,4,3,7,1,,
5/31/2023,,,,,,,,,24,13,7,5,8,2,4,3,7,1,,
6/1/2023,,,,,,,,,23,13,7,5,7,2,4,4,7,1,,
6/2/2023,,,,,,,,,23,13,8,5,7,2,4,4,7,1,,
6/3/2023,,,,,,,,,23,13,7,5,7,2,4,4,7,1,,
6/4/2023,,,,,,,,,23,13,7,5,7,2,4,4,7,1,,
6/5/2023,,,,,,,,,23,13,7,5,7,2,5,4,7,1,,
6/6/2023,,,,,,,,,23,13,7,5,7,2,6,4,7,1,,
6/7/2023,,,,,,,,,22,12,7,5,7,2,6,4,7,1,,
6/8/2023,,,,,,,,,22,12,8,5,7,2,6,4,7,1,1,
6/9/2023,,,,,,,,,22,12,6,5,7,2,5,2,7,1,1,
6/10/2023,,,,,,,,,21,12,6,5,7,2,5,1,7,1,1,
6/11/2023,,,,,,,,,21,12,6,5,7,2,5,1,6,1,1,
6/12/2023,,,,,,,,,21,12,6,5,7,2,5,1,7,1,1,
6/13/2023,,,,,,,,,22,12,6,5,8,2,5,1,7,1,1,
6/14/2023,,,,,,,,,22,12,6,5,8,3,5,1,7,1,1,
6/15/2023,,,,,,,,,21,12,6,4,8,3,5,3,7,1,1,
6/16/2023,,,,,,,,,20,12,6,4,8,3,5,3,7,1,1,
6/17/2023,,,,,,,,,19,12,6,4,8,3,5,3,7,1,1,
6/18/2023,,,,,,,,,19,12,6,4,8,3,5,3,7,1,1,
6/19/2023,,,,,,,,,19,12,6,4,8,3,5,3,7,1,1,
6/20/2023,,,,,,,,,19,12,7,4,8,3,5,3,7,1,1,
6/21/2023,,,,,,,,,20,12,7,4,8,3,5,3,7,1,1,
6/22/2023,,,,,,,,,19,12,5,4,9,3,5,3,7,1,1,
6/23/2023,,,,,,,,,19,12,5,4,9,3,5,3,7,1,1,
6/24/2023,,,,,,,,,19,12,5,4,9,3,5,3,7,1,1,
6/25/2023,,,,,,,,,19,12,4,4,9,3,5,3,7,1,1,
6/26/2023,,,,,,,,,19,12,5,4,9,3,5,3,7,1,1,
6/27/2023,,,,,,,,,19,12,5,3,9,3,7,3,7,1,1,
6/28/2023,,,,,,,,,21,12,5,3,9,3,7,3,7,1,1,
6/29/2023,,,,,,,,,21,12,5,3,9,3,7,3,7,0,1,
6/30/2023,,,,,,,,,21,12,5,3,9,3,7,3,7,0,1,
7/1/2023,,,,,,,,,21,11,5,3,9,2,7,3,7,0,1,
7/2/2023,,,,,,,,,21,11,5,2,9,2,7,2,7,0,1,
7/3/2023,,,,,,,,,21,11,5,2,9,2,8,2,7,0,1,
7/4/2023,,,,,,,,,21,11,5,2,9,2,8,2,7,0,1,
7/5/2023,,,,,,,,,22,11,5,2,9,2,8,2,7,0,1,
7/6/2023,,,,,,,,,23,12,5,2,9,2,8,2,7,0,1,
7/7/2023,,,,,,,,,23,12,7,2,9,2,8,2,7,0,1,
7/8/2023,,,,,,,,,21,12,7,2,9,2,8,2,7,0,1,
7/9/2023,,,,,,,,,21,12,7,2,9,2,8,2,7,0,1,
7/10/2023,,,,,,,,,22,12,10,2,9,2,8,3,7,0,1,
7/11/2023,,,,,,,,,22,12,11,2,9,2,8,3,7,0,1,
7/12/2023,,,,,,,,,22,13,11,2,9,2,8,3,7,0,1,
7/13/2023,,,,,,,,,24,13,11,2,8,2,8,3,7,0,1,
7/14/2023,,,,,,,,,23,13,11,2,8,2,8,3,7,0,1,
7/15/2023,,,,,,,,,22,13,11,2,8,2,8,3,7,0,1,
7/16/2023,,,,,,,,,22,13,11,2,8,2,8,3,7,0,1,
7/17/2023,,,,,,,,,22,13,14,2,9,2,8,3,7,0,1,
7/18/2023,,,,,,,,,23,13,16,2,9,2,8,3,7,0,1,
7/19/2023,,,,,,,,,22,13,19,2,9,1,8,3,7,0,1,
7/20/2023,,,,,,,,,22,13,21,2,9,1,8,3,7,0,1,
7/21/2023,,,,,,,,,22,13,23,2,9,1,8,3,7,0,1,
7/22/2023,,,,,,,,,22,13,23,2,9,1,8,3,7,0,1,
7/23/2023,,,,,,,,,22,12,23,2,9,1,8,3,7,0,1,
7/24/2023,,,,,,,,,22,12,23,2,9,1,8,3,7,0,1,
7/25/2023,,,,,,,,,22,12,24,2,9,1,8,3,7,0,1,
7/26/2023,,,,,,,,,22,11,24,2,9,1,8,3,7,0,1,
7/27/2023,,,,,,,,,22,12,23,2,9,1,7,3,8,0,1,
7/28/2023,,,,,,,,,21,13,22,2,8,1,8,3,8,0,1,
7/29/2023,,,,,,,,,21,13,22,2,7,1,8,3,8,0,1,
7/30/2023,,,,,,,,,21,13,22,2,7,1,8,3,8,0,1,
7/31/2023,,,,,,,,,22,13,22,2,7,1,9,3,8,0,1,
8/1/2023,,,,,,,,,22,13,22,2,7,1,9,3,8,0,1,
8/2/2023,,,,,,,,,23,13,22,2,7,1,9,3,8,0,1,
8/3/2023,,,,,,,,,23,12,22,2,7,2,9,3,7,0,1,
8/4/2023,,,,,,,,,22,12,22,2,7,2,9,3,7,0,1,
8/5/2023,,,,,,,,,21,12,22,2,7,2,8,3,7,0,1,
8/6/2023,,,,,,,,,21,12,22,2,7,2,8,3,7,0,1,
8/7/2023,,,,,,,,,21,12,23,2,7,2,8,3,7,0,1,
8/8/2023,,,,,,,,,21,12,23,2,7,2,8,3,7,0,1,
8/9/2023,,,,,,,,,19,12,23,2,7,2,8,3,7,0,1,
8/10/2023,,,,,,,,,19,13,22,2,7,3,8,3,7,1,1,
8/11/2023,,,,,,,,,19,13,22,2,7,3,7,3,6,1,1,
8/12/2023,,,,,,,,,19,13,22,2,7,3,7,3,6,1,1,
8/13/2023,,,,,,,,,19,13,22,2,7,3,7,3,6,1,1,
8/14/2023,,,,,,,,,21,13,23,2,7,3,7,3,6,1,1,
8/15/2023,,,,,,,,,21,13,24,2,7,3,7,3,6,1,1,
8/16/2023,,,,,,,,,21,12,23,2,6,3,7,3,7,1,1,
8/17/2023,,,,,,,,,22,12,22,2,6,3,7,3,7,1,1,
8/18/2023,,,,,,,,,22,12,18,2,6,3,7,1,7,1,1,
8/19/2023,,,,,,,,,22,12,17,2,6,3,7,1,7,1,1,
8/20/2023,,,,,,,,,22,12,16,2,6,3,7,1,7,1,1,
8/21/2023,,,,,,,,,22,12,16,2,6,3,7,1,7,1,1,
8/22/2023,,,,,,,,,22,12,16,2,6,3,7,1,7,1,1,
8/23/2023,,,,,,,,,22,12,17,3,6,3,7,2,6,2,1,
8/24/2023,,,,,,,,,22,12,17,3,6,3,7,2,6,2,1,
8/25/2023,,,,,,,,,22,12,17,3,6,3,7,2,6,2,1,
8/26/2023,,,,,,,,,21,12,15,3,6,3,7,2,5,2,1,
8/27/2023,,,,,,,,,21,11,14,3,6,3,6,2,5,2,1,
8/28/2023,,,,,,,,,21,12,14,3,6,3,7,2,5,2,1,
8/29/2023,,,,,,,,,22,12,15,3,6,3,7,2,6,2,1,
8/30/2023,,,,,,,,,23,12,14,3,6,3,6,2,6,2,1,
8/31/2023,,,,,,,,,24,11,14,3,6,3,5,2,6,2,1,
9/1/2023,,,,,,,,,23,11,14,3,6,3,5,2,6,2,1,
9/2/2023,,,,,,,,,24,11,14,3,6,3,5,2,6,2,1,
9/3/2023,,,,,,,,,23,11,14,3,6,3,5,2,6,2,1,
9/4/2023,,,,,,,,,24,11,14,3,6,3,5,2,6,2,1,
9/5/2023,,,,,,,,,24,11,15,3,6,3,5,2,7,2,1,
9/6/2023,,,,,,,,,23,11,15,3,6,2,5,1,7,2,1,
9/7/2023,,,,,,,,,25,11,15,3,6,2,5,1,7,2,1,
9/8/2023,,,,,,,,,25,12,14,3,6,2,5,1,7,2,1,
9/9/2023,,,,,,,,,25,12,13,3,6,2,5,1,7,1,1,
9/10/2023,,,,,,,,,24,12,12,3,6,2,5,1,7,1,1,
9/11/2023,,,,,,,,,24,12,12,3,6,2,5,3,7,1,1,
9/12/2023,,,,,,,,,24,13,12,3,6,2,5,3,7,1,1,
9/13/2023,,,,,,,,,24,13,12,3,6,2,5,3,7,1,1,
9/14/2023,,,,,,,,,24,12,11,3,6,2,5,3,7,1,1,
9/15/2023,,,,,,,,,24,12,11,3,6,2,5,3,7,1,1,
9/16/2023,,,,,,,,,24,12,10,3,6,2,5,3,7,1,1,
9/17/2023,,,,,,,,,23,12,9,3,6,1,5,3,7,1,1,
9/18/2023,,,,,,,,,23,12,10,3,6,1,5,3,7,1,1,
9/19/2023,,,,,,,,,23,12,10,3,6,1,5,3,7,1,1,
9/20/2023,,,,,,,,,23,12,10,3,6,1,5,3,7,1,1,
9/21/2023,,,,,,,,,23,13,11,3,6,1,5,3,7,1,1,
9/22/2023,,,,,,,,,24,13,11,2,6,1,6,2,7,0,1,
9/23/2023,,,,,,,,,24,13,11,2,6,1,6,2,7,0,1,
9/24/2023,,,,,,,,,24,13,11,2,6,1,6,2,7,0,1,
9/25/2023,,,,,,,,,25,13,12,3,6,1,6,2,7,0,1,
9/26/2023,,,,,,,,,25,13,12,3,6,1,6,2,7,0,1,
9/27/2023,,,,,,,,,25,13,13,3,6,1,5,2,7,0,1,
9/28/2023,,,,,,,,,25,14,11,3,6,1,6,2,7,0,1,
9/29/2023,,,,,,,,,24,14,11,3,6,1,6,2,7,0,1,
9/30/2023,,,,,,,,,23,14,11,3,6,1,6,2,7,0,1,
10/1/2023,,,,,,,,,22,14,11,3,6,1,6,2,7,0,1,
10/2/2023,,,,,,,,,22,13,12,3,6,1,6,2,7,0,1,
10/3/2023,,,,,,,,,22,13,12,3,6,1,6,2,7,0,1,
10/4/2023,,,,,,,,,21,13,12,3,6,1,6,2,6,0,1,
10/5/2023,,,,,,,,,21,13,13,3,6,1,6,2,6,0,1,
10/6/2023,,,,,,,,,21,13,12,3,6,1,6,2,6,0,1,
10/7/2023,,,,,,,,,20,13,12,3,6,1,6,2,6,0,1,
10/8/2023,,,,,,,,,19,13,12,3,6,1,6,2,6,0,1,
10/9/2023,,,,,,,,,19,13,12,3,6,1,6,2,6,0,1,
10/10/2023,,,,,,,,,19,13,12,3,6,1,6,2,6,0,1,
10/11/2023,,,,,,,,,19,12,13,3,6,1,6,0,6,0,1,
10/12/2023,,,,,,,,,18,11,14,3,6,0,6,0,5,0,1,
10/13/2023,,,,,,,,,19,11,15,3,6,0,6,0,5,0,1,
10/14/2023,,,,,,,,,19,11,15,3,6,0,6,0,4,0,1,
10/15/2023,,,,,,,,,19,11,15,3,6,0,6,0,4,0,1,
10/16/2023,,,,,,,,,19,11,15,3,7,0,6,0,4,0,1,
10/17/2023,,,,,,,,,18,12,16,3,7,0,6,0,4,0,1,
10/18/2023,,,,,,,,,18,12,17,3,8,0,6,2,4,0,1,1
10/19/2023,,,,,,,,,19,11,17,3,8,0,6,2,4,0,1,1
10/20/2023,,,,,,,,,20,11,18,3,8,1,6,2,4,0,1,1
10/21/2023,,,,,,,,,20,11,17,3,7,1,6,2,4,0,1,1
10/22/2023,,,,,,,,,19,11,17,3,7,1,6,2,4,0,1,1
10/23/2023,,,,,,,,,19,11,17,3,8,1,6,2,4,0,1,1
10/24/2023,,,,,,,,,19,11,19,3,8,1,6,2,4,0,1,1
10/25/2023,,,,,,,,,19,11,18,3,8,1,6,2,4,0,1,1
10/26/2023,,,,,,,,,19,10,18,3,9,1,7,2,4,0,1,1
10/27/2023,,,,,,,,,18,10,17,3,9,1,7,2,4,0,1,1
10/28/2023,,,,,,,,,17,10,17,3,9,1,7,2,3,0,1,1
10/29/2023,,,,,,,,,17,10,17,3,9,1,6,2,3,0,1,1
10/30/2023,,,,,,,,,17,10,17,3,9,1,6,2,3,1,1,1
10/31/2023,,,,,,,,,17,10,18,3,9,1,6,2,4,1,1,1
11/1/2023,,,,,,,,,16,10,17,3,9,1,5,2,4,1,1,1
11/2/2023,,,,,,,,,16,11,16,3,9,1,5,2,4,1,1,1
11/3/2023,,,,,,,,,17,11,15,3,9,1,5,2,4,1,1,1
11/4/2023,,,,,,,,,17,10,15,2,9,1,5,2,4,1,1,1
11/5/2023,,,,,,,,,17,10,15,2,9,1,5,2,4,1,1,1
11/6/2023,,,,,,,,,17,10,16,2,9,1,5,2,4,1,1,1
11/7/2023,,,,,,,,,19,10,19,2,9,1,5,2,4,1,1,1
11/8/2023,,,,,,,,,20,11,21,2,9,1,5,2,4,1,1,1
11/9/2023,,,,,,,,,20,12,21,2,9,1,5,2,4,1,1,1
11/10/2023,,,,,,,,,19,13,22,2,10,1,6,2,4,1,1,1
11/11/2023,,,,,,,,,19,13,21,2,10,1,6,2,4,1,1,1
11/12/2023,,,,,,,,,18,13,21,2,10,1,6,2,4,1,1,1
11/13/2023,,,,,,,,,19,13,21,2,10,1,6,2,4,1,1,1
11/14/2023,,,,,,,,,19,13,22,2,10,1,6,2,4,1,1,1
11/15/2023,,,,,,,,,20,13,22,3,9,1,6,2,4,1,1,1
11/16/2023,,,,,,,,,22,12,21,3,9,1,6,2,3,1,1,1
11/17/2023,,,,,,,,,22,12,20,3,10,1,6,2,3,1,1,1
11/18/2023,,,,,,,,,22,11,20,3,10,1,6,2,3,1,1,1
11/19/2023,,,,,,,,,22,11,19,3,10,1,6,2,3,1,1,1
11/20/2023,,,,,,,,,22,11,21,3,10,1,6,2,3,1,1,1
11/21/2023,,,,,,,,,22,11,22,3,10,1,6,2,3,1,1,1
11/22/2023,,,,,,,,,22,11,23,3,10,1,6,2,3,1,1,1
11/23/2023,,,,,,,,,22,11,20,3,10,1,6,2,3,1,1,1
11/24/2023,,,,,,,,,20,12,20,4,10,1,6,2,2,2,1,1
11/25/2023,,,,,,,,,19,12,20,4,10,1,6,2,2,2,1,1
11/26/2023,,,,,,,,,19,12,19,4,10,1,6,2,2,2,1,1
11/27/2023,,,,,,,,,20,12,19,4,10,1,6,2,2,2,1,1
11/28/2023,,,,,,,,,20,13,21,4,10,1,6,2,2,2,1,1
11/29/2023,,,,,,,,,20,13,21,4,10,1,6,2,2,2,1,1
11/30/2023,,,,,,,,,20,14,20,4,10,1,7,2,2,2,1,1
12/1/2023,,,,,,,,,20,14,20,4,10,1,7,2,2,2,1,1
12/2/2023,,,,,,,,,19,13,20,4,10,1,7,3,0,2,1,1
12/3/2023,,,,,,,,,19,13,20,4,10,1,7,3,0,2,1,1
12/4/2023,,,,,,,,,19,13,20,4,10,1,7,3,0,2,1,1
12/5/2023,,,,,,,,,19,13,20,4,10,1,7,3,0,2,1,1
12/6/2023,,,,,,,,,19,13,20,4,10,1,7,3,0,2,1,1
12/7/2023,,,,,,,,,15,13,17,4,10,1,7,4,0,2,1,1
12/8/2023,,,,,,,,,15,13,17,4,10,1,7,4,0,2,1,1
12/9/2023,,,,,,,,,14,12,16,4,10,1,7,4,0,2,1,1
12/10/2023,,,,,,,,,14,12,14,4,8,0,7,4,0,2,1,1
12/11/2023,,,,,,,,,14,12,14,4,8,0,7,4,0,2,1,1
12/12/2023,,,,,,,,,14,12,14,4,8,1,7,4,0,2,1,1
12/13/2023,,,,,,,,,13,12,14,4,8,1,7,4,0,2,1,1
12/14/2023,,,,,,,,,13,12,14,4,8,1,7,4,0,2,1,1
12/15/2023,,,,,,,,,13,12,14,4,8,1,7,4,0,2,1,1
12/16/2023,,,,,,,,,13,12,12,3,8,1,6,4,0,2,1,1
12/17/2023,,,,,,,,,12,12,12,3,7,1,6,4,0,2,1,1
12/18/2023,,,,,,,,,12,12,12,3,7,1,6,4,0,2,1,1
12/19/2023,,,,,,,,,12,12,13,3,7,1,6,4,0,2,1,1
12/20/2023,,,,,,,,,11,11,13,3,7,1,6,4,0,2,1,1
12/21/2023,,,,,,,,,13,11,10,3,7,1,6,4,0,2,1,1
12/22/2023,,,,,,,,,13,10,9,3,8,2,6,4,0,2,1,1
12/23/2023,,,,,,,,,13,10,9,3,8,2,6,4,0,2,1,1
12/24/2023,,,,,,,,,13,10,9,2,8,2,6,4,0,2,1,1
12/25/2023,,,,,,,,,13,9,9,2,8,2,6,4,0,2,1,1
12/26/2023,,,,,,,,,13,10,9,2,9,2,6,4,0,2,1,1
12/27/2023,,,,,,,,,12,10,8,2,9,2,6,4,0,2,1,1
12/28/2023,,,,,,,,,12,9,8,2,9,2,6,4,0,2,1,0
12/29/2023,,,,,,,,,12,9,7,2,9,2,6,4,0,2,1,0
12/30/2023,,,,,,,,,12,9,7,2,9,2,6,4,0,2,1,0
12/31/2023,,,,,,,,,12,9,7,2,9,2,6,4,0,2,0,0
1/1/2024,,,,,,,,,12,9,7,2,9,2,6,4,0,2,0,0
1/2/2024,,,,,,,,,12,9,8,2,9,2,6,4,0,2,0,0
1/3/2024,,,,,,,,,12,10,8,3,12,2,6,3,0,2,0,0
1/4/2024,,,,,,,,,12,10,8,3,13,2,6,3,0,2,0,0
1/5/2024,,,,,,,,,11,10,7,3,14,2,6,3,0,2,0,0
1/6/2024,,,,,,,,,11,10,7,3,14,2,6,2,0,2,1,0
1/7/2024,,,,,,,,,11,10,6,3,14,2,6,2,0,2,1,0
1/8/2024,,,,,,,,,12,10,6,3,15,2,6,2,0,2,1,0
1/9/2024,,,,,,,,,12,10,6,3,16,2,6,2,0,2,1,0
1/10/2024,,,,,,,,,14,10,6,4,16,2,6,2,0,2,2,0
1/11/2024,,,,,,,,,14,10,6,4,17,3,6,2,0,2,2,0
1/12/2024,,,,,,,,,14,9,6,4,17,3,5,2,0,2,2,0
1/13/2024,,,,,,,,,13,8,5,4,17,3,4,2,0,2,2,0
1/14/2024,,,,,,,,,13,8,5,4,17,3,3,2,0,2,2,0
1/15/2024,,,,,,,,,13,9,5,4,17,3,3,2,0,2,2,0
1/16/2024,,,,,,,,,13,9,5,4,17,3,3,2,0,3,2,0
1/17/2024,,,,,,,,,13,9,4,4,18,3,3,2,0,3,2,0
1/18/2024,,,,,,,,,13,9,5,4,18,3,3,2,0,3,2,0
1/19/2024,,,,,,,,,14,9,6,4,18,3,3,0,0,3,2,0
1/20/2024,,,,,,,,,13,9,6,4,17,3,3,0,0,3,2,0
1/21/2024,,,,,,,,,14,9,6,4,16,3,3,0,0,3,2,0
1/22/2024,,,,,,,,,14,9,6,4,16,3,3,0,0,3,2,0
1/23/2024,,,,,,,,,14,9,6,4,16,3,3,0,0,3,2,0
1/24/2024,,,,,,,,,15,9,7,4,17,3,3,0,0,3,2,0
1/25/2024,,,,,,,,,15,8,7,4,17,3,3,0,0,3,2,0
1/26/2024,,,,,,,,,15,8,7,4,17,3,3,1,0,3,2,0
1/27/2024,,,,,,,,,15,8,6,4,17,3,4,1,0,3,2,0
1/28/2024,,,,,,,,,15,8,6,4,17,3,4,1,0,3,2,0
1/29/2024,,,,,,,,,16,8,6,4,17,3,4,1,0,3,2,0
1/30/2024,,,,,,,,,16,8,6,4,17,3,4,1,0,3,2,0
1/31/2024,,,,,,,,,16,8,6,4,17,3,4,1,0,3,2,0
2/1/2024,,,,,,,,,16,8,8,4,17,3,4,1,0,3,3,0
2/2/2024,,,,,,,,,17,7,8,3,14,3,4,1,0,3,3,0
2/3/2024,,,,,,,,,17,8,7,3,12,3,4,1,0,3,3,0
2/4/2024,,,,,,,,,17,9,7,3,11,3,4,1,0,3,3,0
2/5/2024,,,,,,,,,17,9,7,3,11,3,4,2,0,3,3,0
2/6/2024,,,,,,,,,17,9,7,3,11,3,4,2,0,3,3,0
2/7/2024,,,,,,,,,17,9,8,3,10,3,4,2,0,3,3,0
2/8/2024,,,,,,,,,17,8,7,3,9,3,4,2,0,3,3,0
2/9/2024,,,,,,,,,16,7,8,3,9,3,4,3,0,2,2,0
2/10/2024,,,,,,,,,15,7,8,3,8,1,4,3,0,2,2,0
2/11/2024,,,,,,,,,15,7,8,2,8,1,4,3,0,2,2,0
2/12/2024,,,,,,,,,15,7,8,2,9,1,4,3,0,2,2,0
2/13/2024,,,,,,,,,14,7,9,2,9,1,4,3,0,2,2,0
2/14/2024,,,,,,,,,14,6,9,2,8,1,4,3,0,2,2,0
2/15/2024,,,,,,,,,14,6,9,2,10,1,4,3,0,0,2,0
2/16/2024,,,,,,,,,14,6,11,2,11,1,5,3,0,0,2,0
2/17/2024,,,,,,,,,14,6,11,2,11,1,5,3,0,0,2,0
2/18/2024,,,,,,,,,13,6,10,2,11,1,5,3,0,0,2,0
2/19/2024,,,,,,,,,13,6,10,2,12,1,6,3,0,0,2,0
2/20/2024,,,,,,,,,13,6,10,2,13,1,7,3,0,0,2,0
2/21/2024,,,,,,,,,14,7,10,2,13,1,7,3,0,1,2,0
2/22/2024,,,,,,,,,14,7,10,2,13,1,7,3,0,1,2,0
2/23/2024,,,,,,,,,15,7,8,2,11,2,7,3,0,1,2,1
2/24/2024,,,,,,,,,15,7,7,2,11,2,7,3,0,1,2,1
2/25/2024,,,,,,,,,15,7,7,2,11,2,7,3,0,1,2,1
2/26/2024,,,,,,,,,15,7,7,2,13,2,7,3,0,1,2,1
2/27/2024,,,,,,,,,15,7,8,2,13,3,7,3,0,1,2,1
2/28/2024,,,,,,,,,13,6,9,2,13,3,7,3,0,1,2,1
2/29/2024,,,,,,,,,13,6,9,2,14,3,7,3,0,1,2,2
3/1/2024,,,,,,,,,13,6,10,2,14,3,7,3,0,1,2,2
3/2/2024,,,,,,,,,13,6,8,2,15,3,7,3,0,1,1,2
3/3/2024,,,,,,,,,12,6,8,2,15,3,7,3,0,1,1,2
3/4/2024,,,,,,,,,13,6,8,2,15,3,7,3,0,1,1,2
3/5/2024,,,,,,,,,14,5,8,2,17,3,7,3,0,1,1,2
3/6/2024,,,,,,,,,14,4,8,2,18,3,7,2,0,1,1,2
3/7/2024,,,,,,,,,15,4,9,2,19,3,7,2,0,1,1,2
3/8/2024,,,,,,,,,14,5,11,2,20,3,7,1,0,1,1,2
3/9/2024,,,,,,,,,14,5,11,2,20,3,7,1,0,1,1,2
3/10/2024,,,,,,,,,14,5,10,2,20,3,7,1,0,1,1,2
3/11/2024,,,,,,,,,14,6,11,2,20,3,7,1,0,1,1,2
3/12/2024,,,,,,,,,14,6,11,2,21,3,7,3,0,1,1,2
3/13/2024,,,,,,,,,14,6,11,2,22,4,7,3,0,1,1,2
3/14/2024,,,,,,,,,15,6,11,2,23,4,7,3,0,1,1,2
3/15/2024,,,,,,,,,15,6,11,2,23,4,7,3,0,1,1,2
3/16/2024,,,,,,,,,14,6,11,2,23,4,8,3,0,1,1,2
3/17/2024,,,,,,,,,14,6,11,2,22,4,8,3,0,1,1,2
3/18/2024,,,,,,,,,15,7,12,2,22,4,8,3,0,1,1,2
3/19/2024,,,,,,,,,16,7,12,2,22,4,8,3,0,1,1,2
3/20/2024,,,,,,,,,16,8,12,2,21,4,8,3,0,1,1,2
3/21/2024,,,,,,,,,16,8,12,2,21,4,7,3,0,1,1,2
3/22/2024,,,,,,,,,16,8,12,2,21,3,7,3,0,0,1,2
3/23/2024,,,,,,,,,16,8,12,2,21,3,7,3,0,0,1,2
3/24/2024,,,,,,,,,15,8,12,2,21,3,7,3,0,0,1,1
3/25/2024,,,,,,,,,15,8,12,2,21,3,7,3,0,0,1,1
3/26/2024,,,,,,,,,18,8,12,2,21,3,7,3,0,0,1,1
3/27/2024,,,,,,,,,18,8,13,2,19,2,7,3,0,0,0,1
3/28/2024,,,,,,,,,18,8,14,2,19,2,7,3,0,0,0,1
3/29/2024,,,,,,,,,19,8,14,2,19,2,7,3,0,0,0,1
3/30/2024,,,,,,,,,19,8,14,2,19,2,7,3,0,0,0,0
3/31/2024,,,,,,,,,19,8,14,2,19,2,7,3,0,0,0,0
4/1/2024,,,,,,,,,19,8,14,2,18,2,7,3,0,0,0,0
4/2/2024,,,,,,,,,20,8,14,2,18,2,7,3,0,0,0,1
4/3/2024,,,,,,,,,19,8,14,2,18,2,6,3,0,0,0,1
4/4/2024,,,,,,,,,19,9,13,2,15,2,6,3,0,0,0,1
4/5/2024,,,,,,,,,18,9,13,2,14,2,7,3,0,0,0,1
4/6/2024,,,,,,,,,17,8,12,2,14,2,7,2,0,0,0,1
4/7/2024,,,,,,,,,17,7,12,2,13,2,7,2,0,0,0,1
4/8/2024,,,,,,,,,17,8,12,2,14,2,7,2,0,0,0,1
4/9/2024,,,,,,,,,18,8,13,2,14,2,7,2,0,0,0,1
4/10/2024,,,,,,,,,18,7,13,2,14,2,7,2,0,0,0,1
4/11/2024,,,,,,,,,18,8,14,2,13,2,7,0,0,0,0,1
4/12/2024,,,,,,,,,18,8,13,2,12,1,7,0,0,0,0,1
4/13/2024,,,,,,,,,17,8,13,2,10,1,7,0,0,0,0,1
4/14/2024,,,,,,,,,17,8,12,2,9,1,7,0,0,0,0,1
4/15/2024,,,,,,,,,17,8,12,2,10,1,6,1,0,0,0,1
