Date,MakerDAO ($),Abracadabra.money ($),Liquity ($),Ethena ($),Origin DeFi ($),Reflexer ($),Vesta Finance ($),Angle ($)
11/3/2021,252017.84,74515.97,128079.15,,550.46,1197.15,,
11/4/2021,288886.88,234366.41,154726.74,,389.81,1197.15,,
11/5/2021,260450.15,587930.48,85304.81,,276.8,1197.15,,
11/6/2021,263386.99,218714.41,37891.72,,399.68,1197.15,,
11/7/2021,249779.87,146332.57,208396.09,,879.82,1197.15,,
11/8/2021,259892.81,334092.18,93575.7,,2349.8,1197.15,,
11/9/2021,277786.78,83472,26079.96,,359.93,1197.15,,
11/10/2021,318657.25,346309.44,94556.12,,428.91,1197.15,,
11/11/2021,332769.78,145413.47,8936.6,,728.63,1197.15,,
11/12/2021,353091.31,105107.18,37709.65,,285.3,1197.15,,
11/13/2021,337591.31,784445.16,25867.23,,688.21,1197.15,,
11/14/2021,326816.28,190323.44,23556.69,,266.26,1197.15,,
11/15/2021,535342.71,227466.52,10737.37,,771.02,1197.15,,
11/16/2021,603314.03,490624.35,97155.57,,537.81,1197.15,,
11/17/2021,396748.69,2185025.96,28539.65,,581.19,1197.15,,
11/18/2021,386983.64,177446.32,119876.17,,1483.97,1197.15,,
11/19/2021,360324.31,125605.14,223360.04,,807.36,1197.15,,
11/20/2021,376482.64,373206.23,124673.48,,1007.46,1197.15,,
11/21/2021,344272.35,109217.58,25449.67,,216.24,1197.15,,
11/22/2021,398823.05,115130.05,12334.52,,1040.09,1197.15,,
11/23/2021,604135.38,168311.22,107529.99,,1944.57,1197.15,,
11/24/2021,404888.19,903031.17,24157.05,,1629.88,1197.15,,
11/25/2021,431446.66,200883.42,148469.62,,829.41,1197.15,,
11/26/2021,520678.17,476886.28,74000.82,,1059.7,1197.15,,
11/27/2021,372943.06,155268.55,24558.9,,1240.13,1197.15,,
11/28/2021,469449.66,148282.38,84650.54,,2388.92,1197.15,,
11/29/2021,390908.31,180712.9,26909.64,,1850.69,1197.15,,
11/30/2021,387648.56,2281632.66,15208.59,,2187.18,1197.15,,
12/1/2021,394423.14,175238.58,23363.68,,1712.42,1197.15,,
12/2/2021,367477.81,685969.08,32570.46,,748.44,1197.15,,
12/3/2021,466853.06,698912.84,10566.83,,1795.08,1197.15,,
12/4/2021,2095493.35,357401.27,64821.62,,1674.83,1197.15,,
12/5/2021,428106.03,1296196.68,24339.47,,2898.11,1197.15,,
12/6/2021,375975.32,359605.51,64458.75,,1961.87,1197.15,,
12/7/2021,396845.8,182516.03,30598.08,,3024.73,1197.15,,
12/8/2021,374371.41,271845.29,9479.81,,1712.64,1197.15,,
12/9/2021,408466.29,2678368.63,58105.05,,1182.91,1197.15,,
12/10/2021,357158.34,564943.28,52291.38,,2793.19,1197.15,,
12/11/2021,409716.48,149335.92,12429.26,,1952.1,1197.15,,
12/12/2021,441757.54,175514.66,49141.84,,2843.16,1197.15,,
12/13/2021,405080.13,240132.6,61170.54,,926.9,1197.15,,
12/14/2021,542543.53,344621.6,9723.07,,1799.13,1197.15,,
12/15/2021,406183.31,226252.48,96478.9,,1716.08,1197.15,,
12/16/2021,394113.96,130934.64,6355.3,,1702.39,1197.15,,
12/17/2021,355475.75,183615.71,2681.75,,1667.28,1197.15,,
12/18/2021,437897.99,1757132.95,72593.64,,1691.08,1197.15,,
12/19/2021,420182.23,200671.73,4677.22,,0,1197.15,,
12/20/2021,367016.85,215709.24,83275.04,,0,1197.15,,
12/21/2021,409577.65,4243384.36,4498.58,,3641.15,1197.15,,
12/22/2021,401170.21,198408.22,130525.64,,1165.07,1197.15,,
12/23/2021,367424.1,249885.38,64615.62,,1167.19,1197.15,,
12/24/2021,433188.51,198839.96,25414.82,,1227.24,1197.15,,
12/25/2021,396216.2,229327.44,28506.85,,1981.57,1197.15,,
12/26/2021,331336.74,179870.12,15886.44,,1514.38,1197.15,,
12/27/2021,460617.38,247064.31,5065.39,,800.44,1197.15,,
12/28/2021,366441.46,266545.91,3173.09,,489.51,1197.15,,
12/29/2021,384305.18,218302.97,35149.24,,759.85,1197.15,,
12/30/2021,401365.68,609798.76,25576.89,,831.25,1197.15,,
12/31/2021,458303.8,302083.07,34632.09,,820.05,1197.15,,
1/1/2022,389669.36,1174219.91,6703.93,,780.81,1197.15,,
1/2/2022,338424.77,275275.29,5534.48,,21929.76,1197.15,,
1/3/2022,433560.21,328349.04,9915.39,,716.95,1197.15,,
1/4/2022,405420.89,560860.59,28614.71,,15074.95,1197.15,,
1/5/2022,435290.41,255804.49,18272.51,,7737.2,1197.15,,
1/6/2022,666427.46,327967.54,30706.79,,15951.91,1197.15,,
1/7/2022,546127.33,478944.92,43366.25,,7063.92,1197.15,,
1/8/2022,479343,448221.24,16718.15,,197.68,1197.15,,
1/9/2022,348244.51,353090.41,7080.95,,2691.35,1197.15,,
1/10/2022,439742.55,246230.41,1083.17,,473.54,1197.15,,
1/11/2022,363958.63,300616.86,38963.51,,404.9,1197.15,,
1/12/2022,356659.24,211152.2,30753.21,,3132.77,1197.15,,
1/13/2022,319044.62,715746.4,2186.37,,385.98,1197.15,,
1/14/2022,381669.48,219818.47,1227.68,,9110.94,1197.15,,
1/15/2022,413461.56,246092.32,109860.61,,6736.68,1197.15,,
1/16/2022,333692.34,321388.37,22319.54,,7792.86,1197.15,,
1/17/2022,405046.53,590338.8,15652.41,,212.16,1197.15,,
1/18/2022,378399.85,415747.19,13750.33,,399.88,1197.15,,
1/19/2022,295030.14,445000.64,19728.78,,2987.65,1197.15,,
1/20/2022,448973,262853.9,52387.13,,3024.52,241.26,,
1/21/2022,6738742.3,298141.27,192987.7,,3716.28,212.84,,
1/22/2022,21867474.66,688800.03,24871.48,,1467.13,200.53,,
1/23/2022,326155.71,201386.65,42204.61,,1461.11,194.71,,
1/24/2022,801523.94,395798.75,83424.23,,6797.87,192.84,,
1/25/2022,280546.32,229349.23,32252.03,,1222.89,189.64,,
1/26/2022,251375.57,526962.36,76640.97,,2405,190.77,,
1/27/2022,281628.69,2603783.74,55335.44,,693.34,190.93,,
1/28/2022,281591.98,819309.08,11265.24,,2406.22,176.59,,
1/29/2022,268710.53,954632.17,3722.76,,1625.16,174.21,,
1/30/2022,161638.34,540625.66,2180.48,,2071.58,174.83,,
1/31/2022,395066.34,421951.21,3901.19,,252.88,175.74,,
2/1/2022,258233.66,123910.57,34844.57,,257.05,176.94,,
2/2/2022,226498.22,96248.53,3708.88,,3139.88,180.97,,
2/3/2022,320695.68,148668.12,37245.74,,273.55,180.6,,
2/4/2022,298224.55,134902.52,38150.01,,7399.62,183.98,,
2/5/2022,237108.29,123558.61,62154.98,,102.06,195.39,,
2/6/2022,262697.35,439698.72,2358.8,,11324.96,197.94,,
2/7/2022,302954.8,130987.76,41212.4,,140.53,198.16,3.96,
2/8/2022,224832.03,109273.7,4163.82,,314.63,199.31,0,
2/9/2022,281448.24,100931,2183.23,,3829,200.89,172595.44,
2/10/2022,265418.67,147523.66,15429.53,,308,204.27,13399.82,
2/11/2022,207461.91,77510.27,1124.75,,2141.31,206.6,8119.45,
2/12/2022,282572.59,139542.45,410.87,,137.71,210.69,2508.47,
2/13/2022,167565.12,90352.44,3213.58,,939.92,215.96,554.57,
2/14/2022,330782.58,89345.86,1137.04,,2616.23,214.91,910.07,
2/15/2022,212950.37,114894.27,104699.29,,117.08,215.23,7876.18,
2/16/2022,303893.3,91706.8,1305.19,,4575.68,1086.27,1030.21,
2/17/2022,245566.87,94013.98,792.59,,2020.98,1133.32,1347.6,
2/18/2022,181485.6,98774.97,2296.95,,5513.71,1178.57,919.24,
2/19/2022,133327.39,114814.75,3210.7,,30.9,1168.79,257.27,
2/20/2022,185639.02,106522.86,409.69,,1082.98,1167.01,240.27,
2/21/2022,411292.42,104429.98,25696.68,,3518.6,1161.92,1998.72,
2/22/2022,267551.49,106494.98,4036.29,,2216.18,1148.85,2009.74,
2/23/2022,247278.36,124612.67,138016.05,,1243.74,1111.62,1000,
2/24/2022,390356.45,123918.74,29373.08,,1735.76,1061.72,1231.65,
2/25/2022,206405.29,125485.21,5238.82,,1157.8,1064.45,1791.81,
2/26/2022,162449.04,79868.07,26537.36,,2884.39,1081.5,1045.11,
2/27/2022,173854.44,98487.38,4597.33,,3841.27,1067.5,255.42,
2/28/2022,273871.69,84306.16,13287.53,,3543.29,1070.78,1353.37,
3/1/2022,176432.01,100395.92,59387.18,,2951.42,1085.52,407.36,
3/2/2022,229869.32,109325.58,56666.19,,1357.63,2181,167.42,
3/3/2022,235071.42,111736.72,8396.47,,1680.84,2188.47,389.32,
3/4/2022,136493.9,102070.29,2833.11,,2373.18,2191.99,1143.1,
3/5/2022,139945.88,87847.41,3984.2,,1621.33,2163.79,148.56,
3/6/2022,271389.86,100432.29,2929.12,,1566.07,2164.54,113.37,
3/7/2022,294810.64,114052.12,2029.68,,2678.63,2154.47,516.78,
3/8/2022,184938.45,82008.5,555.76,,1480.11,2155.69,1241.31,
3/9/2022,204822.48,128111.54,1062.37,,1287.89,2161.78,1421.36,
3/10/2022,159762.3,78566.7,1029.92,,1317.11,2162.71,292.69,
3/11/2022,125387.47,104190.18,1713.95,,1758.1,2157.83,62.68,
3/12/2022,118552.98,75714.5,1714.82,,978.21,2153.25,415.13,
3/13/2022,317167.65,106014.2,776.13,,1136.79,2156.95,82.17,
3/14/2022,166620.74,100445.29,9114.26,,1170.73,2159.52,3.95,
3/15/2022,199862,106073.16,9664.19,,1269.59,2154.57,380.12,
3/16/2022,180294.98,74890.42,20400.46,,1656.1,2161.31,73.15,
3/17/2022,169379.25,102420.8,8455.1,,1111.6,2152.79,728.91,
3/18/2022,211234.41,68790.04,41000.72,,1129.4,2193.61,28.21,
3/19/2022,193117.45,118937.28,2476.28,,1090.53,2047.97,220.38,
3/20/2022,173854.4,70299.34,11886.18,,1105.03,1993.13,33.76,
3/21/2022,185800.98,114177.83,279.61,,1796.89,1990.38,230.7,
3/22/2022,169748.88,85944.16,13227.89,,947.74,2017.49,352.82,
3/23/2022,176195.34,149784.78,3479.13,,1077.49,3093.53,251.44,
3/24/2022,232190.53,88389.95,27041.46,,2074.15,3088.43,21012.85,
3/25/2022,155118.71,133351.91,2155.51,,1467.93,2715.76,4999.7,
3/26/2022,192988.37,82669.3,706.24,,1551.63,2724.91,214.49,
3/27/2022,200287.63,105887.82,19443.46,,746.3,2744.13,161.05,
3/28/2022,208003.04,74788.19,7781.09,,1564.54,2756.09,388.23,
3/29/2022,156901.45,118537.91,4217.75,,977.41,3762.62,290.84,
3/30/2022,222812.08,105628.32,1744.76,,1172.11,3752.09,3277.72,
3/31/2022,199343.91,200184.32,16241.48,,1144.31,3809.44,760.32,
4/1/2022,223931.05,66827.6,11050.17,,1412.29,3787.15,3268.58,
4/2/2022,185288.01,84471.37,34961.94,,12149.22,3766.1,1592.53,
4/3/2022,189050.44,62281.03,2067.77,,808.35,3805.17,646.97,
4/4/2022,695920.8,94311.33,7800.07,,2423.8,3792.51,435.5,
4/5/2022,200549.84,53652.59,4124.55,,971.79,3835.76,201,
4/6/2022,226220.35,112166.7,1182.84,,922.15,3903.08,350.84,
4/7/2022,190414.85,59114.05,3861.98,,864.73,3852.74,2693.88,
4/8/2022,137002.51,75662.06,4685.46,,812.63,3872.53,272.56,
4/9/2022,90960.27,60899.95,1455.38,,958.08,3880.75,3008.85,
4/10/2022,363152.56,74005.53,1680.5,,704.54,3594.44,20.99,
4/11/2022,825721.08,62396.88,17018.31,,834.95,3567.5,2798.32,
4/12/2022,175031.62,74248.52,6490.24,,825.58,3515.16,1761.16,
4/13/2022,194077.03,49584.23,4135.96,,805.17,3484.24,912.98,
4/14/2022,329141.45,73742.57,3184.14,,774.11,3476.51,496.73,
4/15/2022,147089.31,38673,1334.93,,758.91,3473.42,2224.1,
4/16/2022,228969.39,83686.01,1436.57,,747.52,3465.25,971.04,
4/17/2022,198902.65,46337.41,6268,,735.78,3334,411.41,
4/18/2022,833598.33,73552.38,8019.7,,2427.28,3109.79,1003.52,
4/19/2022,154362.84,44362.87,2567.73,,714.55,3111.67,12064.14,
4/20/2022,5051376.58,75722.71,10267.44,,4051.66,3101.51,646.97,
4/21/2022,185764.82,64626.02,3172.27,,244.51,3075.9,1100.99,
4/22/2022,175784.92,79797.51,7574.7,,621.75,3075.69,614.28,
4/23/2022,121351.17,48160.26,499.5,,604.97,3087.31,476.03,
4/24/2022,242654.31,68984.45,174.65,,597.55,3091.86,117.46,
4/25/2022,346679.38,41911.84,1708.09,,914.12,3005.84,2806.07,
4/26/2022,240588.49,90801.76,5590.07,,189.46,2956.22,1446.82,
4/27/2022,151540.61,34168.56,5000.96,,544.18,2953.68,855.58,
4/28/2022,164437.85,85425.25,16319.96,,552.72,2944.51,996.09,
4/29/2022,228479.77,51259.06,979.08,,547.77,2924.73,500.1,
4/30/2022,256763.98,70179.44,1996.51,,545.87,2910.64,599.49,
5/1/2022,200087.55,31530.92,980.78,,537.78,2873.86,52.19,
5/2/2022,147678.52,84751.7,1170.19,,529.6,2819.18,2370.45,
5/3/2022,223343.53,47466.05,545.21,,512.54,2798.89,44.09,
5/4/2022,239852.53,74355.54,27882.35,,760.76,2799.97,657.08,
5/5/2022,148606.87,49382.55,2749.18,,741.04,2772.85,302.2,
5/6/2022,185310.32,65071.15,4692.83,,709.51,2792,155.76,
5/7/2022,249448.59,50437.23,9605.38,,676.71,2910.22,61.07,
5/8/2022,238308.36,91846.17,8328.09,,654.13,2836.38,2012.08,
5/9/2022,510772.99,118990.88,11858.25,,616.26,2710.41,3303.78,
5/10/2022,238181.55,51709.92,34162.72,,1556.38,2601.84,169.6,
5/11/2022,1406613.58,22591.96,63174.88,,8379.24,2377.89,11717.37,
5/12/2022,2125037.95,28027.49,9478.78,,5875.48,2191.15,6813.49,
5/13/2022,150127.99,17198.77,6420.5,,497.29,2071.47,845.14,
5/14/2022,139514.45,20426.12,9699.6,,443.88,2145.87,24.17,
5/15/2022,158632.96,18944.77,5055.41,,805.95,1886.92,202.42,
5/16/2022,117745.39,20314.48,15785.9,,515.31,1899.09,137.46,
5/17/2022,170351.53,11874.04,3617.78,,493.84,1929.89,198.24,
5/18/2022,130046.39,13761.24,5351.31,,398.29,1923.29,29.2,
5/19/2022,88889.76,20831.9,3608.66,,372.45,1893.6,512.2,
5/20/2022,148740.65,20699.02,790.29,,350.66,1877.03,10.41,
5/21/2022,99061.25,5934.34,698.39,,352.88,1900.45,17.04,
5/22/2022,103831.93,19707.66,178.92,,330.57,1919,174.63,
5/23/2022,96143.03,10120.73,118.89,,302.72,1920.82,308.22,
5/24/2022,119384.65,22369.3,11728.86,,283.02,1875.79,11.71,
5/25/2022,74301.84,3341.43,3628.58,,284.17,1853.8,652.37,
5/26/2022,138988.36,23374.28,1181.27,,262.36,1794.65,324.45,
5/27/2022,363594.23,7234.35,806.86,,260.01,1819.77,159.56,
5/28/2022,85587.06,18904.31,1368.7,,226.44,1875.96,277.82,
5/29/2022,86619.27,13766.15,1604.17,,401.75,1878.05,299.22,
5/30/2022,91691.72,21120.96,7634.81,,377.45,1888.69,37.38,
5/31/2022,105294.25,6549.87,8594.55,,367.35,1936.52,23.47,
6/1/2022,72443.12,20511.33,16457.06,,346.18,1940.09,52.26,
6/2/2022,71888.67,381.21,125.63,,357.83,1920.91,4.85,
6/3/2022,305323.23,24919.2,4314.44,,347.23,1869.87,9.78,
6/4/2022,83977.02,307.58,881.61,,331.5,1864.04,46.05,
6/5/2022,100928.22,24090.08,11752.01,,462.53,1866.47,42.37,
6/6/2022,92382.42,3135.4,17578.01,,166.3,1898.24,96.1,
6/7/2022,82956.79,27310.87,26195.34,,316.24,1888.91,2588.22,
6/8/2022,149496.08,6143.31,2650.45,,309.02,1869.78,238.9,
6/9/2022,67889.48,18046.67,1126.56,,302.59,1868.81,44.56,
6/10/2022,128644.15,7024.17,1454.91,,257.6,1809.34,119.46,
6/11/2022,803071.79,22542.73,4645.23,,250.65,1744.05,238.41,
6/12/2022,279522.07,7553,1345.56,,240.98,1667.44,853.43,
6/13/2022,4783894.52,17824.44,23039.42,,1317.96,1541.66,372.71,
6/14/2022,435449.18,5220.64,107174.95,,155.38,1387.41,731.85,
6/15/2022,251605.66,18519.37,53647.61,,189.12,1199.14,2115.99,
6/16/2022,65425.12,9824.26,29837.05,,189.68,1069.91,123.75,
6/17/2022,68011.29,11257.34,15459.36,,539.21,1032.15,0,
6/18/2022,816414.91,9166.72,90394.12,,1624.61,1040.09,3658.06,
6/19/2022,69485.74,14009.35,26239.36,,127.68,1016.49,528.56,
6/20/2022,57190.27,7708.03,4087.28,,254.6,1013.56,122.97,0.03
6/21/2022,61234.65,15253.12,18469,,240.21,983.7,104.16,0.17
6/22/2022,72911.73,19632.58,10353.49,,221.61,1000.06,964.95,5.7
6/23/2022,78445.52,14485.81,20753.6,,208.4,1000.91,44.21,0
6/24/2022,68239.09,3261.65,3608.74,,201.12,967.9,1.47,0
6/25/2022,34403.33,19768.24,2639.14,,416.4,970.33,16.76,0
6/26/2022,74703.23,3422.14,3282.51,,91.34,988.9,34.57,0
6/27/2022,84446.08,14878.6,3796.78,,258.2,1003.62,680.73,0
6/28/2022,32001.14,2046.83,495.2,,243.76,1014.89,160.52,0
6/29/2022,114586.89,19355.5,5864.43,,230.36,928.21,4.94,0
6/30/2022,112629.58,3806.45,3579.85,,220.36,890.01,24.75,0
7/1/2022,75423.96,13303.49,3173.85,,274.02,901.57,684.3,0
7/2/2022,52773.6,1970.18,3964.65,,313.2,928.65,343.6,0
7/3/2022,75289.97,15526.39,39785.06,,189.97,940.88,1.5,0
7/4/2022,56727.4,4298.28,8764.57,,222.84,931.71,145.23,0
7/5/2022,68662.74,14705.37,5728.17,,203.86,935.91,376.39,0.01
7/6/2022,505728.2,3965.68,4948.59,,206.08,930.98,57.24,0
7/7/2022,53778.42,14788.81,5555.53,,199.48,941.68,624.41,0
7/8/2022,40522.69,20602.26,415.62,,213.43,922.75,339.83,0
7/9/2022,18120.68,16023.46,576.92,,199.84,904.38,54.59,0
7/10/2022,34979.84,3257.94,1260.56,,217.37,898.72,4.67,0
7/11/2022,46294.47,16994.11,7214.68,,223.59,897.71,2.51,0
7/12/2022,39105.89,2647.6,884.79,,206.45,876.21,950.65,0
7/13/2022,47708.86,16856.36,2514.54,,209.84,854.64,125.56,0
7/14/2022,33304.18,6484.42,948.19,,188.09,866.07,580.94,0.03
7/15/2022,41189.31,15045.11,7809.79,,170.46,863.78,78.6,0
7/16/2022,706844.33,14412.45,3537.68,,324.1,856.86,844.02,0
7/17/2022,20227.9,16138.82,16096.8,,138.48,875.89,101.16,0
7/18/2022,48711.98,6141.32,9883.88,,224.05,887.05,1321.52,0.04
7/19/2022,36190.83,75433.42,6917.12,,185.47,884.66,1868.92,0
7/20/2022,34461.89,4736.61,710.29,,208.75,882.76,1599.23,0
7/21/2022,29116.88,18851.05,27837.44,,3459.88,882.71,452.23,0.24
7/22/2022,42275.37,7824.73,3388.45,,159.94,890.39,926.83,0.03
7/23/2022,26731.79,24455.92,49.43,,499.87,889.73,1072.92,0
7/24/2022,48028.51,6232.57,6980.07,,137.5,871.33,2429.27,0
7/25/2022,41923.71,14908.12,2854.4,,182.6,869.59,376.74,0.64
7/26/2022,48388.97,8041.36,549.33,,342.81,849.47,12.02,0.12
7/27/2022,2034098,13824.13,5964.28,,346.41,845.89,275.69,0
7/28/2022,43319.4,6761.35,8312.86,,127.57,835.05,1648.02,3.69
7/29/2022,36086.89,16787.33,7475.41,,238.9,835.47,1365.09,16.41
7/30/2022,33687.9,3875.75,659.9,,163.05,845.35,1370.21,28.04
7/31/2022,41970.71,16174.22,1341.92,,172.36,848.28,411.95,8.25
8/1/2022,37865.55,4331.44,1607.97,,846.77,851.13,2251.78,15.13
8/2/2022,54577.61,15102.05,2704.69,,132.28,846.69,1178.6,30.87
8/3/2022,29280.24,3676.71,2897.82,,157.65,848.7,402,24.82
8/4/2022,112913.76,16059.98,814.65,,279.11,844.81,78.83,6.16
8/5/2022,49227.09,3714.66,13236.25,,140.63,846.13,2780.03,21.54
8/6/2022,44972.51,15848.58,2365.21,,157.13,842.97,236.58,19.78
8/7/2022,35840.9,10737.16,1347.67,,159.25,845.61,7164.94,0.94
8/8/2022,47720.51,15376.5,8542.2,,160.5,846.64,107.6,9.9
8/9/2022,52892.45,2089.71,15507.31,,161.75,864.36,101.51,20.9
8/10/2022,51946.81,19956.53,18682.84,,208.79,881.42,2697.57,0
8/11/2022,41729.4,3094.99,31936.88,,177.66,917.36,1641.05,45.5
8/12/2022,51389.03,16834.59,19432.44,,255.56,919.22,1122.96,0
8/13/2022,43955.31,9908.55,10533.82,,138.1,926.62,984.03,0
8/14/2022,44596.2,13965.85,16015.63,,345.75,941.16,509.52,21.6
8/15/2022,48035.49,9734.07,14853.21,,170.09,927.77,202.72,0.05
8/16/2022,27813.99,15440.11,3172.64,,263.76,946.38,1785.42,0.83
8/17/2022,54634.08,4784.98,977.12,,170.51,952.82,657.3,0.02
8/18/2022,91407.19,16889.32,3266.99,,168.65,966.77,977.71,0
8/19/2022,93441.89,4241.77,10201.32,,167.44,968.88,50.47,1.92
8/20/2022,40942.95,15278.16,5862.36,,157.15,969.04,462.51,0
8/21/2022,48893.44,7671.87,9658.33,,148.27,966.66,1731.84,0
8/22/2022,47926.12,20328.39,5031.18,,164.14,969.73,647.73,0
8/23/2022,57923.17,2345.52,3320.05,,153.06,969.78,1952.11,0.16
8/24/2022,28213.67,23182.44,3833.92,,144.58,967.68,202.38,2.07
8/25/2022,44546.44,4932.63,12788.63,,161.23,968.88,7093.37,2.94
8/26/2022,47585.13,17149.09,5137.46,,151.7,967.36,162.75,18.34
8/27/2022,53584.88,3804.01,4744.66,,141.93,958.77,6384.95,3.15
8/28/2022,33657.35,16929.99,527.24,,157.94,943.79,584.88,0
8/29/2022,47472.15,6472.24,15796.09,,147.01,934.46,1793.6,0.59
8/30/2022,44693.48,16533.4,408.15,,161.46,935.38,122.86,0
8/31/2022,56919.29,375.7,9901.58,,151.66,941.28,278.3,0
9/1/2022,33799.17,19967.89,1995.46,,138.64,941.66,10.64,0
9/2/2022,415784.56,4117.67,1312.92,,125,941.69,1114.04,0
9/3/2022,37115.86,15705.73,352.76,,139.22,937.27,23.64,0.51
9/4/2022,41139.07,4700.91,5044.97,,129.79,937.28,228.29,0
9/5/2022,62552.75,15925.04,3344.68,,122.05,939.15,299.85,0
9/6/2022,96761.72,3027.5,685.51,,115.31,986.9,73.61,0
9/7/2022,40873.46,15467.89,1839.94,,108.57,946.32,68.86,11.41
9/8/2022,761041.26,2268.74,762.69,,109.2,963,168.64,10.9
9/9/2022,55725.87,16824.19,1760.82,,103.5,905.81,63.17,25.14
9/10/2022,196356.77,4331.72,1989.67,,102.9,920.04,1515.81,28.25
9/11/2022,30089.75,15998.6,6016.85,,103.76,921.05,136.87,19.96
9/12/2022,31113.97,5336.76,8274.18,,97.89,920.63,351.03,9.95
9/13/2022,31428.17,15509.58,701.28,,105.66,915.78,809.61,32.82
9/14/2022,40089.19,3829.92,4625.27,,274.87,903.07,200.35,2.25
9/15/2022,28177.34,18246.31,11070.61,,373.04,871.5,2360.19,14.98
9/16/2022,65673.95,17197.02,4030.53,,73.48,875.33,1022.23,10.91
9/17/2022,25075.24,11874.22,1566.74,,1423.38,874.66,1323.2,41.3
9/18/2022,22826.67,3567.23,911.75,,110.62,874.97,598.37,93.65
9/19/2022,36215.51,14561.74,28100.78,,108.71,865.11,1248.47,1.1
9/20/2022,27953.22,2626.24,3081.87,,110.12,864.56,2957.56,2.52
9/21/2022,42135.25,15392.84,2956.03,,110.17,860.77,821.04,0.12
9/22/2022,33472.28,4702.96,1250.66,,106.88,855.17,634.7,11.08
9/23/2022,24574.26,14941.27,525.25,,84.91,853.44,924.94,1.04
9/24/2022,14945.88,4935.67,2263.32,,87.61,852.34,803.01,0.21
9/25/2022,27574.17,16014.92,749.4,,88.14,856.06,821.37,77.31
9/26/2022,36867.27,9474.8,4530.99,,89.04,857.22,896.08,2.05
9/27/2022,34112.23,16014.18,1617.93,,102.59,854.56,1029.45,4.42
9/28/2022,30950.01,2595.78,1553.9,,115.55,852.42,830.72,35.36
9/29/2022,32371.25,15792.22,8372.8,,116.82,854.03,1275.99,8.86
9/30/2022,30858.98,3991.16,6300.42,,113.14,855.12,2220.99,94.3
10/1/2022,32761.14,14184.67,249.1,,113.76,848.12,6082.97,2.14
10/2/2022,18898.7,138.47,40922.07,,113.96,842.49,1116.45,12.34
10/3/2022,30963.44,17630.27,6107.03,,105.72,846.08,2539.78,17.07
10/4/2022,29158.94,4061.99,1762.47,,105.04,845.61,2860.35,17.59
10/5/2022,82202.32,14048.75,3342.96,,96.65,843.78,2477.61,7.3
10/6/2022,24479.28,1345.65,39978.92,,95.13,843.56,1595.79,51.78
10/7/2022,388742.47,16845.84,1376.2,,191.04,842.33,793.83,23.6
10/8/2022,5295.29,125.79,844.39,,123.15,842.01,1265.86,10.65
10/9/2022,36083.9,17670.67,112.4,,220.36,844.02,851.79,70.18
10/10/2022,39698.79,871.54,11915.99,,206.22,838.65,1041.14,0
10/11/2022,30938.31,17556.2,531.49,,196.09,838.14,591.51,44.12
10/12/2022,36296.08,174.15,2596.58,,401.97,839.23,773.1,21.76
10/13/2022,32250.05,17736.04,2126.23,,103.05,831.93,961.67,44.23
10/14/2022,25689.61,2386.91,4750.96,,151.25,825.45,927.77,0
10/15/2022,7846.96,15685.39,878.5,,278.94,824.06,525.32,83.6
10/16/2022,50585.89,288.83,195.31,,187.48,825.14,574.47,61.92
10/17/2022,46955.77,20308.19,1509.44,,186.37,830.9,1515.08,0
10/18/2022,16055.78,3894.97,468.65,,166.29,835.78,2242.01,80.23
10/19/2022,25555.5,2430.79,1104.66,,200.18,833.7,550.01,146.84
10/20/2022,14505.43,6248.42,5392.37,,190.83,833.53,667.37,6.93
10/21/2022,42909.49,2989.22,6032.38,,178.6,839.86,610.47,0
10/22/2022,15451.55,4874.39,5508.65,,0,837.29,648.66,5.05
10/23/2022,32680.88,14462.28,1684.41,,253.12,841.79,873.93,0.35
10/24/2022,43627.57,36606.3,2138.06,,251.82,837.51,1215.87,0.01
10/25/2022,30426.67,15481.81,6878.09,,191.5,838.3,2470.81,64.87
10/26/2022,25313.53,3317.01,12576.37,,166.67,847.46,2337.49,0
10/27/2022,28288.75,14852.58,3379.33,,188.46,832.84,672.6,0.32
10/28/2022,25281.13,2311.89,11222.45,,251.16,828.06,3896.77,0
10/29/2022,40089.52,16768.07,6275,,102.77,834.13,1462.09,4.2
10/30/2022,10927.4,4100.21,7123.15,,1113.55,832.75,966.57,140.14
10/31/2022,28001.36,14453.62,615.58,,162.14,840.01,1007.43,0
11/1/2022,21212.17,7028.8,3370.35,,210.75,841.65,2637.01,0.64
11/2/2022,25113.38,22957.06,1422.43,,209.85,842.15,10219.09,6.04
11/3/2022,29828.43,2887.38,6174.83,,192.7,838.85,1049.19,18.13
11/4/2022,425112.93,16687.05,12529.77,,187.48,851.28,1452.77,5.13
11/5/2022,12256.73,6087.1,1224.53,,224.59,848.57,745.38,36.1
11/6/2022,40431.1,9142.29,4041.41,,211.44,831.88,790.7,31.2
11/7/2022,36678.04,8878.27,5574.52,,287.5,833.93,773.43,17.1
11/8/2022,28328.87,7184.54,5723.28,,204.4,800.63,4204.38,5.7
11/9/2022,169660.3,8055.88,8541.41,,130.96,755.72,1244.49,10.53
11/10/2022,61241.3,5160.42,10483.53,,4044.82,712.23,4021.03,7.22
11/11/2022,4335030.01,2669.01,3947.03,,470.4,702.76,1584.13,18.03
11/12/2022,127430.08,6063.83,746.21,,206.95,697.68,1983.65,50.84
11/13/2022,32566.6,3153.24,5570.97,,207.85,682.42,1119.79,14.39
11/14/2022,33214.76,5381,7737.62,,190.46,680.73,2199.61,0.08
11/15/2022,48038.19,2069.29,33298.5,,262.19,668.75,4671.4,43.36
11/16/2022,27139.14,10185.06,418.36,,279.92,661.45,2055.64,9.86
11/17/2022,21176.4,1974.13,1748.1,,274.54,658.97,2110.36,0
11/18/2022,160676.71,5340.6,26436.71,,289.41,654.95,2439.54,6.34
11/19/2022,26926.25,557.82,1651.34,,293.78,652.4,1866.65,0
11/20/2022,17626.36,6055.68,908.78,,294.75,650.46,2697.9,21.35
11/21/2022,44917.7,201.77,1363.02,,2107.68,641.89,4943.53,16.58
11/22/2022,26494.5,6558.88,1915.5,,837.47,629.8,3812.6,0
11/23/2022,33493.09,169.78,4419.26,,300.82,633.64,2458.8,0.06
11/24/2022,1161935.36,6471.37,1163.64,,421.93,633.37,1452.35,0.11
11/25/2022,45914.57,1662.43,222.39,,282.59,649.34,1492.48,0.01
11/26/2022,29630.03,4982.11,1306.27,,279.23,649.33,1829.57,14.8
11/27/2022,20899.07,159.19,543.73,,301.78,648.53,1831.14,0.89
11/28/2022,28976.86,6311.69,6622.15,,294.29,647.18,1848.77,16.68
11/29/2022,38211.68,1884.78,3795.89,,319.8,647.79,1429.45,0.29
11/30/2022,38469.87,4619.72,736.36,,420.5,652.38,1575.31,1.38
12/1/2022,18061.88,731.87,2997.65,,224.35,652.65,2150.64,0.62
12/2/2022,23809.12,5824.85,3260.64,,275.37,658.62,2573.84,31.12
12/3/2022,17112.19,80.45,1548.99,,234.8,654.88,1863.39,3.9
12/4/2022,35105.64,6717.02,1455.37,,235.49,658.58,1879.7,2.07
12/5/2022,36764.43,3986.15,6288.9,,236.75,664.31,1859.17,0.01
12/6/2022,23874.04,6386.29,449.07,,239.27,644.21,1648.7,83.86
12/7/2022,29779.94,183.3,525.36,,265.42,641.81,1425.77,5.51
12/8/2022,30102.31,6343.15,1653.71,,266.83,642.86,1260.95,0.6
12/9/2022,16134.49,111.06,5350.98,,123.28,642.98,1349.24,0.17
12/10/2022,13755.59,6389.12,176.61,,214.19,643.89,1406.5,0.85
12/11/2022,27358.45,253.54,910.7,,220.91,645.04,1584.95,0.2
12/12/2022,23051.02,6230.44,4260.88,,205.72,646.42,1472.11,1.16
12/13/2022,72059.3,1222.5,4126.27,,231.48,646.08,2038.74,2.09
12/14/2022,29361.96,16515.4,3022.45,,218.75,644.28,3055.94,5.62
12/15/2022,16627.27,121.1,4722.66,,188.58,645.84,3071.35,113.63
12/16/2022,41487.41,13668.65,346.12,,202.16,635.98,3285.77,10.43
12/17/2022,17684.2,514.03,1123.88,,207.61,630.28,3057.64,30.82
12/18/2022,13188.73,5880.79,2498.76,,214.64,627.14,2576.21,0
12/19/2022,61823.06,251.82,115.3,,195.56,629.26,2366.04,1.56
12/20/2022,24442.06,6403.66,1697.63,,212.6,629.47,2667.25,44.83
12/21/2022,501669.54,1381.35,1327.09,,226.68,630.92,2924.32,52.82
12/22/2022,47367.83,10597.04,1394.8,,220.79,628.89,3363.66,89.01
12/23/2022,19665.41,2243.75,157.65,,219,640.73,3618.01,5.61
12/24/2022,26683.99,4339.89,1108.2,,208,640.6,3636.6,10.25
12/25/2022,916727.54,71.38,1075.47,,206.7,639.31,3356.22,16.12
12/26/2022,29599.31,7576.19,1901.01,,206.07,641.75,3691.71,8.01
12/27/2022,69955.18,50498.16,105.71,,341.38,590.99,3037.77,64.65
12/28/2022,134934.72,14206.06,215.25,,139.2,590.27,2279.42,109.09
12/29/2022,29181,6777.15,1715.75,,252.41,626.61,765.85,3.3
12/30/2022,33283.96,3875.97,625.52,,328.53,627.18,990.44,0.94
12/31/2022,35024.92,2601.37,2172.67,,91.15,625.44,2045.53,6.75
1/1/2023,22662.05,5835.29,812.51,,192.89,619.24,1670.03,46.07
1/2/2023,18706.79,1868.89,321.14,,181.65,592.09,1446.66,0.58
1/3/2023,15692.86,24142.15,368.92,,204.72,594.66,1296.43,5.73
1/4/2023,39937.3,3810.4,881.24,,201.86,594.73,1566.31,59.29
1/5/2023,53731.52,6984.05,296.29,,257.43,595.22,1880.5,6.07
1/6/2023,25235.44,17529.26,524.84,,299.26,596.73,1875.82,6.9
1/7/2023,17040.24,6264.1,7958.16,,144.94,596.74,882.46,60.03
1/8/2023,39333.26,77.93,327.15,,215.43,600.2,1239.34,1.62
1/9/2023,34347.98,6469.95,2550.89,,201.22,597.59,1292.13,1.64
1/10/2023,22536.4,484.16,1198.49,,343.66,598.61,1494.22,4.2
1/11/2023,623608.41,5881.17,341.91,,148.23,599.48,2426.98,99.81
1/12/2023,36106.96,46517.91,29786.38,,261.98,601.27,3201.17,7.12
1/13/2023,146810.97,6301.96,3140.63,,247.75,588.91,4063.08,7.5
1/14/2023,27727.94,311.35,2916.54,,236.77,594.42,6527.82,41.42
1/15/2023,27656.62,6226.14,2221.82,,210.58,591.96,2612.9,0.24
1/16/2023,555008.63,27528.79,876.86,,299.66,591.54,1749.63,43.65
1/17/2023,24014.74,13597.42,2204.89,,193.97,588.48,1829.1,92.54
1/18/2023,42521.45,5649.63,3295.84,,379.11,584.74,2204.81,93.74
1/19/2023,24284.7,13510.85,186.4,,283.96,655.39,2191.06,0.46
1/20/2023,181106.8,3813.15,4756.54,,342.19,644.11,1881.89,24.91
1/21/2023,27712.03,887.77,1583.53,,142.12,613.68,1596.4,44.13
1/22/2023,22509.84,125,1084.81,,220.51,576.37,1768.16,0.51
1/23/2023,30776.7,35492,1286.17,,202.91,576.74,2147.19,87.24
1/24/2023,43705.49,9498.62,1194.06,,253.71,547.78,2178.44,7.68
1/25/2023,29859.1,4343.58,281218.73,,310.87,565.23,2171.43,50.99
1/26/2023,36717.47,31477.54,2487.48,,319.76,559.98,1841.2,1.28
1/27/2023,36036.75,6194.36,27003.89,,335.11,549.26,1836.2,101.73
1/28/2023,21788.6,1493.59,2345.68,,317.46,548.64,1845.12,8.84
1/29/2023,33413.67,5036.5,2513.32,,308.89,547.8,1986.87,12.25
1/30/2023,322502.27,35859.63,5954.95,,397.28,544.87,2409.26,58.68
1/31/2023,48728.98,1261.21,5708.02,,191.14,543.93,2788.47,35.29
2/1/2023,42840.11,6214.73,368.56,,263.84,545.99,1947.04,109.16
2/2/2023,783447.37,24417.94,9363.32,,253.21,541.33,1628.75,1.77
2/3/2023,27431.05,5440.5,3793.73,,411.29,541.73,2009.49,63.36
2/4/2023,31118.34,2254.25,2283.49,,119.74,534.56,1635.56,119.53
2/5/2023,25134.22,7942.31,1340.73,,290.57,532.74,4561.96,12.87
2/6/2023,44479.76,1790.76,2306.35,,305.09,530.89,1828,17.23
2/7/2023,659928.06,7981.09,6388.88,,301.86,533.32,2706.72,70.65
2/8/2023,51315.36,47332.34,805.58,,281.56,528.63,2220.38,43.25
2/9/2023,37186.2,13584.38,516.58,,310.7,524.13,2252.8,46.05
2/10/2023,22874.63,8444.68,1375.51,,366.51,520.41,2460.43,44.51
2/11/2023,65787.63,8014.37,936.45,,220.42,521.62,2008.7,22.74
2/12/2023,30402.43,1898.03,630.99,,254.14,519.68,2014.89,84.28
2/13/2023,30726.17,8270.3,2415.7,,293.04,517.54,1939.1,74.01
2/14/2023,32564.34,2355.24,5079.16,,410.54,510.27,1964.86,21.17
2/15/2023,93918.04,2509.66,10216.95,,334.58,506.05,3159.08,67.71
2/16/2023,37481.9,48114.7,559.7,,367.45,497.44,3777.15,15.47
2/17/2023,25319.08,3160.78,7678.35,,113.53,498.7,4300.41,53.47
2/18/2023,37653.03,2977.7,8355.22,,287.98,498.04,4460.83,32.38
2/19/2023,31922.77,11124.97,2629.27,,293.68,497.4,4168.68,39.99
2/20/2023,32570.55,18055.89,239.39,,314.55,498.79,4339.37,23.92
2/21/2023,66293.99,7487.47,5530.58,,337.45,493.7,4265.01,40.42
2/22/2023,30594.08,4727.55,414.3,,346.2,493.59,3873.37,88.87
2/23/2023,36799.04,55419.96,1176.67,,344.88,491.89,3403.31,66.14
2/24/2023,648776.95,8117.71,4381.85,,440.37,475.79,3444.66,69.96
2/25/2023,21331.38,3449.96,1060.5,,263.57,475.46,3026.85,136.43
2/26/2023,59849.22,3555.15,1208.05,,345.51,477.73,5583.05,56.09
2/27/2023,77790.47,6577.38,1556.18,,354.25,465.61,6188.25,36.24
2/28/2023,33017.54,17152.51,2157.05,,516.14,464.46,1551,103.43
3/1/2023,100100.13,6139.44,347.1,,268.94,469.51,1747.85,117.7
3/2/2023,26517.91,4296.91,720.78,,340.43,465.95,1843.12,41.36
3/3/2023,716399.06,63028.65,648.02,,312.71,463.67,2035.66,39.07
3/4/2023,29734.45,4174.61,7532.99,,310.65,461.41,1529.35,77.66
3/5/2023,37155.97,3524.54,893.69,,290.18,460.77,1621.14,97.36
3/6/2023,50497.13,4542.7,914.05,,310.44,460.01,1635.81,79.91
3/7/2023,23179.49,18367.27,1959.27,,359.01,463.69,1491.8,66.42
3/8/2023,60666.02,5571.22,1551.26,,348.72,460.21,1057.34,71.02
3/9/2023,37502.47,51158.35,1015.67,,330.82,452.72,1108.96,32.78
3/10/2023,55683.25,4005.88,6450.54,,534.31,457.16,1044.79,50.41
3/11/2023,96740.95,11015.35,524272.88,,4578.13,482.28,34560.63,79.95
3/12/2023,58941.08,2115.69,60139.05,,3762.58,522.99,5161.58,44.27
3/13/2023,38154.56,6716.29,16595.83,,2569.71,517.54,338.15,51.81
3/14/2023,33150.6,3669.92,17080.99,,420.95,518.31,274.61,7.04
3/15/2023,77265.89,2691.62,39385.32,,584.14,511.77,306.37,120.67
3/16/2023,311723.79,56102.42,4059.74,,564.43,516.66,354.38,0.02
3/17/2023,51619.08,2887.82,2753.98,,223.14,526.14,542.68,0
3/18/2023,40791.67,3409.41,11802.28,,321.4,515.09,493.21,0
3/19/2023,26418.04,15787.5,4366.52,,217.34,514.97,502.58,32.91
3/20/2023,53775.78,3046.79,2269.1,,269.86,505.39,443.08,0.02
3/21/2023,46911.56,3091.36,4404.7,,303.84,513.9,646.17,39.37
3/22/2023,73275.5,8010.39,6956.9,,251.59,503.55,396,0.02
3/23/2023,34315.15,55028.05,3218.94,,457.56,514.9,357.09,0
3/24/2023,192935.01,12983.25,6132.45,,177.29,507.66,389.09,0
3/25/2023,20407.88,3311.83,603.6,,273.35,507.5,489.6,0
3/26/2023,63790.74,3294.79,10894.12,,264.58,511.76,464.07,0
3/27/2023,36349.88,3535.08,3463.64,,234.14,504.84,494.75,0
3/28/2023,49250.36,15732.77,13288.32,,300.88,512.16,399.33,0.02
3/29/2023,343908.95,6318.02,3720.47,,264.2,512.53,554.12,0
3/30/2023,37119.65,46461.16,1284.28,,244.8,514.57,476.21,11.74
3/31/2023,89454.34,22449.97,932.28,,238.96,514.96,469.48,0
4/1/2023,27258.19,3552.62,5508.28,,405.5,516.24,475.44,0
4/2/2023,32329.97,3348.13,2398.69,,270.18,514.6,506.46,0
4/3/2023,28379.77,3524.39,2867.93,,295.33,516.91,521.35,0
4/4/2023,84816.37,3625.8,2193.71,,274.51,524.71,533.52,0
4/5/2023,35470.74,3759.98,8452.91,,284.09,524,540.68,0
4/6/2023,60299.96,71834.3,6744.19,,249.2,518.2,548.81,0.01
4/7/2023,21304.52,10942.88,2484.92,,306.95,520.24,548.47,0
4/8/2023,50954.62,4070.23,2082.23,,287.3,515.97,584.58,0
4/9/2023,26688.87,3735.29,3463.14,,262.73,512.21,581.88,0
4/10/2023,47071.85,4022,4118.41,,251.03,515.67,650.41,0
4/11/2023,493044.28,4545.31,6873.89,,241.41,126.1,684.75,0
4/12/2023,48836.18,12820.96,7297.84,,416.25,127.45,478.42,0
4/13/2023,30716.83,10689.18,13749.21,,97.11,130.7,462.47,0
4/14/2023,54639.81,4540.92,12312.7,,294.76,131.47,489.11,0
4/15/2023,29444.4,11598.78,5923.34,,395.08,130.97,504.08,0
4/16/2023,32707.45,5698.04,4088.02,,259.08,127.85,507.28,0
4/17/2023,40048.74,4526.54,7156.05,,305.84,126.82,638.79,0
4/18/2023,31655.6,9691.55,9301.09,,312.19,128.38,731.34,0
4/19/2023,38197.66,5340.46,8709.03,,294.7,122.66,599.56,0
4/20/2023,31353.13,108891.81,4764.44,,283.47,125.8,549.18,0
4/21/2023,40295.03,5112.03,2450.68,,271.31,122.99,591.01,0
4/22/2023,1295396.95,6843.29,516.98,,282.5,125.05,531.32,51.05
4/23/2023,33610.25,12710.3,4705.34,,358.97,124.87,473.89,203.64
4/24/2023,46706.72,4943.93,7153.68,,343.93,124.67,470.25,0
4/25/2023,91685.9,14566.04,6575.1,,316.62,125.29,485.26,0
4/26/2023,39414.55,5989.79,32933.75,,293.73,124.85,467.33,4.63
4/27/2023,239380.91,57682.3,3434.29,,282.15,127.93,449.34,108.83
4/28/2023,18493.1,9979.13,568.92,,424.34,126.65,430.18,97.32
4/29/2023,32814.8,4811.71,386.01,,453.71,127.57,544.6,6.32
4/30/2023,34414.39,9515.56,411.56,,343.54,125.55,461.16,204.46
5/1/2023,53154.9,4610.24,1655.47,,323.93,124.99,458.35,31.58
5/2/2023,34292.61,10765.78,2493.96,,434.9,125.93,506.2,828.16
5/3/2023,58656.46,5006.14,4216.31,,381.89,126.74,513.83,0
5/4/2023,31362.28,7853.51,8505.33,,355.76,125.88,260.86,248.74
5/5/2023,608626.31,4930.51,1668.65,,643.72,129.99,295.22,149.25
5/6/2023,20011.9,8985.4,870.55,,617.49,127.14,328.15,0
5/7/2023,42977.84,79810.12,939.42,,577.42,125.67,232.95,0
5/8/2023,79225.65,8484.83,10108.33,,560.48,128.26,315.61,7.38
5/9/2023,39509.79,5285.01,18561.91,,582.27,127.74,237.8,128.85
5/10/2023,40935.58,8882.34,7533.92,,520.88,127.48,307.98,214.14
5/11/2023,49247.76,4401.79,7352.55,,494.29,125.42,235.24,9.42
5/12/2023,103060.7,4535.79,9093.74,,486.28,126.39,208.2,0.04
5/13/2023,19339.44,5069.32,493.63,,472.09,126.26,268.29,63.57
5/14/2023,53646.81,56282.59,1393.72,,444.78,127.88,273.55,86.17
5/15/2023,41444.74,4454.91,1405.34,,453.61,128.23,182.84,37.99
5/16/2023,180489.9,4549.72,1296.64,,474.66,129.14,291.64,73.69
5/17/2023,104327.76,4525.71,2803.31,,426.44,129.05,258.1,134.83
5/18/2023,49287.67,19079.78,2156.96,,485.3,129.4,246.83,104.08
5/19/2023,386509.91,44852.12,2089.36,,1880.84,129.84,235.8,153.69
5/20/2023,33202.64,4462.67,2207.42,,433.96,130.13,244.86,111.54
5/21/2023,71155.99,4575.43,765.34,,682.54,127.17,230.3,102.07
5/22/2023,83851.43,4424.37,500.76,,525.05,125.94,263.75,101.41
5/23/2023,57130.24,13829.78,3932.43,,1952.39,127.47,247.73,91.35
5/24/2023,78819.8,3352.54,439.91,,437.58,126.35,184.41,60.01
5/25/2023,43111.16,2773.88,2331.61,,536,126.91,208.92,83.91
5/26/2023,132977.19,2801.89,929.45,,878.59,126.86,191.06,98.47
5/27/2023,26494.15,2728.49,277.03,,1414.22,128.42,222.48,144.27
5/28/2023,65314.94,2891.43,3902.17,,776.24,130.53,223.15,69.73
5/29/2023,69469.99,3212.89,492.32,,1478.35,132.63,239.02,110.78
5/30/2023,46922.57,17112.83,701.44,,3054.41,137.05,243.86,82.38
5/31/2023,53492.01,2949.19,710.3,,1377.74,138.08,241.4,60.03
6/1/2023,45680.31,104977.84,445.2,,1164.38,137.61,255.02,171.04
6/2/2023,173891.47,2778.53,353.88,,1306.65,139.55,276.94,117.82
6/3/2023,20014.11,2689.68,3279.05,,788.11,136.99,298.44,63.74
6/4/2023,53303.82,2701.41,429.69,,790.61,132.94,275.92,80.14
6/5/2023,90132.19,2645.48,4388.28,,1060.74,131.64,278.45,91.2
6/6/2023,110293.08,3400.57,3863.91,,1829.62,139.01,222.68,80.16
6/7/2023,903627.91,13599.91,2071.96,,1961.6,140.48,362.05,27.71
6/8/2023,44991.43,55822.58,934.26,,1107.63,140.65,264.61,22.77
6/9/2023,50187.67,5637.15,1208.14,,1331.28,140.26,257.15,37.95
6/10/2023,61368.12,2829.17,6025.23,,1295.11,138.78,319.6,52.49
6/11/2023,33467.07,2043.76,2100.64,,1332.04,138.74,183.48,69.14
6/12/2023,78749.09,32028.64,1876.01,,1160.23,137.23,364.59,43.43
6/13/2023,94710.17,2136.47,3601,,1473.05,136.76,231.95,213.14
6/14/2023,163128.58,1989.12,910.94,,1986.6,136.47,299.19,89.55
6/15/2023,55334.66,46216.82,3031.71,,1650.6,137.65,250.13,45.35
6/16/2023,378137.61,5860.54,3561.51,,1227.93,138.65,241.23,42.96
6/17/2023,15321.18,17495.6,3119.82,,1070.14,138.41,250.38,44.22
6/18/2023,66150.35,11982.24,1789.93,,1025.04,136.28,306.6,39.12
6/19/2023,70420.91,7882.33,2054.38,,1530.27,136.66,315.3,124.17
6/20/2023,138985.35,5329.03,5343.2,,1386.51,138.33,326.12,147.03
6/21/2023,113568.85,23347.83,21484.71,,2563.08,139.68,434.78,50.89
6/22/2023,159741.03,11970.87,5680.17,,1846.65,138.45,541.6,228.71
6/23/2023,120646.02,3318.34,2525.54,,253.91,139.06,600.02,489.56
6/24/2023,61526.87,18879.1,11467.74,,3120.85,137.71,544.47,67.84
6/25/2023,148868.88,3807.3,2185.46,,1618.04,138.14,518.05,147.44
6/26/2023,114482.66,27431,951.37,,1623.16,137.18,471.24,43.62
6/27/2023,202970.55,3910.79,2354.27,,1684.79,137.44,574.63,57.28
6/28/2023,391080.46,26275.82,645.17,,1718.59,136,412.1,47.74
6/29/2023,100027.07,9712.76,11904.52,,1718.83,136.87,317.13,106.99
6/30/2023,150009.52,4193.5,13054.5,,1742.39,138.83,357.22,45.29
7/1/2023,124789.14,20358.75,1579.14,,1846.37,138.04,337.99,108.47
7/2/2023,92128.63,4407.91,2400.28,,1998.06,137.83,234.37,116.89
7/3/2023,130069.19,26618.8,4168.25,,1959.16,137.97,335,202.59
7/4/2023,109547.28,3928.32,3333.16,,2033.55,129.94,286.84,34.48
7/5/2023,118788.94,4115.03,1153.46,,934.63,122.18,362.76,92.94
7/6/2023,121365.05,27884.35,44504.17,,2567.23,121.73,280.28,228.07
7/7/2023,772485.71,5050.41,561.99,,2053.71,122.33,353.64,78
7/8/2023,107911.87,24756.37,654.31,,2174.12,122.56,340.45,88.02
7/9/2023,115560.09,4158.95,719.39,,2220.61,122.12,267.97,70.08
7/10/2023,380769.02,26946.64,13817.94,,2342.47,122.26,334.69,62.7
7/11/2023,85672.54,3668.7,883.31,,2344.5,122.38,348.4,97.76
7/12/2023,110815.46,26082.15,2911.29,,2237.23,121.7,247.66,77.09
7/13/2023,129569.24,10056.21,17827.41,,2850.54,124.97,402.18,285.78
7/14/2023,143315.66,3792.24,6476.36,,2505.2,123.9,381.02,75.07
7/15/2023,62671.82,20561.86,5143.22,,2837.25,123.46,376.2,514.98
7/16/2023,93885.04,3484.42,1839.65,,2709.29,123.01,344.94,57.39
7/17/2023,1006875.8,26340,1127.36,,2264.08,123.73,465.97,28.07
7/18/2023,202734.67,4882.33,8377.63,,2658.63,123.52,417.05,130.89
7/19/2023,82236.1,25324.34,2935.78,,2452.22,121.68,490.47,86.32
7/20/2023,102139.05,3215.57,1649.94,,2577.19,121.53,433.9,285.7
7/21/2023,103008.05,19232.87,881.27,,2445.6,120.85,456.3,80.99
7/22/2023,101037.76,9687.3,2055.66,,2732.65,120.59,466.91,116.69
7/23/2023,81005.47,3112.22,3350.52,,2203.99,120.55,349.63,86.85
7/24/2023,178853.07,25644.14,12494.82,,2389.62,121.08,432.26,237.35
7/25/2023,53830.96,2580.25,8089.97,,2574.35,121.35,401.67,283.75
7/26/2023,144291.22,25259.23,2003.56,,2276.64,121.29,448.7,66.55
7/27/2023,355236.17,9016.01,628.39,,2099.07,120.76,251.01,351.03
7/28/2023,86744.75,3252.03,1127.66,,2278.28,121.07,392.98,136.52
7/29/2023,125402.61,19670.13,1742.72,,2341.04,119.9,381.36,106.1
7/30/2023,135923.46,20018.61,3102.43,,3086.39,120.19,436.22,369.1
7/31/2023,102059.19,11070.54,2954.46,,2045.65,119.64,282.65,275.31
8/1/2023,109288.12,11785.85,6390.55,,1891.19,120.98,322.15,111.34
8/2/2023,581668.56,17238.47,2038.45,,1605.19,120,315.29,91.69
8/3/2023,1215386.55,10124.41,811.13,,1576.74,120.5,232.45,124.15
8/4/2023,264256.12,3332.16,2530.4,,1850.45,119.33,219.67,370.53
8/5/2023,75897.48,14053.48,1864.51,,2055.23,119.77,200.13,36.95
8/6/2023,194446.64,6945.89,2031.79,,1977.64,119.38,261.24,66.42
8/7/2023,161776.24,7427.24,4419.74,,2032.73,120.82,203.12,94.6
8/8/2023,135426.28,4963.18,8904.04,,2664.57,119.62,264.04,355.07
8/9/2023,767728.07,8556.2,6659.88,,2534.18,119.91,198.9,139.13
8/10/2023,170814.02,4093.26,7845.4,,2512.37,120.99,283.6,991.72
8/11/2023,1199050.48,3914.79,8857.82,,2518.2,120.62,220.26,107.09
8/12/2023,41141.91,7618.74,5681.1,,3383.34,120.68,227.85,130.17
8/13/2023,188922.09,4125.63,20457.87,,2491.13,120.39,233.52,191.08
8/14/2023,263927.01,8097.7,13931.14,,2438.31,120.71,193.41,91.54
8/15/2023,221601.02,3691.52,8660.24,,2519.05,120.24,260.1,161.24
8/16/2023,185821.5,8773.33,12280.22,,2417.17,119.86,229.42,43.95
8/17/2023,393695.33,4913.94,63847.68,,2349.52,117.26,161.45,128.61
8/18/2023,138318.99,3533.59,5538.66,,2555.26,116.42,121.02,403.79
8/19/2023,157227.07,5304.61,7630.24,,1887.47,109.16,144.03,10.77
8/20/2023,261740.22,3588,2274.84,,2260.97,109.43,106.06,53.47
8/21/2023,175540.31,6281.49,4397.16,,2643.3,109.77,129.18,149.3
8/22/2023,151194.03,3132.37,2128.21,,2098.03,110.78,116.68,127.61
8/23/2023,212076.67,7485.21,6338.77,,2173.28,113.97,109.87,101.05
8/24/2023,773754.74,2402.72,3920.31,,2342.05,113.97,276.72,227.18
8/25/2023,7631992.65,602.9,4748.36,,3313.47,113.29,204.69,77.5
8/26/2023,73922.69,8655.82,1230.3,,1871.36,113.4,186.28,122.57
8/27/2023,138310.06,2604.56,2345.77,,1900.43,114.73,182.29,250.37
8/28/2023,235815.13,8376.44,12169.88,,1863.02,115.32,236.25,98.32
8/29/2023,392773.67,590.28,24933.72,,2176.26,115.26,182.04,84.07
8/30/2023,154432.36,8626.99,2629,,1933.73,115.29,180.15,146.19
8/31/2023,166283.4,3655.55,1464.26,,2198.79,114.66,154.95,85.04
9/1/2023,149419.97,2228.11,12625.19,,1776.17,114.47,143.21,63.8
9/2/2023,60100.74,4579.49,1098.21,,2188.1,114.82,130.53,83.67
9/3/2023,89708.91,2680.95,9139.4,,2107.11,115.02,144.72,28.43
9/4/2023,816830.95,6134,12763.17,,2019.26,116.05,138.56,172.17
9/5/2023,201941.7,2347.37,12672.79,,2028.94,116.14,141.63,146.79
9/6/2023,170886.88,5644.8,18147.18,,2175.33,115.58,120.34,624.57
9/7/2023,265075.86,2748.82,22560.63,,2008.9,115.92,198.14,38.43
9/8/2023,3068819.63,1490.31,543.65,,2118.65,116.06,121.54,47.47
9/9/2023,165178.03,5361.55,1146.32,,2081.06,115.94,186.94,73.81
9/10/2023,126230.45,3333.29,6664.85,,2214,115.57,137.03,41.02
9/11/2023,177773.96,6029.12,8104.81,,2057.83,115.15,127.65,138.3
9/12/2023,104430.46,1324.78,21913.67,,2181.73,116.4,104.12,178.57
9/13/2023,256108.82,6275.92,6971.72,,2238.72,116.72,132.3,10.3
9/14/2023,124191.67,985.09,2788.18,,2411.15,116.99,103.59,105.2
9/15/2023,122202.97,3041.27,17284.97,,2290.97,117.49,78.31,97.56
9/16/2023,71044.14,5899.83,473.23,,2357.3,116.77,75.97,29.17
9/17/2023,670784.54,658.3,2808.83,,2399.77,116.49,115.97,19.45
9/18/2023,307633.9,7172.23,14899.71,,2514.1,117.26,104.32,18.68
9/19/2023,302257.04,2923.5,10603.68,,2768.47,117.43,95.81,49.22
9/20/2023,1170249.92,4891.48,7498.9,,2579.45,117.79,99.59,142.03
9/21/2023,166147.69,1888.07,15225.47,,3068.57,117.17,111.42,187.36
9/22/2023,99373.18,2240.58,30468.69,,2577.54,116.39,118.65,83.16
9/23/2023,76814.11,4265.09,12235.54,,2773.8,116.77,75.74,210.99
9/24/2023,337025.64,2714.05,55860.22,,2749.71,116.72,100.29,400.72
9/25/2023,136179.86,5440,24096.19,,2663.79,117.19,78.98,941.45
9/26/2023,76509.4,1212.31,38871.17,,2611.13,115.84,128.55,359.97
9/27/2023,225980.15,5974.6,24394.42,,2752.02,113.46,89.13,5592.3
9/28/2023,186384.95,2764.78,38476.91,,2659.61,113.73,122.71,1044.94
9/29/2023,468671.43,929.82,45237.97,,2996.64,113.52,97.03,249.19
9/30/2023,168565.84,4760.06,19337.42,,2648.38,112.91,125.21,184.38
10/1/2023,210451.04,319.58,39588.94,,3650.03,113.89,137.05,2806.33
10/2/2023,241954.01,6261.32,34880.63,,2981.17,112.51,92.87,741.05
10/3/2023,126862.08,2352.16,14999.54,,2112.8,112.56,100.32,2612.3
10/4/2023,2681829.9,5461.87,19436.31,,2163.19,112.87,137.06,554.9
10/5/2023,374130.34,1450.67,22824.3,,2153.62,111.72,102.31,309.69
10/6/2023,188510.29,4547.53,31043.89,,1743.21,112.25,90.75,653.02
10/7/2023,30039.78,2863.24,4409.93,,2098.69,112.25,123.46,96.31
10/8/2023,222917.27,1970.87,14200.48,,1946.61,110.4,52.88,174.06
10/9/2023,1477807.68,4190.62,22484.26,,1968.86,111.16,23.26,632.79
10/10/2023,839371.94,2008.87,17183.29,,1692.73,111.14,60.85,946.29
10/11/2023,4955367.52,4699.87,21104.85,,1729.31,114.01,24.99,710.2
10/12/2023,196871.29,1503.57,12740.28,,2067.06,111.26,3.59,1604.67
10/13/2023,132561.08,2370.96,14760.59,,1377.99,111.81,24.64,507.41
10/14/2023,172116.59,3574.2,682.31,,1438.74,112.19,0,124.94
10/15/2023,81853.17,1378.68,4224.96,,1642.28,112.09,0,864.36
10/16/2023,163360.03,4426.35,30110.39,,1957.81,112.42,28.13,197.48
10/17/2023,223517.81,2879.55,4089.09,,1377.74,111.93,11.02,596.76
10/18/2023,1323113.88,3945.08,6710.1,,2199.84,111.4,7.91,1043.88
10/19/2023,557357,898.83,6212.73,,1711.52,102.49,27.88,440.01
10/20/2023,73170.03,3376.94,16624.72,,2232.12,97.19,18.91,181.16
10/21/2023,345186.08,3063.63,12142.53,,1298.96,97.72,10.97,132.66
10/22/2023,149867.97,2822.84,27379.56,,1799.77,97.31,25.26,214.33
10/23/2023,349747.6,3322.25,45170.62,,1832.34,96.79,23.25,2254.86
10/24/2023,153853.08,2437.71,24199.61,,2246.93,96.52,16.19,374.64
10/25/2023,3561648.03,3573.91,22285.77,,1723.36,98.05,60.26,1179.88
10/26/2023,319733.69,1435.19,22190.69,,1992.03,97.38,28.4,1558.37
10/27/2023,120697.63,1038.57,20477.26,,1867.24,97.24,108.14,888.34
10/28/2023,224907.83,2373.45,4135.13,,1937.51,96.26,68.76,43.05
10/29/2023,318904.89,5171.06,15459,,1952.68,97.84,67.16,32.27
10/30/2023,170693.01,1824.18,14360.74,,1875.88,95.56,45.57,267
10/31/2023,174723.64,4130.77,20152.28,,2038.56,95.9,75.77,392.4
11/1/2023,269971.88,2880.42,36371.68,,1972,96.3,30.82,253.51
11/2/2023,795972.87,1457.81,6843.25,,1970.36,95.42,19.85,2094.81
11/3/2023,264587.34,3451.08,11565.27,,2438.69,96.01,14.17,1595.94
11/4/2023,1680918.65,1529.67,6195.68,,2393.89,96.21,23.69,105.34
11/5/2023,192016.86,4390.59,7042.63,,2150.52,96.95,17.08,1141.83
11/6/2023,330854.58,1460.62,8648.44,,2341.33,96.54,20.3,279.14
11/7/2023,1434819.68,4474.27,5066.45,,2309.74,96.23,15.55,492.88
11/8/2023,195135.5,1895.84,1951.73,,2495.64,97.03,43.3,1053.62
11/9/2023,190054.52,1510.26,18605.31,,3357.34,97.27,32.51,795.38
11/10/2023,125975.06,4526.95,4215.03,,1655.32,94.57,35.97,436.78
11/11/2023,405269.81,2967.22,31088.39,,2435.14,93.35,38.47,1062.28
11/12/2023,152420.92,2872.35,15758.68,,2263.37,93.2,55.07,540.41
11/13/2023,288326.97,1303.08,24649.63,,2376.5,93.74,45.26,1011.27
11/14/2023,259088.58,4691.48,18536.21,,2459.46,92.34,37.62,1492.47
11/15/2023,257710.47,1612.76,22247.43,,2793.36,94.6,46.01,488.16
11/16/2023,14800710.94,1470.38,3781.46,,2542.63,91.89,71.35,1847.08
11/17/2023,1017168.61,4509.06,7527.33,,2559.6,92.68,45.14,3883.72
11/18/2023,62055.24,1707.23,3602.86,,2453.59,93.09,45.74,630.81
11/19/2023,293489.01,4521.19,43510.87,,2300.45,94.15,82.16,1673.9
11/20/2023,195457.94,1423.29,9333.74,,6692.2,93.52,73.17,1920.77
11/21/2023,579749.94,4267.35,21984.53,,1859.23,93.29,66.96,1275.44
11/22/2023,231751.74,1677.96,20052.1,,3476.37,96.13,26.78,1092.51
11/23/2023,169056.6,1389.36,13339.99,,1956.04,95.7,23.16,2032.81
11/24/2023,403816.48,4543.68,17024.78,0.19,2200.67,96,0,758.42
11/25/2023,183513.17,1024.01,11366.41,0,2427.13,95.35,65.26,688.8
11/26/2023,193710.02,4834.71,23297.81,0,2161.52,95.24,46.14,570.42
11/27/2023,251449.34,1356.72,12743.47,101.8,2685.74,93.51,25.9,577.27
11/28/2023,333314.98,4126.13,14841.28,3.07,2079.2,93.04,0,684.35
11/29/2023,362094.09,1590.84,7463.7,0.73,2412.4,92.27,44.57,1329.84
11/30/2023,2982489.94,1634.77,9526.27,0.35,2291.49,92.52,10.71,3088.32
12/1/2023,269325.24,4372.72,9329.38,221.18,2441.77,92.88,13.09,2522.69
12/2/2023,295321.46,1671.73,20697.52,0,2660.57,94.65,13.64,2676.99
12/3/2023,243133.19,4306.52,6351,0,2802.32,95.44,13.19,609.65
12/4/2023,2121252.45,3137.77,13873.39,5.61,2590.06,96.13,12.29,2197.34
12/5/2023,269818.37,2780.28,10296.2,101.57,2692.47,96.68,0,1205.34
12/6/2023,193379.38,1205.81,3934.5,542.91,2497.76,94.22,0,1478.3
12/7/2023,192971.43,1455.56,4574.2,159.72,2680.43,96.23,65.37,880.91
12/8/2023,371830.68,4302.49,4338.36,1653.02,3019.84,96.63,0,1766.38
12/9/2023,263719.94,2858.36,1467.75,0.05,3014.23,94.27,0,1848.55
12/10/2023,298728.37,3251.59,3965.67,573.16,2761.88,92.69,112.03,941.46
12/11/2023,575285.93,1339.05,83949.39,1343.49,2792.54,91.82,0,3893.13
12/12/2023,247519.43,4440.98,1460.06,475.02,3135.68,90.67,0,1099.49
12/13/2023,223382.82,137.56,890.51,1609.45,9558.41,91.18,122.89,646.44
12/14/2023,167665.41,2107.33,2221.62,5886.95,2908.57,91.54,20.28,1928.88
12/15/2023,3579291.42,4024.88,283.99,8610.56,3452.11,89.6,0,1273.33
12/16/2023,180478.73,2338.9,856.73,0.02,2293.98,89.57,114.95,363
12/17/2023,752698.26,3917.43,938.77,3229.03,3308.22,86.87,36.04,493.42
12/18/2023,321214.93,1913.39,7051.8,7829.48,2963.97,89.25,46.37,599.99
12/19/2023,328754.36,4628.57,6843.27,4944.35,2781.06,86.09,0,600.93
12/20/2023,715803,1570.42,15766.86,6585.69,3819.99,86.66,77.21,678.02
12/21/2023,416018.14,1794.8,4626.23,5313.88,2031.65,86.68,24.07,808.45
12/22/2023,267895.49,4211.11,3028.58,5619.81,3071.34,88.34,0,361.5
12/23/2023,302144.95,2826.19,5200.6,2147.02,3888.93,88.06,27.8,3075.95
12/24/2023,198546.37,2660.6,3760.73,1026.13,2668.57,86.79,44.18,1131.19
12/25/2023,329235.71,285.91,3406.31,5026.67,2913.52,86.04,21.78,1032.47
12/26/2023,243108.17,6058.63,3968.07,507.83,3974.23,85.84,22.29,261.55
12/27/2023,451410.13,1613.21,5976.94,7333.01,2173.21,87.83,23.64,945.46
12/28/2023,376368.07,1862.63,3768.44,1957.54,4481.29,86.01,23.66,829.52
12/29/2023,362543.9,4391.44,4590.1,5928.01,2650.53,85.32,0,455.1
12/30/2023,397010.6,1571.27,13592.65,5827.94,3198.59,84.92,0,609.38
12/31/2023,190844.21,3611.71,6821.32,1408.94,2766.38,84.4,0,314.07
1/1/2024,229468.97,1823.08,5823.81,5441.14,2614.6,85.82,91.89,49.19
1/2/2024,496735.94,4339.03,15627.36,9951.59,3175.51,84.88,0,1136.51
1/3/2024,2438745.37,1620.09,81084.73,2965.83,3416.69,81.85,48.42,1517.65
1/4/2024,2869692.09,1345.94,14377.12,1913.19,2441.96,83.02,0,923.54
1/5/2024,251034.58,3642.58,5090.52,179.95,2808.17,82.42,44.01,1714.55
1/6/2024,168380.2,4163.65,1192.94,1831.86,2848.05,83.06,30.17,522.98
1/7/2024,144368.52,2114.4,333.79,2007.51,2705.56,82.25,14.68,4398.81
1/8/2024,667935.21,1624.75,1260.2,2530.1,2722.53,85.02,24.83,1813.13
1/9/2024,219307.63,4561.2,5199.66,4116.01,2786.6,84.88,0,767.87
1/10/2024,249821.47,1400.83,3395.83,298.12,3126.59,87.15,96.49,1530.93
1/11/2024,884031.07,1555.87,26786.2,0.12,3111.36,85.59,39.57,1871.23
1/12/2024,237159.41,4392.86,1261.69,922.99,3385.41,85.1,71,1126.05
1/13/2024,351186.14,2658.6,944.74,185.13,3122.5,85.37,18.73,658.24
1/14/2024,185948.09,3216.53,313.37,76.49,2773.21,83.65,0,1441.57
1/15/2024,538588.04,212.5,1006.93,401582.83,2580.68,85.63,114.37,477.66
1/16/2024,462064.6,5620.16,238.5,685818.08,2829.93,86.38,27.82,2210.15
1/17/2024,2785935.44,1629.28,1842.26,1516.53,2866.9,86.64,33.74,389.52
1/18/2024,777247.56,215.27,423.23,303962.74,3735.82,87.03,19.07,725.23
1/19/2024,2543450.08,4435.75,8467.67,5355.55,2834.87,85.67,0,1020.08
1/20/2024,216574.98,431.86,6292.47,0,2671.1,85.27,0,252.97
1/21/2024,227175.51,6157.61,1119.61,86.3,3957.6,83.86,0,2030.34
1/22/2024,218973.24,2209.41,1636.32,0,2372.86,81.39,63.08,547.59
1/23/2024,338259.8,4308.67,3148.62,332.08,2973.09,82.65,18.42,787.67
1/24/2024,305498.9,1041.19,3343.06,116.97,3068.92,82.59,18.38,917.98
1/25/2024,129476.8,1921.11,6337.93,302391.25,2466.9,83.06,11.7,1245.5
1/26/2024,268924.87,4151.73,1051.48,2.97,2793.15,83.67,0,1679.73
1/27/2024,175059.15,2473.59,930.56,0,2864.29,83.56,37.67,1074.18
1/28/2024,236120.1,2811.59,1534.73,0.03,2412.03,83.65,0,664.79
1/29/2024,1529659.26,1461.88,3143.61,1520.14,7857.82,84.56,51.18,944.81
1/30/2024,566091.32,4355.46,2381.26,2221.72,2522.96,84.55,0,804.6
1/31/2024,292424.47,3448.31,2027.35,5004.92,2831.64,84.17,33.59,1057.45
2/1/2024,279852.49,808.42,4988.19,398823.21,2309.31,84.57,0,2103.67
2/2/2024,1867820.78,2156,17526.59,12495.88,2556.16,84.8,10.85,1503.63
2/3/2024,262200.67,118.49,684.36,33.83,2471.27,84.52,0,578.17
2/4/2024,149088.61,5292.05,1717.92,2836.66,2497.42,84.36,24.79,1114.83
2/5/2024,946383.72,1456.28,561.78,1008.36,4369.51,84.82,0,1533.59
2/6/2024,479316.76,3868.08,6624.12,8409.15,2424.85,86.52,0,797.66
2/7/2024,275604.78,139.31,2948.6,14500.65,2405.51,87.33,0,2034.17
2/8/2024,1711228.4,139.93,12667.29,0.04,2546.29,86.73,0,1361.17
2/9/2024,224807.03,5421.65,3981.8,404389.98,2913.84,88.3,44.65,1084.55
2/10/2024,107677.51,204.79,1044.97,9916.81,2218.12,88.11,0,897.65
2/11/2024,313071.81,5946.61,1468.82,0,2022.4,88.31,0,1143.33
2/12/2024,1090271.82,843.16,5216.12,325.65,3080.11,89.46,0,1405.02
2/13/2024,378682.52,4335.77,2622.29,14948.8,3206.42,88.04,30.1,4542.73
2/14/2024,488205.19,628.01,9423.93,0,3747.59,90.97,21.96,197.07
2/15/2024,378845.69,2040.03,6787.66,607304.65,2352.62,91,4.88,1479.15
2/16/2024,2262023.63,2900.55,2224.07,7494.98,3836.88,90.62,0,825.9
2/17/2024,384815.33,1971.59,3610.9,4312.45,3454.4,90.07,0,261.73
2/18/2024,193401.87,3690.24,7522.14,4287.86,3256.91,92.93,0,1022.98
2/19/2024,242200.36,2170.16,9638.82,37154.88,3461.47,94.09,82.65,497.62
2/20/2024,774917.19,3828.85,16283.44,55747.13,4046.92,94.4,17.42,1877.07
2/21/2024,247514.33,1119.67,11134.1,30301.65,3255.08,91.92,0,1966.26
2/22/2024,12178250.45,130.3,11096.78,1102157.72,3864.53,93.44,19.97,2765.13
2/23/2024,193471.44,4920.7,7381.88,6894.73,2870.23,92.6,0,1748.19
2/24/2024,253532.37,169.93,8156.22,7202.46,2999.99,94.21,13.6,37.8
2/25/2024,260166.21,4820.48,9005.19,10004.25,3350.28,95.07,0,3720.97
2/26/2024,1245703.96,156.56,11273.94,45094.49,3763.97,95,0,848.24
2/27/2024,427926.55,5347.43,7205.49,14933.35,3760.63,95.46,38.77,2678.75
2/28/2024,573761.07,1389.13,21742.59,21536.07,4094.22,97.14,16.25,1696.93
2/29/2024,369693.98,184.95,11605.78,2165821.73,3500.3,95.44,16.3,4277.35
3/1/2024,420426.52,4162.9,7000.03,35505.08,3610.87,96.64,12.4,1439
3/2/2024,466186.74,1569.84,6465.35,51111.31,4553.17,94.36,0,2249.39
3/3/2024,264080.03,4845.03,10583.71,41553.36,3185.32,96.09,0,412.3
3/4/2024,2019853.6,669.84,2704.62,67204.26,4351.37,97,63.08,3537.34
3/5/2024,403012.44,331.82,21391.03,33359.96,3570.33,95.58,15.07,1737.14
3/6/2024,222266.16,264.89,7754,11530.85,3625.72,97.63,23.99,1085.4
3/7/2024,1921795.64,429.14,8034.85,6545567.13,4038.42,95.27,26.7,4058.98
3/8/2024,464052.86,10315.23,4021.61,8234.89,4969.11,98.09,0,1156.93
3/9/2024,219087.93,240.59,2302.65,8035.47,3886.17,98.93,0,172.74
3/10/2024,270656.81,5679.26,1854.1,16248.86,3667.46,99.01,76.76,560.37
3/11/2024,1317207.95,200.55,28051.17,34133.2,4157.2,101.65,29.72,1737.28
3/12/2024,957431.45,5093.81,33401.28,55272.93,4924.18,101.29,23.31,1825.29
3/13/2024,972471.97,182.06,11454.2,46068.08,5070.86,100.18,19.8,781.37
3/14/2024,630326.42,180.43,6771.96,7858874.81,3715.52,99.29,0,1501.18
3/15/2024,1557139.92,6624.16,8912.62,24255.31,3839.38,97.63,30.95,1778.4
3/16/2024,660443.2,570.19,1902.36,16036.74,3705.4,97.57,0,755.09
3/17/2024,1304674.06,2858.72,12044.38,13971.1,4088.39,99.57,0,1434.14
3/18/2024,2073534.8,3045.11,4630.77,35033.62,6840.24,99.25,46.13,884.36
3/19/2024,738685.1,1179.21,5854.19,30233.82,5466.96,97.89,12.55,1086.4
3/20/2024,1324565.52,317.66,17801.43,19257.56,0,101.92,0,1370.82
3/21/2024,783795,376.8,7059.16,5385175.64,13472.54,101.78,0,613.25
3/22/2024,1032771.1,7805.21,10128.93,45362.58,3018.26,100.23,0,2327.86
3/23/2024,303623.63,1885.88,2157.42,15002.48,5087.84,100.09,0,817.17
3/24/2024,460672.13,4041.25,1420.2,19001.12,4398.28,101.3,96.54,403.02
3/25/2024,545520.37,345.94,42337.13,19364.68,4574.31,101.66,3.62,665.08
3/26/2024,608602.17,4953.09,1748.36,20599.5,4732.1,102.27,33.98,1461.18
3/27/2024,465711.38,906.48,1814.48,24493.66,5823.61,101.56,0,1831.31
3/28/2024,549937.52,1497.13,2540.2,4577280.07,2467.47,102.27,23.81,587.2
3/29/2024,2916526.22,3293.78,10873.56,105735.72,3607.33,100.97,0,1494.55
3/30/2024,528941.3,2136.92,2411.99,27861.09,2961.13,100.65,0,1221.43
3/31/2024,437532.6,4122.51,3451.45,5500.56,3964.93,101.78,0,71.69
4/1/2024,1099793.99,262.18,1839.11,20610.24,2411.6,100.86,0,110.54
