Date,MakerDAO ($),Origin DeFi ($),Angle ($),Liquity ($)
2020-05-21,37330303.38,,,
2020-05-22,38116156.82,,,
2020-05-23,39914091.14,,,
2020-05-24,39372463.94,,,
2020-05-25,40606749.15,,,
2020-05-26,40793318.02,,,
2020-05-27,40998600.11,,,
2020-05-28,41407321.99,,,
2020-05-29,57742776.93,,,
2020-05-30,61321793.73,,,
2020-05-31,54332748.10,,,
2020-06-01,55632163.23,,,
2020-06-02,52808036.59,,,
2020-06-03,51335329.39,,,
2020-06-04,50118188.63,,,
2020-06-05,56923107.55,,,
2020-06-06,58965733.38,,,
2020-06-07,64295037.15,,,
2020-06-08,66175155.50,,,
2020-06-09,82568614.69,,,
2020-06-10,79447312.90,,,
2020-06-11,69004323.18,,,
2020-06-12,68113106.20,,,
2020-06-13,62469669.32,,,
2020-06-14,57121839.97,,,
2020-06-15,63084523.48,,,
2020-06-16,62268641.40,,,
2020-06-17,61293702.11,,,
2020-06-18,54983499.95,,,
2020-06-19,53919263.50,,,
2020-06-20,54500604.01,,,
2020-06-21,53180806.96,,,
2020-06-22,54677661.95,,,
2020-06-23,51383274.54,,,
2020-06-24,50538368.32,,,
2020-06-25,48659993.52,,,
2020-06-26,47416711.13,,,
2020-06-27,46101131.86,,,
2020-06-28,46946825.73,,,
2020-06-29,47739551.80,,,
2020-06-30,47270677.04,,,
2020-07-01,46764477.27,,,
2020-07-02,45775334.51,,,
2020-07-03,46646253.09,,,
2020-07-04,51835121.75,,,
2020-07-05,48714937.25,,,
2020-07-06,49510782.79,,,
2020-07-07,48252726.48,,,
2020-07-08,48647553.45,,,
2020-07-09,47787575.64,,,
2020-07-10,47467597.99,,,
2020-07-11,49275200.51,,,
2020-07-12,48453234.46,,,
2020-07-13,47023198.16,,,
2020-07-14,48440216.63,,,
2020-07-15,47851480.83,,,
2020-07-16,46134423.20,,,
2020-07-17,47068332.52,,,
2020-07-18,47484148.69,,,
2020-07-19,48851345.05,,,
2020-07-20,47394009.74,,,
2020-07-21,47756202.24,,,
2020-07-22,51884768.72,,,
2020-07-23,55810942.87,,,
2020-07-24,54224745.08,,,
2020-07-25,56166951.56,,,
2020-07-26,55049182.77,,,
2020-07-27,53083985.01,,,
2020-07-28,53754515.09,,,
2020-07-29,56732808.21,,,
2020-07-30,60096686.26,,,
2020-07-31,59114266.43,,,
2020-08-01,62659979.39,,,
2020-08-02,59518723.98,,,
2020-08-03,63454890.71,,,
2020-08-04,61746788.29,,,
2020-08-05,61915339.49,,,
2020-08-06,61836238.71,,,
2020-08-07,60582988.97,,,
2020-08-08,62271553.41,,,
2020-08-09,63025158.34,,,
2020-08-10,66102802.62,,,
2020-08-11,63870918.99,,,
2020-08-12,76018333.15,,,
2020-08-13,82301689.49,,,
2020-08-14,75886583.62,,,
2020-08-15,73303062.25,,,
2020-08-16,73688829.11,,,
2020-08-17,71748402.89,,,
2020-08-18,71125112.78,,,
2020-08-19,68810717.92,,,
2020-08-20,69503874.66,,,
2020-08-21,63209050.72,,,
2020-08-22,67295690.13,,,
2020-08-23,67010143.65,,,
2020-08-24,71614593.73,,,
2020-08-25,67198519.23,,,
2020-08-26,67284667.79,,,
2020-08-27,64871387.91,,,
2020-08-28,66058669.24,,,
2020-08-29,65391556.19,,,
2020-08-30,70947864.26,,,
2020-08-31,71873841.96,,,
2020-09-01,74785596.48,,,
2020-09-02,70668724.05,,,
2020-09-03,59052564.75,,,
2020-09-04,60180441.51,,,
2020-09-05,53237835.34,,,
2020-09-06,56961550.28,,,
2020-09-07,54482184.67,,,
2020-09-08,52632006.85,,,
2020-09-09,54523290.26,,,
2020-09-10,55497997.94,,,
2020-09-11,54783088.24,,,
2020-09-12,53256357.12,,,
2020-09-13,51808230.85,,,
2020-09-14,50957069.60,,,
2020-09-15,47927867.86,,,
2020-09-16,50006440.14,,,
2020-09-17,52546380.87,,,
2020-09-18,52324176.10,,,
2020-09-19,53293035.04,,,
2020-09-20,50243129.38,,,
2020-09-21,47584622.62,,,
2020-09-22,48591585.81,,,
2020-09-23,46111411.18,,,
2020-09-24,51605335.29,,,
2020-09-25,53670955.86,,,
2020-09-26,55294310.88,,,
2020-09-27,53067308.12,,,
2020-09-28,54085449.13,,,
2020-09-29,50394874.06,,,
2020-09-30,54898859.27,,,
2020-10-01,55315199.30,,,
2020-10-02,53003458.63,,,
2020-10-03,54238610.48,,,
2020-10-04,54741894.12,,,
2020-10-05,54475927.98,,,
2020-10-06,50395673.43,,,
2020-10-07,51011298.35,,,
2020-10-08,51923202.55,,,
2020-10-09,55338548.18,,,
2020-10-10,57063983.85,,,
2020-10-11,56891560.77,,,
2020-10-12,56820277.18,,,
2020-10-13,55971965.20,,,
2020-10-14,55555178.90,,,
2020-10-15,54496013.94,,,
2020-10-16,52935895.62,,,
2020-10-17,53990087.86,,,
2020-10-18,55546777.18,,,
2020-10-19,55318802.52,,,
2020-10-20,53795183.63,,,
2020-10-21,54946421.53,,,
2020-10-22,57062589.17,,,
2020-10-23,57193535.51,,,
2020-10-24,58183009.31,,,
2020-10-25,56988853.02,,,
2020-10-26,55653620.74,,,
2020-10-27,57059041.52,,,
2020-10-28,53096670.01,,,
2020-10-29,51931538.01,,,
2020-10-30,51343175.37,,,
2020-10-31,51273451.62,,,
2020-11-01,52861321.32,,,
2020-11-02,51217392.34,,,
2020-11-03,51092775.96,,,
2020-11-04,51606018.91,,,
2020-11-05,52715567.70,,,
2020-11-06,53937390.12,,,
2020-11-07,51775481.06,,,
2020-11-08,53437901.80,,,
2020-11-09,52229925.94,,,
2020-11-10,55068498.16,,,
2020-11-11,54377577.63,,,
2020-11-12,53608238.36,,,
2020-11-13,55103426.84,,,
2020-11-14,53093582.19,,,
2020-11-15,51877815.56,,,
2020-11-16,52235111.83,,,
2020-11-17,52968083.92,,,
2020-11-18,51886910.48,,,
2020-11-19,51877315.48,,,
2020-11-20,52496326.07,,,
2020-11-21,55647355.48,,,
2020-11-22,56150168.10,,,
2020-11-23,60361291.94,,,
2020-11-24,60354680.17,,,
2020-11-25,56636545.58,,,
2020-11-26,52881602.10,,,
2020-11-27,52333557.73,,,
2020-11-28,53686587.26,,,
2020-11-29,55027598.75,,,
2020-11-30,57631398.84,,,
2020-12-01,53144866.10,,,
2020-12-02,56592998.77,,,
2020-12-03,59387336.06,,,
2020-12-04,53429191.56,,,
2020-12-05,53590874.53,,,
2020-12-06,53783240.71,,,
2020-12-07,52556681.76,,,
2020-12-08,50855672.32,,,
2020-12-09,51704795.51,,,
2020-12-10,53041865.93,,,
2020-12-11,51590591.05,,,
2020-12-12,52253023.22,,,
2020-12-13,53298243.35,,,
2020-12-14,54373665.37,,,
2020-12-15,53863413.52,,,
2020-12-16,54582640.12,,,
2020-12-17,54470139.26,,,
2020-12-18,57547337.93,,,
2020-12-19,57374108.22,,,
2020-12-20,54908772.85,,,
2020-12-21,52923727.21,,,
2020-12-22,55389509.22,,,
2020-12-23,52181800.61,,,
2020-12-24,53492528.27,,,
2020-12-25,54465195.22,,,
2020-12-26,54745635.14,,,
2020-12-27,57236059.51,,,
2020-12-28,58541422.36,,,
2020-12-29,57398512.77,,,
2020-12-30,57840526.48,,,
2020-12-31,58616976.70,,,
2021-01-01,58379619.25,,,
2021-01-02,60951848.02,,,
2021-01-03,67497512.40,,,
2021-01-04,67703442.94,,,
2021-01-05,75187739.88,,,
2021-01-06,100605184.98,,,
2021-01-07,103662795.56,,,
2021-01-08,101414983.37,,,
2021-01-09,152997962.24,,,
2021-01-10,145149768.60,,,
2021-01-11,135068513.68,,,
2021-01-12,142552139.46,,,
2021-01-13,149771683.51,,,
2021-01-14,153293867.99,,,
2021-01-15,142228939.87,,,
2021-01-16,143658225.80,,,
2021-01-17,139421131.77,,,
2021-01-18,137312187.34,,,
2021-01-19,136345826.69,,,
2021-01-20,136605004.14,,,
2021-01-21,111831277.58,,,
2021-01-22,136050660.31,,,
2021-01-23,132866005.02,,,
2021-01-24,140496178.23,,,
2021-01-25,132423066.76,,,
2021-01-26,142763525.89,,,
2021-01-27,129575143.54,,,
2021-01-28,136738373.07,,,
2021-01-29,136512935.28,,,
2021-01-30,153735987.24,,,
2021-01-31,143212532.54,,,
2021-02-01,143105883.97,,,
2021-02-02,163920139.64,,,
2021-02-03,170388107.43,,,
2021-02-04,201027266.77,81.32,,
2021-02-05,258138949.00,238.00,,
2021-02-06,242276950.58,477.51,,
2021-02-07,237704272.12,782.20,,
2021-02-08,239968994.32,990.93,,
2021-02-09,248570622.40,1041.37,,
2021-02-10,242515893.08,2131.66,,
2021-02-11,243286117.04,2351.47,,
2021-02-12,262287228.48,2977.37,,
2021-02-13,250514049.02,3278.56,,
2021-02-14,244806615.33,3462.70,,
2021-02-15,238039466.85,3707.68,,
2021-02-16,240631752.78,3866.39,,
2021-02-17,251266074.35,4308.68,,
2021-02-18,254967034.77,4752.30,,
2021-02-19,249312670.36,4790.73,,
2021-02-20,251882739.53,4839.10,,
2021-02-21,252334967.69,5510.57,,
2021-02-22,231964403.29,5457.69,,
2021-02-23,217577242.77,5075.39,,
2021-02-24,220666640.24,5635.12,,
2021-02-25,199393084.25,5714.38,,
2021-02-26,193546739.19,5674.83,,
2021-02-27,196460750.64,5867.72,,
2021-02-28,201360985.30,6426.97,,
2021-03-01,214998949.61,6458.77,,
2021-03-02,214119575.85,6755.62,,
2021-03-03,218443720.29,7447.12,,
2021-03-04,216560523.82,8275.86,,
2021-03-05,206094965.32,7947.95,,
2021-03-06,221995030.45,7937.51,,
2021-03-07,223233892.30,8676.72,,
2021-03-08,218196895.29,9185.51,,
2021-03-09,226727048.61,10734.28,,
2021-03-10,225522184.59,10475.41,,
2021-03-11,224019356.65,11511.98,,
2021-03-12,213327747.79,11035.24,,
2021-03-13,218022492.33,11334.43,,
2021-03-14,207360617.50,11189.70,,
2021-03-15,202911553.83,14196.36,,
2021-03-16,209188060.19,13429.79,,72.05
2021-03-17,215091648.91,13455.11,,54.73
2021-03-18,215646691.01,13211.09,,400039.76
2021-03-19,212513380.86,13564.57,,500014.14
2021-03-20,215675068.28,13715.53,,760086.14
2021-03-21,212996629.48,13465.24,,760157.90
2021-03-22,200764920.04,13352.90,,1170020.11
2021-03-23,206184468.10,13632.93,,1220038.44
2021-03-24,187479658.56,13338.58,,1300263.22
2021-03-25,195172900.34,13272.66,,1308980.74
2021-03-26,204840536.82,0.00,,1375031.87
2021-03-27,220115467.35,0.00,,1375664.34
2021-03-28,210569068.62,0.00,,1374477.89
2021-03-29,215423560.02,0.00,,1379237.77
2021-03-30,215591231.35,0.00,,1390310.55
2021-03-31,218069948.90,0.00,,1393345.84
2021-04-01,236007407.56,0.00,,1395814.13
2021-04-02,254210254.66,0.00,,1406219.91
2021-04-03,230164989.24,0.00,,1395540.30
2021-04-04,235968676.99,0.00,,1401276.47
2021-04-05,239118943.74,0.00,,170202984.86
2021-04-06,235184300.47,0.00,,53211302.80
2021-04-07,217970877.87,0.00,,48493506.17
2021-04-08,229676148.87,0.00,,42110348.10
2021-04-09,229603669.67,0.00,,36115512.12
2021-04-10,232436088.29,0.00,,37669455.20
2021-04-11,236357248.50,0.00,,37517324.09
2021-04-12,274668778.25,0.00,,51952853.28
2021-04-13,264654593.40,0.00,,59850261.03
2021-04-14,273395508.15,0.00,,75989452.71
2021-04-15,375577007.79,0.00,,69010653.13
2021-04-16,341892762.46,0.00,,61617567.20
2021-04-17,336242903.56,0.00,,45935797.36
2021-04-18,329242993.64,0.00,,71077810.15
2021-04-19,356237454.39,0.00,,59930178.44
2021-04-20,349544537.03,0.00,,59258469.19
2021-04-21,402646597.74,0.00,,57425989.18
2021-04-22,405806543.31,0.00,,73652202.37
2021-04-23,409559091.39,0.00,,79582656.17
2021-04-24,402061093.46,0.00,,89268497.57
2021-04-25,387884697.54,0.00,,72901647.81
2021-04-26,403770023.29,0.00,,65120275.83
2021-04-27,454036764.08,0.00,,61759527.01
2021-04-28,443597028.64,0.00,,53764454.10
2021-04-29,426361594.26,0.00,,62082773.20
2021-04-30,434109029.42,0.00,,48388461.15
2021-05-01,478829546.36,0.00,,54759252.89
2021-05-02,490341751.56,0.00,,41104002.92
2021-05-03,591811110.21,0.00,,43118340.12
2021-05-04,523583893.02,0.00,,38253856.45
2021-05-05,537925540.27,0.00,,45781729.95
2021-05-06,504805965.32,0.00,,39902726.58
2021-05-07,507015185.62,0.00,,41355843.34
2021-05-08,557238849.88,0.00,,48406726.43
2021-05-09,528457534.01,0.00,,50704636.21
2021-05-10,496277957.40,0.00,,51896070.28
2021-05-11,535791054.43,0.00,,46304690.66
2021-05-12,493882766.19,0.00,,39293916.33
2021-05-13,478598986.91,0.00,,39417033.94
2021-05-14,503182610.76,0.00,,37425841.87
2021-05-15,463262908.40,0.00,,30567094.44
2021-05-16,461104960.46,0.00,,33107885.16
2021-05-17,434030734.09,0.00,,28714060.66
2021-05-18,427966632.27,0.00,,27109174.06
2021-05-19,332773372.72,0.00,,25908913.88
2021-05-20,367342728.89,0.00,,22293887.28
2021-05-21,296132126.47,0.00,,21397885.10
2021-05-22,268106695.59,0.00,,18137845.54
2021-05-23,267216349.62,0.00,,17966978.40
2021-05-24,387484095.28,0.00,,20021910.03
2021-05-25,363120007.28,0.00,,23878487.51
2021-05-26,370166619.04,0.00,,41902843.15
2021-05-27,350129415.73,0.00,,32717090.06
2021-05-28,308975268.15,0.00,,35862909.22
2021-05-29,294497903.76,0.00,,30778713.24
2021-05-30,316170532.34,0.00,,36050291.35
2021-05-31,341235840.55,0.00,,34178239.87
2021-06-01,341533524.90,0.00,,32119104.69
2021-06-02,339868888.75,0.00,,30764702.84
2021-06-03,348133403.94,0.00,,30089226.68
2021-06-04,354009128.78,0.00,,27007845.77
2021-06-05,338047016.10,0.00,,24931613.05
2021-06-06,343137809.48,0.00,,24179508.05
2021-06-07,318405397.16,0.00,,21993810.24
2021-06-08,313527392.23,0.00,,20026940.80
2021-06-09,318612241.96,0.00,,22780476.64
2021-06-10,302456969.98,0.00,,20531450.96
2021-06-11,286299745.15,0.00,,18124542.83
2021-06-12,289344665.07,0.00,,17673875.69
2021-06-13,306026697.46,0.00,,17011965.92
2021-06-14,310742534.20,0.93,,16429743.97
2021-06-15,307908912.54,0.00,,16232376.95
2021-06-16,289202277.20,0.00,,13169037.84
2021-06-17,288190187.01,0.00,,14863304.63
2021-06-18,270178534.75,0.00,,13942643.74
2021-06-19,261628058.71,0.00,,13609526.68
2021-06-20,271827385.47,0.00,,17633720.43
2021-06-21,221836091.20,0.00,,11366153.58
2021-06-22,236599337.97,0.00,,13135000.17
2021-06-23,239751715.23,0.00,,14776540.44
2021-06-24,234314302.64,0.00,,12395510.74
2021-06-25,212887199.78,0.00,,12152702.30
2021-06-26,215217445.23,0.00,,13155697.86
2021-06-27,225637288.91,0.00,,12377032.50
2021-06-28,232012823.50,0.00,,12429938.30
2021-06-29,249706442.15,0.00,,11248967.41
2021-06-30,269999669.45,0.69,,14449611.47
2021-07-01,258399510.13,0.65,,10947005.78
2021-07-02,264034454.16,0.64,,12415349.71
2021-07-03,269022665.10,0.66,,13759088.27
2021-07-04,283819483.19,0.67,,12056630.38
2021-07-05,279789086.93,0.64,,11973034.27
2021-07-06,278848655.83,0.66,,11652830.39
2021-07-07,287214777.03,488628322.95,,11457339.84
2021-07-08,270615660.58,437604524.55,,10980722.68
2021-07-09,277311194.87,452995117.73,,10108371.60
2021-07-10,273048435.55,523156783.11,,10019484.96
2021-07-11,273858011.74,506715529.41,,10672058.15
2021-07-12,267799682.66,471866604.59,,10332733.94
2021-07-13,261504087.23,488861207.54,,10183342.87
2021-07-14,259692580.61,547586904.24,,10072524.62
2021-07-15,265646687.31,621648492.69,,9216241.33
2021-07-16,253323464.66,497435696.40,,9035358.28
2021-07-17,254480159.80,477884223.19,,9220961.26
2021-07-18,254996977.82,472040565.98,,9079168.33
2021-07-19,241023806.50,437498392.16,,7851512.79
2021-07-20,232070839.32,397231400.81,,7429645.33
2021-07-21,252927952.52,440361683.09,,7668770.94
2021-07-22,253276457.36,457410854.41,,8083501.73
2021-07-23,259581795.36,506005629.70,,8348524.03
2021-07-24,264256353.30,522463767.06,,8619058.50
2021-07-25,264863639.89,535348415.86,,8226618.08
2021-07-26,267673934.32,498836339.45,,8305536.26
2021-07-27,274111613.20,514905802.04,,8681962.59
2021-07-28,271505461.04,515443773.10,,8004472.19
2021-07-29,291032037.78,528555052.04,,9266109.85
2021-07-30,294844298.79,531094555.05,,10479438.94
2021-07-31,303047968.13,546621139.50,,12299951.84
2021-08-01,294491270.05,521389810.92,,15418182.64
2021-08-02,295073284.64,529344764.84,,13535083.40
2021-08-03,284209541.66,512866770.11,,12870290.54
2021-08-04,299549975.38,561544380.30,,12455995.76
2021-08-05,324327151.58,529120332.38,,11851984.04
2021-08-06,324297585.12,549577143.67,,12432724.45
2021-08-07,337395647.53,578942794.96,,14063899.68
2021-08-08,321315301.43,526812060.65,,15113420.32
2021-08-09,333203532.77,561080070.26,,16038896.81
2021-08-10,333993733.62,577998798.46,,14819407.24
2021-08-11,333870492.21,614988394.02,,14181009.44
2021-08-12,322871755.19,579960190.27,,12701184.21
2021-08-13,361035323.46,634635274.16,,14784912.30
2021-08-14,374317547.43,697109374.44,,13731174.66
2021-08-15,372389648.63,686081551.82,,14028513.65
2021-08-16,353822048.74,673729212.46,,13567539.06
2021-08-17,342028323.98,613421913.14,,12096058.98
2021-08-18,346622811.33,609973730.26,,12017777.10
2021-08-19,366442898.44,647947117.65,,12938555.67
2021-08-20,371259367.29,679574978.15,,12589294.61
2021-08-21,378677884.90,699716522.49,,11909988.12
2021-08-22,373916982.63,760151914.59,,12280854.87
2021-08-23,378393762.21,725741642.41,,10684842.17
2021-08-24,356627672.53,661283147.88,,10145084.32
2021-08-25,358162204.06,679181478.91,,10532856.77
2021-08-26,351862645.05,654701137.43,,11469160.23
2021-08-27,366394805.92,689297886.37,,10740098.78
2021-08-28,353733902.48,688285210.53,,10808698.33
2021-08-29,341425482.36,677633155.60,,10676136.31
2021-08-30,333251200.36,767881285.18,,10571895.77
2021-08-31,347598484.44,710117431.36,,11045235.69
2021-09-01,363639099.93,740216197.33,,11960888.04
2021-09-02,351508460.11,727924524.48,,12655516.31
2021-09-03,358608248.96,853739328.58,,12066658.78
2021-09-04,350102271.66,793427453.57,,11779351.66
2021-09-05,362196444.57,829730701.95,,11609077.82
2021-09-06,353577772.29,855621045.64,,12844528.13
2021-09-07,306725821.76,629374175.55,,10907762.46
2021-09-08,304890230.57,623902654.24,,10795472.70
2021-09-09,295783723.07,622978646.90,,10889113.92
2021-09-10,282595566.99,575036436.79,,10907813.12
2021-09-11,288566502.35,586369351.89,,10266704.47
2021-09-12,292948367.34,627065949.50,,10593894.30
2021-09-13,286840661.99,576157248.21,,10438399.29
2021-09-14,293540755.87,603823871.15,,10141324.58
2021-09-15,309038224.80,647024221.78,,10644858.95
2021-09-16,301846068.37,708069194.40,,8817624.15
2021-09-17,286017186.78,664228662.68,,8948094.29
2021-09-18,289383161.20,665891219.40,,8764829.03
2021-09-19,284142550.79,632540429.22,,9469494.92
2021-09-20,254914033.20,518576730.64,,9105176.29
2021-09-21,247228678.74,445767781.70,,8437742.93
2021-09-22,267299055.55,507547753.17,,9185262.37
2021-09-23,263403069.64,539807772.69,,10304447.41
2021-09-24,247326972.53,479267687.53,,9894892.28
2021-09-25,244787106.24,469707386.73,,9412387.37
2021-09-26,253437765.20,460245798.03,,9788659.66
2021-09-27,244411598.99,447037887.95,,9204569.45
2021-09-28,243539176.66,430809802.36,,8463089.50
2021-09-29,242904691.13,441600042.08,,8578815.46
2021-09-30,246856208.30,459924379.02,,9316900.86
2021-10-01,259561322.04,530915499.38,,10385925.01
2021-10-02,264797266.81,532546063.29,,10303611.07
2021-10-03,268718363.30,530838657.73,,9938450.36
2021-10-04,267656471.43,590300538.26,,10004868.69
2021-10-05,267408123.76,580447258.03,,9890907.92
2021-10-06,263710138.83,557746031.67,,11710777.64
2021-10-07,262902130.49,557492203.20,,11450797.57
2021-10-08,263379516.84,557800283.37,,11622131.37
2021-10-09,270153799.64,559913943.36,,13019869.98
2021-10-10,262140818.00,513792822.28,,12147621.24
2021-10-11,259959032.00,504208818.85,,11928878.95
2021-10-12,258415323.46,495818049.73,,10968466.76
2021-10-13,262619539.46,510202622.85,,12001021.13
2021-10-14,266377861.41,515823588.28,,10190322.38
2021-10-15,270412885.87,516864851.49,,10008927.95
2021-10-16,272796567.44,533962715.78,,9552048.21
2021-10-17,270276407.98,523255247.94,,10075243.59
2021-10-18,264315252.96,510613876.71,,9353834.53
2021-10-19,265345163.49,520097001.42,,9511860.72
2021-10-20,273871570.32,544984947.89,,10279630.46
2021-10-21,271244532.10,517593379.43,,12680929.37
2021-10-22,267234781.41,519795801.52,,12345767.25
2021-10-23,268090819.73,515941324.76,,10853986.14
2021-10-24,260157097.50,507390573.45,,10115127.85
2021-10-25,263696168.23,522168579.92,,10373795.56
2021-10-26,262558290.25,546010877.62,,10091455.01
2021-10-27,244410919.67,466096903.78,,9394722.81
2021-10-28,256661814.35,495016707.52,,10483280.91
2021-10-29,262024143.13,559322240.42,,10596548.82
2021-10-30,255965151.86,702525828.73,,10259718.58
2021-10-31,258510451.77,626061639.95,,12052792.27
2021-11-01,262226755.99,642106668.90,,13751989.98
2021-11-02,294027349.82,671103878.52,,13884162.83
2021-11-03,326081747.49,625678520.46,,15253187.02
2021-11-04,308757924.49,627624016.04,,14456351.23
2021-11-05,304369819.73,590305586.58,,19361258.98
2021-11-06,312628355.26,590971279.38,,26459389.27
2021-11-07,307156107.95,604522060.90,,26538801.64
2021-11-08,331994466.11,613261468.74,,26089803.26
2021-11-09,321673984.74,620331152.50,,25852641.45
2021-11-10,309802497.99,637831294.51,,23444396.15
2021-11-11,312847622.51,755419133.70,,22280682.59
2021-11-12,304305709.01,707968747.62,,23498134.65
2021-11-13,325221809.43,681949568.94,,26213710.87
2021-11-14,316385107.29,666472816.91,,26836257.48
2021-11-15,315771722.51,642326139.99,,22058529.37
2021-11-16,297138319.65,571391407.06,,22011155.98
2021-11-17,297965644.24,620727323.49,,24115934.29
2021-11-18,298052814.69,578703440.06,,22461327.49
2021-11-19,311390424.95,602309136.58,,22571028.33
2021-11-20,323028978.61,667434787.64,,23723447.30
2021-11-21,309230994.99,663514626.51,,19905153.71
2021-11-22,301290796.91,606957881.12,,18269999.35
2021-11-23,316707347.49,602311273.97,,21720810.17
2021-11-24,320164269.54,698797981.93,,17795759.62
2021-11-25,341926600.59,674317831.68,,18021814.29
2021-11-26,321173783.66,595521362.14,,16050017.70
2021-11-27,320739811.49,619081298.71,,16753828.50
2021-11-28,322420829.88,616206820.70,,15897118.83
2021-11-29,323014110.78,614026531.33,,19295069.63
2021-11-30,319404203.82,596635282.63,,18309939.64
2021-12-01,313071404.09,607254513.84,,15307804.51
2021-12-02,310933367.02,588588969.17,,14928686.20
2021-12-03,293218440.64,571594128.42,,15451137.41
2021-12-04,282514764.52,481661613.03,,12888038.49
2021-12-05,279543637.95,443552832.93,,12042933.83
2021-12-06,283181610.22,442901753.61,,13159817.22
2021-12-07,282382988.22,431532166.69,,14714844.72
2021-12-08,292191270.31,433084492.39,,14739315.43
2021-12-09,274334089.96,399022072.41,,12627672.53
2021-12-10,259613199.25,381317312.67,,11890693.38
2021-12-11,268134156.72,396224894.15,,12277147.49
2021-12-12,270830843.51,403334491.75,,13091836.59
2021-12-13,251476614.54,355011770.44,,11752544.84
2021-12-14,256869262.33,358559992.49,,10969815.56
2021-12-15,263256792.44,369226101.72,,9670841.43
2021-12-16,258192239.94,371415061.09,,10596915.47
2021-12-17,262062641.23,356575968.93,,10675856.87
2021-12-18,272063668.78,358549140.45,,11089531.62
2021-12-19,263583974.05,356834942.43,,10480765.00
2021-12-20,261851870.89,364778306.72,,11303090.32
2021-12-21,268035564.51,367278358.05,,10047493.44
2021-12-22,271343276.91,382650026.16,,11486282.88
2021-12-23,288013165.73,407319687.02,,12051030.38
2021-12-24,281353512.45,399570195.46,,11862381.85
2021-12-25,291532477.34,429776201.57,,11625187.28
2021-12-26,291277771.05,431741384.02,,12040966.19
2021-12-27,289243087.92,432431002.26,,12338871.65
2021-12-28,274733266.69,385525141.38,,10646324.65
2021-12-29,262506935.38,369581219.11,,9630762.13
2021-12-30,267137752.78,375831817.60,,9424337.20
2021-12-31,261480290.53,363159315.11,,9499066.51
2022-01-01,268310273.25,371082270.18,,10139330.91
2022-01-02,274833664.15,381819627.20,,9528986.69
2022-01-03,268105952.14,381322579.64,,9200536.78
2022-01-04,271479648.21,394833349.46,,9069004.97
2022-01-05,256130506.41,353962154.74,,8906055.21
2022-01-06,254819470.16,350542142.32,90899.74,9421900.57
2022-01-07,245276900.45,320513940.32,187822.10,8506297.57
2022-01-08,237964019.18,303373077.97,187454.67,8728246.12
2022-01-09,244508110.17,308541951.34,216948.50,8989406.60
2022-01-10,234673247.82,291906537.62,209038.97,9164267.53
2022-01-11,240564955.81,300426887.72,184893.77,10720236.05
2022-01-12,247670423.68,314175601.84,143307.17,10210738.95
2022-01-13,242303443.55,299958366.50,145494.92,9734303.09
2022-01-14,249712836.87,302116331.85,122509195.50,9588386.25
2022-01-15,253470453.97,312271842.91,144175515.26,8818845.54
2022-01-16,255935746.25,316121464.23,120524775.48,9248911.09
2022-01-17,244380665.75,296847269.70,104898179.08,9148022.66
2022-01-18,241523289.58,290625129.50,118291364.10,9065767.67
2022-01-19,235478785.58,276165723.98,118641754.95,7937865.99
2022-01-20,226479772.48,248882891.48,112661580.37,7237020.87
2022-01-21,218801858.87,204100509.79,91299009.59,5889571.98
2022-01-22,217801985.93,185101020.56,73437256.59,5484580.29
2022-01-23,222034152.12,192075686.37,77124991.61,6844971.97
2022-01-24,228109118.14,181946512.00,69717804.99,5659661.76
2022-01-25,220233177.83,188261514.95,72531771.42,5088193.33
2022-01-26,210998005.68,187952558.70,72535780.44,5237855.09
2022-01-27,217557304.43,182745572.65,86404742.76,5045340.53
2022-01-28,225576589.54,190416714.63,88258592.67,5443630.62
2022-01-29,231099344.20,193356204.93,96001069.91,5476978.36
2022-01-30,235433310.00,183536528.48,102951937.59,5638912.06
2022-01-31,236722271.26,186251564.20,101990200.54,5640457.65
2022-02-01,241816306.02,193485173.29,110958936.17,5342761.93
2022-02-02,237751031.05,185507834.82,120003544.02,4962664.51
2022-02-03,249507040.95,188591221.88,115009697.52,4942458.01
2022-02-04,251413937.14,200042745.58,106757456.21,4639096.19
2022-02-05,250634876.23,203356151.79,113048368.40,4606457.01
2022-02-06,251213988.64,208599633.62,114395178.28,4766634.58
2022-02-07,250626468.76,219797075.75,102758743.01,4792866.23
2022-02-08,247299804.26,211550737.75,101154568.89,4594089.08
2022-02-09,251572802.73,232703908.40,92346865.58,4246977.49
2022-02-10,239482961.82,235752698.21,90946474.58,3976903.26
2022-02-11,232112256.36,215827878.31,85656859.72,3789751.55
2022-02-12,231076320.01,214752053.85,87351172.79,3867462.95
2022-02-13,226515783.52,217375377.56,82603815.85,3811434.75
2022-02-14,226622688.80,200925968.96,79872099.83,3721593.48
2022-02-15,238788746.21,215802041.51,77120729.90,3850452.18
2022-02-16,242021756.89,207787152.81,76020063.20,3762567.03
2022-02-17,228902328.35,186913818.66,79764824.14,3467480.45
2022-02-18,223226681.62,179908850.33,69513758.82,3305586.45
2022-02-19,223685355.04,179681612.83,66252628.66,4261928.43
2022-02-20,212836625.73,168258125.82,62089134.50,3775386.75
2022-02-21,204973858.12,155524014.27,58728188.73,3309886.02
2022-02-22,215597608.12,161994131.96,54733545.64,3284198.97
2022-02-23,211476282.20,156640100.24,51261073.24,3255029.07
2022-02-24,223113913.87,151489626.97,50248476.50,3008110.44
2022-02-25,231633988.11,163629779.51,48088769.73,3313231.02
2022-02-26,227601542.98,161232685.37,47395367.20,3502305.53
2022-02-27,216769333.99,156090052.65,45153451.55,3326278.70
2022-02-28,229510361.73,170858313.79,44839553.47,3567509.58
2022-03-01,229899582.61,176309366.31,43127789.65,3414887.40
2022-03-02,232128077.03,170310065.69,42674991.94,4533038.72
2022-03-03,236797321.06,163968116.11,42621064.60,4500694.06
2022-03-04,216387400.92,152704657.70,40888189.02,3879399.61
2022-03-05,220330202.18,156134104.32,40132217.23,4171634.78
2022-03-06,209892887.95,149143488.16,38278342.51,3872581.94
2022-03-07,210969855.86,147545163.22,37095522.84,3659851.55
2022-03-08,212199684.86,149397853.07,35431266.69,3992859.28
2022-03-09,226551767.52,155839838.39,36791562.70,3934068.31
2022-03-10,214813740.39,147282831.81,35547488.54,3822848.17
2022-03-11,212943268.95,146709104.87,36545975.52,4145874.04
2022-03-12,212373597.54,145518891.69,35689846.83,4087659.72
2022-03-13,207670416.55,154896691.02,36104117.84,3961633.72
2022-03-14,216747726.75,181899414.32,36823527.14,4133699.00
2022-03-15,217109387.98,200017610.57,36360644.51,4116951.02
2022-03-16,227682258.20,193253574.84,38202977.61,4093299.00
2022-03-17,239913955.94,179495982.78,38888993.45,3069404.41
2022-03-18,239021504.00,266915792.43,38980676.08,3076900.08
2022-03-19,240181843.88,303730484.12,41603650.11,3193313.04
2022-03-20,234376206.11,354475070.58,38994454.73,3247953.18
2022-03-21,235717525.79,301240259.53,38168040.55,3168187.96
2022-03-22,238459917.85,301098366.58,37330441.66,3182690.63
2022-03-23,235501155.28,283361017.13,37832783.15,3244448.46
2022-03-24,237264911.76,267768376.45,36796140.23,3242595.92
2022-03-25,236511202.61,265633763.99,35569073.78,3230766.43
2022-03-26,237208095.20,264233600.96,35540332.03,3274633.20
2022-03-27,241191130.88,270226172.01,36241269.00,3464891.35
2022-03-28,240126863.56,252436716.49,34663077.08,3276702.14
2022-03-29,246492694.88,259972659.52,34503457.78,3662523.74
2022-03-30,250700243.14,288866183.16,33824617.63,2464104.81
2022-03-31,243144330.23,264351333.01,34028780.86,2343277.69
2022-04-01,258527702.48,264353083.53,33950091.96,2405877.13
2022-04-02,253818459.15,256149501.07,35012834.26,2400917.95
2022-04-03,258129541.75,261911217.01,33408837.46,2140544.21
2022-04-04,267682954.49,247978432.45,34166628.29,2080116.35
2022-04-05,258122384.89,237598294.43,33736688.70,1923756.78
2022-04-06,237644017.33,207879249.00,31148348.51,1740308.69
2022-04-07,238121308.41,217892407.84,32436359.19,1696131.42
2022-04-08,234574788.33,205252965.48,30642064.92,1666000.54
2022-04-09,240200934.37,261485314.69,28853574.88,1622720.51
2022-04-10,234870037.75,244428806.28,28615781.35,1638177.02
2022-04-11,218620537.29,207623864.39,28122647.69,1442271.61
2022-04-12,222736406.71,200812207.45,27832483.52,1437449.26
2022-04-13,229183907.83,211101579.01,28620568.27,1473175.93
2022-04-14,226757856.25,232908924.87,27463997.56,1790184.62
2022-04-15,231096523.22,225516550.82,28700065.39,1672014.52
2022-04-16,225286990.13,235269606.06,27946808.38,1580014.91
2022-04-17,218528507.50,270705079.31,27469601.57,1484792.67
2022-04-18,220960937.44,292032258.29,28042897.16,1489605.53
2022-04-19,219023261.49,286371057.48,27830092.79,1499965.66
2022-04-20,219822175.37,270839329.32,27452000.22,1479855.72
2022-04-21,213187231.95,259316237.30,28926112.67,1457656.71
2022-04-22,214509279.69,249723797.09,28443528.73,1445866.79
2022-04-23,213635363.01,278891368.79,29116310.04,1426003.01
2022-04-24,214307814.96,264939831.49,31561755.14,1417726.57
2022-04-25,216511828.64,251337878.63,31236115.21,1389796.61
2022-04-26,206292670.42,223476028.70,30648084.10,1327203.30
2022-04-27,209589708.22,234327152.75,31040056.29,1438735.35
2022-04-28,206728183.98,226610290.33,30604926.19,1455206.01
2022-04-29,199509848.07,205444687.13,30181152.17,1354885.80
2022-04-30,191818554.84,196463944.85,29293959.19,1296557.74
2022-05-01,190442190.41,198607924.86,30106954.24,1362084.00
2022-05-02,193625477.67,193192140.32,30189662.28,1222600.77
2022-05-03,186647552.07,190986839.89,28870485.64,1170861.03
2022-05-04,193641327.22,207512830.22,28266131.82,1248421.12
2022-05-05,183218709.54,181367820.17,28662083.81,1174235.37
2022-05-06,180767006.95,180370298.29,27925100.78,1219817.04
2022-05-07,174171071.27,168864269.55,27579625.24,1174530.71
2022-05-08,169079262.06,156453116.04,26772540.42,1165082.33
2022-05-09,156495177.09,120195786.02,23751880.09,1004149.36
2022-05-10,170956514.94,129074127.03,24978568.21,1031477.63
2022-05-11,163816863.39,85361499.83,22968704.07,1004139.69
2022-05-12,182922845.98,81411607.60,22918790.26,1112124.79
2022-05-13,187012205.05,89676253.57,22566868.10,1120263.69
2022-05-14,202229105.38,98636336.24,23149293.98,1190394.49
2022-05-15,202510497.54,102598616.20,23614606.97,1216281.19
2022-05-16,198677294.26,93049727.59,22644551.86,1264803.79
2022-05-17,203637794.92,110331536.04,23375338.27,1271093.26
2022-05-18,191474298.33,93695926.84,24062151.04,1189851.96
2022-05-19,191232196.18,111747415.03,26347018.31,1235275.46
2022-05-20,188873934.38,101617358.70,25447360.45,1206048.15
2022-05-21,189270804.85,102684306.69,25322722.94,1212284.63
2022-05-22,191816060.74,105455361.92,24772481.22,1244881.26
2022-05-23,180513536.05,101242255.50,24324334.98,1108628.23
2022-05-24,179676674.46,102432393.64,24833912.02,1111412.89
2022-05-25,177376385.32,96027163.66,24470527.19,364003.73
2022-05-26,168830535.71,85817819.58,22131311.45,354418.27
2022-05-27,165467036.75,81966203.68,21751734.56,351087.05
2022-05-28,173940835.81,85520636.35,21878912.68,355202.39
2022-05-29,171504143.66,88229637.67,21604128.86,355595.36
2022-05-30,185821377.98,99105309.85,21787894.00,364170.79
2022-05-31,181427980.63,144267777.55,21240302.78,362206.88
2022-06-01,172161219.69,116096714.55,21416532.35,964015.94
2022-06-02,171785211.84,125762998.22,20391094.34,356001.29
2022-06-03,167458163.89,123899109.10,21525348.44,353236.54
2022-06-04,170283596.66,124128548.55,20382129.00,353272.14
2022-06-05,170862870.41,117677491.49,19112706.09,353321.85
2022-06-06,172802189.22,120834925.28,18913512.76,355722.35
2022-06-07,169421850.62,115197392.87,18685851.52,355396.70
2022-06-08,168821090.01,115905814.87,18816644.60,353632.57
2022-06-09,167083696.20,114626838.51,18175274.11,345589.45
2022-06-10,160161184.25,105075685.80,17741138.16,339696.08
2022-06-11,155987344.93,94444782.03,17907823.38,334416.43
2022-06-12,149962342.23,87603490.25,17190977.45,329379.28
2022-06-13,142989328.26,80758889.37,17066468.26,442399.24
2022-06-14,145505579.91,93104348.26,15895605.81,582701.00
2022-06-15,149259875.26,103728552.52,15625602.19,793270.97
2022-06-16,141101953.05,90388553.90,15330420.19,751936.18
2022-06-17,144379884.97,103566053.98,15554016.63,734866.71
2022-06-18,142488864.14,100339673.20,14714655.51,679073.42
2022-06-19,155388891.37,111561931.73,14519052.98,726550.62
2022-06-20,155818266.93,109543034.26,14798662.05,2825927.28
2022-06-21,157021846.00,109982639.16,13890295.85,2679372.12
2022-06-22,154506662.27,102161698.80,13623781.89,2598644.97
2022-06-23,161108346.06,109646377.44,13979578.73,2841743.00
2022-06-24,167317616.01,112580879.94,13632198.36,2909842.26
2022-06-25,166279260.22,114907829.99,14016810.38,2970456.64
2022-06-26,163133954.71,118085595.37,13095445.30,2876769.39
2022-06-27,163110410.48,115838518.52,13219700.77,2909695.13
2022-06-28,158416647.23,115411383.09,12675657.01,2817476.91
2022-06-29,155603163.24,115372988.73,12108553.21,2808068.69
2022-06-30,154818398.53,110145182.94,10254209.08,2705277.21
2022-07-01,152268171.39,104123154.57,10025331.59,2690307.44
2022-07-02,153537670.04,116651456.47,9321874.12,2715463.95
2022-07-03,152950345.63,132678214.84,9522495.21,2291986.99
2022-07-04,156453913.48,133815545.64,7926478.88,2402211.79
2022-07-05,155552705.58,122475675.03,7796700.54,2375688.23
2022-07-06,159566446.75,121179304.58,7596164.22,2304066.51
2022-07-07,158735110.70,118706122.67,7477274.86,2366039.55
2022-07-08,155461544.97,126997249.87,7378617.74,2416738.29
2022-07-09,158638850.04,116768307.79,7471618.52,2352346.75
2022-07-10,154408995.16,113841763.91,7400314.33,2275648.31
2022-07-11,148190697.36,98159695.49,7287448.23,2184876.03
2022-07-12,145154747.52,87294975.23,7338607.96,1694990.71
2022-07-13,147600993.00,90391369.43,7748966.92,1625275.63
2022-07-14,150379354.07,90645026.25,7743431.10,1556062.54
2022-07-15,151596169.74,88965493.52,7721156.99,1541982.08
2022-07-16,156652825.54,91891613.94,8107141.81,1554419.08
2022-07-17,154337447.71,87777897.27,8040244.25,1539719.00
2022-07-18,163317197.63,94825355.14,8692240.16,1621156.58
2022-07-19,162199574.69,97626819.51,8406352.51,1584930.66
2022-07-20,157525689.41,91633805.45,8413720.64,1564222.32
2022-07-21,158038011.36,91697711.58,8414048.46,1622442.77
2022-07-22,155895129.89,89728769.18,8356119.91,1614230.06
2022-07-23,156594085.94,91011491.27,8665896.64,1629630.69
2022-07-24,158441503.14,90166429.82,8512294.60,1553609.93
2022-07-25,148627711.85,83076416.76,8406005.30,1486368.62
2022-07-26,150355885.37,84738011.80,8425174.94,1536911.88
2022-07-27,160016357.75,89453089.56,8414028.10,1584345.86
2022-07-28,167422332.76,92083505.63,8647479.35,1565257.42
2022-07-29,169400960.73,92267840.03,8628225.23,1572860.41
2022-07-30,166813110.41,93105527.18,8511636.98,1556902.92
2022-07-31,165169865.10,91552589.40,8588305.14,1541067.79
2022-08-01,162362120.95,94703894.87,8696010.63,1552877.39
2022-08-02,160967023.77,90467225.38,8686202.31,1536206.55
2022-08-03,161092058.28,91507130.72,8127026.93,1526110.95
2022-08-04,161661508.32,93773239.20,8494020.96,1522559.04
2022-08-05,167177681.91,98776542.09,8532027.51,1572842.79
2022-08-06,164203614.91,95559278.26,8470768.19,1540072.65
2022-08-07,167189819.70,96767636.16,8573422.46,1561380.67
2022-08-08,168672681.31,98991648.02,8868999.07,2040036.51
2022-08-09,162899112.74,94251856.55,9150704.21,1840273.16
2022-08-10,166310277.46,98288522.67,8798686.23,1939403.05
2022-08-11,163650960.30,98075317.19,8700644.06,1533197.32
2022-08-12,164164407.93,101811900.09,8750703.49,1567806.71
2022-08-13,163171752.35,100181681.34,8256781.92,1553227.83
2022-08-14,159220889.96,96932741.42,10688970.74,1450810.60
2022-08-15,157114299.82,96793953.21,10972560.40,1491096.31
2022-08-16,155444418.28,105577020.82,10976378.08,1461800.83
2022-08-17,151870321.18,92655551.12,10382288.66,1411497.40
2022-08-18,148623653.57,87558010.32,10208808.59,1404907.73
2022-08-19,144214756.32,79758666.75,9889430.91,1070017.80
2022-08-20,143359363.25,78104641.76,9760936.13,1076542.54
2022-08-21,144853096.80,80680299.99,10078315.87,1082852.01
2022-08-22,145192608.14,79626850.67,10314846.98,1092061.62
2022-08-23,146324216.60,80078637.27,10218024.85,1108123.24
2022-08-24,145807290.27,80157628.23,10238676.40,1131200.66
2022-08-25,145010213.94,81655960.71,10232438.61,1170102.83
2022-08-26,138389605.64,72700121.40,9959441.04,1117266.95
2022-08-27,139302146.67,73385993.58,10148577.90,1136458.92
2022-08-28,136511978.75,70236970.67,9974638.52,1089059.54
2022-08-29,142490666.97,75168307.42,10262088.57,1137171.81
2022-08-30,139477569.89,72421760.96,10121532.42,1109119.60
2022-08-31,137956383.60,74116232.37,10003306.99,1103954.33
2022-09-01,137844019.80,74323953.47,9909415.53,1113780.33
2022-09-02,137487997.11,73361064.40,9663781.00,1107821.83
2022-09-03,137119621.82,74137538.92,9700684.61,1097219.24
2022-09-04,137234587.64,75905509.12,9614724.88,1097199.58
2022-09-05,136699986.97,75886936.02,9360630.52,1056194.71
2022-09-06,135443017.72,69408001.92,9133760.57,1033258.19
2022-09-07,136286658.40,73468132.23,9227265.93,1075248.33
2022-09-08,136187287.45,74446311.48,9169685.72,1082426.69
2022-09-09,140152758.26,78164365.31,9376827.21,1101682.64
2022-09-10,139630137.02,78926023.94,10066923.87,1119822.97
2022-09-11,138507619.23,78071599.70,10216740.51,1111277.18
2022-09-12,136607506.95,77595591.84,10673880.89,1078886.04
2022-09-13,132844476.34,70928269.14,9767393.98,1019273.57
2022-09-14,133843305.10,71814132.24,9818599.11,830830.80
2022-09-15,130356224.98,68244526.37,9947174.87,783431.04
2022-09-16,130983947.83,67758026.16,8833902.28,784846.90
2022-09-17,132744721.71,69991660.23,8746991.46,793152.63
2022-09-18,128134494.37,62145710.77,8633250.68,756287.47
2022-09-19,128124731.13,64013243.05,8674569.69,772126.94
2022-09-20,126181491.88,63140052.66,8464168.51,843127.34
2022-09-21,125060405.73,61169050.77,8547149.57,816199.69
2022-09-22,129127010.06,64882030.45,8426040.52,899977.15
2022-09-23,130740737.87,69748228.67,8123802.27,947510.70
2022-09-24,131028175.56,64471981.30,8147121.42,942814.18
2022-09-25,133433719.56,64600097.78,7783783.47,905454.60
2022-09-26,134487104.09,64756624.39,7684715.79,816035.70
2022-09-27,136438613.89,63426344.64,7662677.82,796718.03
2022-09-28,134476759.12,63385098.51,7431009.39,904885.65
2022-09-29,134005193.03,64623011.80,7321529.72,902134.51
2022-09-30,134130000.93,63806231.18,7350097.01,897419.09
2022-10-01,132594117.01,64277596.09,7712123.43,886743.79
2022-10-02,134328509.92,62796748.97,7697641.23,865573.28
2022-10-03,138648621.57,65864203.31,7867681.32,1191019.21
2022-10-04,141007143.19,67169616.52,7772878.28,749654.19
2022-10-05,140780210.47,65943810.31,7870723.45,689905.13
2022-10-06,141211206.07,65675519.70,7832409.02,688113.59
2022-10-07,142560089.02,66832957.16,7525578.85,678513.33
2022-10-08,143743540.72,67134717.26,7556090.87,674873.89
2022-10-09,151590405.67,67520798.99,7361692.73,676705.56
2022-10-10,150905438.47,64734168.35,7067608.73,660296.88
2022-10-11,150664816.51,63113363.13,7117498.54,659700.16
2022-10-12,146260621.36,62430222.04,7181983.32,483022.54
2022-10-13,146408643.46,60260635.54,6986280.45,485840.06
2022-10-14,146265428.76,59764701.36,6689051.64,483457.24
2022-10-15,150221338.13,60855541.52,6838127.40,479036.26
2022-10-16,152205195.84,62381439.06,7135007.45,487227.32
2022-10-17,159369291.66,62696504.32,6962153.37,492091.30
2022-10-18,160459976.54,61395108.75,7053843.37,486289.37
2022-10-19,159134510.34,59585893.16,6867585.97,475355.46
2022-10-20,156364296.75,59171687.38,6951837.16,474110.47
2022-10-21,153522068.91,58614408.70,6878798.05,479681.21
2022-10-22,152220662.82,58956586.84,6936891.36,477228.02
2022-10-23,151232335.96,59417190.74,6971057.14,488536.90
2022-10-24,147315495.86,58832430.22,7097161.85,484732.93
2022-10-25,148264209.30,60117255.69,7118218.83,499249.59
2022-10-26,147815621.80,61417955.91,7201071.05,430780.64
2022-10-27,145426200.82,62051780.40,6899158.76,420190.80
2022-10-28,145039336.34,64011570.05,7033460.37,434585.60
2022-10-29,145724015.05,64498086.80,7227330.81,441655.87
2022-10-30,145121582.28,64965726.24,7316331.52,440269.70
2022-10-31,143869643.56,64888917.58,7420735.61,420501.90
2022-11-01,142304253.73,63333946.04,7573656.10,420230.77
2022-11-02,138290031.16,60796863.65,7439912.97,401524.21
2022-11-03,138940704.10,72727257.76,7380474.75,391005.27
2022-11-04,144052702.45,71210606.16,7615360.50,429423.86
2022-11-05,143192045.11,69930650.52,7905078.94,425717.45
2022-11-06,138312961.28,66153272.57,7656224.83,408923.73
2022-11-07,136332550.79,65830560.82,7804164.74,405459.40
2022-11-08,127331034.05,53562320.15,7542122.34,373347.80
2022-11-09,124778768.15,41978168.07,7135553.03,335116.18
2022-11-10,138692762.51,50535252.33,7529082.93,363434.45
2022-11-11,133073780.55,47512548.81,7757760.01,359915.38
2022-11-12,126486227.38,45020293.01,7306555.71,352601.69
2022-11-13,124882444.18,44343091.11,7507537.85,345204.59
2022-11-14,126428240.10,46027382.15,7678768.18,345943.99
2022-11-15,127471425.87,47100338.74,7354796.95,365964.28
2022-11-16,123816134.92,45821041.82,7309600.96,446717.78
2022-11-17,123098734.43,45388859.34,7072047.33,465623.32
2022-11-18,123468892.98,45028106.32,7099417.00,531018.41
2022-11-19,125343915.28,45529981.84,7393456.05,529731.60
2022-11-20,123465541.18,43038727.81,7255113.43,501564.36
2022-11-21,121663378.50,42196766.62,7304888.71,582366.14
2022-11-22,122953163.88,42882248.00,7177815.24,612894.18
2022-11-23,124113818.08,45002141.48,7369368.46,736172.32
2022-11-24,124748427.03,45325327.56,7390725.47,775275.29
2022-11-25,123651941.10,45385055.61,7176420.70,770346.69
2022-11-26,123536421.93,45901775.32,7245485.08,766791.50
2022-11-27,123351391.99,45267950.68,6858000.57,761817.15
2022-11-28,123600037.53,44040047.03,6964835.70,747468.97
2022-11-29,123741728.32,45653235.32,6864985.90,752530.43
2022-11-30,124865054.52,47191460.69,7188680.71,770133.53
2022-12-01,123698696.59,46436219.27,7166356.53,865158.55
2022-12-02,123804714.47,47397024.20,7320580.75,1043381.98
2022-12-03,123180922.45,46277654.17,6982429.27,1022383.36
2022-12-04,123978060.60,46796796.04,7093581.52,1034412.67
2022-12-05,123177795.49,46200934.36,7128351.46,1171719.59
2022-12-06,121357626.84,47131706.12,7249847.47,1015594.55
2022-12-07,119293029.44,44835938.89,7316074.51,999018.97
2022-12-08,119641347.28,45311583.45,7280652.51,1013033.47
2022-12-09,118983663.97,45616874.16,7474349.64,1006016.46
2022-12-10,119251622.30,46310503.54,7123016.57,1006322.87
2022-12-11,118587040.64,45429548.90,7313720.46,1002076.61
2022-12-12,117490446.46,44592274.67,6969335.99,1001024.15
2022-12-13,118182981.48,45195979.29,6952567.03,1014812.47
2022-12-14,118266297.37,44856584.04,6911782.70,1010276.37
2022-12-15,117278989.73,44850656.52,6981573.41,1298821.13
2022-12-16,113581440.98,38764770.36,6746058.05,1081943.08
2022-12-17,114602412.42,38984305.17,6745854.05,1092348.65
2022-12-18,114646345.49,38690666.87,6837835.32,1070862.89
2022-12-19,112916311.86,36354168.32,6684046.12,1066235.83
2022-12-20,115141588.10,38207314.71,6811963.92,1082683.03
2022-12-21,115158541.49,37674298.83,6624225.58,1086484.44
2022-12-22,114961625.74,38440510.02,7000250.45,1079288.85
2022-12-23,115176994.80,38545265.10,6955062.80,1081865.84
2022-12-24,115033045.08,38700758.88,7003113.79,1084674.00
2022-12-25,115357770.79,38319001.11,6903834.49,1079336.83
2022-12-26,115834998.24,39429069.59,6950210.03,1082273.47
2022-12-27,115075176.10,39259314.40,6853690.46,1069431.12
2022-12-28,113435060.43,38690276.29,7320823.30,1117020.58
2022-12-29,113295058.59,38241791.06,7293980.95,1120097.04
2022-12-30,113388089.57,37933671.72,6965840.09,1121620.52
2022-12-31,112686000.39,38093519.01,7078522.98,1120769.28
2023-01-01,112894462.64,37775205.92,7061048.68,1128395.13
2023-01-02,112567149.20,38604299.34,7323914.26,1131176.56
2023-01-03,111494941.48,39669591.17,7455726.32,1132939.81
2023-01-04,112488410.66,39408554.42,7324135.16,774131.31
2023-01-05,113347635.86,39364681.17,7244141.49,1124216.30
2023-01-06,113860070.82,39805430.87,7233175.69,1122336.24
2023-01-07,114960657.52,40282710.06,7390342.61,1121979.58
2023-01-08,118242792.80,41819650.77,7553498.44,1126461.89
2023-01-09,119862713.79,43744296.81,7251166.12,1130654.29
2023-01-10,121015234.46,44104873.66,7798011.59,1129485.32
2023-01-11,121861609.69,44667645.63,7806546.78,1140301.11
2023-01-12,122546159.79,45853658.05,7536477.69,1102313.20
2023-01-13,125356454.18,48223732.70,7360844.57,1117849.18
2023-01-14,126155552.37,49518544.34,7748867.88,1146770.85
2023-01-15,125782692.04,51709403.11,7745096.94,1134859.29
2023-01-16,125445865.57,51183407.59,7745491.59,1169030.63
2023-01-17,125946326.64,50907753.04,7625325.38,1158376.87
2023-01-18,121483529.15,47307394.98,7531105.82,1098522.39
2023-01-19,123642110.91,48034061.74,7787824.49,1119608.69
2023-01-20,127088304.99,52409440.27,7903888.97,1124136.41
2023-01-21,125956602.76,51358675.94,7802637.54,1124499.43
2023-01-22,126748842.20,52544910.18,7888067.46,1134173.13
2023-01-23,126513820.45,55225178.42,7950582.53,1148460.52
2023-01-24,123656979.28,55512076.39,8173286.93,1127530.74
2023-01-25,123640122.19,56715537.90,8401772.23,1135894.12
2023-01-26,122494147.21,55903044.00,8717473.51,1156201.66
2023-01-27,123368576.59,56300517.64,9036380.25,1159751.72
2023-01-28,122352527.99,57251718.60,9302461.31,1153193.27
2023-01-29,123716314.91,58779237.42,9394362.12,1180939.08
2023-01-30,120511042.62,53651958.18,9450044.55,1146426.53
2023-01-31,121687219.22,54954202.04,10242194.61,1156983.83
2023-02-01,122549070.66,57719578.22,9948106.51,1170371.47
2023-02-02,123938468.74,56929047.47,9314585.61,1167577.74
2023-02-03,125431742.23,58778075.36,9657171.60,1176396.31
2023-02-04,126072185.50,58553155.16,9944701.14,1170509.89
2023-02-05,125459355.30,55403455.30,11550744.59,819910.33
2023-02-06,125387048.89,56771758.53,11200867.83,1141896.69
2023-02-07,131973935.57,65180124.01,11367827.14,1178807.20
2023-02-08,130699164.55,62629116.10,14005491.33,1153619.04
2023-02-09,125621167.22,57831391.84,11109048.36,1117344.95
2023-02-10,125675599.37,57361727.22,12531234.60,1454826.41
2023-02-11,126680898.58,60455858.24,15141510.05,1502413.00
2023-02-12,124054158.94,65362576.60,15212492.06,1481390.71
2023-02-13,131000651.59,60185262.81,18819929.94,1867730.03
2023-02-14,128755743.08,62632261.46,17632146.56,1681993.86
2023-02-15,130101482.96,64922270.79,19368327.63,1694372.67
2023-02-16,125939075.64,60235611.23,17634845.54,1430709.03
2023-02-17,127577324.42,65508324.30,18410965.69,1481072.15
2023-02-18,127908097.80,66080293.15,18705950.46,1484270.16
2023-02-19,128567069.00,66096526.53,19035881.08,1593847.79
2023-02-20,130593432.18,67887407.32,18422055.19,2000690.89
2023-02-21,131904138.83,67150966.79,18243261.29,1829352.44
2023-02-22,129961484.19,65218608.58,17695051.67,1878627.06
2023-02-23,128872780.54,65126699.67,16137635.18,1964773.15
2023-02-24,125599093.53,60166284.00,15216163.65,1339712.14
2023-02-25,125666064.16,58079198.07,14917011.62,1459013.47
2023-02-26,130528309.49,60617878.21,15335345.14,1539337.49
2023-02-27,130862810.66,60522503.57,14862888.25,1653956.98
2023-02-28,130892654.76,58148537.15,17660674.64,2175238.39
2023-03-01,140404634.80,61188169.38,18006439.46,2016359.51
2023-03-02,137180889.36,59360939.68,16675139.12,1950886.70
2023-03-03,137555969.57,54357054.16,15228840.72,1666512.71
2023-03-04,135531780.32,52679674.12,16847730.26,1632481.13
2023-03-05,141993266.76,52692056.68,16361442.61,1772554.55
2023-03-06,138034626.31,53927071.12,18459732.85,1754571.19
2023-03-07,138772717.27,53133814.29,17150484.23,2137581.17
2023-03-08,135483551.07,49205326.46,17415625.27,1983996.01
2023-03-09,131393860.51,46335601.69,18029183.49,2011791.89
2023-03-10,129881902.15,47028425.70,14707229.46,2022312.45
2023-03-11,122404480.11,47186405.30,15765993.70,2030314.16
2023-03-12,136533269.53,50729498.76,16040650.06,2067065.49
2023-03-13,136377867.00,53503814.13,19882104.20,2375487.52
2023-03-14,132910373.22,55201793.42,16087060.69,921876.49
2023-03-15,124882052.72,50355630.94,17857155.68,922115.02
2023-03-16,122428831.70,50829024.32,17324067.85,941190.56
2023-03-17,123940148.22,54989194.73,18008799.13,973206.50
2023-03-18,120696336.46,53387698.03,19366210.53,910795.19
2023-03-19,120736508.91,54613272.57,17495870.12,896783.22
2023-03-20,119456819.89,51868847.96,21431038.63,839824.52
2023-03-21,121114853.13,53777205.67,22802343.97,880804.75
2023-03-22,119766969.46,50712693.25,23220036.53,732463.58
2023-03-23,120225629.74,53244722.41,20767527.67,745379.40
2023-03-24,119486274.76,51173383.81,21561410.76,724596.51
2023-03-25,119135684.13,50611234.83,23325495.16,714140.11
2023-03-26,119761456.74,51428450.09,22099375.20,721814.61
2023-03-27,120106995.40,48905719.90,22447187.06,776235.56
2023-03-28,119151595.57,49136032.21,22781292.92,771819.61
2023-03-29,120449986.69,53335613.13,22725246.46,1192148.94
2023-03-30,119479036.77,52823815.30,22959550.37,1201964.76
2023-03-31,119751327.28,53881171.55,22457018.41,1210440.95
2023-04-01,120256408.69,54462679.31,22518453.08,1257462.00
2023-04-02,118172086.78,53475555.18,22101600.52,1230488.05
2023-04-03,118374311.92,54482483.39,22683068.42,1245896.29
2023-04-04,118771136.27,58122581.98,23572488.07,1324597.14
2023-04-05,119401200.05,56922107.34,23464507.33,1328216.54
2023-04-06,120274430.05,58117312.63,23444017.70,1325883.73
2023-04-07,118251341.46,57181414.74,24424516.52,1305917.78
2023-04-08,117665051.10,56862661.91,24046487.75,1258063.75
2023-04-09,118967267.30,57641957.12,24519714.58,1254414.19
2023-04-10,120331108.93,58906522.74,24492852.60,1260107.76
2023-04-11,120388359.65,58046440.24,23934618.29,1236718.07
2023-04-12,120371516.34,57624066.51,42092438.27,1207175.91
2023-04-13,122027315.20,58401722.69,42572744.44,1241950.93
2023-04-14,124170821.49,60086106.43,44602394.07,1292493.97
2023-04-15,124353384.14,61970945.68,44653990.31,1284361.43
2023-04-16,125905683.66,62169406.39,44212352.11,1307669.22
2023-04-17,124930219.54,59687717.15,43845318.12,1296555.12
2023-04-18,125520620.01,61764867.54,38241090.94,1311189.09
2023-04-19,120086471.90,55013668.68,37443210.05,1147302.39
2023-04-20,120209455.78,53246279.78,38068585.93,1151967.55
2023-04-21,117718203.42,50827849.45,37960537.14,1086055.35
2023-04-22,118735264.38,51999022.47,37897578.82,1083714.54
2023-04-23,117964620.14,50593699.76,38127709.54,1048441.80
2023-04-24,119285466.43,51277319.91,38261804.96,1142176.08
2023-04-25,119387873.63,52166148.27,38324230.34,1157912.63
2023-04-26,118584183.99,51068945.68,38303424.83,1143524.93
2023-04-27,119658187.60,51882706.75,38278429.82,1168271.24
2023-04-28,119034728.74,51166171.86,38237748.22,1177512.97
2023-04-29,119940741.36,53040619.71,38285436.38,1173325.94
2023-04-30,117683500.14,50855991.28,37995054.46,1140926.84
2023-05-01,118443459.19,49464446.90,37855103.56,1105522.19
2023-05-02,118515418.12,50114029.91,37617091.23,1108495.71
2023-05-03,118221113.42,50789877.99,37765676.77,1122615.68
2023-05-04,117538468.20,49480890.93,36968832.34,1109949.99
2023-05-05,120092005.11,51484420.25,37452424.65,1138897.29
2023-05-06,117455538.17,48601128.83,37053722.58,1036461.76
2023-05-07,117254225.13,47377212.29,35955423.17,1026524.42
2023-05-08,116304445.40,43251842.05,36295845.11,925768.80
2023-05-09,116106388.77,43212769.64,36174287.70,1319219.97
2023-05-10,115228715.97,43878487.29,36784382.67,1326149.96
2023-05-11,112668588.12,40766819.45,35829765.86,1297549.68
2023-05-12,113975286.65,42078437.23,35875128.62,1304581.49
2023-05-13,113275090.84,41325286.24,35796977.33,1293761.59
2023-05-14,112784578.27,41783705.35,35724712.29,1298608.17
2023-05-15,113595585.95,42831349.40,35394404.71,1327072.92
2023-05-16,113429301.78,44229436.38,36303949.56,1351251.39
2023-05-17,113907908.91,45282890.75,36012207.84,1211983.99
2023-05-18,112606254.00,43945534.86,35420249.13,1191487.29
2023-05-19,112978357.36,44396205.89,35528700.76,1188884.70
2023-05-20,112763332.78,44822253.69,35439510.22,1188709.94
2023-05-21,112449612.98,43828566.42,35406769.16,1172072.45
2023-05-22,112882183.87,43680606.18,35527881.94,920922.04
2023-05-23,113068559.59,44283578.59,35303834.53,1048321.60
2023-05-24,111856016.16,41911665.08,35091185.02,998844.92
2023-05-25,112231953.52,42374741.73,34956193.87,882073.44
2023-05-26,112471153.46,43050222.13,35007097.26,897517.10
2023-05-27,112780310.83,42891950.10,34975059.12,882294.23
2023-05-28,114451115.26,45279346.68,35372616.14,916077.25
2023-05-29,113127314.71,44931262.54,35294344.15,902190.46
2023-05-30,111525970.60,45934323.22,35034902.95,896451.22
2023-05-31,111106597.67,44739585.57,34325609.59,870494.18
2023-06-01,110948872.24,44852173.69,34623099.41,861974.62
2023-06-02,112953855.80,45877541.17,34693175.16,884135.24
2023-06-03,113352135.93,45345180.45,34678925.35,880438.17
2023-06-04,114092160.98,45166081.01,33926327.76,883777.30
2023-06-05,111845106.38,40452492.69,33733899.72,817773.49
2023-06-06,112149924.72,41578202.69,34054179.67,842151.82
2023-06-07,110175758.08,38524645.76,34007608.19,805652.75
2023-06-08,110413677.51,38973093.12,34029583.30,806212.36
2023-06-09,110809097.96,38525680.94,34157958.38,799720.48
2023-06-10,110765422.31,31978743.04,33970187.94,721424.63
2023-06-11,109518769.40,32614284.47,34717068.78,721218.43
2023-06-12,110492326.12,33743722.59,34936451.97,731465.18
2023-06-13,110947817.54,34295114.80,35091737.53,727833.06
2023-06-14,111084567.34,32598757.59,34927400.48,948649.86
2023-06-15,112333953.82,33467627.91,35428256.50,953895.87
2023-06-16,114776075.64,33971853.52,35141788.72,970336.72
2023-06-17,114399561.15,34325184.78,35227923.13,976945.78
2023-06-18,114468020.86,34031889.93,35327193.27,962154.03
2023-06-19,116135825.57,34772543.13,35333546.85,968446.33
2023-06-20,117596415.77,35597906.64,35663089.38,987713.30
2023-06-21,119373929.79,37665864.02,35493946.34,1033394.95
2023-06-22,118824054.89,37773012.07,35410192.08,1011934.37
2023-06-23,118542900.37,38825383.94,35160877.83,1293698.23
2023-06-24,115488317.15,38640626.82,35140161.24,1281527.49
2023-06-25,117418038.80,39083047.22,35262594.68,1299708.65
2023-06-26,116050419.90,37322491.52,35194125.52,1270899.77
2023-06-27,116250913.88,38249245.53,35319328.58,1284703.46
2023-06-28,115453960.88,35999420.08,35214943.71,1251307.26
2023-06-29,116468454.00,36461353.74,35225740.95,1257967.79
2023-06-30,125970567.87,38155515.87,35250561.17,1300404.50
2023-07-01,126550174.24,38451762.74,35091824.48,1296332.85
2023-07-02,127745739.42,38744722.10,35236249.33,1301136.37
2023-07-03,134838377.83,39789014.58,35271178.02,1314134.28
2023-07-04,134830071.00,40145965.71,35323983.90,1300352.17
2023-07-05,130357406.07,39261173.30,35240723.89,1021318.42
2023-07-06,133203971.24,38789635.67,35296941.10,991518.60
2023-07-07,131581414.51,38704804.55,35677483.59,994245.69
2023-07-08,131346648.72,39362470.52,35796598.52,992617.81
2023-07-09,133552925.77,38359820.74,35839719.73,989421.95
2023-07-10,130591201.07,37524477.33,35950079.73,996076.80
2023-07-11,129504761.02,37272857.59,36001944.85,1009030.11
2023-07-12,128792257.30,36741177.22,36063559.59,1057824.97
2023-07-13,130321790.92,39545132.88,36116807.86,1211656.07
2023-07-14,126492957.90,38364655.29,36082274.91,1153464.92
2023-07-15,127799202.92,38312999.08,36079307.97,1111075.42
2023-07-16,133338777.60,36902234.43,35832873.69,1102105.95
2023-07-17,131388170.56,37382894.96,35820619.23,1097343.39
2023-07-18,130062096.74,35509744.34,36176054.43,1077051.41
2023-07-19,133989376.37,35122446.62,35996490.15,1058219.79
2023-07-20,137209969.55,35510055.87,35468117.90,1042681.28
2023-07-21,141177980.10,35580909.22,35439519.22,1037732.41
2023-07-22,141691614.95,34680451.16,34992856.83,1028422.90
2023-07-23,140725237.60,55234057.43,35158038.14,1036507.16
2023-07-24,139381831.33,41488578.57,34880398.75,1015490.50
2023-07-25,143274449.82,35734007.01,34878912.12,1012202.90
2023-07-26,145831068.10,41340372.28,35347987.63,1010208.87
2023-07-27,145104262.66,40168414.59,35101494.51,1016377.65
2023-07-28,146255849.10,42650590.05,35030274.16,1050649.82
2023-07-29,153396883.27,42997337.89,35254294.23,1042443.46
2023-07-30,150998669.71,40649129.13,34918325.96,1033078.96
2023-07-31,149133512.18,40841808.17,34850801.30,1018500.80
2023-08-01,156771696.66,40835034.08,53996922.03,1014558.04
2023-08-02,153736383.15,41823611.38,53443272.80,998532.08
2023-08-03,155405639.21,39613878.61,52582974.09,996447.02
2023-08-04,155289522.94,39111588.18,51206566.24,989487.37
2023-08-05,151780743.49,37974850.39,50541521.97,992803.86
2023-08-06,148228382.03,38144948.04,50621045.60,1002517.97
2023-08-07,147654473.92,37326478.75,50093665.08,992160.39
2023-08-08,147552935.25,37643658.68,48148204.40,979173.34
2023-08-09,147160924.30,37175382.46,48499371.89,976709.52
2023-08-10,149941582.41,37081091.18,48564082.75,1077496.86
2023-08-11,150111435.09,36931452.58,28631025.10,1326087.89
2023-08-12,148407361.77,37791199.74,28397434.48,1318097.94
2023-08-13,149517093.09,36991449.84,28365554.29,1319971.97
2023-08-14,149684349.43,37117206.38,27878031.35,1320765.82
2023-08-15,148305886.61,34264834.44,15422852.01,1296074.99
2023-08-16,140787405.18,32847480.67,15386517.27,1272785.56
2023-08-17,137841107.65,29386483.46,15549202.47,1209462.82
2023-08-18,136839073.25,30578850.07,15496792.32,1198803.48
2023-08-19,138538740.06,31627532.67,15400061.91,1206104.74
2023-08-20,139014755.50,31232181.29,15163481.76,1212598.55
2023-08-21,137980382.84,30924234.37,15242368.23,1204695.67
2023-08-22,133504217.54,30662973.67,15078623.23,1195866.44
2023-08-23,135909159.70,31544290.45,15649782.63,1220715.27
2023-08-24,132265791.82,30693407.87,15634308.82,1207503.27
2023-08-25,130752686.61,30087259.54,15538827.14,1199930.23
2023-08-26,140121798.03,29699025.77,15860316.48,1190330.27
2023-08-27,142602045.53,29412709.06,15925815.48,1195689.30
2023-08-28,139474573.43,29425805.28,16018046.50,1193180.81
2023-08-29,140835741.45,31224720.99,15997876.30,1234458.65
2023-08-30,140545726.55,31024906.57,15895650.68,1219759.29
2023-08-31,148283979.11,29658460.29,15872451.15,1191521.72
2023-09-01,146837840.87,28936214.59,15431891.32,1179062.73
2023-09-02,146318524.74,28510240.22,15238586.65,1185872.79
2023-09-03,144579865.63,28497988.11,15443403.12,1184727.09
2023-09-04,144271901.00,29348083.89,15195521.69,1189400.07
2023-09-05,145534529.78,29894151.25,15202556.14,1195378.37
2023-09-06,145619328.25,30780519.34,15387139.63,1204261.95
2023-09-07,146227790.27,31196468.31,15407891.22,1209322.31
2023-09-08,146547188.56,39613712.03,15069421.66,1255829.45
2023-09-09,147848996.90,36550075.38,15031053.24,1244977.62
2023-09-10,146919217.02,34952241.88,14934536.17,1224233.52
2023-09-11,144082014.36,34771855.05,15015335.65,1193558.91
2023-09-12,146873686.47,34207824.68,15174356.45,1213395.47
2023-09-13,149681781.60,33547475.00,15136889.10,1221755.06
2023-09-14,150056017.11,36926512.14,15054616.14,1229073.41
2023-09-15,158417251.35,36862569.96,15061062.37,1238818.93
2023-09-16,157735623.57,36425405.70,15078884.38,1242784.81
2023-09-17,156288813.08,34113109.96,15019468.64,1226914.20
2023-09-18,155587649.76,36317701.84,14730951.62,1232932.86
2023-09-19,159312059.34,37551348.30,14814719.41,1239581.57
2023-09-20,162963542.31,37641633.63,14799234.61,1241998.74
2023-09-21,160160153.20,35593443.40,14685081.19,1220362.96
2023-09-22,157757259.83,35798499.42,14789730.89,1221716.11
2023-09-23,158260967.06,35289907.97,14776035.52,1217977.43
2023-09-24,157273655.26,34171961.62,14718580.98,1207596.61
2023-09-25,160523441.92,35385814.02,14712607.29,1220307.28
2023-09-26,169079394.16,34451854.77,15230532.31,1236740.18
2023-09-27,174517138.60,34335802.85,15154473.79,1244177.75
2023-09-28,175928444.81,35328159.48,15389366.97,1266977.78
2023-09-29,171186745.63,40610616.36,15216647.07,1275769.97
2023-09-30,177387875.47,55773945.26,15244379.28,1276925.14
2023-10-01,173219884.79,53901904.78,15281124.23,1338799.85
2023-10-02,170956820.66,54104928.44,15244678.16,1321215.52
2023-10-03,169120293.49,48409476.71,15195631.95,1470201.72
2023-10-04,171964160.62,47217530.00,15129625.63,1494872.00
2023-10-05,173723176.62,44863442.75,15046523.75,1492334.64
2023-10-06,170983775.80,49910907.29,15213431.56,988022.26
2023-10-07,168187235.89,46963218.75,15087679.95,982506.79
2023-10-08,167718701.47,46159169.24,15115490.20,991630.55
2023-10-09,165637099.90,47774677.62,15005683.52,1032078.89
2023-10-10,167395287.04,45302856.91,15077732.52,1039466.93
2023-10-11,173719344.41,45198793.13,15014143.02,1040509.21
2023-10-12,171285146.79,45285321.59,14901790.67,1032240.03
2023-10-13,174334492.94,44803997.64,14958397.49,1327476.00
2023-10-14,173338281.59,44904681.85,14954907.42,1380247.90
2023-10-15,173889683.72,45403472.70,15169525.04,1452041.84
2023-10-16,173160585.59,46494016.36,15311729.92,1465781.08
2023-10-17,170802688.31,44566742.70,15553914.99,1455193.99
2023-10-18,171429101.08,42298731.01,15688108.23,1416530.27
2023-10-19,172428430.33,41655035.66,15614401.03,1404816.08
2023-10-20,174123419.91,42441646.94,15407394.90,1364004.83
2023-10-21,174108008.64,43285268.14,15472155.24,1371411.93
2023-10-22,175362025.12,43271166.33,15547131.25,1380431.92
2023-10-23,185314512.83,45006129.24,15806653.21,1493612.70
2023-10-24,179842672.65,45069648.63,15684277.04,1511298.74
2023-10-25,178197985.47,46221650.37,15671514.26,1709617.76
2023-10-26,177295865.27,45468568.26,15898728.02,1896492.72
2023-10-27,174670178.65,44624514.29,15935394.30,1490846.78
2023-10-28,178542869.18,45745275.08,15866371.63,1473125.75
2023-10-29,177306410.85,46744298.19,15993793.95,1469191.67
2023-10-30,174390419.57,25045204.76,16113449.79,1510171.79
2023-10-31,172163580.35,24440305.92,16099896.69,1458730.41
2023-11-01,169968035.82,25407032.08,16142881.67,1462204.50
2023-11-02,166812791.17,24499236.98,15981749.70,1428487.72
2023-11-03,169187387.92,24565660.94,15979332.94,1493077.47
2023-11-04,170818482.18,25279248.67,16288901.18,1518672.17
2023-11-05,169976826.76,25277829.48,16491193.44,1565049.85
2023-11-06,172236150.03,26489443.34,16402974.33,1390271.59
2023-11-07,169172172.31,26614177.18,16397668.19,1367283.69
2023-11-08,170970920.16,27671663.07,16412038.94,1368692.35
2023-11-09,176467192.41,27903617.39,16749787.49,1411382.10
2023-11-10,173025591.77,28163313.85,16732187.14,1417602.85
2023-11-11,170241688.23,27325183.51,16619249.33,1396858.38
2023-11-12,170145341.22,27410663.70,16572709.78,1420068.06
2023-11-13,177322977.25,26299093.86,16706533.17,1384826.51
2023-11-14,177233376.79,26013186.45,16580343.00,1365073.01
2023-11-15,179976825.13,27444063.83,16882607.47,1408815.90
2023-11-16,188098319.28,25746239.16,16401867.11,1374402.69
2023-11-17,190622041.72,25871579.27,16442658.78,1380929.08
2023-11-18,190837513.67,25480260.58,16527800.10,1376005.27
2023-11-19,192712675.23,26241928.17,16573219.30,1396292.17
2023-11-20,194304110.25,25673326.37,16594310.78,1398292.83
2023-11-21,189068699.46,23480711.59,16260327.96,1305669.97
2023-11-22,196027321.67,24834763.18,16186763.37,1375482.31
2023-11-23,196463644.16,24685411.09,16105527.34,1369545.74
2023-11-24,194999292.73,25568183.04,16191544.27,1398956.35
2023-11-25,194841287.06,27495471.35,16111918.01,1394805.87
2023-11-26,197689823.21,28096905.28,16145567.44,1386328.85
2023-11-27,196967857.55,27484184.08,16180454.20,1353556.36
2023-11-28,197375266.22,27359116.70,16289873.15,1401285.79
2023-11-29,200437941.66,26888331.32,15991963.51,1401221.95
2023-11-30,203724389.71,27313486.81,16001454.71,1389813.60
2023-12-01,204576545.10,27424340.87,16092958.10,1401275.48
2023-12-02,204310824.81,27938077.09,16210953.93,1441053.40
2023-12-03,202768298.90,27364741.14,16184703.31,1484925.35
2023-12-04,199302289.71,28374361.26,16047741.10,1484973.78
2023-12-05,200767609.24,29243065.98,16051107.42,1483770.69
2023-12-06,196400510.95,28553203.21,15860576.62,1444929.00
2023-12-07,197534826.30,28990499.45,16010809.55,1494933.70
2023-12-08,197800233.66,29948468.79,16093164.31,1509560.55
2023-12-09,196370550.65,29852553.68,15793994.46,1473799.10
2023-12-10,195488583.45,29493042.71,15678211.71,1481035.40
2023-12-11,193475610.48,27093524.54,15320807.61,1399521.10
2023-12-12,191293400.83,28189196.53,15410141.68,1389156.10
2023-12-13,191851560.50,28401886.01,15572731.89,1394933.87
2023-12-14,191303877.63,29220095.33,15808141.61,1417614.32
2023-12-15,186970509.99,30128781.62,15601084.03,1361070.77
2023-12-16,190671939.68,31343486.70,15592255.37,1399055.52
2023-12-17,190529463.76,28917277.77,15676626.24,1369666.63
2023-12-18,188471660.04,29246752.93,15840691.49,1373280.57
2023-12-19,188322241.17,28650398.27,15878113.46,1023413.60
2023-12-20,188710421.78,30791948.11,15846682.71,1033632.99
2023-12-21,192070245.70,30545543.14,15934167.78,1047901.95
2023-12-22,197254337.89,31426167.88,16247944.99,1076527.72
2023-12-23,197046812.13,31927459.73,16253681.94,1079349.88
2023-12-24,198306662.26,32077897.23,16045017.86,1057257.20
2023-12-25,199178661.89,34191172.69,15620151.65,1074755.97
2023-12-26,199423458.66,31722624.69,15708567.31,1077045.98
2023-12-27,208930284.01,33083770.60,16212252.30,1116421.84
2023-12-28,211035740.17,31136147.60,15956160.31,1096101.93
2023-12-29,209781002.86,30653137.81,15880981.41,1788574.26
2023-12-30,214317224.69,29961527.24,15831865.23,1780510.01
2023-12-31,220321261.39,29515865.91,15878233.66,1768803.56
2024-01-01,217200443.91,31264796.18,15961937.97,1798373.82
2024-01-02,231239119.34,32428646.35,15951427.34,1791297.54
2024-01-03,229147872.15,33874367.70,16502766.10,1686168.64
2024-01-04,226993030.54,35536467.83,16973484.35,1708043.19
2024-01-05,226305594.33,33065233.62,16732483.30,1709586.32
2024-01-06,223104759.36,33467725.37,16750515.14,1695492.47
2024-01-07,226609111.90,32237253.44,16647283.24,1687856.86
2024-01-08,234406192.03,35208555.36,16546042.71,1738312.93
2024-01-09,236743040.61,33615287.59,16535919.03,1733983.24
2024-01-10,251499304.24,35748112.26,16725602.79,1826609.01
2024-01-11,260871717.20,39192989.28,16722570.13,1843834.09
2024-01-12,251547442.23,37410527.64,16373014.78,1781659.69
2024-01-13,255785931.37,36251192.18,16526792.98,1791875.73
2024-01-14,244073819.70,34240354.93,16151469.34,1750126.49
2024-01-15,242896940.74,35798658.51,16604835.30,1755170.50
2024-01-16,243528290.63,36214059.85,16834347.28,1685444.99
2024-01-17,243595106.00,34692868.24,16537632.65,1666721.81
2024-01-18,243980908.94,32998441.16,16368663.68,1626312.52
2024-01-19,242409844.22,32487320.65,16368689.61,1617659.86
2024-01-20,245159396.55,33951877.96,16346076.83,1624260.15
2024-01-21,246832971.87,35187640.50,16143845.06,1617312.76
2024-01-22,241906577.38,32969112.56,15825022.31,1564630.00
2024-01-23,241859802.11,31596536.91,15704198.34,1542603.45
2024-01-24,256072140.97,32151850.31,15758571.69,1551299.92
2024-01-25,254056297.22,31580051.72,16184578.28,1481845.88
2024-01-26,252493004.39,33955574.62,16402266.90,1508568.98
2024-01-27,247859198.70,33955484.59,16364716.32,1517227.82
2024-01-28,244307253.57,35229394.01,16246251.57,1506672.18
2024-01-29,246761907.61,36688231.51,16590020.66,1537503.27
2024-01-30,250342543.83,34324994.94,16743092.26,1540101.72
2024-01-31,245369963.46,32778917.39,16542422.99,1486390.19
2024-02-01,247324053.57,33025322.68,16707817.02,1493317.48
2024-02-02,245948897.66,33816676.49,16675987.81,1502079.47
2024-02-03,249579769.54,33526564.88,16790976.91,1495039.58
2024-02-04,248235521.02,32889391.58,16538365.24,1486943.19
2024-02-05,245865315.59,32829648.23,16509785.12,1491434.61
2024-02-06,246695207.38,33092717.94,16334567.06,1522306.27
2024-02-07,246504804.01,33161750.87,16472760.66,1538608.79
2024-02-08,245342568.38,32618675.12,16442821.48,1547076.15
2024-02-09,249325345.74,33523048.37,16584155.06,1573563.84
2024-02-10,252036224.80,33551539.13,16866960.17,1584129.97
2024-02-11,253419055.03,33006415.37,16752332.12,1576949.24
2024-02-12,258135993.88,34219072.39,17171010.44,1624032.51
2024-02-13,257415014.46,33594967.64,16642357.72,1614146.95
2024-02-14,260373321.22,35086872.56,16784557.69,1661456.26
2024-02-15,260290791.22,35725950.01,17103298.89,1669515.37
2024-02-16,259804665.54,35658670.60,17086032.25,1662663.15
2024-02-17,263328224.78,34910284.66,16915207.02,1659925.18
2024-02-18,267071817.72,34916681.77,16902385.51,1686661.53
2024-02-19,267985046.77,36743373.55,16963501.90,1708861.77
2024-02-20,266306489.71,36894610.24,17214596.39,1725380.52
2024-02-21,259567824.94,35468539.96,17531357.07,1451681.07
2024-02-22,270191199.70,35968409.89,17735398.13,1446850.76
2024-02-23,266425171.34,35247792.28,18094932.78,1433684.19
2024-02-24,270706152.63,36225423.45,18256062.88,1458682.04
2024-02-25,272070820.19,36951830.07,18641776.01,1486651.64
2024-02-26,276861470.16,37877799.92,19006396.66,1506845.79
2024-02-27,281868234.85,38236442.55,19659247.84,1527936.40
2024-02-28,283853124.06,40083258.77,20109253.28,1569526.14
2024-02-29,277971017.05,40854288.89,19583763.07,1421339.54
2024-03-01,279655564.12,43415710.88,19307207.43,1457433.82
2024-03-02,280911610.33,45076082.74,19415808.46,1459581.09
2024-03-03,278055499.86,45413657.09,19491046.16,1471223.58
2024-03-04,278703766.74,44298686.52,20112692.29,1526027.11
2024-03-05,270974383.83,39872097.43,20038324.68,1471478.66
2024-03-06,278487902.21,44217575.31,20603003.81,1555570.14
2024-03-07,281309152.64,46597017.82,20632225.20,1584699.48
2024-03-08,281342836.82,45698432.23,20952923.09,1594159.94
2024-03-09,307203115.27,47820194.10,20980882.99,1623461.98
2024-03-10,337261357.70,47727864.09,20650468.31,1584158.86
2024-03-11,321590143.51,48123300.04,20363246.49,1639331.51
2024-03-12,324553131.29,52233958.17,20342615.12,1617361.68
2024-03-13,345463770.98,51108167.33,20132777.72,1640794.67
2024-03-14,345980284.65,49388068.72,19911972.60,1587470.25
2024-03-15,339816087.37,46524282.57,19166079.02,1536182.39
2024-03-16,342203958.06,42338714.22,18668345.37,1433222.97
2024-03-17,374516488.94,43813967.68,18921661.99,1476156.13
2024-03-18,355220902.48,41757176.05,18482971.33,1425925.92
2024-03-19,334566641.92,38068741.75,17550653.43,1299516.53
2024-03-20,355394500.64,41642181.11,17889176.52,1420849.02
2024-03-21,379406250.07,42416605.38,18072782.86,1421427.12
2024-03-22,361530728.11,40922444.28,18278517.75,1365032.02
2024-03-23,356386686.91,41453560.92,18083740.48,1367092.60
2024-03-24,363249138.21,43051157.04,18395237.21,1405843.76
2024-03-25,373838985.24,45574593.15,18690400.68,1140672.71
2024-03-26,368658116.31,46517576.88,25723730.65,1138202.77
2024-03-27,373189284.80,44479122.20,25222823.09,1114883.03
2024-03-28,398422365.03,44907810.98,34695765.15,1133913.90
2024-03-29,402697621.09,47715154.99,34034364.26,1121295.41
2024-03-30,407776763.41,45813948.33,28089627.29,1119328.70
2024-03-31,422094330.33,46390580.96,28384875.15,1155017.92
2024-04-01,408892550.47,45062798.95,25553890.27,1120012.24