Date,Instadapp,Tornado_Cash,DeFi_Saver,Toucan_Protocol,Impossible_Finance
11/3/2021,12736406181,972316811,944702912,121536794.3,43800464.87
11/4/2021,12707663001,950166116.8,944702912,126218928.7,41132368.11
11/5/2021,12624774986,936208432.4,944702912,129912790.8,47274878.34
11/6/2021,12167766418,914581774.4,944702912,126070707.3,46120642.38
11/7/2021,12522698747,902772018.2,944702912,134743757.5,52192495.34
11/8/2021,12522698747,922188830.9,944702912,137760871.7,56891072.37
11/9/2021,12522698747,905608757.7,944702912,141028056.4,59854183.48
11/10/2021,12527786784,882230821.5,944702912,142459987.3,63395739.62
11/11/2021,12865075516,890501201.8,944702912,141105307.8,63280112.91
11/12/2021,12830252348,872136856.4,944702912,141902599.5,63001436.23
11/13/2021,12736406181,859939797.7,944702912,150132907.4,59980706.96
11/14/2021,12707663001,851559351.5,944702912,152258344,53591517.68
11/15/2021,12624774986,855453673.2,944702912,150928192.8,49553006.52
11/16/2021,12809317079,791233153.8,944702912,146300180.7,41384134.13
11/17/2021,12235194214,784851600.6,944702912,149377519.8,44652713.63
11/18/2021,12136019233,742003441.6,944702912,154477367.9,42425642.38
11/19/2021,11900194696,779235212.7,944702912,171814566.9,49573832
11/20/2021,11831204823,795557276.2,944702912,182390886.9,48330999.94
11/21/2021,12235194215,766397817.3,944702912,179633797.8,53441846.43
11/22/2021,12136019234,730138657.7,944702912,184287760.4,61445576.73
11/23/2021,11900194697,778630728.7,944702912,192354162.2,60587611.57
11/24/2021,11664370160,750442114.5,944702912,196780190.9,64007298.01
11/25/2021,12077931790,780489933.7,944702912,211001032.6,72749138.21
11/26/2021,11831204824,694175460.6,944702912,203922027.7,77665125.42
11/27/2021,12522698747,700743792.9,944702912,213144086.9,77555010.58
11/28/2021,12077931791,732112749.4,944702912,206731813.4,71790474.9
11/29/2021,12167766419,753372922.2,944702912,224700490.5,72969723.82
11/30/2021,12069398987,765979647.4,944702912,204486735.5,76960574.29
12/1/2021,12522698748,750486271.9,944702912,198720568.4,75062206.42
12/2/2021,12865075516,725629391.4,944702912,186087537.9,70830357.92
12/3/2021,12830252348,661315926.5,944702912,175818623.2,71947775.1
12/4/2021,12527786785,647042107.3,944702912,191489775.3,61628475.39
12/5/2021,12865075517,815842151.5,944702912,197184036.3,59595822.15
12/6/2021,12830252349,860547629.4,944702912,187851237.5,54960285.82
12/7/2021,12736406182,842923075.2,944702912,185136929,65143164.43
12/8/2021,12707663002,859375581.2,944702912,182783513.1,68239317.31
12/9/2021,12624774987,805070666.7,944702912,161761838.5,60642341.65
12/10/2021,12809317080,752213788.6,944702912,156374750.1,53349745.14
12/11/2021,12235194215,753062288.5,944702912,166455928.1,53395489.01
12/12/2021,12136019234,704076766.9,944702912,191801188.3,56199122.09
12/13/2021,12527786783,636558569,944702912,175414954.8,51032293.33
12/14/2021,12865075515,653253899.3,944702912,174610812.6,47751956.13
12/15/2021,12830252347,665775393.5,944702912,167404218,47094790.99
12/16/2021,12865075515,661983262.2,944702912,171038635,46160923.24
12/17/2021,12830252347,664173313.1,944702912,158123336,43534392.83
12/18/2021,12527786784,676085169.8,944702912,159860258.3,42350342.93
12/19/2021,12865075516,665438280.8,944702912,168962133.5,43138410.85
12/20/2021,12830252348,665814528.1,697761366,162705319.5,38781883.41
12/21/2021,12830252348,676235914.5,699337314,165326718.3,40695235.99
12/22/2021,12527786785,671808455.3,712172565,185973138.9,42372986.52
12/23/2021,12899898685,688860777.6,708792708,198895988.3,50524409.56
12/24/2021,12865075517,677654206.3,734443112,206463027.6,48551467.86
12/25/2021,12830252349,683334582.2,726621505,214573928.6,46223542.61
12/26/2021,12795429181,682788358.7,729990601,228483156.5,46920482.72
12/27/2021,11175543551,683013871.9,724997451,215435637.9,47172844.87
12/28/2021,11210199510,642608092.6,695496748,226461357.3,45092685.28
12/29/2021,10860664665,611705878.3,677423950,226458371.2,43650650.4
12/30/2021,10743061044,625993996,651010940,236910648.5,46777859.95
12/31/2021,10765482513,620751229.6,658973449,227221299.9,44455896.46
1/1/2022,10719067596,635084808.6,660450013,219908310.3,46403096.78
1/2/2022,10799755667,649553813,665411610,196107204.3,45521718.79
1/3/2022,10862879520,637023335.2,674980622,218255691.7,42341145.7
1/4/2022,10286638828,645565711.7,662761090,211138602.8,44600936.29
1/5/2022,9756906984,605235197.6,689935429,192069409.6,41398636.15
1/6/2022,10391884880,583785866.5,634315135,182767637.4,39081819.28
1/7/2022,10444223690,541314867.3,602915498,190029023.6,33792377.28
1/8/2022,10421413792,525699175.6,595001945,194785695.7,34667062.65
1/9/2022,10356565120,535639053.4,569328389,190437911.2,34263412.14
1/10/2022,10267140004,514180045.7,579569767,184131387.5,31499492.55
1/11/2022,10021447751,542111867.3,555825468,183843377.5,13590750.27
1/12/2022,10173615008,556112594.5,583091441,215280109.8,9110081.67
1/13/2022,10318614934,528432802.3,600718141,206863038.5,6777514.87
1/14/2022,10391884881,539684379.9,590831560,205676910.2,6060939.05
1/15/2022,10444223691,545481558.1,594062875,208365162.1,5081392.47
1/16/2022,10421413793,552436873,598209398,201616289.5,5318299.14
1/17/2022,10356565121,530036527.9,596998494,186789585.8,4695260.9
1/18/2022,10267140005,533022619.6,579299729,181175629,4707965.25
1/19/2022,7017144322,521787487.4,564656528,187735761.2,4269129.27
1/20/2022,6859216560,512119336.6,555968732,190178083.4,4183888.29
1/21/2022,6701288798,444035802.4,517330215,179046514.5,3308580.23
1/22/2022,6543361036,412935120.5,408649969,164788093.6,3187006.09
1/23/2022,6385433274,436672932.7,369242622,179033486.2,2891893.52
1/24/2022,6227505512,416417467.6,369899567,187396906.6,2497866.02
1/25/2022,6369577750,419043961.6,334917463,186101940.5,2766788.71
1/26/2022,6371649988,460835783.3,340148235,186692248.6,2772685.16
1/27/2022,6359216560,443066492.3,345988188,178105341.7,2417711.63
1/28/2022,6301288799,451291508.1,343238727,184525408.6,2524507.19
1/29/2022,6323361037,452840822.9,351358020,201246591.5,2478745.57
1/30/2022,6385433275,444084160.2,359217183,188100213,2468373.05
1/31/2022,6239505513,459213402.3,360135291,176169726.3,2395114.12
2/1/2022,6269577751,491622891,370935494,177923033.7,2980071.16
2/2/2022,6291649989,473524446.8,387991619,171723905.2,6746503.56
2/3/2022,6359216561,472607031,367018688,176570883.3,7067961.56
2/4/2022,6401288800,525871326.8,379141216,172972973.2,7494898.8
2/5/2022,6393361038,537309730.7,427057134,178775479.6,8525821.83
2/6/2022,6385433276,544881272.2,434498934,172792681.3,8259955.72
2/7/2022,6327505514,575918192.4,434675031,174226474.2,8990324.16
2/8/2022,6319577752,569513819.7,457446705,169105259.4,8687002.26
2/9/2022,6271649990,593810611.6,460736454,169689096.1,10333743.73
2/10/2022,6359216562,566777925.3,475846161,165366528.2,12279292.36
2/11/2022,6341288801,555380030.5,447505578,162159195.8,15126272.76
2/12/2022,6393361039,552658375,431406767,161539652.9,14941100.33
2/13/2022,6359216560,539778993.4,428259703,151028551.9,14154620.55
2/14/2022,6309577753,549262382.4,422910145,154705010.1,15145007.5
2/15/2022,6311649991,594653251,422910145,158273281.8,16024101.57
2/16/2022,6359216563,576352949.4,457697674,165135586.4,18237856.64
2/17/2022,6371288802,530792322.8,466500783,169122041.5,16959394.19
2/18/2022,6073772444,511770447.3,430920528,162007395.4,16759405.17
2/19/2022,5557626638,502070012.7,412581936,159992637.8,16784688.06
2/20/2022,5631798345,480715387.4,407917895,156351599.1,14842280.81
2/21/2022,5551103751,469747093.3,390353471,149512423.1,14436953.24
2/22/2022,5911649991,484481835.7,381865147,152892180,15136458.25
2/23/2022,6259216563,478475828.9,390218624,148646449.4,15863351.84
2/24/2022,6701288802,475252408.7,383027427,144064445.9,14019242.45
2/25/2022,6143361040,510623725.4,376916973,145322516.2,16718685.63
2/26/2022,6859216561,509131117.5,402682380,145198982.9,16232067.76
2/27/2022,6069577754,480992859.2,405616628,144278444.3,15898783.85
2/28/2022,5911649992,527772023.7,383763742,144169860.4,18262737.38
3/1/2022,4214423538,530689318.7,434231456,144899650.2,18782682.22
3/2/2022,4034402626,521882406.1,438547758,137991945.9,16001391.19
3/3/2022,4091352086,502725539.5,444174844,134042911.5,14915168.49
3/4/2022,4441748840,459039686.5,408431377,129331755.9,14199695.34
3/5/2022,3986200525,471098307.5,387218152,119487994.5,15743649.82
3/6/2022,4034402627,453131523.6,397345410,117730185.6,15681868.59
3/7/2022,4091352087,450090787,373722634,112453277.7,13963641.37
3/8/2022,4019109679,467602904,353862458,110905438.5,14877110.31
3/9/2022,4065898432,499425314.2,362523984,107947463.6,14659033.47
3/10/2022,4182476946,474580102.7,401101228,107340355.5,14247247.4
3/11/2022,4095013032,465420209.9,376497233,107440317.7,13225169.09
3/12/2022,4066606056,464449927.2,380252597,108284675.3,13101087.34
3/13/2022,4074852722,460458757,379142789,110359794.7,12088881.84
3/14/2022,3760588611,468061742.8,370120834,110631930.3,11678794.93
3/15/2022,4055138962,481537689,379996454,115267083.5,11091770.97
3/16/2022,4457984820,507491996.6,385126746,124011496.1,11323216.92
3/17/2022,4457984820,520203690.6,411390050,122599749.9,11362687.2
3/18/2022,4457984820,536425808.6,414129907,116203674.4,11415287.3
3/19/2022,4457984820,536793653.2,443947886,116784085.7,11190697.01
3/20/2022,4457984820,524923116.1,440327880,118475372.1,11198881.98
3/21/2022,4457984820,543479729.5,427479330,123020039.4,12689389.58
3/22/2022,5091001390,536985436.9,432316751,119864047.4,12705151.42
3/23/2022,5091001390,545785514.5,442516524,120486555.8,12183210.8
3/24/2022,5091001390,559617941.8,452303122,124564730.7,12617265.55
3/25/2022,5091001390,566331151.8,464790839,128256744.2,13196388.49
3/26/2022,5392465629,572013064.6,458182525,131313272.1,13068753.93
3/27/2022,5419953808,592566513.9,469138988,135464677.2,13057509.69
3/28/2022,5375392173,591765904.8,489900388,135890776.5,13490167.58
3/29/2022,5375392173,605428241.9,503444996,131449553,14648753.27
3/30/2022,5370914471,599974049.6,508574949,133296225.4,18168764.91
3/31/2022,5374763252,583939130.6,511392052,131722360.1,16625565.18
4/1/2022,5380767565,620799046.3,495666107,134529118.3,19052134.04
4/2/2022,5375392173,654599436.4,525450100,136849926.7,19359699.35
4/3/2022,5375392173,663930247.2,516683568,137312466.8,19212374.72
4/4/2022,5372817360,665182579.7,522847408,134719948.6,18964727.57
4/5/2022,5380767565,648449537.3,526127343,134247215.9,19205063.07
4/6/2022,5375392173,599649059.2,501315706,132240431.2,16875507.76
4/7/2022,5629364382,619156463.4,471308622,133444268.6,17440762.96
4/8/2022,5640780260,608749984.7,486904593,131701978.5,17189434.4
4/9/2022,5579770466,628744784,482160568,131618107.4,16739648.72
4/10/2022,5647140658,623949741.8,487918120,133230925.4,17720769.62
4/11/2022,5641710936,583454059.8,478965869,132984760.8,15396574.47
4/12/2022,5422758447,598424602.8,440994044,143616743.5,17869051.76
4/13/2022,5421406217,610507345.5,450071882,142969329.9,20851458.64
4/14/2022,5446320821,597867870,461859278,142751095.2,25399985.55
4/15/2022,5369281226,594841770.5,448287906,146306095.7,24726886.8
4/16/2022,5414360565,597893983.5,451643005,146911981.2,25361959.66
4/17/2022,5049956403,661761398.4,452399446,145829068.9,25796384.52
4/18/2022,5055006359,673580042.6,442407483,146262498.1,23600122.36
4/19/2022,5042839703,678049453,451701756,146260531.3,23059113.75
4/20/2022,5209137975,673335117.9,455853247,146435036.7,20997069.28
4/21/2022,5201333621,655073575.6,454754928,142855766.5,19872993.79
4/22/2022,5154317960,641209118.1,437590690,142047685.5,20224954.6
4/23/2022,5167381562,634967837.1,425231261,143070705.2,19998068.46
4/24/2022,5181200876,622178182.4,421079238,142878742.2,20990109.66
4/25/2022,5173201455,640611121.1,409612817,141151305.8,20426436.47
4/26/2022,5068445834,592527486.8,425333879,139799176.3,19701739.02
4/27/2022,5110767483,595477830.9,398281716,137501568.7,19331077.72
4/28/2022,5154544168,624648883,410292981,137191716.7,18565366.57
4/29/2022,4606142850,598827804.4,415785382,132914311.4,17997052.13
4/30/2022,4611486831,622532818.1,403273901,125171040,16872186.42
5/1/2022,4611486831,637917349.2,392086010,124352062.6,17019225.65
5/2/2022,4616093711,646996945.9,405059499,126617820.5,15854581.08
5/3/2022,4606304091,640106282.7,406373706,128730494.1,11062838.24
5/4/2022,4611486831,673056402.7,399336309,129883816.5,9078459
5/5/2022,4566676715,620057784.9,435201788,126584562.9,7905835.04
5/6/2022,4030456503,605595143,403094529.3,126090091.8,6580372.3
5/7/2022,3879616596,594680754.2,395601191.4,125874640.6,6283421.81
5/8/2022,3858613616,571483764.9,380050721.9,124659210.1,5697878.41
5/9/2022,3740696596,507315919.3,343891155.4,122310219.2,4711809.57
5/10/2022,3073866083,535893480.6,296080797.5,119623406.1,4890232.43
5/11/2022,2922556481,464884989.2,313711746.8,114312790.5,3944026.68
5/12/2022,2863500950,439635667.7,276751254.6,107069280.3,3823462.81
5/13/2022,2864179941,453480886.4,237388391.3,110017875.9,8384989.38
5/14/2022,2861919502,464326402.3,239580693.6,109209674.7,8231065.53
5/15/2022,2492799818,482079640.3,241163364.2,110121248.9,8766142.07
5/16/2022,2490311994,455528372.4,251381418.3,110471721.4,8014321.44
5/17/2022,2511288992,474194691.3,240070071.2,109935839.6,8466090.37
5/18/2022,2511288992,433884388.9,235177382.5,109314297.7,8393457.39
5/19/2022,2511288992,466372771.9,218006439.5,108120771.9,8432527.01
5/20/2022,2508780212,454530260.9,229244952,105443687.8,7869875.2
5/21/2022,2508780212,458673135,225463833.6,104410839.8,8167648.38
5/22/2022,2511288992,517901831,227598646.5,104490641,7917826.56
5/23/2022,2511288992,500294286.6,235631306.5,104862623.1,8132857.88
5/24/2022,2513797772,502293367.6,229101556.4,104788556.4,8121667.93
5/25/2022,2508662299,494032993,229417635.8,90995626.31,7792928.43
5/26/2022,2508780212,458848371.5,228655021.9,91201206.65,6971888.31
5/27/2022,2511288992,442790396.1,204163638.4,90044176.65,6651405.8
5/28/2022,2511288992,453316959.9,199403739,89983731.56,6430631.63
5/29/2022,2513797772,459942933.7,204898680.3,89975795.64,6435412.36
5/30/2022,2511288992,500146689.6,206872400.9,89450577.43,6509468.83
5/31/2022,2508539369,485242980,229331623.1,89177134.9,6246075.69
6/1/2022,2511288992,449861208.9,224126195.6,88862048.67,6083609.74
6/2/2022,2511288992,457608768.7,208162489.8,87445670.81,5959184.92
6/3/2022,2538283895,440776831.6,213707998.4,86530440.17,6023129.36
6/4/2022,2473146290,451344879.5,206774382.1,86149230.91,5980824.81
6/5/2022,2513964707,461552297.5,210133727.9,86089795.14,6214610.81
6/6/2022,2540070113,469291833.2,212896104.9,86134829.26,7645952.26
6/7/2022,2509018660,459258839.2,211346345.7,86061707.59,7049865.91
6/8/2022,2522515494,452113835.4,212017182.8,86431420.21,7137573.71
6/9/2022,2475524983,450716662.5,213714040.5,89092996.85,7558916.08
6/10/2022,2444994605,424468638.7,204886208.8,93778482.49,7596773.07
6/11/2022,2297754476,388585388,188096804.6,89929535.4,6976990.16
6/12/2022,2075566060,362472555.4,165071779.7,89286135.66,6060224.66
6/13/2022,1897047600,308268355.1,143902972.4,83059921.98,5097022
6/14/2022,1753374316,301827922.7,96679888.91,82629859.82,4801727.96
6/15/2022,1704845059,314292421.7,87355648.73,82103511.99,4679375.25
6/16/2022,1800127894,273996363.1,99744885.11,82058460.46,4690451.74
6/17/2022,1597424480,276197409.5,85737722.55,81892593.98,4628777.88
6/18/2022,1632369161,259461989.3,88086781.59,81554462.88,4553322.09
6/19/2022,1500615747,291232641.9,64626141.93,81150400.55,4927281.04
6/20/2022,1650082853,291684274.2,67407904.01,81187455.29,4981794.09
6/21/2022,1573447062,296000970.5,64704346.26,81155177.61,5331157.71
6/22/2022,1567458973,281023972.2,64437484.3,81491627.48,5017783.41
6/23/2022,1561339864,302438484.7,63087522.61,81664451.66,5000060.7
6/24/2022,1600315556,322318612.4,66629944.98,82097810.38,4837329.43
6/25/2022,1673889233,326532808.4,69981512.89,81762195.31,4927566.78
6/26/2022,1691984261,315190020,70959245.43,82145070.85,4723267.4
6/27/2022,1654402472,320353270.5,69239964.66,82265714.92,4773914.07
6/28/2022,1634195079,307287358.7,67978168.89,81809926.23,4618597.32
6/29/2022,1598665450,293119084.7,65356492.85,80948422.21,4405473.35
6/30/2022,1546015981,283604103.4,83213527.05,80544059.82,4284260.2
7/1/2022,1559103837,283924340.4,83450874.86,80377891.17,4564995.69
7/2/2022,1522871846,282944966.9,82101318.04,78727076.77,4493867.8
7/3/2022,1501176205,282489735.5,81811631.3,78168134.12,4531111.02
7/4/2022,1513931005,301508678.3,82668485.99,78682936.11,4184350.64
7/5/2022,1588797179,294945836,89851679.81,78884533.82,4297764.67
7/6/2022,1517790109,307041461.3,89358506.52,79480664.03,4651279.08
7/7/2022,1561654694,316081091.4,91764430.85,79884764.58,4508883.61
7/8/2022,1600704061,313495038.4,101531291.9,79981810.03,4823171.69
7/9/2022,1571927666,314137646,100615207.5,79934853.8,4797339.42
7/10/2022,1580521301,304255942.7,103020897.9,79991550.21,4602050.74
7/11/2022,1548900530,295818760.1,93891144.62,79422933.49,4592606.96
7/12/2022,1456312644,281944284.2,89709001.02,79403187.56,4445704.1
7/13/2022,1402998231,300086707.4,86703265.27,79253511.59,4566708.84
7/14/2022,1467368281,315524371.2,93715578.8,78636388.28,4651281.07
7/15/2022,1607391371,320768218.9,98849292.05,78239893.05,4332153.82
7/16/2022,1676746056,351148979.7,100790961.3,77954058.33,4651611.74
7/17/2022,1805320191,347585323.8,109936370,77953520.83,4686259.56
7/18/2022,1770782708,407126747.3,102175764.7,77588084.06,4770421.14
7/19/2022,1967403846,398627015.2,117239795.2,77361023.5,4807820.32
7/20/2022,1982168121,392788598.1,117099829.5,74240770.93,5180670.38
7/21/2022,1987416432,406740628.5,112836743.4,75079314.91,5634184.12
7/22/2022,2058391636,397472136,122518589.5,76025606.73,5611212.02
7/23/2022,1936247128,395513179.7,113482515.3,77065229.72,5639223.17
7/24/2022,1945331806,405530877.3,120064418.4,78256096.97,5159898.67
7/25/2022,1927709734,368496657.6,119664892.6,78621753.4,3682692.07
7/26/2022,1782023244,372395999.5,111474953.1,79042662.93,2803705.75
7/27/2022,1831806784,429160868.4,106107764.9,80427969.67,2442018.76
7/28/2022,2000133055,451539060.9,120824170.1,81671246.07,2058530.36
7/29/2022,2112016479,443482492.9,128622199.2,81768597.87,1897806.84
7/30/2022,2106433074,436891365.5,129933216,81629787.05,1807577.09
7/31/2022,2097786068,438220013.7,129950109.8,81425434.13,1812421.47
8/1/2022,2418222874,427253384.2,128954713.2,81874248.11,1791156.81
8/2/2022,2351522242,437827621.1,125189715.3,83288465.53,1808226.54
8/3/2022,2297571910,434594976.5,128429398.1,83509792.89,1810503.03
8/4/2022,2367612120,428300190.1,132633835,82551496.85,1709660.31
8/5/2022,2358145220,457085815.1,122745546.1,81206423.02,1748434.01
8/6/2022,2516817425,445562090.3,139265532.4,81081093.91,1715079.36
8/7/2022,2447507080,451840790.6,135525436.2,81183670.26,1617362.09
8/8/2022,2510536028,442926826.1,129689413.6,80311742.18,1648077.3
8/9/2022,2572125986,410270454.5,144259627.7,80524627.76,1620362.13
8/10/2022,2439401131,417815506,127318363.8,81133942.7,1608904.7
8/11/2022,2699508416,420485949.3,153755773.4,81295297.07,1600417.94
8/12/2022,2703164476,425026060.4,168761695.5,81328668.96,1516544.23
8/13/2022,2746026989,424566079.1,183686222.1,80644164.84,1495698.71
8/14/2022,2831455616,406129973,187815356,78565084.22,1494093.46
8/15/2022,2790479748,373903051,170277353.7,78231643.01,1544222.31
8/16/2022,2717484710,356533184.7,165902687.4,77880185.67,1457326.16
8/17/2022,2723178678,342869003,166225346.2,77774252.73,1421341.8
8/18/2022,2673916160,337642222.6,162389214.9,77939349.94,1457806.66
8/19/2022,2641997469,289844426.4,160711434.1,77280453.63,1339851.56
8/20/2022,2426388154,283347497.1,142767038,77209806.52,1481149.52
8/21/2022,2342538257,284188381.6,138803215,77072934.17,1362222.07
8/22/2022,2387379884,281507508.8,129862556.9,76697730.82,1306053.47
8/23/2022,2367403532,285212415.9,130268592.1,66193268.72,1260804.76
8/24/2022,2413267630,280160526.2,131194479.6,65413989.39,1289281.53
8/25/2022,2481729564,274907405.6,133729376.5,64874633.99,1192113.4
8/26/2022,2476974147,240053358.1,134949647.5,64776506.11,1146466.83
8/27/2022,2185450278,236781552,119543450.8,64581688.07,1097362.92
8/28/2022,2172277155,225486695.7,118698109.7,64479557.17,1033098.9
8/29/2022,2052368174,216634066.8,114386099.5,64318093.81,1034226.46
8/30/2022,2172892002,210157834.9,122217435.1,64250056.98,1009238.47
8/31/2022,2146580396,212639748.8,122217435.1,68707518.72,977380.19
9/1/2022,2123641557,215876618.9,122217435.1,68775393.27,900869.3
9/2/2022,2154661346,212817480.8,122217435.1,69055079.27,886981.16
9/3/2022,2154661346,208600152.3,122217435.1,68319085.33,865230.89
9/4/2022,1759269519,210228489,122217435.1,68220955.26,871794.4
9/5/2022,2178850267,212146197.3,122217435.1,68230809.56,802568.98
9/6/2022,2267664664,203175759.3,122217435.1,68059288.98,804062.42
9/7/2022,2141731961,211545996.5,118476890.4,68019127.5,834157.91
9/8/2022,2221328407,213846926.7,125083285.3,68314052.72,736058.83
9/9/2022,2257590910,220022417.7,126737268.2,68410629.76,779221.98
9/10/2022,2339697422,224808023.3,133287517.9,68109925.52,771455.67
9/11/2022,2404489566,216395905.5,137694388.1,68100018.47,800298.16
9/12/2022,2390173527,209271952,135699537.3,68091664.27,796222.14
9/13/2022,2341538705,190220425.5,132153196.5,67278300.23,743354.27
9/14/2022,2177899792,193555792.9,121111586,66612614.16,730787.67
9/15/2022,2221957401,175766490.5,125627379.4,64196827.05,719318.72
9/16/2022,2046313162,172899373.5,113849613.9,65211243.83,673544.64
9/17/2022,2003608047,176342555.9,111573149.4,65185410.19,692257.64
9/18/2022,1997899632,163542430.3,112650574.7,65128028.73,655407.65
9/19/2022,1893202229,167806527,112018225.6,65016614.58,614452.94
9/20/2022,1704771282,162047490,112559958.6,63835141.84,601554.94
9/21/2022,1726807429,154996010.2,108980169.4,63151375.85,585883.7
9/22/2022,1598514862,162463479.1,100746334.7,63156183.75,569942.97
9/23/2022,1700314968,165487141.4,106968351.1,64206029.68,576210.38
9/24/2022,1708657334,164077773.2,106265582,64325438.91,615917.78
9/25/2022,1716693594,162639848.3,106476489.4,65266512.27,586856.05
9/26/2022,1726889412,165709342.3,104519558.3,65179216.46,582549.5
9/27/2022,1759194694,165060813.7,107778441.1,64635718.56,591436.17
9/28/2022,1746554485,164676427.2,107256839,64516853.37,599702.66
9/29/2022,1739259983,163782709.3,107696628.7,64252681.63,610177.45
9/30/2022,1760276188,163200595.3,108477134,63474261.62,604508.14
10/1/2022,1755743363,164487496.1,107770802.4,63204247.76,591845.52
10/2/2022,1741257887,162420872.3,106571575.9,62364257.87,565833.2
10/3/2022,1655076431,169853042.5,104264828.2,62926212.43,553318.46
10/4/2022,1701779250,174308380.2,107336474.5,62735096.81,550105.64
10/5/2022,1757898457,173030657.7,109944094.3,64404850.5,533425.55
10/6/2022,1796233227,171363290,109664033.1,65575783.86,523282.93
10/7/2022,1774501899,169134153.9,110028244.3,65625308.55,503605.93
10/8/2022,1749214085,166828225.8,107902239.3,64735786.58,519809.46
10/9/2022,1744994604,168132023.9,106777570.4,67244026.87,500335
10/10/2022,1750131189,161353873.4,107557429.3,65407057.01,490696.16
10/11/2022,1714045223,161973946,103897957.8,62985603.17,492534.5
10/12/2022,1716552667,162876125.8,104392133.7,64001012.31,490157.3
10/13/2022,1726020798,162519545.9,105084161.1,65749445.33,629812.89
10/14/2022,1702637831,165422771.2,104033860.2,64357048.43,738445.84
10/15/2022,1706485683,163063057.3,104402748.6,64651946.76,727913.14
10/16/2022,1692363709,168887814,103067054.7,64566862.71,701772.44
10/17/2022,1728348093,172695815.1,104536190.6,65065176.98,654475.87
10/18/2022,1764177670,170023921.3,107443393.2,59520588.69,618868.95
10/19/2022,1691802312,166907901.5,104871575.5,60587590.73,683360.75
10/20/2022,1649433155,165583686.9,103048849.9,60259667.72,622447.64
10/21/2022,1646870058,166200108.7,103627338.6,60141390.35,769679.86
10/22/2022,1674503922,166884805.8,104667157.1,59921129,774608.16
10/23/2022,1679923194,173890855.3,105097515.6,60537670.87,802484.99
10/24/2022,1881394294,171614009.2,108927524.6,60359838.27,775781.46
10/25/2022,1856505419,183016544.6,107277777.8,52563594.07,1502748.34
10/26/2022,2002429189,192577073.8,117669909.8,54261607.16,1511492.67
10/27/2022,2086149967,187205029.2,123813862.6,55219792.29,1662811.76
10/28/2022,2063733367,191827648.8,120969339.4,55675654.1,1758347.74
10/29/2022,2103498036,199733101.5,123068204.1,55525692.82,1724762.81
10/30/2022,2159214869,196857464.6,127637591.5,54244192.34,1532079.52
10/31/2022,2149168481,195010001.1,125778469.1,54346505.49,1461228.59
11/1/2022,2113299600,195497976.8,124850675.7,54435982,933161.5
11/2/2022,2127301288,187803944.2,125920946.2,54009331.64,766323.47
11/3/2022,2085522345,188439539.6,122217294.3,54840193.69,649509.84
11/4/2022,2090360703,201312901.2,122744814.7,54955601.25,680010.99
11/5/2022,2189167599,202380098.1,130755955.1,55194994.76,665019.59
11/6/2022,2189411222,196830938.9,129977052.5,55208664.48,706435.15
11/7/2022,2145264740,206482347.1,125860209.2,54809559.4,670289.37
11/8/2022,2115643553,184371182.7,124607320.7,51047449.68,601703.55
11/9/2022,1827853573,154887427.2,105418337.9,51074922.26,445438.01
11/10/2022,1416720170,179663450.5,93316590.35,51005008.69,492354.64
11/11/2022,1605569087,176599204.2,103910910.6,53211967.84,451216.74
11/12/2022,1529535081,169532840.5,101782704.4,52394322.51,431581.44
11/13/2022,1548928673,165909092,101372585.5,51853127.27,471633.35
11/14/2022,1623958999,168009538.1,98284283.66,50926524.66,420613.03
11/15/2022,1645565199,166658693.6,100226793,50620034.4,424926.43
11/16/2022,1698491907,162350120.7,101307318.8,50317118.16,420678.99
11/17/2022,1670765833,158357192.4,99297010.5,50096608.15,861377.65
11/18/2022,1662561943,160835741.4,103755742.5,49575549.29,838853.95
11/19/2022,1671656200,160943158.1,103323718.7,49564062.2,793570.21
11/20/2022,1672275530,153634833.8,104050262.2,48716225.82,682182.92
11/21/2022,1574545990,149727838.5,97733375.63,48516533.74,751432.94
11/22/2022,1518163609,152409949.9,90682540.7,47269906.63,730978.27
11/23/2022,1545272391,159826203.2,98438698.23,48123984.64,773843.71
11/24/2022,1627230851,161728183,102299292.9,47742270.52,768412.89
11/25/2022,1657389994,160727095.5,103518567.8,47517738.69,776370.57
11/26/2022,1626634987,162560139.9,104269444.7,47721052.62,781220.52
11/27/2022,1618942365,160130506.1,104534722.4,48938627.84,761850.08
11/28/2022,1617839613,155841915.2,103830855.4,43521895.86,731108.17
11/29/2022,1577764716,160053991,101155796.3,43006561.89,732068.38
11/30/2022,1705232903,169352196.5,104010104.3,43925875.27,742872.96
12/1/2022,1716086939,167140333.5,105965242.1,43946433.35,593858.07
12/2/2022,1711024848,174156618.9,105212381.9,43458568.01,607704.8
12/3/2022,1698193701,167731245.7,105552151.2,43493387.59,619069.13
12/4/2022,1659783831,171249702.2,102501017.2,43874070.9,634158.51
12/5/2022,1698661980,168543881,105627468.5,45132655.32,546028.88
12/6/2022,1661317799,169586888.3,103940613.6,44804895.61,585734.94
12/7/2022,1522871535,164137388.4,104045166.4,44386975.94,625968.13
12/8/2022,1615208837,170324139.3,108064248.9,43502180.74,702977.75
12/9/2022,1668002461,167475234.3,112216504.4,43340477.8,673557.23
12/10/2022,1654566319,167916528.3,110888680.7,43745021.82,692993.45
12/11/2022,1663209510,167554097.1,111371722.1,43098156.65,708368.81
12/12/2022,1645207674,168356063.3,110908984.4,41918781.98,611993.7
12/13/2022,1667693028,170072523.4,112268433.8,43577315.37,593041.74
12/14/2022,1727008944,169964617.4,117293294.1,42952779.57,621382.31
12/15/2022,1718488257,167039132.5,115922040.1,42924977.14,655647.09
12/16/2022,1684488892,161307187.1,113093120.5,42993467.98,596805.02
12/17/2022,1569323865,163789226.2,96023101.64,43395260.08,619277.77
12/18/2022,1566088606,164606855.8,97145659.23,43358665.71,615742.4
12/19/2022,1579337118,161879611.3,97444903.65,42403350.21,613248.46
12/20/2022,1552898996,167464650,96051870.84,42698079.37,614534.26
12/21/2022,1602420176,166308708.4,98926408.83,42711855.54,585206.7
12/22/2022,1610844144,165646269.4,99517601.44,42842962.79,571882.24
12/23/2022,1619316033,166069265.6,99364603.06,42796679.79,582873.82
12/24/2022,1621892290,166751243.7,100309853.3,41110861.32,605682.53
12/25/2022,1623278114,166947380.7,100397875.7,41161027.44,640848.95
12/26/2022,1614222365,168418686.1,100127884.1,41279330.45,619822.6
12/27/2022,1611759717,166523834.2,100351803.2,41289009.59,647515.73
12/28/2022,1596124819,164718209.7,98967234.55,40351028.3,606826.63
12/29/2022,1572699099,165448965,95624281.91,40149562.31,610588.02
12/30/2022,1580768140,164244316.9,96248740.97,40055708.4,540254.73
12/31/2022,1567269188,163847867.5,96070397.04,38243753.87,553936.05
1/1/2023,1562864536,164217277.4,95688008.29,38121535.55,563794.84
1/2/2023,1562360922,164153277.1,95581109.02,38506042.15,550355.95
1/3/2023,1586609987,163656106.7,96967053.49,38394894.75,562482.72
1/4/2023,1577943428,168530086.6,96754835.2,37725189.57,546127.66
1/5/2023,1632000583,167747009,100844280.8,38305782.03,538728.09
1/6/2023,1635042615,170740365.5,100777027.6,37612822.55,537898.69
1/7/2023,1649558877,171910998.6,101928968,37675916.98,539430.47
1/8/2023,1643373067,175167646.6,101424753.6,37715233.3,566572.77
1/9/2023,1664049732,178473176.4,103894965.2,37640317.11,593025.41
1/10/2023,1710230835,179859384.3,116099777.2,37645025.2,561650.21
1/11/2023,1726959678,187831693.4,116968903,37574273.02,695320.31
1/12/2023,1779978207,192315257.9,123820130.2,37726338.81,762617.22
1/13/2023,1812805486,195446846,124108372,37492851.67,775493.94
1/14/2023,1985932697,206947566.6,137381766.9,39837432.58,916607.78
1/15/2023,1956252970,206005197.1,136481681.1,41654155.59,930842.28
1/16/2023,2011136847,208489458.1,139669200,41564298.43,942684.8
1/17/2023,2001879132,208953802.8,139505681.4,40897332.05,980339.18
1/18/2023,2012563656,200993199.6,140416837.5,40893380.45,1050394.92
1/19/2023,1933899741,209905471.1,137637865.4,41064588.18,1125520.14
1/20/2023,1963539689,222540611.7,140577704.4,41206601.5,1228653.99
1/21/2023,2069445413,218781909.4,150476809.7,41194069.56,1439184.81
1/22/2023,2078249738,219311448.4,157596395.1,41408004.5,1669291.51
1/23/2023,2058590663,219377326.3,157892295.6,41518452.83,1483856.9
1/24/2023,2015694128,211144849.3,157278345.8,41288758.99,1529070.76
1/25/2023,1955791136,218945248.9,150183946.8,41137137.98,1309266.76
1/26/2023,2015258286,216427598.8,156414274.7,40836421.39,1451467.15
1/27/2023,1991300308,216869929.6,154228890.4,41303410.25,1370707.77
1/28/2023,2003243145,214729025,154591133.4,41404086.59,1430943.48
1/29/2023,1986780598,221070497.7,153309078.9,41003270.89,1487791.45
1/30/2023,2044039498,210840974.5,158635261.2,41424290.95,1369042.23
1/31/2023,1959339923,212890442.5,151612433.3,41894014.94,1361727.45
2/1/2023,1961268055,219707977.7,152957614.3,41756205.42,1393504.02
2/2/2023,2083833164,224047194.8,163667080.1,43855981.74,1438157.16
2/3/2023,2047597256,228081304.6,161941285.7,46448118.92,1425110.4
2/4/2023,2047903264,228890833.3,163276206,45908916.87,1531993.36
2/5/2023,2055936931,224749994.4,163093751.6,45208490.73,1484740.31
2/6/2023,2025596517,222381761.5,160666116.4,45188949.65,884934.84
2/7/2023,2014448545,228811032.3,158859951,50878259.55,813487.19
2/8/2023,2097782676,225046870.7,164588792,56354124.31,753228.19
2/9/2023,2047138128,214485559.4,161847347.1,52839572.39,616548.44
2/10/2023,1917782894,212275246,152566688.1,52330190.65,586528.75
2/11/2023,1895597537,217111846.3,149492504.3,53187335.68,570818.33
2/12/2023,1904405047,218020990,151566186.3,54795029.79,571506.69
2/13/2023,1877054107,210671775.7,149333423.4,62277964.52,537258.71
2/14/2023,1848628286,216468872.6,135781252,59012294.45,528008.57
2/15/2023,1910713494,230936409.1,140048597.4,60243204.43,518915.24
2/16/2023,2068344554,226113936.9,152702234.3,55249164.23,502664.88
2/17/2023,2068646550,234718536.7,149810841,58012886.56,500061.99
2/18/2023,2086226938,236565009.7,153595277.1,68739860.49,439728.16
2/19/2023,2097077486,233740699.1,153823702.1,64986998.38,449202.69
2/20/2023,2070462716,239730318.9,151835445.3,65781053.98,418159.01
2/21/2023,2100382643,233290531.2,155022551.4,65141470.87,418690.51
2/22/2023,2044093929,229031709.7,150715324.6,64667558.81,434497.02
2/23/2023,2008252462,228130962.5,147801974.7,64353369.36,460966.62
2/24/2023,2034184224,227213162.3,148655029.9,63594838.18,455990.21
2/25/2023,1967980513,225634652.2,144440867.5,63568059.76,459961.59
2/26/2023,1952965747,234542268.3,143242974.5,62992702.09,485188.86
2/27/2023,2009297849,233268874,147272071.7,62339817.41,405399.01
2/28/2023,1992248477,231472679.5,146376673.7,66129666.76,370666.24
3/1/2023,1976887049,237527471.4,144367835.6,65732631.43,347782.36
3/2/2023,2025922647,234929391.4,149197172.7,64183593.16,401530.91
3/3/2023,2005660025,224094322.3,147428694.9,64533334.45,402355.15
3/4/2023,1915219411,225451204.1,140902645.7,64614862.35,425183.51
3/5/2023,1904611079,226544639,140748289.2,64680998.32,418598.35
3/6/2023,1924107662,229697383,140703696.9,60846759.78,384257.9
3/7/2023,1920501221,228068312.7,140314154,61896871.28,365503.59
3/8/2023,1913827764,223335124,140668284.1,61380628.28,359027.85
3/9/2023,1885990698,211897964.9,137448867.3,59927601.09,354733.29
3/10/2023,1741954607,209936927.5,125567315.7,58801905.98,332719.76
3/11/2023,1754879677,214832235.1,125973814.6,51257396.27,338892.11
3/12/2023,1803231114,232101229.9,119423325.5,59504643.46,339679.48
3/13/2023,1983852740,240686534.2,133721600.6,62709342.24,357628.54
3/14/2023,2053456842,248458349.4,140580868.5,63831096.23,372844.69
3/15/2023,2065736600,234911789.9,148634437.8,65461361.39,1548861.6
3/16/2023,2013071872,241561794.8,146138240,64237200.51,1588013.39
3/17/2023,2019792829,255039786.5,148379358.3,65947625.76,1654534.23
3/18/2023,2157363241,250913222.2,160982498,64869476.39,1790080.52
3/19/2023,2130443659,253574294.1,160263699.7,67066727.86,1915918.79
3/20/2023,2133964665,247573297.8,161037716.5,66291439.93,1939138.85
3/21/2023,2106919670,255302836.5,157847603.8,65206283.51,2127750.05
3/22/2023,2146117118,245603175.2,160750653.6,64975791.46,2141244.6
3/23/2023,2080084292,255705815.3,156056461.2,64651293.2,2237009.41
3/24/2023,2151175377,249487401.4,161198232.7,62035808.26,2179701.86
3/25/2023,2066282824,248260027.9,156627199.4,61823487.09,2156881.95
3/26/2023,2085195554,252391915.3,156475853.6,61809218.28,2209983.73
3/27/2023,2083331302,242076157.4,157269048.1,60551329.51,2042761.51
3/28/2023,2012521122,251440402.9,155581097.7,58392539.54,2090603.97
3/29/2023,2085420339,252239874.3,156876220.5,58909598.37,2322881.96
3/30/2023,2047101040,251894139.4,158340147.5,58784066.09,2237924.77
3/31/2023,2056812937,257491847.7,159933394,58146262.49,2285538.02
4/1/2023,2073201755,257641783.6,161518919.3,58464289.83,2135949.25
4/2/2023,2064470819,256619737.4,160786168.1,57829694.94,1999351.38
4/3/2023,2027297213,255927366.8,158536208.9,56184147.97,1895349.15
4/4/2023,2029656206,263237589.6,159747176.1,55675273.84,1117138.64
4/5/2023,2141034519,268346140.6,167986739.5,54682760.47,904812.71
4/6/2023,2082654527,263923585.3,161600556.3,53234216.52,751947.48
4/7/2023,2087153825,262200941.9,160322160.8,52781545.76,723294.89
4/8/2023,2055523028,267542211.3,158457593.3,52530402.19,711435.04
4/9/2023,2065341855,269284042.6,158117614.9,51943119.67,697976.28
4/10/2023,2077117349,277568517.4,158859981.7,50964518.5,670561.07
4/11/2023,2118023562,275046096.3,163460177.3,49286245.56,668760.89
4/12/2023,2108379192,285311522.7,161938091.7,49145136.05,639445.9
4/13/2023,2132271948,301511824.9,163076391.8,49166417.78,628153.17
4/14/2023,2390847559,313728090.2,178983872.8,45399199.93,640315.85
4/15/2023,2381330765,312818934.2,179153455.5,45185738.55,636080.77
4/16/2023,2373538749,314633213.5,179541070,44719804.05,646366.74
4/17/2023,2359993441,305979004,176349432.1,44089700.99,610779.7
4/18/2023,2328240131,309867117.5,138312765.6,43647150.5,609814.57
4/19/2023,2343094362,284136036.7,140424246.6,43219762.04,568738.11
4/20/2023,2182132955,284841212.7,129911840.9,42662352.82,543018.46
4/21/2023,2167683620,276291799.1,130606853.7,42204095.84,518170.54
4/22/2023,2060756329,279074292.8,122699271.2,41909715.72,527509.39
4/23/2023,2081405837,274677114.3,123456880.5,41931152.66,514664.66
4/24/2023,2092354923,272328196.8,123589772.7,40973765.25,507811.78
4/25/2023,2064349018,279936768.6,121972819.7,40935755.38,489438.94
4/26/2023,2104457580,274813322.9,124212961.8,41144302.59,466931.88
4/27/2023,2160087413,279706483.7,127787847.5,41452901.97,469137.51
4/28/2023,2139923292,279932664.5,126954410.1,41839863.96,466363.77
4/29/2023,2111763255,281094616.5,125872397.6,41784434.96,481676.9
4/30/2023,2126156062,278606041.4,126687833.7,41768287.3,466737.43
5/1/2023,2115815220,273096049.7,125656639.2,41731606.58,453955.47
5/2/2023,2062340370,277636229.6,121860430.4,44673240.44,456701.05
5/3/2023,2097504105,281137462,123866137.7,44595524.39,432525.99
5/4/2023,2134699017,278076729.5,126967935.8,44365785.12,418193.65
5/5/2023,2111625890,295818485.7,125368371,47231671.45,423620.79
5/6/2023,2228624570,278005306.6,133372067.1,46354176.48,408057.28
5/7/2023,2123837808,275141557.1,126538864.3,45787438.68,399124.57
5/8/2023,2137091108,271051256.4,124760892.9,43997903.69,370433.86
5/9/2023,2107424542,271011104.7,121176206.9,43515210.76,372476.2
5/10/2023,2141723935,269992932.9,121893141.6,43580462.46,386099.79
5/11/2023,2119129415,263824873.9,120590781.7,42817869.37,360435.08
5/12/2023,2099239934,269211233.7,117573519.3,42325489.94,370908.29
5/13/2023,2107293381,268853629.9,117064739.1,42086178.22,369952.03
5/14/2023,2101036013,268805904.1,116469559.8,41880635.73,373004.3
5/15/2023,2084725546,273141051,115923000.7,41032661.39,373759.2
5/16/2023,2094247352,274062490.4,117920772.5,40077463.13,374199.62
5/17/2023,2127637181,275001230.8,118382525.9,39415917.26,377140.98
5/18/2023,2110106924,274720545.6,118275466.5,39589119.3,330864.81
5/19/2023,2090078203,276872257.3,116985736.2,39056682.3,328665.75
5/20/2023,2092470349,277880195.4,118017408.5,38297042.37,330856.02
5/21/2023,2134185451,273601758.3,119226387.2,37957751.75,327343.41
5/22/2023,2100315712,274925763.4,114388299.7,37625500.34,322765.7
5/23/2023,2114776935,281997829.7,115520712,36635117.63,305390.18
5/24/2023,2153305019,276434154.4,116792865.2,36235814.52,296067.87
5/25/2023,2096887200,273437612.3,113108276.7,35578165.23,296059.67
5/26/2023,2103543234,284027094.5,113253938.8,34632887.54,293126.43
5/27/2023,2130573780,286867592.1,114469260.2,33991749.46,296389.55
5/28/2023,2142698433,297407658.3,100669550.2,32415339.67,297883.73
5/29/2023,2214283971,293110690.4,105233022.5,32551432.66,287999.38
5/30/2023,2184839438,293551852.4,103636639,31472112.42,288695.55
5/31/2023,2206868555,287600564.3,104379070.7,31131792.71,276896.13
6/1/2023,2172870837,296079376.3,102378180.9,30045737.92,277116.09
6/2/2023,2153890611,301422690.4,101860269,29839184.57,270196.7
6/3/2023,2194976874,300124681.8,104055274.9,29497896.74,258243.67
6/4/2023,2169102203,298666097.1,103989983.3,29286086.35,256067.42
6/5/2023,2167066497,286014617.6,103711274.6,28942020.98,243469.5
6/6/2023,2066759424,294831255.2,99332931.38,28695618.45,249417.79
6/7/2023,2156314578,284830048.8,103507401,29643240.87,242322.22
6/8/2023,2094064631,286808678.6,100639211.7,30084171.58,217926.19
6/9/2023,2100033755,286627376.3,101165008.4,29843382.17,216854.15
6/10/2023,2087483788,272346967,100705647.5,29353841.59,216524.76
6/11/2023,1967955579,269480084.4,95843583.26,29231539.49,215756.26
6/12/2023,1973013267,269779648.3,95768270.16,28282004.24,217582.29
6/13/2023,1949240082,270358543.9,94832620.04,27924713.88,216444.29
6/14/2023,1969461073,256921394.1,95655706.46,27907592.82,211167.82
6/15/2023,1872633683,259402383.5,90086169.42,28439367.7,209708.12
6/16/2023,1880194810,265211994.2,90078491.83,28154246.46,203844.76
6/17/2023,1939430827,264417736.7,91943858.23,28276699.05,208651.14
6/18/2023,1951803085,263811671.4,92505950.02,28201544.58,205471.92
6/19/2023,1949879753,263082804,92330359.58,27839648.55,202709.8
6/20/2023,1876204949,270624247.2,93365769.73,27779451.06,230300.37
6/21/2023,1932921642,283143393.1,96450991.29,27885780.13,218233.8
6/22/2023,2025575186,278303938.9,102817278.2,28056450.43,411576.33
6/23/2023,2011053630,279594397.1,101269445,28130722.89,453642.6
6/24/2023,2035593808,276261175.5,101935088.7,28147533.06,453380.36
6/25/2023,2024014987,280537416.5,101290356.1,28128204.52,455594.5
6/26/2023,2042302653,272775200.7,102658656.5,29371218.17,463340.7
6/27/2023,2008562089,278054497.3,100724676.4,29297928.69,420378
6/28/2023,2021359231,270215444.1,101325872,28957640.18,404198.3
6/29/2023,1978630757,273053429.5,99151727.4,28945463.57,396701.79
6/30/2023,2002012253,282847741.4,100460470.3,28754501.83,409542.92
7/1/2023,2067932120,281032871.6,104674739.7,29111442.58,398509.18
7/2/2023,2066704163,282796250,104190910.6,29313232.22,403685.37
7/3/2023,2141097642,283000275.8,104968335.3,29035367.64,407934.47
7/4/2023,2109864658,281493516.6,106169664.6,29049202.91,396460.25
7/5/2023,2092909795,276306015.9,105376603.1,29042329.2,381896.95
7/6/2023,2058030468,268308858.1,103480059.5,28565870.05,360871.06
7/7/2023,2003592300,272436140.2,99828031.68,28480944.76,275748.44
7/8/2023,2040324841,272577232.6,101519464.9,27729366.69,248467.06
7/9/2023,2038319635,270460492.5,100575232.5,26645273.08,234869.75
7/10/2023,2026254703,269759435.8,100315016.7,26574353.17,214784.73
7/11/2023,2038031146,267940574.3,101122706.4,25976996.45,196717.98
7/12/2023,2038113441,265300415,101776751.9,27304181.38,190517.06
7/13/2023,2026600928,282051595,101413866.9,27412915.16,193632.02
7/14/2023,2180847447,272088698,109122165.2,27805366.53,186539.81
7/15/2023,2084581815,271833021.2,104719347,27756088.96,186530.67
7/16/2023,2117577108,276752491.8,104538307.5,27698122.41,180525.37
7/17/2023,2089764340,274476696.4,103949845.3,27789731.86,176139.5
7/18/2023,2069873849,272114404.9,103417612,27893615.68,164416.18
7/19/2023,2066329194,274966283.5,102946895.5,27398555.31,168721.38
7/20/2023,2044966025,274179231,102101853.1,27809282.4,177316.94
7/21/2023,2053199015,274323721.6,101957929.2,27875182.08,176741.94
7/22/2023,2064033035,271321528.8,102325751.3,27830045.21,179847.27
7/23/2023,2039688556,274025556,100525194.6,27834016.34,180492.01
7/24/2023,2052295112,268238420.6,101944622.1,27480781.4,171799.94
7/25/2023,2011744155,271252297.5,99193737.03,27642061.41,167442.14
7/26/2023,2021547135,272468271.7,99821984.95,27638701.61,159660.02
7/27/2023,2034295731,271055513.3,100680278.1,27674132.45,152423.68
7/28/2023,2026867746,273134763,100299967.2,27555583.7,145078.81
7/29/2023,2039128166,275499584.3,100940283.3,27473705.55,143099.27
7/30/2023,2046161349,271599678.4,101225624.1,27365170.97,140796.42
7/31/2023,2036275444,272619407.1,99549205.98,27283016.73,139681.37
8/1/2023,2164032831,275352933.1,97601423.77,27260335.36,137087.73
8/2/2023,2127890122,269113668.9,98142341.93,27244976.02,131750.04
8/3/2023,2132204419,275266088.1,96538715,27145001.26,134931.84
8/4/2023,2118985197,273344189.6,96372963.46,27520116.56,134829.29
8/5/2023,2110273031,274675517.7,95891354.37,27611576.5,135494.32
8/6/2023,2118423879,275284447.8,96181487.34,29508113.99,132827.98
8/7/2023,2113013158,274563877.9,95681616.21,29673891.13,132686.64
8/8/2023,2116572417,277198748.3,95837754.48,29466546.48,135579.61
8/9/2023,2155132219,275682520.5,97069216.23,29583763.69,132414.6
8/10/2023,2153068024,274637122.6,96787440.61,29209830.54,129107.79
8/11/2023,2146039949,274529735.2,96688928.82,28786918.91,130058.69
8/12/2023,2177080872,273592411.7,96910767.53,28751807.55,129958.32
8/13/2023,2176618637,273639216.8,96852343.81,28766620.01,130291.98
8/14/2023,2168789610,272897101.3,96285471.71,28729661.44,128251.84
8/15/2023,2170639095,270489053,96607208.48,28612684.65,122664.6
8/16/2023,2149064639,265485908,95707101.71,28601898.35,120357.5
8/17/2023,2118761660,248242115.6,93557370.06,27607008.15,124274.26
8/18/2023,1991195982,243307596,86511155.08,26098774.59,111004.25
8/19/2023,1921073003,242844207.2,84611483.35,26148030.07,100250.95
8/20/2023,1961487459,245061927.5,84534290.64,26146385.91,98300.98
8/21/2023,1968168076,241645395.1,85244746.85,26150951.95,99035.8
8/22/2023,1959855527,236525754.5,84570514.72,26065783.37,99189.51
8/23/2023,1923829600,242548999.6,82367024.97,25812700.25,97064.01
8/24/2023,1976056588,239235773.9,84800447.55,25825723.95,87744.91
8/25/2023,1945866186,237163654.8,83478116.68,25812557.62,85755.43
8/26/2023,1938560223,234006910.2,82765987.02,25893129.66,85453.85
8/27/2023,1933692793,234723677.1,82534361.74,25778541.78,85098.05
8/28/2023,1852303744,234745709,83060956.75,25634337.01,85605.17
8/29/2023,1893288942,244177015,82916387.28,25633249.08,84473.1
8/30/2023,1986543894,241890888.4,86852720.69,20631285.71,79929.42
8/31/2023,1960504117,234068734.2,85630193.96,16075971.87,75397.61
9/1/2023,1896540188,231588725.5,81599289.91,16092348.97,77178.94
9/2/2023,1878954662,230957891.2,79234747.75,16254381.85,76313.54
9/3/2023,1883628655,230446954,79144505.45,16113715.23,74062.83
9/4/2023,1884566447,229156879.3,78170050.93,16125734.03,74631.11
9/5/2023,1866710990,229265421,77674233.53,16120211.09,73554.76
9/6/2023,1856088142,227824128.2,77802175.07,16100567.67,72490.57
9/7/2023,1856205724,229595835.8,77231349.71,15512902.81,74661.93
9/8/2023,1876085832,229336813.4,77594015.81,15491433.8,74283.89
9/9/2023,1857946739,227950392.2,76909983.87,15310315.19,75364.07
9/10/2023,1854618867,235017064.8,76540319.37,16038088.72,76386.33
9/11/2023,1833496508,226813184.2,75500352.13,16165131.52,75324.57
9/12/2023,1769443472,231362274.3,68704075.43,16013018.23,75216.9
9/13/2023,1825235164,233610711.7,69986610.51,15712538.88,75811.64
9/14/2023,1833999591,235428518.4,70454423,15160229.68,73497.43
9/15/2023,1857988267,237414716,71297021.05,15188793.8,74586.78
9/16/2023,1868253716,235760891.3,71935829.76,15141040.44,74846.08
9/17/2023,1851720217,233364916.8,71054614.4,15237330.53,73530.57
9/18/2023,1805923130,234929080.3,70773396.18,15410715.18,72786.99
9/19/2023,1828240427,238529966.3,71375916.61,15343640.48,72368.41
9/20/2023,1838750558,233801407.2,71844531.09,15256871.89,73704.17
9/21/2023,1825621983,232583113.7,71107537.32,15290861.77,74257.74
9/22/2023,1783525525,233145305.9,69371738.13,15250216.9,74105.99
9/23/2023,1794025013,232689513.7,69848190.48,15114298.5,74175.49
9/24/2023,1789071808,230640355.4,69702891.42,15114817.15,74037.37
9/25/2023,1772547971,230744610.8,68783549.07,15118587.18,72442.55
9/26/2023,1776795192,230441541.3,69233574.22,15116321.69,70885.49
9/27/2023,1780533880,233219047.1,5259187.75,15109002.42,69450.01
9/28/2023,1789265363,240142981,5299425.96,15119687.22,68173.78
9/29/2023,1885638958,236400365.2,5475067.63,14985901.96,68532.69
9/30/2023,1922599925,239381926.2,5499644.14,14981678.29,67566.37
10/1/2023,1930240316,245960553.8,5524968.92,14978381.51,65832.12
10/2/2023,1934651142,237787302,5703425.35,14473119.9,64054.31
10/3/2023,1910682574,237171769.1,5498841.46,13901868.7,64135.07
10/4/2023,1884543920,234987923.2,5438675.03,13903846.23,64519.39
10/5/2023,1890873777,231026501.1,5451383.36,13819353.87,64223.4
10/6/2023,1862565152,233733813,5359441.77,13793374.34,63675.85
10/7/2023,1895157793,231948605.7,5454596.14,13807881.33,63256.31
10/8/2023,1884153192,231805818.3,5418929.07,13815538.28,63215.3
10/9/2023,1876449443,224656202.9,5404527.79,13872531.69,62433.65
10/10/2023,1821549921,224844084.9,5259104.41,13709025.49,62470.63
10/11/2023,1800412029,226458004.5,5211756.33,13650771.04,62752.2
10/12/2023,1786778271,225158668.9,5127492.84,13698804.07,60662.75
10/13/2023,1761744578,224272625.7,5011288.01,13619061.21,62176.74
10/14/2023,1781329767,223490595.1,5099758.55,13669492.37,62179.13
10/15/2023,1782275665,222542233.2,5113318.77,13673999.98,62761.94
10/16/2023,1788511240,230651210.2,5121596.12,13444566.08,63049.17
10/17/2023,1833924150,225767291.3,5265307.15,13416337.11,62761.29
10/18/2023,1784759580,225659320.2,5167049.71,8579792.33,65743.05
10/19/2023,1790896179,225845655.7,5155991.24,8488383.5,63543.01
10/20/2023,1797886256,230089849.9,5119072.85,8475416.91,64046.25
10/21/2023,1830093444,233590916.8,5253300.27,8475643.22,65900.3
10/22/2023,1864849773,242357398.4,5348309.02,9814705.47,66494.81
10/23/2023,1889528030,253857844.9,5454189.94,11641815.75,68416.7
10/24/2023,2022496911,254867526.6,5885295.15,10215082.54,69855.54
10/25/2023,2030464757,258499221.5,5887880.26,10286883.79,70624.24
10/26/2023,2029299097,260202252.8,5927701.85,10229111.94,66809.62
10/27/2023,2028941618,256477810.8,5940761.97,10216672.07,65884.2
10/28/2023,2014580932,259027254.3,5887262.48,10455550.81,66294.15
10/29/2023,2016232228,261569782.5,5884974.69,10819206.84,67243.32
10/30/2023,2041946609,263694398.8,5939755.2,10800208.32,68525.91
10/31/2023,1963816062,262461255.3,6039535.16,10694522.68,68221.81
11/1/2023,2011037215,268972977.7,5984767.15,10477141.28,69004.14
11/2/2023,2000945544,263205495,6087905.73,10412737.75,66584.71
11/3/2023,1936204923,268661324.3,5931806.96,9815553.26,65599.63
11/4/2023,1973100128,272439179.7,6045749.28,9806544.79,67002.47
11/5/2023,2018336807,278993937.7,6196850.45,9830179.39,68212.45
11/6/2023,2019061285,280381165.1,6160212.02,9423467.2,69387.94
11/7/2023,2021957393,283552768.6,6214469.26,9469289.32,70762.34
11/8/2023,2010663428,279548321.6,6193716.21,9560422.64,71408.43
11/9/2023,2023970749,305136012.5,6215602.21,10338959.55,75596.41
11/10/2023,2191392757,300334592.8,6955699.15,11468987.76,73000.91
11/11/2023,2145230220,297402020.9,6879563.72,11746580.82,74931.09
11/12/2023,2123057126,294227072.2,6782699.26,12178373.1,76879.17
11/13/2023,2115476792,302770426,6781238.46,12342608.5,74141.94
11/14/2023,2094528751,290784594.5,6841384.66,12518330.6,74855.28
11/15/2023,2049797529,299003898.4,6517075.82,12194711.39,79391.72
11/16/2023,1996894391,287363425.9,6794696.02,12105793.29,77407.21
11/17/2023,1908488531,286762235,6471880.01,11561732.64,75687.38
11/18/2023,1919227845,285129475.1,6466502.48,11183348.08,75108.97
11/19/2023,1925996093,291345697.5,6481580.24,11042804.97,76398.57
11/20/2023,1969683724,295003922.6,6645089.45,11100259.5,82768.28
11/21/2023,1985084701,279696893.1,6683136.67,11083890.21,79724.05
11/22/2023,1956548971,295719651.3,6410052.51,11167989.35,83022.99
11/23/2023,2119646349,296113973,6803755.09,11421792.53,86190.22
11/24/2023,2149568550,300603601.7,6798673.99,12392953.32,85633.97
11/25/2023,2168244002,299272091,6858487.15,12460856.45,86851.56
11/26/2023,2180624835,298882731.9,6852970.36,12084295.14,89487.28
11/27/2023,2161700900,301668727.4,6818254.42,11770701.58,90174.53
11/28/2023,2083161751,303469700.8,6706736.71,11276364.06,93497.29
11/29/2023,2114523138,302786253.8,6775764.79,11844231.58,101797.42
11/30/2023,2090326973,307375992.3,6718740.79,11499412.7,107014.86
12/1/2023,2107684793,314500012.5,6778671.25,12170133.5,121568.81
12/2/2023,2150680715,324741605.6,6894742.1,17730663.71,142917.29
12/3/2023,2229708707,328982931.8,7143050.79,17357361,130649.94
12/4/2023,2255736426,335918551.6,355307709.1,14989525.37,161724.46
12/5/2023,2285425532,340145149.6,364541531.5,15001057.75,162654.15
12/6/2023,2333416167,327533891.7,376363682.5,15606074.76,181735.66
12/7/2023,2270135742,345556230.7,365495802,27650704.26,340258.84
12/8/2023,2380687159,351052138.4,407853859.9,28709742.59,317667.71
12/9/2023,2385825372,349444978,407853859.9,28716407.3,303259.15
12/10/2023,2362598160,351244698.7,407853859.9,30233875.08,271939.57
12/11/2023,2358278081,335348667.5,288598019.1,28859147.94,250747.23
12/12/2023,2230564784,331994986.4,277594650.1,27863412.71,259285.41
12/13/2023,2183501229,340159993.4,274899138.1,27857075.7,259950.05
12/14/2023,2259362065,346851570.2,411393311.6,28111250.17,240366.67
12/15/2023,2303143645,334025952.5,423415320.6,27059344.4,253765.84
12/16/2023,2227690008,332739689.2,407769702,29088363.41,261168.34
12/17/2023,2223014628,330124219.5,408385043.5,29089006.59,243682.87
12/18/2023,2208035702,331613337.3,400008972.2,29136323.37,278298.95
12/19/2023,2230097482,326023845.3,403401813.2,26709596.43,237724.23
12/20/2023,2188936618,329905623.6,397803791.9,23753633.99,252268.08
12/21/2023,2217282153,335158968.2,344537540.4,23821852.96,185071.88
12/22/2023,2261381614,346988040.9,349860013,23839158.44,198879.63
12/23/2023,2352393130,344945633.2,362644538.2,23979214.59,184424.32
12/24/2023,2338738762,335890005.3,360256687.7,23598961.03,184257.37
12/25/2023,2284715854,336867382.6,354741635,22839053.05,198047.65
12/26/2023,2292346076,333541782.3,357373683.4,23630829.65,192023.35
12/27/2023,2257180738,354526457,356229194.5,23423927.22,214027.62
12/28/2023,2394098267,349066185.4,368651530.3,23724273.13,211085
12/29/2023,2360695663,342707380.5,377973331.3,25020909.89,201977.91
12/30/2023,2301740533,342467576.1,329776866.8,24608676.16,201499.43
12/31/2023,2300221442,340086400.3,376413846.3,23984128.75,194492.56
1/1/2024,2303648134,353691243.6,375962015.3,23408447.86,191368.52
1/2/2024,2378573194,353656471,384514448.4,23616474.29,195813.09
1/3/2024,2378058348,334347256.7,394974268.3,23777519.94,183716.17
1/4/2024,2235795456,345765650,357110532.3,24271288.93,189233.15
1/5/2024,2299043245,348137508.3,411718343.1,23197906.66,184692.69
1/6/2024,2281888818,343085433.5,357978429.5,22784424.99,173952.63
1/7/2024,2264835894,340963986.9,353481734.7,21146460.99,173962.46
1/8/2024,2264242852,354512253.9,348643719.3,22006423.82,177058.43
1/9/2024,2376504014,355044672.9,407291766.7,23271320.41,171752.94
1/10/2024,2385187897,386460570,419099076.7,22249368.42,184721.19
1/11/2024,2608835862,392662155.5,458313546.9,22708707.98,176790.98
1/12/2024,2639608605,382138398.9,462820308.5,22230246.69,169684.37
1/13/2024,2454747493,390112257.3,453856010.6,22208260.48,166283.14
1/14/2024,2519936689,376582245.9,462693902,21982523.82,166698.89
1/15/2024,2478114065,385942925.3,448423310.5,21953135.95,179071.33
1/16/2024,2486225472,394636179.9,455494126,22309848.16,191967.37
1/17/2024,2527107218,385290905.4,466329397.4,22231794.44,195062.25
1/18/2024,2373892650,378436466.4,466329397.4,21930787.31,188470.05
1/19/2024,2304418095,381084181.2,466329397.4,21749674.3,181511.4
1/20/2024,2332659824,386508537.3,466329397.4,21545283.82,181416.11
1/21/2024,2318486921,384939159.2,466329397.4,21236132.34,181090.55
1/22/2024,2316435778,368528883.1,466329397.4,20150827.93,167436.38
1/23/2024,2200846883,353786819.6,466329397.4,20393489.01,172586.81
1/24/2024,2154835352,353976481.8,466329397.4,20464789.14,176819.41
1/25/2024,2154399585,351974931,466329397.4,20124355.76,190442.34
1/26/2024,2146557908,359209743,466329397.4,20031966.22,191440.09
1/27/2024,2204380430,362971501.1,466329397.4,20270304.64,192521.05
1/28/2024,2206200744,360791601.6,466329397.4,20665929.74,185350.73
1/29/2024,2193373996,367550156.9,466329397.4,19918590.56,187219.87
1/30/2024,2240470930,370615256.6,466329397.4,20113746.43,177980.94
1/31/2024,2274023942,361912271.6,466329397.4,20706315.51,177343.46
2/1/2024,2208369303,364626293.6,466329397.4,24102412.47,172889.21
2/2/2024,2229564068,361792761.5,466329397.4,22251139.41,176644.48
2/3/2024,2230133908,361400637.5,466329397.4,21238919.94,168583.09
2/4/2024,2217218604,359044685.1,466329397.4,18171054.65,165230.75
2/5/2024,2199354624,359608779.5,466329397.4,18465089.2,162045.44
2/6/2024,2195450392,370543379.8,466329397.4,18362782.13,169258.08
2/7/2024,2240068357,376697134.7,466329397.4,18024684.26,170252.46
2/8/2024,2270132257,379213426.2,466329397.4,18534567.14,153715.99
2/9/2024,2258844775,387557738.1,466329397.4,18248469.1,147608.64
2/10/2024,2314898709,387342103.1,466329397.4,18023804.57,141227.46
2/11/2024,2325979136,390145078.8,466329397.4,18207746.5,134315.72
2/12/2024,2314709160,408575535,466329397.4,18247572.06,149204.8
2/13/2024,2458884205,411833811.5,466329397.4,18436252.57,132082.74
2/14/2024,2419481176,430706414.7,466329397.4,18071176.54,130477.52
2/15/2024,2374779847,437447182.7,466329397.4,18012611.06,129896.87
2/16/2024,2419152614,433696673.6,466329397.4,18007370.35,115305.56
2/17/2024,2366332470,427521475,466329397.4,19524274.56,116739.33
2/18/2024,2359939152,437630356.7,466329397.4,19883289.47,115135.32
2/19/2024,2414503003,445003881.3,466329397.4,18521505.52,120234.98
2/20/2024,2458159308,454105305,466329397.4,19234418.5,124917.57
2/21/2024,2494382828,438009752.9,466329397.4,19383517.72,122655.69
2/22/2024,2456686324,431858871.1,466329397.4,18456969.07,123668.68
2/23/2024,2482543261,424953337.8,466329397.4,18673253.46,113827.24
2/24/2024,2432394515,448991815.7,466329397.4,19216819.21,115155.34
2/25/2024,2471027386,465703087.9,466329397.4,18817923.85,112564.59
2/26/2024,2582224256,473883013.7,466329397.4,18771185.58,304807.7
2/27/2024,2624995971,480039083.1,466329397.4,18909280.14,316122.34
2/28/2024,2509164044,488834400.7,466329397.4,18218389.72,295290.57
2/29/2024,2556034031,482244592.5,466329397.4,19547074.59,283484.99
3/1/2024,2572018243,494940271.1,466329397.4,19656742.94,335552.58
3/2/2024,2627031049,492933852.8,466329397.4,19356369.04,336491.06
3/3/2024,2604204191,500236168.7,466329397.4,19447107.8,361901.32
3/4/2024,2702015012,521647758.9,466329397.4,21007885.45,337440.97
3/5/2024,2750929396,511943200.6,466329397.4,20536933.47,322195.24
3/6/2024,2718258344,546453031.9,466329397.4,20400536.86,344993.43
3/7/2024,2921546996,553528567.5,466329397.4,21080656.66,392167.38
3/8/2024,2910567628,556588352.7,466329397.4,19862253.27,409796.26
3/9/2024,2947504588,558721846.8,466329397.4,20179479.04,418348.83
3/10/2024,2965219942,555177530.8,466329397.4,19892481.48,430738.37
3/11/2024,2976347329,571912464.2,466329397.4,20497705.7,399572.1
3/12/2024,3113834339,563260370.2,466329397.4,21126924.23,312657.27
3/13/2024,3046853635,574051054.6,466329397.4,21298029.38,249345.68
3/14/2024,3067647357,558163019.3,466329397.4,24952082.84,184716.54
3/15/2024,2977572290,543213664.2,466329397.4,24273951.78,190430.96
3/16/2024,2877322023,514928912,466329397.4,22007632.91,176692.97
3/17/2024,2698519150,525338299.3,466329397.4,23159842.02,179995.88
3/18/2024,2827770463,504109336.1,466329397.4,22686326.25,149616.54
3/19/2024,2751170761,461448958.8,466329397.4,22477999.74,136081.28
3/20/2024,2450785929,504952360.6,466329397.4,24318104.49,150805.57
3/21/2024,2715807580,515765091.1,466329397.4,23887699.81,137952.57
3/22/2024,2746353643,495871362.9,466329397.4,25188180.95,127507.3
3/23/2024,2682553015,496824744.5,466329397.4,25654992.48,134019.54
3/24/2024,2739481488,509652595,466329397.4,28821285.14,141142.45
3/25/2024,2798626432,528419559.6,466329397.4,39088306.29,141195.91
3/26/2024,2942321309,520110187.7,466329397.4,46706506.71,165535.4
3/27/2024,2921881538,506165294.8,466329397.4,73787737.33,197603.22
3/28/2024,2833296885,512027761,466329397.4,91283737.44,216520.96
3/29/2024,2835064236,517863685.5,466329397.4,70283009.38,210488.76
3/30/2024,2852409858,513678530.8,466329397.4,76000342.32,205081.95
3/31/2024,2846385078,529174432.5,466329397.4,67132732.24,210763.97
4/1/2024,2963093852,501506141.4,466329397.4,62073713.84,186276.74
