Date,Ethereum Name Service ($),DeFi Saver ($),Instadapp ($),Zerion ($),Toucan Protocol ($),Flashbots ($),Swarm ($),Aragon ($),Kleros ($),Livepeer ($),The Graph ($),Pocket Network ($),Helium ($)
11/3/2021,191919.53,127157.88,0,,0,,,0,0,-159542.62,-947274.72,,-1395848.96
11/4/2021,114988.17,48593.48,0,,0,,,0,-143.73,-169946.84,-349175.61,,-1411053.6
11/5/2021,74276.74,10743.9,0,,0,,,0,-311.81,-300647.22,-464145.27,,-1472829.86
11/6/2021,97924.95,21270.93,0,,0,,,0,-12209.44,-186732.31,-769699.68,,-1722865.88
11/7/2021,114252.38,14517.24,0,,0,,,0,-6569.99,-157028.49,-247224.71,,-2054325.65
11/8/2021,202779.87,97752.78,0,,0,,,0,0,-175538.61,-2363169.6,,-2546522.86
11/9/2021,817908.91,14213.34,0,,0,,,0,0,-313037.9,-337401.63,,-2076559.27
11/10/2021,702804.39,291989.63,0,,0,,,0,-5531.55,-318522.33,-443273.26,,-2367082.1
11/11/2021,603472.73,39310.54,0,,0,,,0,-647.66,-260123.41,-47594.97,,-2571917.07
11/12/2021,403025.62,15234.25,0,,0,,,0,0,-235282.41,-198358.16,,-2423658.1
11/13/2021,432129.02,2195.25,0,,0,,,0,-942.79,-265216.87,-68584.49,,-2468254.61
11/14/2021,453400.24,13934.25,0,,0,,,0,0,-406225.92,-553132.63,,-2393557.88
11/15/2021,447034.81,13530.92,0,,0,,,0,-26.68,-382579.42,-1042206.79,,-1628638.86
11/16/2021,302171.13,147469.7,0,,0,,,0,0,-257106.43,-2324813.86,,0
11/17/2021,256452.83,81661.01,0,,0,,,0,-302.55,-260491.91,-2110795.42,,-2195281.04
11/18/2021,230608.62,112818.49,0,,0,,,0,0,-176200.07,-642240.74,,-2574681.18
11/19/2021,244266.3,72857.11,0,,0,,,0,0,-310407.54,-1186887.74,,-1981248.95
11/20/2021,197650.39,44577.9,0,,0,,,0,-62.33,-221722.68,-256818.28,,-1635841.52
11/21/2021,169396.43,12340.01,0,,0,,,0,-14341.92,-269176.13,-141669.05,,-1916585.63
11/22/2021,103392.27,46428.99,0,,0,,,0,0,-249228.25,-174015.75,,-2175450.37
11/23/2021,197241.89,10137.15,0,,0,,,0,-811.86,-278205.16,-755698.69,,-2359466.1
11/24/2021,152737.03,29510.98,0,,0,,,0,0,-320506.77,-1300813.05,,-2313816.15
11/25/2021,157487.77,54808.49,0,,0,,,0,0,-425966.45,-90855.82,,-2339439.99
11/26/2021,154786.54,120559.28,0,,0,,,0,0,-208909.39,-536228.4,,-2346827.35
11/27/2021,203183.33,16465.08,0,,0,,,0,0,-306398.14,-149324.72,,-2105508.78
11/28/2021,220743.54,34566.52,0,,0,,,0,0,-297258.27,-147122.43,,-2172456.12
11/29/2021,227534.49,45083.69,0,,0,,,0,0,-294539.13,-1962565.28,,-2103427.4
11/30/2021,230477.08,140263.44,0,,0,,,0,0,-318430.5,-2420460.53,,-1919413.21
12/1/2021,244189.16,36605.43,0,,0,,,0,0,-293667.13,-209527.35,,-1934861.51
12/2/2021,186850.2,14868.68,0.1,,0,,,0,0,-230429,-975595.25,,-1898931.95
12/3/2021,192413.93,87635.42,0.17,,0,,,0,0,-205122.43,-86853.87,,-1909350.27
12/4/2021,158755.29,631991.37,0,,0,,,0,0,-171597.97,-172714.7,,-1848702.15
12/5/2021,163896.59,49805.13,0.03,,0,,,0,-8564.64,-161826.14,-388529.84,,-1634260.37
12/6/2021,191988.48,48017.16,1314.59,,0,,,0,0,-383477.26,-48091.06,,-1471996.84
12/7/2021,188608.84,68543.17,1741.83,,0,,,0,-3665.76,-264706.66,-227938.29,,-1688458.02
12/8/2021,224540.44,25282.32,11847.15,,0,,,0,-15465.74,-186737.78,-321159.33,,-1677627.21
12/9/2021,207065.38,28643.55,2564.98,,0,,,0,-2258.95,-165695.3,-971452.54,,-1585550.57
12/10/2021,182079.97,115123.43,5686.01,,0,,,0,-296.19,-176245.43,-12029.25,,-1455459.2
12/11/2021,234494.61,10874.06,1855.56,,0,,,0,-4146.99,-205158.59,-190671.08,,-1334359.99
12/12/2021,261200.31,3789.61,6280,,0,,,0,-273.03,-199939.24,-99205.34,,-1425516.07
12/13/2021,183808.34,98607.65,4324.63,,0,,,0,-937.28,-171649.12,-844127.3,,-1342576.25
12/14/2021,197018.97,13580.43,11355.92,,0,,,0,0,-171340,-927133.72,,-1258328.78
12/15/2021,186257.7,54879.7,2429.47,,0,,,0,-3350.39,-339369.72,-256743.33,,-1307202.43
12/16/2021,173185.16,28571.63,6019.23,,0,,,0,0,-189041.51,-762787.35,,-1400986.72
12/17/2021,169822.61,19425.67,3681.77,,0,,,0,0,-176303.55,-1128686.1,,-1449163.66
12/18/2021,234506.64,7653.76,8044.68,,0,,,0,0,-208165.71,-151873.84,,-1629642.75
12/19/2021,235308.6,4887.25,1931.04,,0,,,0,0,-186281.8,-113309.22,,-1399309.37
12/20/2021,208384.28,18485.34,2323.4,,0,,,0,-9928.05,-171705.48,-184584.66,,-1374046.83
12/21/2021,194339.69,12365.62,3857.43,,0,,,0,-1068.66,-110827.92,-464168.44,,-1404971.79
12/22/2021,180323.83,7376.91,1922.44,,0,,,0,-1342.58,-181748,-637956.09,,-1478009.02
12/23/2021,174906.69,13054.02,13902.62,,0,,,0,-929.51,-299781.94,-1137900.76,,-1701435.13
12/24/2021,208004.36,13258.85,1096.88,,0,,,0,0,-192152.14,-514352.69,,-1521036.24
12/25/2021,164908.02,234.69,376.04,,0,,,0,-6634.27,-156671.56,-67331.4,,-1505544.4
12/26/2021,182350.1,2810.48,4233.75,,0,,,0,-2646.26,-186488.91,-110246.92,,-1737033.32
12/27/2021,136654.23,3284.31,5321.5,,0,,,0,0,-159466.53,-759621.77,,-1740634.44
12/28/2021,140940.61,17517.86,3333.62,,0,,,0,0,-159341.68,-1030284.16,,-1829326.09
12/29/2021,105834.17,39713.38,1664.1,,0,,,0,0,-152923.05,-26058.99,,-1500084.17
12/30/2021,98505.89,41667.08,1607.04,,0,,,0,0,-173821.03,-1481548.39,,-1635292.19
12/31/2021,159489.36,19079.88,2118.57,,0,,,0,0,-198662.82,-558666.33,,-1609883.34
1/1/2022,200711.69,3127.98,442.62,,0,,,0,-32116.75,-268627.65,-49986.29,,-1791288.88
1/2/2022,168603.42,4028.46,1651.2,,0,,,0,0,-157757.6,-27964.26,,-1831996.54
1/3/2022,169618.18,3889.74,11659.04,,0,,,0,0,-187766.82,-183398.16,,-1730485.23
1/4/2022,195892.72,9271.65,7876.85,,0,,,0,-2893.19,-189011.78,-62486.56,,-1941370.04
1/5/2022,169981.06,84335.03,1086.41,,0,,,0,0,-157669.67,-462710.84,,-2219591.76
1/6/2022,157880.42,144736.84,7221.22,,0,,,0,0,-184646.51,-391902.86,,-2104754.05
1/7/2022,125199.66,172096.59,10335.68,,0,,,0,0,-133261.97,-477622.92,,-2174798.99
1/8/2022,164074.35,77967.33,4962.95,,0,,,0,-224.12,-133363.48,-31375.43,,-1867902.73
1/9/2022,147343.18,12614.84,1496.49,,0,,,0,0,-232576.23,-265512.52,,-1773900.15
1/10/2022,129610.09,99735.35,2115.78,,0,,,0,-332.65,-103013.7,-428782.97,,-1801459.71
1/11/2022,118210.75,47563.92,2938.2,,0,,,0,0,-177234.69,-508076.54,,-1651951.2
1/12/2022,128240.65,38291.88,3967.77,,0,,,0,0,-147603.74,-84061.95,-6557986.48,-1824672.85
1/13/2022,129922.83,8216.59,6955.18,,0,,,0,-6627.97,-222717.42,-462687.34,-6100502.62,-1898719.16
1/14/2022,110618.69,10216.8,2971.92,,0,,,0,-744.18,-181973.47,-1292389.33,-5178237.28,-1675209.42
1/15/2022,145550.56,5807.25,6494.51,,0,,,0,-712.64,-186163.84,-1668213.37,-7947849.63,-1776053.87
1/16/2022,119336.16,7616.18,868.15,,0,,,0,-4551.73,-191042.08,-100571.22,-8823507.7,-1891501.71
1/17/2022,119885.73,16460.86,2107.46,,0,,,0,0,-317273.56,-58607.13,-8093993.13,-1836592.01
1/18/2022,130125.87,17969.61,988.02,,0,,,0,0,-151600.78,-214391.46,-6375698.1,-1761168.46
1/19/2022,136507.03,7975.38,7962.6,,0,,,0,-308.96,-200073.61,-915038.77,-6315652.57,-1655308.75
1/20/2022,127536.59,16003.19,1959.52,,0,,,0,-2280.53,-175373.63,-613187.36,-4931316.67,-1486790.07
1/21/2022,77697.44,434016.77,17726.95,,0,,,0,0,-125113.78,-35217.07,-4744821.92,-1427006.3
1/22/2022,64169.06,207793.17,8642.6,,0,,,0,0,-131080.92,-12506.2,-3734712.31,-1219454.22
1/23/2022,109675.94,27384.12,1663.75,,0,,,0,-542.93,-127252.21,-82915.53,-3163940.69,-1210272.09
1/24/2022,94049.93,201919.43,7244.21,,0,,,0,0,-123244.16,-251307.83,-3044736.98,-1230328.05
1/25/2022,102697.17,19425.86,1685.51,,0,,,0,-1208.9,-228506.11,-239336.72,-2805483.35,-1111026.64
1/26/2022,84719.46,53626.38,3901.87,,0,,,0,0,-116326.98,-186934.59,-3926930.92,-1291203.52
1/27/2022,70685.05,28591.2,789.98,,0,,,0,-404.59,-126913.32,-211033.79,-3685917.68,-1501453.36
1/28/2022,82861.49,4537.37,2495.58,,0,,,0,-2201.96,-160129.32,-660128.88,-4026889.02,-1237298.27
1/29/2022,94429.15,14958.36,1203.68,,0,,,0,-8306.05,-155994.94,-93331.03,-3626329.44,-1199663.27
1/30/2022,198376.54,2048.46,3345.58,,0,,,0,0,-135541.69,-214458.08,-3727165.9,-1230373.84
1/31/2022,129038.99,10957.06,3542.38,,0,,,0,0,-116370.53,-351809.74,-4059222.2,-1369974.02
2/1/2022,182865.77,37549.88,5031.69,,0,,,0,0,-145542.22,-222906.21,-3545068.38,-1278566.52
2/2/2022,108197.05,8180.8,1103.2,,0,,,0,0,-247896.96,-391830.11,-3143151.53,-1262890.99
2/3/2022,96905.49,6050.43,923.96,,0,,,0,-818.06,-140985.06,-51130.71,-3431999.62,-1158803.56
2/4/2022,347419.42,50046.2,3173.89,,0,,,0,0,-157057.82,-132762.68,-3265260.22,-1211939.58
2/5/2022,343140.79,39122.32,1859.63,,0,,,0,-10131.55,-157010.05,-97029.04,-3342900.18,-1242072.22
2/6/2022,226789.17,4815.57,169.94,,0,,,0,-1422.02,-151491.93,-177670.57,-3454072.75,-1438273.29
2/7/2022,134217.91,42302.19,5466.51,,0,,,0,-293.21,-135075.82,-106510.88,-3824982.85,-821040.72
2/8/2022,144763.38,21455.5,1759.39,,0,,,0,-10.99,-152212.71,-158486.14,-3446604.25,-1370410.72
2/9/2022,123168.73,15004.98,922.73,,0,,,0,0,-167643.78,-133748.36,-3698426.64,-1338003.61
2/10/2022,96351.61,9614.98,4340.01,,0,,,0,0,-317443.57,-1847630.83,-3550674.12,-1312270.38
2/11/2022,90725.76,23027.14,9526.72,,0,,,0,-1746.85,-173110.25,-191318.72,-3670216.91,-1362584.38
2/12/2022,88187.35,9285.41,26792.11,,0,,,0,-443.21,-152294.59,-73842.48,-3284020.28,-1355705.75
2/13/2022,115043.75,2484.12,12930.19,,0,,,0,-1081.99,-135026.19,-519982.19,-3592071,-1549522.15
2/14/2022,127961.59,4280.9,3864.03,,0,,,0,-10634.42,-135058.8,-1422923.81,-3575651.39,-1331730.16
2/15/2022,95128.79,37860.09,8643.83,,0,,,0,-8067.14,0,-588399.12,-3816008.76,-1389021.13
2/16/2022,138041.78,9668.06,1534.51,,0,,,0,-4217.72,0,-1061475.72,-3719983.3,-1443280.61
2/17/2022,74038.9,12865.18,1827.66,,0,,,0,0,0,-561787.9,-3237948.77,-1523510.3
2/18/2022,90459.61,30979.53,1792.47,,0,,,0,0,0,-415873.71,-3311426.58,-1246555.63
2/19/2022,256579.76,25991.61,2402.81,,0,,,0,0,0,-53953.69,-2745391.31,-1302542.36
2/20/2022,110387.08,23061.19,3596.53,,0,,,0,0,0,-30217.1,-2256038.34,-1316905.92
2/21/2022,53472.14,12251.21,1373.18,,0,,,0,-1817.51,0,-50942.95,-2043029.34,-1189296.4
2/22/2022,78497.34,30112.6,1505.01,,0,,,0,-4261.49,0,-269543.68,-1954975.16,-1107056.84
2/23/2022,95293.3,3521.21,3230.22,,0,,,0,-2402.34,0,-67084.02,-1624468.25,-1188117.77
2/24/2022,98493.88,134056.59,56253.22,,0,,,0,0,0,-40250.38,-1822136.21,-1182829.64
2/25/2022,134061.04,57641.57,3154.03,,0,,,0,0,0,-232758.64,-1424182.05,-1160804.6
2/26/2022,153872.47,10285.78,2765.44,,0,,,0,0,-278549.93,-123486.95,-1766334.68,-1235248.05
2/27/2022,151761.48,13569.01,1301.59,,0,,,0,-576.02,-148055.37,-69140.62,-1581973.31,-1256644.8
2/28/2022,209035.52,18797.45,3296.24,,0,,,0,-254.36,-155668.94,-440251.38,-1621701.38,-1247153.97
3/1/2022,210919.07,42751.37,1096.29,,0,,,0,0,-147791.06,-104557.56,-1312887.5,-1347824.24
3/2/2022,207378.09,14305.45,74502.34,,0,,,0,-109.29,-122393.29,-151647.45,-1258248.5,-1233479.01
3/3/2022,131122.3,16862.07,403.84,,0,,,0,-24752.18,-117796.65,-840676.22,-1171332.96,-1229270.05
3/4/2022,147546.87,26394.05,1233.37,,0,,,0,-383.99,-127229.3,-89045.32,-1245932.32,-974581.28
3/5/2022,98707.25,5813.98,258.69,,0,,,0,-120.31,-141795.75,-77136.42,-1132747.84,-982801.83
3/6/2022,139078.46,12172.62,680.93,,0,,,0,-1557.44,-127527.94,-57732.27,-1205203.1,-1025847.79
3/7/2022,83375.6,31832.04,826.4,,0,,,0,-73.04,-206962.42,-256386.88,-1197161.85,-975730.39
3/8/2022,77119.86,12845.75,670.28,,0,,,0,-1703.98,-119393.19,-241982.35,-1144044.59,-955296.55
3/9/2022,114610.02,27139.39,1111.64,,0,,,0,0,-127741.16,-225124.24,-1210601.23,-903292.36
3/10/2022,86294.42,2346.43,1529.82,0.01,0,,,0,-77.22,-95011.32,-145622.78,-1172364.65,-883334.46
3/11/2022,84941.69,7433.66,743.99,0.15,0,,,0,-1132.59,-94380,-396471.85,-1118423.02,-892774.59
3/12/2022,106539.32,4225.59,1243.16,0,0,,,0,-535.08,-92321.46,-24779.44,-1127230.68,-1024132.75
3/13/2022,98440.44,4442.8,464.81,0,0,,,0,-1420.82,-115599.09,-518875.28,-1201284.11,-1026145.93
3/14/2022,95490.76,5238.44,4951.86,0,0,,,0,0,-102231.91,-1419758.91,-1353337.82,-885509.58
3/15/2022,93448.67,2557.51,3227.95,0,0,,,0,0,-208721.56,-660615.36,-1329430.2,-913919.21
3/16/2022,92965.92,30526.02,3029.48,0.13,0,,,0,0,-115525.01,-715611.18,-1513785.8,-905918.64
3/17/2022,79149.07,9700.4,5694.67,145.71,0,,,0,0,-105647.05,-353021.97,-2212967.7,-965558.4
3/18/2022,60055.21,21301.11,4385.19,898.63,0,,,0,0,-124108.04,-349899.49,-2269387.18,-961129.99
3/19/2022,188683.48,9356.11,2332.46,955.22,0,,,0,0,-125202.98,-45664.19,-2244544.29,-1050672.7
3/20/2022,111921.91,20450.41,282.16,996.68,0,,,0,-656.27,-148501.92,-19099.46,-2285752.9,-1179772.81
3/21/2022,112140.18,3874.52,3158.57,746.85,0,,,0,0,-152571.57,-378507.8,-2861559.53,-1150937.58
3/22/2022,86094.26,9814.06,3142.25,506.13,0,,,0,0,-157922.52,-106011.57,-3668211.43,-1146409.51
3/23/2022,97416.25,979.76,465.58,2461.35,0,,,0,-5749.92,-137594.79,-242748.47,-3462494,-1293225.05
3/24/2022,156823.63,15121.82,1289.84,414.59,0,,,0,-4012.93,-314027.58,-98197.13,-3695431.95,-1307907.22
3/25/2022,92238.46,12298.85,2954.64,371.17,0,,,0,-1133.71,-189537.22,-215813.29,-3505529.69,-1335063.84
3/26/2022,117324.71,5066.57,931.43,623.88,0,,,0,-729.94,-157693.6,-43349.38,-3581389.06,-1211808.85
3/27/2022,92222.5,21126.1,1110.32,929.65,0,,,0,-5805.47,-154118,-135216.08,-3547098.89,-1280120.95
3/28/2022,73460.87,58748.1,878.52,694.67,0,,,0,0,-142366.81,-82620.39,-3936231.32,-1339156.32
3/29/2022,70991.63,24509.46,313.1,1158.32,0,,,0,-850,-174799.65,-179226.53,-3278985.99,-1313489.32
3/30/2022,72371.72,4365.08,913.97,1246.16,0,,,0,0,-174376.4,-141122.99,-6092494.17,-1331531.51
3/31/2022,65428.32,4792.63,776.15,945.04,0,,,0,0,-174432.25,-514589.24,-6018543.22,-1232468.62
4/1/2022,67389.66,11261.79,1781.09,643.92,0,,,0,0,-120950.46,-126275.21,-4964372.96,-1234265.7
4/2/2022,55663.28,12783.42,970.1,731.94,0,,,0,0,-253933.6,-413090.87,-3966310.1,-1298792.23
4/3/2022,67977.89,8306.14,943,828.21,0,,,0,0,-177593.53,-144516.22,-3059051.4,-1200853.27
4/4/2022,68694.23,11522.46,1862.12,813.7,0,,,0,0,-172944.81,-214844.88,-3246401.49,-1282936.78
4/5/2022,58143.34,5949.64,1279.5,2713.95,0,,,0,0,-168835.18,-1496736.8,-2907571.7,-1256570.54
4/6/2022,83675.38,26030.14,1825.69,559.4,0,,,-43.31,-55.48,-159286.26,-579806.41,-2759170.83,-1248673.04
4/7/2022,112808.87,8444.48,2348.04,715.15,0,,,0,0,-154205.2,-1180433.7,-2503674.62,-1069125.4
4/8/2022,98640.31,5543.35,4589.95,1199.49,0,,,0,-621.11,-151368.89,-432905.43,-2662216.1,-1059431.09
4/9/2022,104132.29,1709.55,3213.06,527.58,0,,,0,-99.93,-143132.71,-36537.42,-2048790.51,-1025407.27
4/10/2022,105560.02,6338.38,19555.05,469.51,0,,,0,-1487.77,-114331.21,-86641.16,-2582067.44,-1083627.89
4/11/2022,76664.1,35099.36,12492.03,659.36,0,,,0,-3340.78,-223001.85,-329863.5,-2553459.61,-1056946.31
4/12/2022,69061.36,9585.94,2053.21,707.77,0,,,0,-714.91,-147228.89,-271987.18,-2628760.9,-888041.31
4/13/2022,70501.98,8247.39,5172.92,860.56,0,,,0,0,-135059.08,-120086.91,-2773696.87,-910455.35
4/14/2022,81763.06,4451.05,4700.35,746.35,0,,,0,-5137.47,-151592.69,-561877.45,-2622803.84,-978724.81
4/15/2022,104481.18,2516.95,1952.02,512.5,0,,,0,-1877.83,-150602.16,-13636.6,-2365246.82,-824707.08
4/16/2022,111989.68,1779.77,2368.52,327.99,0,,,0,-453.66,-137505.99,-75995.88,-2661004.1,-922976.27
4/17/2022,123893.05,1096.77,3316.52,539.05,0,,,0,-1390.98,-137722.92,-36261.28,-2692658.95,-953767.74
4/18/2022,94677.52,20310.12,3645.83,667.46,0,,,0,-751.19,-144459.59,-430146.39,-2633194.14,-907144.43
4/19/2022,104424.91,7148.57,3047.6,663.95,0,,,0,0,-148176.36,-165769.28,-2532439.43,-832183.76
4/20/2022,84816.21,2395.16,8395.57,738.66,0,,,0,-571.82,-282582.63,-58718.71,-2522865.24,-927764.6
4/21/2022,108647.33,12078.8,5173.99,1117.67,0,,,0,0,-164838.43,-65155.59,-2331422.76,-844102.2
4/22/2022,148454.48,17191.38,3097.31,670.59,0,,,0,0,-170844.07,-164034.32,-2370133.33,-798029.18
4/23/2022,169445.62,667.03,5443.24,815.1,0,,,0,-2672.84,-145047.43,-116426.82,-2021083.53,-851361.74
4/24/2022,330270.84,3552.03,3054.37,1152.61,0,,,0,-778.48,-136590.59,-15739.44,-1942835.16,-818411.78
4/25/2022,428096.26,28721.12,7486.79,812.02,0,,,0,0,-164258.45,-321260.33,-1701475.53,-820355.11
4/26/2022,1138524.51,20065.01,4192.08,497.79,0,,,0,0,-142958.99,-48372.89,-1077486.48,-796721.16
4/27/2022,1194172.05,5154.18,8869.64,658.18,0,,,0,0,-131350.35,-109171.7,-1084087.29,-683709.81
4/28/2022,1050952.24,1854.75,6454.28,828.64,0,,,0,0,-137479.99,-233612.57,-1075355.21,-754771.19
4/29/2022,620298.32,3872.93,5866.16,748.64,0,,,0,-769.66,-281179.25,-1528977.17,-1000054.93,-673669.67
4/30/2022,859402.74,5979.47,4049.04,816.97,0,,,0,-9476.91,-125456.77,-62921.94,-876097.67,-624302.2
5/1/2022,618803.8,26090.26,4578.31,479.48,0,,,0,-13545.89,-140119.89,-17714.49,-865195.71,-542693.91
5/2/2022,1975505.52,2845.54,4145.87,762.92,0,,,0,0,-126228.44,-178851.47,-861116.85,-635146.51
5/3/2022,1033944.73,1123.55,4098.38,639.63,0,,,0,-281.1,-134896.43,-222677.33,-1028355.5,-637518.64
5/4/2022,607512.43,4142.79,7141.51,532.14,0,,,0,-776.08,-140170.12,-228347.08,-986639.23,-669674.92
5/5/2022,462696.6,25809.44,4169.42,606.37,0,,,0,-1209.82,-125071.56,-951551.62,-1183402.37,-750209.65
5/6/2022,513511.88,22445.57,4941.21,1613.15,0,,,0,-123862.55,-123563.68,-339973.19,-983126.26,-756997.85
5/7/2022,524746.25,13718.91,4278.63,1330.83,0,,,0,0,-132449.49,-26662.63,-1020842.71,-744710.06
5/8/2022,355084.12,43137.24,6229.31,2629.18,0,,,0,-7295.58,-121701.2,-45747.36,-945597.22,-659197.4
5/9/2022,229366.57,88803.57,19790.26,3322,0,,,0,-1479.86,-101943.71,-83220.31,-970958.29,-642194.54
5/10/2022,158781.5,32908.6,1715.32,3150.77,0,,,0,-185.06,-213620.84,-255525.87,-862764.86,-539760.12
5/11/2022,76961.61,218883.92,8892.45,9262.43,0,,,0,-146.52,-70051.48,-189088.69,-872641.95,-592354.37
5/12/2022,35426.67,365370.93,39070.93,1914.5,0,,,0,0,-88084.94,-34798.49,-815691.79,-373436.83
5/13/2022,108754.74,32956.1,2526.41,322.9,0,,,0,-4.16,-90751.4,-368432.66,-713949.57,-404425.56
5/14/2022,193238.05,11206.97,16876.37,1180.47,0,,,0,-27.34,-85811.83,-52463.02,-697622.83,-344089.63
5/15/2022,317164.95,9929.95,2254.56,928.48,0,,,0,-504.35,-99672.46,-11856.58,-505874.08,-503026.45
5/16/2022,201714.19,7864.23,191.09,1220.08,0,,,0,-868.28,-89997.91,-233367.75,-531303.18,-454787.67
5/17/2022,107932.21,6997.41,370.37,967.26,0,,,0,-47.88,-91217.36,-46186.1,-463589.67,-279987.07
5/18/2022,143371.7,14212.39,2188.26,1659.62,0,,,0,-291.83,-78669.54,-102662.56,-572303.98,-263860.85
5/19/2022,127813.61,13319.68,14619.65,1261.09,0,,,0,-527.7,-85173.33,-34593.57,-514774.94,-274307.85
5/20/2022,166818.18,6215.61,3720.39,605.61,0,,,0,-479.76,-87565.21,-19807.11,-546542.87,-232156.04
5/21/2022,160166.54,2652.38,5362.17,894.54,0,,,0,-507,-88242.51,-15212.65,-477522.64,-195233.9
5/22/2022,177679.45,4488.8,3846.28,664.83,0,,,0,-0.13,-171726.3,-25609.32,-546521.02,-290773.63
5/23/2022,122291.13,3191.18,20023.96,1443.26,0,,,0,-268.2,-84583.8,-60231.97,-531436.58,-264966.35
5/24/2022,160886.96,4323.73,4247.05,1305.75,0,,,0,-173.18,-98545.92,-470970.86,-485001.71,-200548.82
5/25/2022,222142.64,2137.38,24032,870.06,0,,,0,0,-71406.73,-176079.5,-500708.08,-221651.48
5/26/2022,143548.43,54405.16,5441.78,563.42,0,,,0,0,-69330.46,-37411.12,-509080.85,-316838.36
5/27/2022,86647.12,38935.27,28287.13,782.1,0,,,0,0,-70999.16,-49654.05,-495056.67,-330767.55
5/28/2022,152941.33,1475.29,6268.48,905.74,0,,,0,0,-73137.41,-28080.91,-464274.9,-332986.1
5/29/2022,130118.49,224.11,3169.98,1014.72,0,,,0,-35.07,-71731.19,-10111.71,-381791.71,-334532.53
5/30/2022,96682.47,12197.33,4198.39,980.8,0,,,0,0,-80647.99,-646362.46,-367425.62,-320565.71
5/31/2022,103593.34,5243.74,4892.77,1594.92,0,,,0,0,-75677.72,-324743.13,-391756.99,-427704.92
6/1/2022,102765.48,9405.9,31016.98,2673.09,0,,,0,0,-76887.11,-12022.3,-276706.99,-368321.08
6/2/2022,83593.65,208.66,2927.15,1536.38,0,,,0,0,-77938.09,-42289.99,-264264.58,-348646.82
6/3/2022,98353.17,10642.18,4193.26,1546.55,0,,,0,0,-73015.19,-220091.32,-250521.17,-365731.16
6/4/2022,87254.3,968.41,2439.28,1128.11,0,,,0,0,-76209.1,25471.02,-199932.01,-363137.97
6/5/2022,74139.32,1111.41,2480.31,1702.19,0,,,0,-1497.9,-76269.33,-28852.25,-220431.16,-412121.21
6/6/2022,81124.47,3899.36,7674.57,1484.14,0,,,0,-77,-78460.74,-15366.64,-247333.69,-364281.09
6/7/2022,100667.05,14730.68,1622.84,1388.46,0,,,0,-10585.52,-77274.37,-7435.33,-252663.7,-457612.56
6/8/2022,75217.39,4618.75,6289.97,1408.33,0,,,0,-299.93,-78064.25,-102028.82,-263219.86,-421878.02
6/9/2022,115676.03,482.8,3350.62,1236.67,0,,,0,-3637.41,-74341.04,-60725.46,-364470.26,-405466.03
6/10/2022,131470.37,35131.97,22085.05,1432.3,0,,,0,-322.84,-70843.3,-238222.5,-386442.67,-485973.93
6/11/2022,104441.69,65326.11,8529.5,1820.89,0,,,0,-854.45,-63031.12,-15706.11,-296523.14,-499016.73
6/12/2022,71149.17,58272.17,19862.15,1308.94,0,,,0,-602.15,-95700.04,-33178.52,-269745.58,-452383.06
6/13/2022,36156.68,173229.76,17146.48,681.66,0,,,0,-865.12,-55321.4,-147965.46,-268634.96,-420033.72
6/14/2022,131472.96,62420.32,14000.81,999.92,0,,,0,-1371.14,-57747.72,-127420.33,-233312.17,-397465.17
6/15/2022,130545.48,56681.47,11719.6,1147.74,0,,,0,-2862.34,-55595.78,-35574.94,-242085.23,-480735.98
6/16/2022,70766.37,10609.59,5314.8,758.14,0,,,0,0,-40876.27,-66841.41,-231465.32,-574826.32
6/17/2022,110595.93,3560.12,30381.05,470.94,0,,,0,0,-51431.78,-31990.86,-200087.36,-506233.48
6/18/2022,108095.12,78107,1404.91,711.79,0,,,0,0,-43922.57,-67415.71,-142919.6,-577989.78
6/19/2022,97650.54,27335.98,3425.18,641.14,0,,,0,-186.61,-46263.68,-113252.08,-186257.52,-510965.83
6/20/2022,110272.13,4576.04,4659.93,540.14,0,,,0,-338.11,-50371.49,-33842.66,-188504.02,-547337.6
6/21/2022,137690.48,2549.2,4900.39,590.13,0,,,0,0,-54808.31,-10880.16,-178165.65,-488226.72
6/22/2022,86554.19,11260.35,537.43,460.11,0,,,0,0,-2845.46,-22108.97,-176308.47,-539649.99
6/23/2022,80780.75,4276.91,1532.99,722.46,0,,,0,-468.13,-57805.39,-30362.65,-190985.59,-508204.68
6/24/2022,173692.45,6431.38,9327.97,685.09,0,,,0,0,-68111.03,-294399.6,-200908.48,-515682.36
6/25/2022,93799.34,2483.81,711.46,565.98,0,,,0,0,-62501.16,-40852.58,-180283.73,-584267.58
6/26/2022,129064.51,2019.2,678.19,507.38,0,,,0,0,-60676.61,-64109.59,-202679.31,-642264.36
6/27/2022,82219.28,459.03,796.72,395.92,0,,,0,-1.48,-62001.11,-260358.58,-211561.93,-586736.08
6/28/2022,159733.05,1332.16,1091.38,217.9,0,,,0,-91.96,-53557.28,-27389.21,-202960.01,-494431.34
6/29/2022,274883.64,4470.13,957.33,145.49,0,,,0,-357.91,-48630.37,-13395.1,-217353.44,-467901.77
6/30/2022,142329.7,5691.69,403.12,195.78,0,,,0,-34.3,-32612,-152690.47,-213086.39,-463306.04
7/1/2022,241743.29,4485.05,1286.74,108.31,0,,,0,0,-55862.31,-113410.29,-149077.87,-459014.41
7/2/2022,183364.36,162.66,3906.19,158.68,0,,,0,-992.86,-50481.79,-10873.75,-147308.96,-443430.46
7/3/2022,689724.5,717.83,80.71,235.04,0,,,0,-1008.29,-54427.96,-17569.32,-155331.11,-446036.77
7/4/2022,658718.23,968.82,1856.33,434.15,0,,,0,-683.37,-54429.1,-155204.24,-151963.55,-437613.21
7/5/2022,429860.97,1105.6,277.27,181.53,0,,,0,-1527.21,-104728.11,-13656.23,-162621.42,-455657.17
7/6/2022,304602.31,2341.79,1013.26,284.2,0,,,0,-242.04,-59674.58,-41333.03,-163616.45,-383919.52
7/7/2022,219495.65,10569.43,1629.35,476.85,0,,,0,0,-53088.56,-48153.05,-148339.12,-425765.16
7/8/2022,166380.74,1852.07,2096.92,160.18,0,,,0,0,-65788.52,-17778.59,-135112.72,-427170.66
7/9/2022,150526.79,2048.52,241.16,171.55,0,,,0,-1594.45,-62508.68,-14186.77,-136354.04,-439971.1
7/10/2022,139788.89,5535.86,2252.77,165.52,0,,,0,-166.93,-58092.39,-43445.22,-142992.45,-475300.21
7/11/2022,126101.74,5919.43,1690.64,386.38,0,,,0,-138.97,-58701.67,-57024.42,-151552.47,-333519.44
7/12/2022,117254.5,3218.82,2221.16,317.94,0,,,0,-391.89,-53602.94,-22550.62,-148684.79,-410159.85
7/13/2022,167112.51,2363.79,2516.04,296.88,0,,,0,-0.17,-108664.11,-21932.55,-151491.92,-372204.83
7/14/2022,128713.76,2917.48,1551.64,347.11,0,,,0,0,-58948.55,-88898.04,-149049.28,-409449.4
7/15/2022,121110.92,6800.53,1285.72,280.05,0,,,-0.19,0,-60619.91,-103042.07,-132250.51,-452201.19
7/16/2022,142973.68,7312.15,1953.75,303.42,0,,,0,0,-57591.38,-61639.39,-137954.28,-411003.9
7/17/2022,118791.02,10065.42,2943.43,291.77,0,,,0,0,-41996.99,-29322.31,-147759.99,-386402.98
7/18/2022,215998.32,37729.44,893.7,485.12,0,,,0,0,-38872.43,-55385.72,-157227.62,-368354.39
7/19/2022,259791.95,15416.89,272.54,526.63,0,,,0,-33.23,-71348.31,-13314.17,-150057.33,-416162.16
7/20/2022,244002.52,16331.35,1792.27,425.06,0,,,0,0,-64583.46,-97179.96,-146289.67,-384777.99
7/21/2022,255638.56,4459.89,509.51,820.07,0,,,0,-2.35,-42969.65,-459756.85,-134311.4,-385143.65
7/22/2022,193834.86,4816.6,3126.23,1248.78,0,,,0,-179.13,-109291.71,-394082.33,-130864.97,-369318.25
7/23/2022,183322.73,3557.72,62.28,254.3,0,,,0,-1362.42,-65221.88,-29997.6,-133837.64,-380529.69
7/24/2022,205260.28,2926.76,1301.04,355.62,0,,,0,0,-67752.24,-11169.81,-135162.23,-350540.4
7/25/2022,257488.56,7255.96,2326.55,625.61,0,,,0,0,-52433.25,-45608.79,-122542.07,-313279.79
7/26/2022,111037.02,22610.27,1130.52,209.31,0,,,0,0,-60781.72,-29918.44,-124555.57,-319255.17
7/27/2022,173855.79,21362.46,2183.13,279.58,0,,,0,0,-64711.11,-10891.98,-117532.71,-330782.92
7/28/2022,268828.26,21702.17,2296.15,585.03,0,,,0,0,-81370.24,-118804.19,-114774.5,-326106.82
7/29/2022,191420.63,11545.38,1849.55,379.58,0,,,0,0,-91712.61,-180788.78,-112506.63,-305365.1
7/30/2022,135779.15,10351.42,4458.02,247.19,0,,,0,-188.03,-158053.39,-32443.4,-104278.42,-297098.44
7/31/2022,155124.35,18167.8,10452.81,394.14,0,,,0,-28.89,-54331.83,-107238.5,-100885.07,-261019.2
8/1/2022,144861.48,27591.53,863.59,235.51,0,,,0,-27.21,-46653.61,-38379.77,-94705.47,-288615.03
8/2/2022,146036,33319.2,1929.14,252.57,0,,,0,-20847.79,-81571.06,-129676.84,-82099.29,-269774.19
8/3/2022,154548.03,3621.75,139.78,643.62,0,,,0,-57.67,-48256.23,-45315.53,-100112.06,-251694.17
8/4/2022,126847.83,5217.48,1957.06,631.35,0,,,0,-441.88,-81970.68,-7922.41,-87234.96,-299421.41
8/5/2022,147455.33,3666.18,1696.73,272.75,0,,,0,0,-55006.21,-58069.73,-91523.25,-372643.44
8/6/2022,136680.79,2322.48,1269.67,177.43,0,,,0,-624.34,-74148.62,-14633.66,-92062.59,-468475.66
8/7/2022,109809.69,2061.72,1063.86,149,0,,,0,-121.33,-54700.05,-29976.94,-100410.52,-465878.49
8/8/2022,108429.54,5298.87,1025.26,524.09,0,,,0,-267.67,-157035.83,-28500.97,-148017.33,-336216.74
8/9/2022,140114.39,4314.71,1534.99,209.5,0,,,0,-252.41,-53679.33,-155517.78,-183203.66,-440246.31
8/10/2022,108301.63,9934.67,2213.27,583.49,0,,,0,-258.1,-69809.4,-111476.96,-157306.98,-474453.81
8/11/2022,112460.83,11320.75,8955.16,204.7,0,,,0,-578.64,-46813.95,-115663.67,-150199.19,-473971.23
8/12/2022,270751.48,6283.1,1380.22,268.05,0,,,0,-402.84,-92658.78,-237959.79,-133757.82,-475042.92
8/13/2022,133150.47,7547.93,5916.69,349.09,0,,,0,-2940.31,-83763.09,-57794.32,-123185.8,-467591.88
8/14/2022,166457.95,5791.71,323.12,384.31,0,,,0,-2034.94,-78715.1,-313790.08,-111183.15,-436098.76
8/15/2022,144818.15,5582.43,2278.39,307.97,0,,,0,0,-75972.52,-395511.88,-126732.87,-374397.39
8/16/2022,199935.6,21279.67,1088.27,227.97,0,,,0,-1629.09,-52008.16,-172169.22,-119560.13,-460442.91
8/17/2022,174456.26,6952.67,2675.41,279.71,0,,,-0.51,-183.8,-78975.24,-19395.09,-103593.59,-463993.41
8/18/2022,200142.37,2133.59,119.75,172.5,0,,,0,-957.63,-147551.28,-100029.65,-102313.97,-440449.4
8/19/2022,161724.9,26631.67,3133.92,291.55,0,,,0,0,-62807.19,-37673.29,-129416.43,-424138.62
8/20/2022,143454.76,17615.93,466.95,129.19,0,,,0,-78.69,-50919.77,-55487.65,-121909.94,-414017.76
8/21/2022,190282.85,2563.81,1686.59,161.2,0,,,0,-2063.23,-72963.7,-25809.93,-119007.2,-398239.6
8/22/2022,155252.6,2663.51,121.27,165.72,0,,,0,0,-73115.26,-34630.58,-113704.27,-389961.37
8/23/2022,136369.81,3122.31,1686.06,269.68,0,,,0,0,-71423.17,-49003.79,-117138.71,-379972.28
8/24/2022,184451.71,2376.19,76.49,299.7,0,,,0,-24.95,-58396.7,-132811.9,-118518.79,-371226.58
8/25/2022,119011.19,2766.37,2043.2,393.6,0,,,0,0,-78037.49,-91741.3,-170949.37,-397416.93
8/26/2022,124820.07,5866.27,2210.59,223.58,0,,,0,-65.78,-42903.52,-32922.14,-131018.12,-382088.32
8/27/2022,144723.81,11004.44,1707.3,168.9,0,,,0,-1918.83,-69908.99,-22313.54,-94282.71,-335608.44
8/28/2022,153803.16,1205.35,1349.43,174.82,0,,,0,0,-64431.47,-65851.66,-95770.29,-354289.9
8/29/2022,160510.35,1935.22,2942.9,273.08,0,,,0,-2288.02,-140775.46,-59542.89,-99385.57,-335383.79
8/30/2022,130095.9,1827.95,891.33,947.85,0,,,0,-13.07,-68863.98,-52656.66,-116170.81,-324063.48
8/31/2022,165734.44,2224.15,1108.77,286.19,0,,,0,0,-46740.37,-101586.44,-132375.02,-265641.95
9/1/2022,144003.19,1350.7,293.08,337.99,0,,,0,-247.04,-70818.93,-19377.94,-133524.65,-234880.36
9/2/2022,132108.01,3512.81,1172.62,422.27,0,,,0,-534.44,-67255.18,-27848.55,-127535.68,-209224.04
9/3/2022,118368.23,788.65,705.48,269.35,0,,,0,-461.48,-65681.85,-68665.56,-120761.42,-209037.85
9/4/2022,196481.66,304.37,588.61,322.11,0,,,0,-256.05,-73982.61,-27344.49,-131398.5,-196399.81
9/5/2022,167112.04,564.79,583.74,279.7,0,,,0,-1079.83,-71810.3,-32065.36,-116460.25,-206073.84
9/6/2022,227436.99,4776.11,6481.73,165.78,0,,,0,-3812.36,-61268.04,-27358.61,-121341.59,-172790.06
9/7/2022,279223.31,5729.59,1631.72,378.19,0,,,0,-943.35,-72078.46,-7913.91,-103920.53,-132226.76
9/8/2022,202806.68,6894.68,359.68,297.12,0,,,0,0,-67652.85,-124573.2,-125601.43,-241754.27
9/9/2022,275765.11,5358.65,270.84,175.07,0,,,0,0,-70984.81,-748859.58,-128661.36,-223538.31
9/10/2022,365858.61,3316.11,260.27,272.05,0,,,0,-811.16,-122621.22,-35077.78,-119305.86,-224528
9/11/2022,235400.94,1777.86,88.61,216.25,0,,,0,-42.03,-80494.69,-33240.84,-121939.83,-280524.34
9/12/2022,169576.35,4381.42,977.14,261.82,0,,,0,-142.7,-66424.68,-83191.92,-117392.86,-250910.81
9/13/2022,133962.28,13203.44,4321.96,524.99,0,,,0,-666.06,-49422.85,-78209.17,-106354.59,-236683.98
9/14/2022,174780.13,5434.43,731.22,126.79,0,,,0,-30.17,-64495.3,-214274.86,-101080.55,-205796.12
9/15/2022,133983.2,15729.71,1275.23,202.96,0,,,0,-10492.13,-77229.43,-2129.28,-112154.77,-196270.39
9/16/2022,160667.71,6097.98,14432.36,153.41,0,,,0,-25.85,-64224.49,-59116.6,-103387.25,-190373.99
9/17/2022,163293.82,3680.03,137.9,106.18,0,,,0,-14.41,-64501.64,-35828.09,-101208.7,-204472.27
9/18/2022,173816.5,4993.87,2979.24,152.42,0,,,0,0,-115526.7,-85947.19,-102676.07,-217869.53
9/19/2022,157528.92,9340.38,1807.45,231.78,0,0,,0,0,-59079.58,-77784.24,-94799.49,-184644.68
9/20/2022,184459.47,7370.83,2438.11,88.59,0,0,,0,-1694.24,-60444.93,-46661.53,-84353.48,-215883.18
9/21/2022,196836.5,7248.44,2149.69,96.43,0,0,,0,-99.13,-56751.06,-37668.02,-89069.4,-234829.1
9/22/2022,179983.03,2896.43,2624.75,178.88,0,0,,0,0,-79463.73,-36881.39,-70921.49,-216471.11
9/23/2022,158861.14,1265.45,1438.77,138.18,0,0,,0,-6.42,-84922.84,-31933.56,-93694.27,-212231.48
9/24/2022,186310.92,764.45,1413.4,139.43,0,0,,0,-14.79,-64798.24,-72561.85,-95069.78,-255142.3
9/25/2022,153190.49,90.08,8354.6,76.21,0,0,,0,0,-60319.93,-34028.53,-88775.29,-215594.55
9/26/2022,195306.18,1871.61,1224.83,73.39,0,0,,0,0,-59287.89,-72856.39,-95053.42,-219679.56
9/27/2022,147559.98,1875.48,911.3,61.46,0,0,,0,-254.54,-97951.4,-23514.09,-94833.14,-224183.58
9/28/2022,187396.16,1106.59,1199.03,138.08,0,0,,0,-33.55,-58630.83,-42568.36,-91403.63,-223388.92
9/29/2022,177713.61,4632.68,3133.51,157.39,0,0,,0,0,-58787.75,-68256.99,-96588.83,-262460.1
9/30/2022,137283.58,137.03,631.57,151.19,0,0,,0,-11.05,-57048.15,-184896.68,-86821.94,-238800.59
10/1/2022,148222.66,371.58,1143.66,96.65,0,0,,0,-18.69,-97558.9,-19748.76,-84187.37,-323526.52
10/2/2022,131135.84,216.51,923.13,135.03,0,0,,0,-153.92,-55891.76,-31775.27,-77707.2,-312706.63
10/3/2022,98567.09,179.52,1345.17,81.17,0,0,,0,-314.83,-75020.57,-256475.09,-74339.54,-286705.22
10/4/2022,141317.94,361.16,1333.57,213.48,0,0,,0,-91.25,-58158.77,-15845.88,-82514.29,-265090.73
10/5/2022,126016.83,283.63,765.2,64.49,0,0,,0,-2587.26,-92483.18,-435786.92,-93003.81,-260043.26
10/6/2022,134862.31,926.01,291.13,52.9,0,0,,0,-3503.45,-56569.17,-39439.56,-88571.83,-285061.5
10/7/2022,123688.34,677.06,2143.06,128.59,0,0,,0,-473.99,-63282.23,-55340.32,-80500.43,-254930.44
10/8/2022,110592.12,188.61,1172.77,146.18,0,0,,0,0,-58934.35,-80669.56,-70764.39,-253638.38
10/9/2022,91515.07,130.62,853.14,66.3,0,0,,0,-0.27,-58973.63,-82325.81,-72192.39,-229387.93
10/10/2022,73879.37,2971.32,2511.24,45.22,0,0,,0,0,-57546.04,-41674.56,-82779.29,-229733.16
10/11/2022,93043.74,461.69,1336.3,82.87,0,0,,0,0,-89185.93,-75227.3,-99942.25,-219764.05
10/12/2022,99459.24,89.32,1726.5,151.04,0,0,,0,0,-57823.14,-94992.23,-89749.47,-224389.52
10/13/2022,104064.65,7206.26,3299.01,384.67,0,0,,0,-176.68,-53957.2,-96612.25,-86866.33,-212927.6
10/14/2022,98293.64,1785.28,2466.2,281.83,0,0,,0,0,-50520.27,-76481.33,-85564.75,-217867.51
10/15/2022,73173.68,96.82,3201.21,305.79,0,0,,0,0,-54169.84,-9960.19,-92279.45,-217367.55
10/16/2022,95254.42,142.39,3011.52,169.67,0,0,,0,0,-53988.91,-30797.21,-87776.12,-231206.17
10/17/2022,111596.78,1625.99,2113.06,265,0,0,,0,-35.2,-54797.61,-158490.86,-92864.52,-221501.38
10/18/2022,82799.46,1891.12,1512.48,289.56,0,0,,0,0,-54219.8,-60063.52,-108440.3,-220440.34
10/19/2022,84210.68,1920.24,2156.21,356.3,0,0,,0,0,-86745.91,-132634.45,-106159.96,-196152.95
10/20/2022,87016.78,322.88,1883.29,289.61,0,0,,0,0,-54340.74,-32958.44,-96772.85,-232068.88
10/21/2022,61594.15,209.7,2750.12,289.53,0,0,,0,0,-53827.92,-56998.04,-93200.78,-206105.54
10/22/2022,69471.06,893.71,1953.92,228.78,0,0,,0,0,-54795.32,-31459.84,-102653.78,-199950.53
10/23/2022,74210.36,586.85,2437.97,363.61,0,0,,0,-9.72,-58402.47,-77913.88,-104175.95,-206625.21
10/24/2022,72189.43,582.32,1265.25,295.09,0,0,,0,0,-52303.42,-12062.92,-100886.11,-204805.3
10/25/2022,88089.83,6202.36,2428.74,294.38,0,0,,0,0,-52484.54,-83914.47,-69411.75,-200208.09
10/26/2022,77164.09,8713.45,4461.95,356.87,0,0,,0,-210.84,-54402.87,-19232.41,0,-201617.25
10/27/2022,79131.98,551.74,2088.68,316.02,0,0,,0,0,-86947.72,-220550.35,-19668.13,-205233.31
10/28/2022,69315.54,1797.53,1809,485.03,0,0,,0,0,-54471.39,-66802.61,-77360.53,-155592.84
10/29/2022,72181.86,8780.68,2072.3,341.05,0,0,,0,-128.44,-37465.13,-15596.63,-75495.73,-216222.01
10/30/2022,126405.98,737.14,1871.69,389.8,0,0,,0,-126.64,-37914.81,-27715.46,-72622.81,-232869.81
10/31/2022,68928.62,833.1,1659.62,443.66,0,0,,0,0,-52042.07,-79127.7,-73619.69,-232165.66
11/1/2022,63537.9,1077.79,2148.27,457.81,0,0,,0,0,-42706.35,-70392.19,-63494.21,-235100.06
11/2/2022,72306.21,9592.2,2301.9,284.61,0,0,,0,-715.24,-43683.93,-111995.31,-59785.19,-236835.75
11/3/2022,66698,1337.02,2311.95,276.94,0,0,,0,-3.28,-57885.61,-29896.73,-46919.11,-213405.44
11/4/2022,78982,2632.79,3072.28,348.14,0,0,,0,-431.22,-87150.8,-91919.54,-61154.72,-241156.15
11/5/2022,65273.79,285.97,2258.6,383.5,0,0,,0,-3807.96,-52872.16,-21366.79,-69469.15,-259555.36
11/6/2022,65397.99,1526.26,2123.84,376.71,0,0,,0,-796.15,-41637.09,-165559.98,-69813.08,-271925.5
11/7/2022,82137.58,2597.43,2087.84,248.86,0,0,,0,-277.79,-46298.27,-19632.23,-66687.7,-258880
11/8/2022,61105.66,35297.77,8727.01,325.71,0,0,,0,0,-38506.5,-48586.41,-66698.82,-242198.42
11/9/2022,31749.09,25981.54,6619.06,552.76,0,0,,0,-20.56,-33443.73,-7671.74,-54027.3,-183677.1
11/10/2022,55351.61,10445.18,7074.85,474.99,0,0,,0,0,-41325.73,-103344.6,-46973.16,-123135.29
11/11/2022,77249.16,2268.36,2771.37,294.24,0,0,,0,0,-32615.21,-46993.92,-51972.3,-150586.37
11/12/2022,67777.73,3871.37,4402.16,368.22,0,0,,0,-27.59,-30006.16,-10000.37,-43313.89,-137276.01
11/13/2022,49523.29,1294.34,4197.06,359.62,0,0,,0,-46.94,-55306.05,-25220.38,-40523.01,-121660.17
11/14/2022,42859.25,8977.3,7289.72,343.83,0,0,,0,-67.55,-32546.45,-2513.15,-31836.44,-113551.55
11/15/2022,51833.61,2165.34,3711.19,371.48,0,0,,0,0,-31795.51,-41295.85,-35338.98,-122224.02
11/16/2022,50882.99,745.42,15583.14,266.95,0,0,,0,-52.16,-37207.98,-80920.41,-43674.48,-118390.04
11/17/2022,54148.25,2172.6,10231.36,390.42,0,0,,0,-43.78,-30120.74,-57358.97,-42395.67,-50878.72
11/18/2022,57954.01,2509.02,1517.54,214.71,0,0,,0,-235.47,-30422.31,-32658.74,-52612.92,-114088.52
11/19/2022,79876.06,1084.69,1853.97,711.89,0,0,,0,-354.43,-30224.01,-32357.35,-48217.89,-128124.02
11/20/2022,51300.3,2949.29,2300.09,196.26,0,0,,0,0,-29977.92,-7434.45,-47253.89,-124475.01
11/21/2022,63819.52,2915.36,5842.56,187.8,0,0,,0,-57.98,-58071.67,-105473.28,-46330.94,-109865.69
11/22/2022,53321.36,4965.57,6744.23,304.41,0,0,,0,-27.37,-28185.87,-63702.96,-43137.47,-104338.71
11/23/2022,41313.83,4290.8,2237.5,155.76,0,0,,0,0,-28727.55,-50807.82,-50441.73,-115499.17
11/24/2022,40431.73,7078.19,8452.18,190.6,0,0,,0,-161.57,-37547.74,-26473.73,-54740.96,-125548.24
11/25/2022,42275.25,1625.47,2047.59,219.62,0,0,,0,0,-29333.85,-142501.56,-53807.7,-124929.84
11/26/2022,43426.74,2681.24,2118.27,267.97,0,0,,0,-595.96,-28591.05,-20435.41,-45648.41,-117063.59
11/27/2022,45203.24,808.62,1305.96,161.44,0,0,,0,0,-31842.56,-28265.34,-45747.3,-123477.05
11/28/2022,44196.86,927.36,1384.23,164.36,0,0,,0,0,-31066.67,-63493.02,-48377.93,-123039.97
11/29/2022,42532.82,1304.58,1430.11,208.79,0,0,,0,0,-57384.63,-29363.82,-43213.68,-123914.26
11/30/2022,42316.48,1356.69,1440.27,287.3,0,0,,0,0,-28541.88,-187997.4,-45527.64,-122733.98
12/1/2022,46334.74,1373.9,1303.11,159.56,0,0,,0,-1178.93,-44039.72,-40112.31,-48275.87,-118551.79
12/2/2022,56744.33,4376.46,1683.76,142.59,0,0,,0,-447.56,-31016.91,-48054.37,-51544.93,-115739.01
12/3/2022,39381.78,676.87,1063.53,626.38,0,0,,0,-1617.24,-41404.96,-45465.84,-53327.67,-118649.97
12/4/2022,52400.89,956.27,1742.47,212.69,0,0,,0,-516.97,-29566.06,-5222.46,-22050.28,-110092.06
12/5/2022,44778.82,1021.89,2869.45,358.16,0,0,,0,-570.43,-39972.58,-30553.7,-47129.49,-111131.51
12/6/2022,40128.94,317.99,1348.89,196.06,0,0,,0,-1193.33,-31453.2,-71022.1,-52559.9,-108054.82
12/7/2022,50047.9,1752.79,1966.3,172.9,0,0,,0,-558,-77757.79,-14373.13,-57581.49,-116049.08
12/8/2022,64303.94,961.91,1675.21,215.43,0,0,,0,-5.39,-40388.47,-18907.01,-61004.69,-123020.11
12/9/2022,56774.97,4076.77,1080.09,172.64,0,0,,0,0,-39657.38,-34555.06,-70268.74,-129263.61
12/10/2022,49436.18,424.63,1773.26,178.45,0,0,,0,-91.31,-41519.52,-12089.84,-63371.43,-127487.56
12/11/2022,69812.91,3405.55,2326.07,112.98,0,0,,0,0,-38609.13,-14922.61,-67743.78,-131024.09
12/12/2022,68667.85,1087.26,5328.43,339.69,0,0,,0,0,-37390.48,-38299.53,-72819.84,-127625.91
12/13/2022,61494.3,4071.91,2474.37,291.44,0,0,,0,-1697.19,-35098.86,-140901.3,-72822.47,-123196.12
12/14/2022,56970.5,3432.48,4203.8,333.88,0,0,,0,-473.49,-37996.53,-21699.85,-66286.74,-109208.73
12/15/2022,48337.29,2527.96,2996.26,312.92,0,0,,0,-977.04,-67471.17,-124831.68,-68116.71,-94873.02
12/16/2022,44807.42,6782.24,4114.32,228.64,0,0,,0,0,-30450.4,-125676.32,-66490.97,-93923.27
12/17/2022,44487.42,6832.24,1439.44,163.83,0,0,,0,0,-31489.7,-27409.68,-65038.19,-86119.23
12/18/2022,58529.51,129.13,1585.51,104.06,0,0,,0,-2767.07,-31547.15,-24300.59,-56886.05,-88901.64
12/19/2022,97014.59,741.01,10716.46,204.97,0,0,0,0,-2395,-28190.12,-9620.37,-64869.83,-89502.93
12/20/2022,61307.27,517.75,2302.32,147.41,0,0,0,0,0,-30788.42,-97444.42,-60525.58,-80335.2
12/21/2022,60757.29,34.92,3453.72,138.66,0,0,0,0,-611.95,-29172.35,-38159.2,-65582.23,-81365.24
12/22/2022,45369.34,508.56,2356.28,165.07,0,0,0,0,0,-29398.25,-138530.09,-73839.12,-107876.8
12/23/2022,49154.05,315.38,1415.32,134.4,0,0,0,0,0,-57846.81,-14448.29,-75234.95,-93111.89
12/24/2022,43152.87,172.56,2682.39,124.99,0,0,-0.05,0,0,-30126.35,-25939.11,-60311.67,-97227.67
12/25/2022,31190.55,646.87,456.13,198.04,0,0,-0.05,0,0,-31126.22,-10184.45,-56372.28,-98432.01
12/26/2022,40695.31,67.98,492.42,122.22,0,0,-0.05,0,-975.23,-28054.78,-62979.58,-57919.88,-95531.24
12/27/2022,33819.2,150.85,665.16,106.58,0,0,-0.05,0,0,-26623.74,-37643.09,-49826.56,-94003.89
12/28/2022,38957.78,1416.66,735.51,96.8,0,0,-0.05,0,0,-25007.06,-50202.47,-53040.17,-89380.63
12/29/2022,37230.46,3596.99,965.64,95.72,0,0,-0.05,0,0,-23765.8,-68525.18,-51307.32,-86021.28
12/30/2022,51111.51,624.43,738.59,88.35,0,0,-0.05,0,-58.14,-24025.83,-29216.17,-52675.68,-80905.76
12/31/2022,80793.69,437.53,1439.35,167.94,0,0,0,0,-135.77,-24122.09,-8506.24,-48465.2,-79675.34
1/1/2023,41701.24,1311.88,553.14,103.57,0,0,0,0,-344.83,-49098.17,-21104.98,-45039.27,-78420.02
1/2/2023,60769.01,1046.14,1204.71,111.41,0,0,0,0,0,-24453.66,-14942.18,-42833.34,-75133.9
1/3/2023,64724.45,995.77,1097.11,121.99,0,0,0,0,-249.5,-25588.25,-86202.82,-38442.05,-80604.63
1/4/2023,60779.49,4657.75,2602.57,368.75,0,0,0,0,-32142.89,-25177.63,-21940.62,-37327.9,-82088.2
1/5/2023,44758.06,2506.51,1731.97,132.29,0,0,0,0,0,-23202.77,-26836.17,-43201.59,-79417.23
1/6/2023,59422.84,735.74,2203.15,165.53,0,0,0,0,-592.47,-24712.7,-18879.18,-40341.14,-90689.76
1/7/2023,73752.11,5519.02,690.18,115.48,0,0,0,0,-849.77,-24542.77,-85646.56,-38958.6,-92707.28
1/8/2023,43768.59,586.92,9453,129.98,0,0,0,0,-717.39,-25657.01,-62200.75,-33313.98,-93610.22
1/9/2023,73375.77,3319.56,1225.82,116.31,0,0,0,0,-240.62,-51979.75,-16860.47,-34499.95,-91288.52
1/10/2023,53201.1,637.41,1360.11,139.47,0,0,0,0,-96.37,-28913.81,-86094.97,-39940.43,-96448.47
1/11/2023,56298.78,1680.76,449.8,120.3,0,0,0,0,-2001.85,-27970.17,-36449.84,-38947.74,-103457.01
1/12/2023,66972.08,12900.38,2177.94,173.03,0,0,0,0,-346.42,-28295.03,-11909.77,-34474.28,-101132.44
1/13/2023,61581.63,4704.99,2832.71,265.16,0,0,0,0,-573.86,-31485.43,-36795.29,-33762.36,-111717.38
1/14/2023,65038.75,9774.59,4586.08,226.06,0,0,0,0,-47.76,-33325.98,-104217.47,-33712.68,-118252.36
1/15/2023,74716.41,698.61,1762.6,266.04,0,0,0,0,-47.63,-33971.22,-50937.67,-31759.54,-171327.11
1/16/2023,57147.4,7930.81,1069.67,170.42,0,0,0,0,0,-34261.23,-223822.18,-32048.48,-183195.35
1/17/2023,73852.17,1453.25,2252.74,189.22,0,0,0,0,0,-66577.97,-151082.76,-28130.08,-186209.84
1/18/2023,57133.94,2362.76,5996.77,143.72,0,0,0,0,-347.1,-31544.63,-49964.39,-26654.27,-179962.9
1/19/2023,56620.85,1671.79,2873.56,110.85,0,0,0,0,-30.16,-30735.07,-79834.46,-30680.28,-157383.53
1/20/2023,53619.36,5749.56,1138.38,188.9,0,0,0,0,0,-36551.03,-40937.63,-30265.97,-151537.63
1/21/2023,63815.95,9556.91,4413.19,217.81,0,0,0,0,0,-35248.01,-105743.8,-31151.29,-163283.57
1/22/2023,48288.61,1642.82,4018.84,156.15,0,0,0,0,0,-37033.72,-30989.87,-37529.28,-152743.78
1/23/2023,71264.53,1635.08,2328.03,72.7,0,0,0,0,-378.52,-37573.77,-74999.32,-36595.01,-152453.94
1/24/2023,60268.83,4171.02,2304.43,557.71,0,0,0,0,0,-37141.57,-111620.9,-35027.91,-150247.69
1/25/2023,69065.03,2445.82,3485.87,208.63,0,0,0,0,0,-81103.78,-47517.22,-35730.59,-139909.07
1/26/2023,72971.77,1719.2,10931.26,154.43,0,0,0,0,0,-43969.23,-24167.63,-38043.73,-146391.83
1/27/2023,59848.87,5647.89,1867.05,150.03,0,0,0,0,0,-41026.84,-39303.95,-42208.49,-145556.31
1/28/2023,63594.69,1739.52,2402.91,141.91,0,0,0,0,0,-42058.21,-64375.51,-47884.03,-153571.62
1/29/2023,61808.85,1004.31,4045.41,165.22,0,0,-0.08,0,-201.87,-40717.51,-48313,-45844.95,-147814.61
1/30/2023,58558.48,1226.3,1478.82,213.82,0,0,-0.07,0,0,-39499.19,-33802.96,-42709.28,-156466.01
1/31/2023,72788.89,3180.06,1981.42,119.12,0,0,-0.07,0,-0.22,-40707.44,-137354.55,-44897.15,-139991.53
2/1/2023,65180.85,784.62,2215.68,203.62,0,0,0,0,-125.3,-41360.07,-96178.5,-49148.33,-135616.32
2/2/2023,55361.16,9364.18,4675,294.5,0,0,0,0,0,-80417.82,-25954.18,-43159.57,-155902.59
2/3/2023,55056.68,3653.48,2623.99,224.87,0,0,0,0,-1892.48,-48671.79,-102188.45,-44058.24,-146295.85
2/4/2023,103175.38,1261.15,1463.69,243.15,0,0,0,0,-590.35,-45001.69,-46222.28,-43085.55,-143461.67
2/5/2023,53155.59,1434.76,1124.44,260.86,0,0,0,0,-1864.68,-49556.32,-63559.08,-42722.24,-126376.65
2/6/2023,66208.8,879,1432.99,364.5,0,0,0,0,-322.22,-49357.99,-77660.66,-42982.05,-156899.52
2/7/2023,87008.35,9495.59,9589.86,294.24,0,0,0,0,-985.91,-57774.78,-41693.01,-43493.88,-141425.2
2/8/2023,63228.4,1292.52,3133.86,414.44,0,0,0,0,0,-56994.49,-203846.7,-43665.78,-156141.95
2/9/2023,68795.26,8052.53,4269.17,737.73,0,0,0,0,-44.14,-48963.77,-234512.4,-43145.3,-155779.21
2/10/2023,69798.65,2831.72,1797.69,449.4,0,0,0,0,-709.86,-95780.52,-137379.84,-40889.25,-126582.95
2/11/2023,48525.22,5434.56,846.31,338.17,0,0,0,0,-0.45,-55519.77,-80431.41,-50753.46,-123972.48
2/12/2023,64949.44,2234.76,1754.34,300.76,0,0,0,0,-892.76,-52133.81,-169643.75,-59897.99,-129982.87
2/13/2023,40478.57,3991.52,3587.85,331.01,0,0,0,0,0,-48909.83,-64429.34,-63974.33,-125374.33
2/14/2023,159725.97,2784.28,6049.07,266.21,0,0,0,0,-1177.98,-49119.03,-210002.24,-51213.4,-124039.41
2/15/2023,46996.41,5648.62,3185,262.65,0,0,0,0,0,-55506.22,-197330.05,-50506.92,-127054.86
2/16/2023,47380.88,5418.58,2652.89,664.93,0,0,0,0,-1868.37,-50454.94,-125075.16,-60541.14,-134310.11
2/17/2023,53147.01,1595.58,1499.07,455.76,0,0,-0.08,0,-33.2,-51964.51,-106553.4,-64929.35,-131256.84
2/18/2023,44791.09,3895.25,1983.04,449.75,0,0,-0.08,0,0,-96184.7,-330253.86,-56585.69,-144245.43
2/19/2023,109876.56,655.43,1308.73,390.12,0,0,-0.09,0,0,-55636.18,-62428.69,-54449.07,-173019.76
2/20/2023,93301.04,1076.07,4182.46,368.45,0,0,-0.09,0,0,-55074.49,-47576.68,-54187.2,-180769.46
2/21/2023,95577.81,12399.8,3126.72,481.39,0,0,-0.09,0,0,-49577.27,-78261.43,-48601.98,-194868.11
2/22/2023,46402.27,5569.01,2947.22,332.98,0.1,0,-72.47,0,0,-49003.36,-139596.69,-49635.69,-178200.77
2/23/2023,162866.64,845.38,2393.04,509.6,0,0,-81.27,0,0,-47954.28,-115344.96,-43875.18,-188655.28
2/24/2023,144590.34,3053.07,1790.23,745.74,0,0,-75.52,0,0,-44410.66,-107478.2,-42889.46,-180894.54
2/25/2023,170790.13,6035,1839.59,259.75,0,0,-74.45,0,-137.41,-43814.79,-142405.06,-42636.73,-155742.07
2/26/2023,89491.73,3583.86,1611.53,336.62,0,0,-72.56,0,0,-45420.7,-64803.22,-47638.39,-160807.9
2/27/2023,88452.88,295.25,2308.8,487.77,0.53,0,-68.29,0,0,-85280.99,-50956.5,-44932.99,-139177.28
2/28/2023,81014.07,308.29,2215.6,548.16,0,0,-139.31,0,0,-41719.45,-220026.5,-42627,-140649.96
3/1/2023,64152.62,1153.96,4083.79,552.98,0.45,0,-285.42,0,-3824.21,-43074.16,-124370.31,-40367.39,-131624.11
3/2/2023,68279.68,1584.4,906.71,353.05,0,0,-265.35,0,0,-41693.58,-174919.58,-43184.81,-143139.92
3/3/2023,85334.32,2973.54,4406.35,328.52,0,0,-251.44,0,-987.91,-37496.91,-155412.5,-42069.8,-135526.66
3/4/2023,65793.26,2039.2,549.06,360.63,0,0,-258.46,0,-156.35,-35357.17,-28560.94,-42548.28,-126499.42
3/5/2023,83316.79,765.81,827.88,322.68,0,0,-261.75,0,-213.17,-34843.17,-114818.8,-41141.55,-121600.12
3/6/2023,72376.3,10035.11,4164.67,234.5,0,0,-258.73,0,-36.1,-36191.42,-85716.86,-36160.87,-125393.11
3/7/2023,48162.71,1887.49,718.86,495.46,0,0,-258.4,0,-1105.48,-35506.59,-103610.63,-31374.13,-121859.57
3/8/2023,58239.84,4425.79,4543.84,460.18,0,0,-260.41,0,-782.27,-64430.5,-131962.34,-29758.67,-117137.13
3/9/2023,40995.35,16658.37,2212.47,895.01,0,0,-244.96,0,0,-31389.7,-66274.23,-28255.46,-109491.8
3/10/2023,58501.01,10489.66,3367.61,413.15,0,0,-254.22,0,0,-32611.06,-38415.08,-24641.12,-111537.69
3/11/2023,32129.06,25230.93,19065.88,2101.21,0,0,-217.87,0,0,-27766.6,-17984.9,-29250.32,-104208.9
3/12/2023,38742.69,27726.42,13431.23,502.69,0,0,-233.98,0,0,-32109.63,-153913.72,-27433.52,-104696.23
3/13/2023,40908.68,28551.07,11191.37,437.61,0,0,-282.57,0,-296.33,-33496.26,-54562.32,-31996.22,-115533.75
3/14/2023,51147.73,13549.18,5628.09,336.67,0,0,-379.94,0,0,-35839.83,-105556.58,-34637.39,-120022.85
3/15/2023,33405.59,5058.26,1112.56,369.51,0,0,-369.48,0,0,-32981.95,-233728.07,-32514.12,-109060.4
3/16/2023,38331.24,5192.4,2677.8,331.42,0,0,-363.8,0,-518.57,-32997.02,-44716.89,-32488.96,-97239.73
3/17/2023,66956.07,7462.71,1728.5,421.13,0,0,-369.13,0,-672.7,-71759.66,-118114.3,-35606.19,-89533.22
3/18/2023,63657.93,6975.64,18044.27,559.55,0,0,-355.39,0,-320.04,-36376.99,-83986.2,-36684.49,-78468.32
3/19/2023,54028.42,3575.79,1834.26,442.65,0,0,-366.15,0,-270.62,-37647.63,-130978.93,-37315.41,-73238.26
3/20/2023,44181.9,24089.52,9065.83,541.14,0,0,-350.02,0,-255.76,-37467.98,-75563.68,-35859.85,-79355.17
3/21/2023,57546.54,2475.14,23110.31,461.51,0,0,-378.43,0,0,-40938.26,-166839.59,-33924.38,-65814.43
3/22/2023,75962.65,5092.48,2415.09,492.92,0,0,-343.26,0,-4729.7,-36452.62,-170521.43,-28644.46,-65106.54
3/23/2023,47166.92,7996.62,4878.01,1392.55,0,0,-354.19,0,0,-41769.98,-90452.01,-28947.31,-55075.21
3/24/2023,56300.46,3430.84,4431.94,3086.51,0,0,-343.31,0,-3.94,-40923.71,-80688.57,-26216.82,-60837.12
3/25/2023,73293.06,894.98,1131.83,1381.63,0,0,-350.82,0,0,-80716.79,-62872.25,-30100.12,-67360.54
3/26/2023,50364.99,2465.14,2022.04,1265.7,0,0,-345.94,0,-0.97,-43086.02,-42798.21,-32673.31,-73699.51
3/27/2023,50059.4,2864.7,2331.61,1460.14,0,0,-329.93,0,-528.21,-40841.78,-80984.84,-35153.41,-62678.41
3/28/2023,44911.13,4479.7,4219.98,1538.4,1.2,0,-340.65,0,0,-40951.29,-127676.64,-28069.76,-53721.55
3/29/2023,49739.76,2198.98,732.35,959.18,0.31,0,-349.44,0,0,-42410.16,-390933.44,-31594.19,-58467
3/30/2023,39965.53,1092.56,2084.28,1587.93,0,0,-347.17,0,0,-39888.22,-83296.4,-32310.8,-71659.51
3/31/2023,71087.92,2428.4,2011.07,1096.88,0.33,0,-352.8,0,0,-43067.78,-328844.97,-34864,-81196.82
4/1/2023,59598.24,9488.85,1974.86,1038.25,0.48,0,-342.57,0,0,-44935.23,-41670.82,-33830.11,-83825.86
4/2/2023,73717.34,1126.03,2231.83,2258.27,0,0,-325,0,0,-42545.14,-131102.26,-35206.51,-75484.8
4/3/2023,69728.58,5391.44,4200.21,1013.94,0,0,-327.89,0,0,-85879.03,-138977.79,-32697.43,-65205.53
4/4/2023,119970.5,3228.57,2291.39,1051.02,0,0,-331.21,0,0,-43667.05,-103474.19,-31749.18,-65598.35
4/5/2023,34522.57,6304.09,2339.32,820.03,0,0,-344.08,0,-6562.96,-45025.84,-99926.23,-26128.42,-69305.75
4/6/2023,54546.88,4652.47,689.99,611.95,0,0,-342.64,0,-28.52,-45585.86,-81067.38,-24954.48,-69684.29
4/7/2023,69089.75,1231.48,5558.13,678.23,0,0,-338.13,0,-237.69,-45335.02,-84735.67,-23002.7,-69489.28
4/8/2023,65186.13,1684.95,2851.39,700.97,0,0,-339.81,0,-12.65,-46161.63,-99653.6,-22115.17,-68452.5
4/9/2023,59251.6,919.89,6118.31,558.13,0,0,-350.9,0,-362.28,-46929.87,-31265.19,-21814.85,-74097.87
4/10/2023,46694.71,2324.47,5472.23,1330.63,0,0,-341.87,0,0,-48076.37,-114272.93,-21700.11,-72790.1
4/11/2023,55220.66,4800.21,7993.14,882.34,0,0,-224.54,0,-1058.26,-45019.58,-65906.82,-24515.08,-71611.26
4/12/2023,63900.45,3884.54,4457.01,675.6,0,0,0,0,-1094.77,-83749.95,-212181.15,-27734.63,-72205.64
4/13/2023,65903,30685.74,2691.89,1088.75,0,0,0,0,0,-45027.67,-78351.32,-28905.68,-78490.8
4/14/2023,52435.79,25230.2,5557.75,2118.05,0,0,0,0,-713.8,-42791.99,-106464.04,-29158.66,-92454.5
4/15/2023,48814.75,9074.04,4490.44,1308.96,0.2,0,0,0,-22.08,-44499.43,-53853.95,-26923.26,-96263.26
4/16/2023,56313.04,3874.28,226.89,815.72,0,0,0,0,0,-42995.8,-96246.31,-25195.14,-87084.16
4/17/2023,43317.91,5015.76,4559.51,820.62,0,0,0,0,-1175.52,-44774.98,-322453.55,-24840.91,-82303.72
4/18/2023,60357.97,4940.94,6412.85,981.86,0,0,0,0,0,-44552.67,-253983.3,-25094.87,0
4/19/2023,37306.71,18821.01,3578.94,774.04,0,0,0,0,0,-39552.84,-11664.6,-27044.22,-104103
4/20/2023,62687.36,10369.62,5165.06,632.17,0,0,0,0,0,-39387.23,-142713.97,-23424.47,-95956.08
4/21/2023,115994.99,14501.12,3812.36,739.93,0,0,0,0,-297.82,-37781.4,-133350.72,-28297.89,-99685.72
4/22/2023,63274.27,1713.03,2940.63,460.47,0,0,0,0,0,-38481.66,-75534.4,-24156.56,-95969.98
4/23/2023,73339.64,4741.55,2045.75,407.93,0,0,0,0,-45.57,-75302.99,-128992.4,-24784.26,-102957.01
4/24/2023,72874.77,4379.24,1199.68,668.07,0,0,0,0,0,-39114.68,-77075.06,-22968.28,-100390.73
4/25/2023,111995.56,9389.45,20815.34,709.9,0,0,0,0,0,-39615.34,-90254.13,-21897.2,-99127.98
4/26/2023,92494.73,19791.45,3083.85,1172.75,0,0,0,0,0,-38224.1,-37079.27,-22294.03,-101403.68
4/27/2023,78553.78,19017.41,3423.14,588.81,0,0,0,0,0,-39292.36,-57279.98,-23224.42,-98130.64
4/28/2023,41417.23,816.52,3695.27,542.99,0,0,0,0,0,-38468.09,-248966.62,-22321.86,-95396.09
4/29/2023,42287.28,2298.12,2615.49,514.22,0,0,0,0,0,-38192.25,-151838,-22009.47,-96931.91
4/30/2023,55015.79,2632.69,2816.43,655.01,0,0,0,0,0,-37706.61,-110524.25,-22521.15,-96394.52
5/1/2023,39192.19,5451.43,5165.06,678.94,0,0,0,0,-12502.38,-72505.16,-11271.46,-21439.99,-95320.47
5/2/2023,37084.14,6863.89,4664.26,934.93,0,0,0,0,0,-38316.23,-126004.37,-20965.91,-88938.85
5/3/2023,64782.55,5752.38,2356.19,1284.83,0,0,0,0,0,-38456.02,-132452.89,-22558.44,-87782.15
5/4/2023,39477.55,6164.2,7057.5,2025.06,0,0,0,0,-268.89,-38356.6,-134434.17,-22453.54,-86320.42
5/5/2023,39555.04,5997.5,3392.09,1193.45,0,0,0,0,0,-39048.21,-19376.08,-30278.63,-84918.07
5/6/2023,33337.35,14407.29,3083.61,724.3,0,0,0,0,0,-36681.27,-16680.36,-34502.9,-83514.63
5/7/2023,37257.96,1476.84,16434.86,600.59,0,0,0,0,0,-36321.29,-122143.69,-36787.21,-79745.76
5/8/2023,27120.24,12223.55,3099.18,785.12,0,0,0,0,-4827.36,-32746.05,-30454,-38844.75,-79306.48
5/9/2023,34413.55,3924.69,11302.27,1167.13,0,0,0,0,-272.48,-34201.78,-49506.44,-27783.32,-69870.57
5/10/2023,29175.15,8144.69,5809.87,1576.15,0,0,0,0,0,-67650.46,-222306.1,-24769.5,-75150.34
5/11/2023,27428.87,10535.99,6700.17,692.59,0,0,0,0,-658.61,-33505.58,-86047.88,-24970.79,-78718.88
5/12/2023,42570.14,13982.3,7930.93,833.43,0,0,0,0,-219,-34242.83,-267353.46,-25231.28,-71399.68
5/13/2023,52407.35,1020.46,4447.62,958.02,0,0,0,0,-411.91,-32442.33,-88674.41,-25000.24,-74756.52
5/14/2023,53164.44,2715.89,1919.75,981.05,0,0,0,0,0,-32230,-103885.81,-23821.95,-71626.95
5/15/2023,40768.43,3103.82,674.56,826.86,0,0,0,0,0,-33012.17,-49878.64,-23797.89,-74021.48
5/16/2023,38298,6468.59,6321.82,751.85,0,0,0,0,0,-32731.27,-104869.95,-24815.58,-71344.41
5/17/2023,36630.48,9010.92,2987.13,370.97,0,0,0,0,0,-35231.07,-189227.87,4928.32,-71750.79
5/18/2023,39719.75,6636.41,6151.95,674.97,0,0,0,0,0,-35835.44,-93216.55,-19128.1,-73673.27
5/19/2023,45937.42,9817.99,6889.79,567.46,0.19,0,0,0,0,-72421.03,-92249.9,-16638.54,-71707.76
5/20/2023,53959.87,75.66,3595.55,803.21,0,0,0,0,0,-37002.09,-12338.25,-15983.23,-73229.07
5/21/2023,58861.45,272.67,3294.97,625.41,0,0,0,0,-23.9,-34575.05,-75731.23,-15895.46,-77165.63
5/22/2023,35900.65,4191.2,2828.81,644.08,0,0,0,0,-1019.28,-35491.76,-75503.25,-8432.44,-77144.66
5/23/2023,44056.28,4028.82,3902.25,941.28,0,0,0,0,0,-37508.76,-87703.09,-19335.34,-79411.43
5/24/2023,48276.74,7148.6,2523.77,697.22,0,0,0,0,0,-37195.08,-55329.91,-20555.21,-81373.22
5/25/2023,39230.17,1808.02,8416.3,705.98,0,0,0,0,0,-37136.79,-56697.87,-19624.73,-78636.98
5/26/2023,104661.28,8398.18,2497.63,708.33,0,0,0,0,0,-36247.75,-172257.85,-17554.38,-78136.02
5/27/2023,60591.7,356.83,5295.57,563.88,0,0,0,0,0,-35850.85,-56768.89,-18565.96,-75995.12
5/28/2023,52852.01,8022.34,7161.31,700.77,0,0,0,0,-449.99,-75346.79,-42122.83,-18471.86,-77045.64
5/29/2023,52022.28,3798.66,4429.28,649.2,0,0,0,0,-593.1,-37471,-169849.05,-11501.63,-77213.68
5/30/2023,43145.31,1564.97,3330,677.58,0,0,0,0,0,-37772.54,-262181.71,-19868,-75026.75
5/31/2023,40317.18,1643.76,3066.25,795.65,22.17,0,0,0,-23.65,-36732.58,-80599.08,-19891.05,-73478.23
6/1/2023,43292.93,1269.44,11143.75,647.92,0,0,0,0,0,-37603.47,-51120.6,-20502.4,-73507.24
6/2/2023,61519.98,8439.14,5763.17,633.24,0,0,0,0,0,-36165.76,-45330.32,-17780.35,-74194.82
6/3/2023,47949.68,4056.43,1409.87,678.76,0,0,0,0,0,-38918.72,-89505.3,-20095.59,-77129.65
6/4/2023,71217.26,592.77,528.92,570.87,0,0,0,0,0,-38344.83,-107090.23,-18572.07,-77668.98
6/5/2023,78541.4,5992.11,4810.81,869.09,0,0,0,0,-231.53,-34441.73,-90386.44,-21792.87,-80018.59
6/6/2023,54654.91,24581.34,3372.15,760.2,0,0,0,0,-907.35,-79474.94,-9816.28,-6089.46,-75137.75
6/7/2023,73204.85,4086.61,3756.18,715.63,0.37,0,0,0,-237.46,-36134.37,-248049.38,-10763.99,-78401.7
6/8/2023,53574.64,537.76,383.19,642.44,0,0,0,0,-9.21,-35605.34,-177192.06,-8476.77,-73952.7
6/9/2023,40688.37,2888.73,2778.93,520.79,0,0,0,0,-694.19,-35001.27,-111950.45,-9530.49,-74907.97
6/10/2023,33845.21,16425.84,8060.37,831.65,0,0,0,0,0,-28569.36,-17859.9,-17410.87,-73844.98
6/11/2023,30385.28,4251.08,2086.73,566.32,0,0,0,0,-3560.19,-28487.03,-18982.99,-14442.78,-66742.2
6/12/2023,52213.49,12068.04,4427.2,494.18,0,0,0,0,0,-29507.61,-91042.93,-10483.94,-69164.64
6/13/2023,40978.1,2758.44,2829.75,518.42,0,0,0,0,-687.29,-28999.86,-73787.24,-19133.76,-68442.91
6/14/2023,64357.85,14032.68,8210.66,616.24,0,0,0,0,0,-56826.78,-44499.34,-13890.82,-69022.73
6/15/2023,38959.61,9033.34,8718.81,1056.36,0,0,0,0,-609.61,-30774.15,-273001.68,-20266.05,-67223.78
6/16/2023,60396.26,7786.33,2924.11,507.23,0,0,0,0,0,-30523.71,-46416.91,-24075.55,-68145.16
6/17/2023,51298.69,6434.06,4200.25,430.73,0,0,0,0,-73.3,-30983.89,-22770.32,-23279.03,-68319.49
6/18/2023,48405.22,3560.42,420.15,394.92,0,0,0,0,0,-29961.76,-12606.57,-24581.77,-66451.14
6/19/2023,50193.61,12309.11,4534.79,625.78,0,0,0,0,0,-30575.27,-46309.11,-20772.66,-64889.98
6/20/2023,56856.29,8101.55,2485.77,595.25,0,0,0,0,-203.2,-32310.47,-27691.63,-21133.98,-64328.66
6/21/2023,55904.39,28644.45,9710.58,712.37,0,0,0,0,-72.06,-33818.74,-69948.82,-19410.18,-68720.39
6/22/2023,52981.13,14564.88,2325.71,625.98,0,0,0,0,0,-33181.11,-35600.07,-19671.45,-70732.18
6/23/2023,38296,7193.34,1424.43,553.31,0,0,0,0,0,-64788.94,-102711.26,-11601.92,-68148.07
6/24/2023,46190.71,13950.23,6051.31,472.89,0,0,0,0,-19.17,-32764.92,-69954.26,-11153.17,-70040.23
6/25/2023,58107.05,7580.36,2387.95,486.54,0,0,0,0,0,-34677.69,-21010.23,-9379.28,-67958.59
6/26/2023,45114.85,11239.67,3831.54,580.37,0,0,0,0,0,-32603.12,-151486.01,-4187.31,-69118.87
6/27/2023,48175.78,7451.56,1774.47,471.53,0,0,0,0,0,-34105.54,-53127.49,-12236.23,-66263.85
6/28/2023,51797.58,13453.45,583.38,954.01,0,0,0,0,0,-31967.77,-181297.9,-11507.25,-65777.48
6/29/2023,30039.22,3452.51,6789.41,852.92,0,0,0,0,-400.21,-31607.63,-161611.93,-10580.71,-74615.8
6/30/2023,33293.44,15999.59,3850.9,893.65,0,0,0,0,-293.67,-38120.52,-135948,-12069.21,-73797.37
7/1/2023,39303.99,11936.82,2823.05,603.83,0,0,0,0,0,-38032.58,-7596.14,-26711.41,-75640.27
7/2/2023,50130.24,528.96,902.12,625.63,0,0,0,0,-276.2,-75269.99,-85703.28,-30789.5,-75699.53
7/3/2023,68570.33,11818.8,4207.66,1243.15,0,0,0,0,0,-38419.06,-291237.3,-20070.23,-74298.22
7/4/2023,43205.09,3946.64,1206.39,579.06,0,0,0,0,0,-36545.27,-102250.38,-23503.85,-75406.6
7/5/2023,26654.84,2715.82,273.86,624.67,0,0,0,0,-394.23,-36087.5,-238762.62,-21870.58,-73418.09
7/6/2023,27633.62,5653.76,1188.84,564.96,0,0,0,0,-993.53,-35643.67,-101997.4,-19130.49,-72779.85
7/7/2023,34412.42,1920.87,10969.72,436.31,0,0,0,0,0,-35616.36,-61109.47,-20173.05,-73692.15
7/8/2023,61978.42,363.75,3514.79,537.86,0,0,0,0,-271.75,-35234.69,-10574.34,-22264.61,-75484.64
7/9/2023,45912.86,385.18,3576.69,466.15,0,0,0,0,0,-34741.76,-82826.41,-17230.95,-74791.84
7/10/2023,32654.07,2386.23,487.19,560.75,0,0,0,0,-269.86,-70226.97,-94101.8,-7429.89,-73119.74
7/11/2023,52525.1,2223.01,5706.6,561.48,0.18,0,0,0,-12.26,-35244.92,-39797.64,-4629.22,-73645.65
7/12/2023,34788.22,1189.24,3108.31,898.77,0,0,0,0,-170.93,-34465.52,-143410.39,-3956.3,-76828.59
7/13/2023,34576.01,10126.71,4296.98,537.38,0,0,0,0,0,-40250.55,-59070.74,-3596.34,-101954.7
7/14/2023,63224.45,12677.5,6500.34,922.56,0,0,0,0,0,-37551.99,-144870.76,-4159.17,-88474.66
7/15/2023,54679.48,607.05,474.14,612.17,0,0,0,0,0,-38364.82,-19272.59,-4783.54,-86424.6
7/16/2023,61539.89,3876.39,6062.46,581.92,0,0,0,0,-370.38,-36777.6,-45610.73,-4622.9,-90406.69
7/17/2023,51815.73,3900.51,2893.34,556,0,0,0,0,0,-37610.47,-84753.94,-771.11,-86111.14
7/18/2023,42142.81,1006.21,1173.45,528.52,0,0,0,0,0,-34271.19,-55146.05,-6438.08,-85863.14
7/19/2023,49784.66,789.47,6286.95,400.82,0,0,0,0,0,-64810.6,-90420.69,-5949.47,-85268.61
7/20/2023,33653.24,2971.09,3480.11,525.69,0,0,0,0,-103.16,-32919.72,-45303.29,-5861.05,-84852.46
7/21/2023,39016.98,926.61,6215.8,497.28,0,0,0,0,0,-34479.06,-53347.4,-6166.08,-81129.2
7/22/2023,54454.21,542.3,1127.74,344.2,0,0,0,0,0,-33412.22,-53865.34,-9464.09,-82957.13
7/23/2023,41770.19,1387.52,6109.72,325.93,0,0,0,0,0,-35508.5,-3966.33,-8774.81,-82502.51
7/24/2023,49163.46,5797.33,1871.99,420.99,0,0,0,0,0,-33646.22,-71378.27,-5657.94,-82349.64
7/25/2023,56065.56,2909.07,6060.49,339.63,0,0,0,0,0,-33246.78,-124664.03,3122.21,-80170.97
7/26/2023,49968.56,1790.4,4410.39,449.44,0.18,0,0,0,-242.67,-34853.19,-109068.93,-6835.8,-77906.75
7/27/2023,36844.14,3269.48,267.09,435.89,0,0,0,0,-4009.01,-68083.47,-103879.59,-4105.99,-82798.77
7/28/2023,37545.97,1132.79,6483.62,453.23,0,0,0,0,0,-34916.76,-252227.97,-6021.6,-80411.67
7/29/2023,42261.77,2521.29,99.16,334.26,0,0,0,0,0,-35613.52,-111810.28,-4121.2,-82449.59
7/30/2023,59051.45,24607.13,13855.99,505.16,0,0,0,0,-629.27,-34256.73,-40974.11,-3082.66,-83797.17
7/31/2023,43543.99,12498.2,22234.13,328.21,0.18,0,0,0,0,-33461.78,-411680.71,1733,-84718.51
8/1/2023,64450.59,3270.69,8107.81,395.57,44.28,0,0,0,0,-33871.17,-126754.36,-5066.66,-43430.59
8/2/2023,44928.37,4382.53,5472.93,264.1,0,0,0,0,0,-33126.82,-73735.72,-6230.65,-101879.35
8/3/2023,43272.08,2705.31,405.51,305.12,0,0,0,0,-340.76,-33494.34,-65832.81,-4731.84,-47936.89
8/4/2023,37166.71,2485.03,1643.06,367.53,0,0,0,0,0,-47621.43,-83604.4,-4002.53,-45914.68
8/5/2023,46750.07,1831.78,4464.3,361.86,0,0,0,0,-174.36,-52124.85,-52952.81,-4318.4,-51012.79
8/6/2023,35634.36,4869.79,4209.07,390.21,0,0,0,0,-431.94,-34753.4,-21101.98,-4288.05,-55691.01
8/7/2023,49069.71,10003.76,3403.09,410.02,0,0,0,0,-950.45,-46574.15,-28221.31,1987.01,-54482.57
8/8/2023,35198.05,19910.8,2934.27,412.64,0,0,0,0,-4121.23,-38643.82,-54133.74,-5168.36,-58350.75
8/9/2023,79254.78,3172.51,832.94,438.38,0,0,0,0,-290.02,-40503.31,-60495.98,-10769.68,-55278.26
8/10/2023,83848.81,1724.87,259.8,398.29,0,0,0,0,0,-39122.83,-56639.01,-8629.2,-49091.74
8/11/2023,115024.59,2203.44,1226.37,377.84,0,0,0,0,-2293.19,-49906.31,-185088.67,-5072.04,-49642.46
8/12/2023,186605.7,500.91,13896.86,324.69,0,0,0,0,-116.76,-61558.99,-25729.34,-11019.65,-51518.51
8/13/2023,233483.07,2616.93,2668.39,367.91,0,0,0,0,0,-116446.69,-18799.51,-9644.21,-46917.89
8/14/2023,59381.47,5859.53,4678.62,315.8,0,0,0,0,0,-60317.4,-40073.77,4580.99,-50112.27
8/15/2023,66082.14,1725.45,27.9,599.59,0,0,0,0,0,-50829.62,-35204.82,-5044.62,-49668.92
8/16/2023,97083.64,3204.85,5103.99,559.93,0,0,0,0,-5568.58,-51308.28,-127717.8,-4633.38,-51865.01
8/17/2023,61586.1,45573.41,3393.57,660.85,0,0,0,0,0,-49127.26,-36412.58,-4545.77,-45661.29
8/18/2023,69368.97,9331.63,9447.11,528.59,0,0,0,0,-261.53,-48666.55,-47422.73,-4822.24,-47467.91
8/19/2023,84032.91,4752.14,328.74,460.28,0,0,0,0,0,-51220.89,-27260.8,-4817.38,-50010.28
8/20/2023,72630.33,2205.45,1683.79,419.75,0,0,0,0,0,-53581.67,-28945.38,-4669,-50383.64
8/21/2023,63149.27,10479.01,7557.99,472.43,0,0,0,0,0,-102321.58,-112527.79,-3069.33,-48558.42
8/22/2023,69605.91,23640.07,2764.27,445.45,0,0,0,0,-5390.41,-54714.7,-208974.03,-6731.68,-46569.28
8/23/2023,47151.04,2472.46,3578.69,387.9,0,0,0,0,0,-57579.67,-35849.01,-6988.57,-42990.29
8/24/2023,35455.59,14728.41,3621.08,419.5,0,0,0,0,0,-60768.95,-203657.95,-7396.15,-42647.62
8/25/2023,63091.84,24140.73,3136.03,413.75,0,0,0,0,0,-58690.89,-183457.44,-7696.86,-40858.67
8/26/2023,43938.56,2861.58,233.87,507.36,0,0,0,0,-205.35,-61309.22,-184170.58,-7412.57,-43344.91
8/27/2023,36384.54,877.08,4279.6,424.25,0,0,0,0,-354.9,-71228.87,-11843.28,-6758.5,-46146.11
8/28/2023,33899.71,1469.3,2036.57,326.42,0,0,0,0,0,-65607.77,-57757.41,65.62,-47385.73
8/29/2023,25366.19,20559.85,5068.82,469.79,0,0,0,0,0,-132083.74,-95315.2,-5662.89,-43840.48
8/30/2023,32900.27,3237.46,3903.94,266.99,0,0,0,0,0,-68155.41,-142782.69,-3949.15,-46201.88
8/31/2023,37657.76,17797.32,3922.47,386.07,19.36,0,0,0,0,-64007.98,-28543.45,-4977.92,-44197.63
9/1/2023,48837.61,7385.1,2730.86,535.49,0,0,0,0,0,-62796.71,-98837.27,-5648.51,-41307.94
9/2/2023,30528.96,5351.88,3178.97,284.91,0,0,0,0,0,-61558.47,-37227.84,-9778.9,-40347.63
9/3/2023,43339.21,3957.23,68.89,229.24,0,0,0,0,0,-60265.89,-3010.71,-6457.83,-43030.49
9/4/2023,27752.48,11618.48,1767.16,334.95,0,0,0,0,0,-64876.06,-160496.73,846.7,-41465.15
9/5/2023,35340.11,3967.7,205.78,334.29,0,0,0,0,0,-63598.99,-53024.56,-6437.3,-41896.77
9/6/2023,36097.66,7190.63,129.9,209.9,0,0,0,0,0,-64144.36,-25617.28,-5902.12,-42236.31
9/7/2023,30315.3,3858.07,10769.8,404.92,0,0,0,0,-146.6,-117525.46,-34762.8,-4742.83,-39690.64
9/8/2023,31427.07,168.75,1902.28,335,0,0,0,0,0,-59436.99,-17067.27,-4784.15,-40817.56
9/9/2023,34907.7,1920.86,4655.8,233.64,0,0,0,0,0,-58161.25,-25569.11,-5100.61,-39252.23
9/10/2023,33762.44,1249.68,462.76,378.74,0,0,0,0,-209.98,-58133.24,-5487.48,-4170.78,-37693.58
9/11/2023,32403.3,29018.49,2460.27,302.05,0,0,0,0,-426.6,-53442.92,-232606.87,-3982.32,-37470.71
9/12/2023,24732.51,4755.51,3920.5,263.64,0,0,0,0,0,-53597.02,-27631.68,2744.52,-36755.37
9/13/2023,25137.98,3002.85,2526.52,189,0,0,0,0,0,-53690.96,-103508.74,-3839.7,-38175.87
9/14/2023,24270.49,2375.56,2948.37,650.79,0,0,0,0,-116.38,-52835.01,-117329.39,-3827.32,-38585.59
9/15/2023,26796.02,267.92,1991.74,240.26,0,0,0,0,-15.46,-107642.41,-29779.17,-3630.44,-38356.44
9/16/2023,25739.86,479.58,3298.62,322.34,0,0,0,0,0,-54244.77,-15545.56,-3985.03,-37965.45
9/17/2023,35698.8,3203.18,1893.03,225.23,0,0,0,0,-125.88,-51033.51,-87428.41,-4053.75,-39447.81
9/18/2023,31427.72,20185.94,2659.2,225.62,0,0,0,0,0,-49225.59,-59535.37,999.72,-36421.71
9/19/2023,28947.27,649.12,3381.11,238,0,0,0,0,0,-51962.55,-141328.25,-6491.01,102526.47
9/20/2023,28685.36,1449.1,2230.22,445.36,0,0,0,0,-13.96,-52871.09,-150765.02,-10698.79,-38749.22
9/21/2023,24166.65,8509.24,3850.07,240.44,0,0,0,0,0,-50394.15,-15450.29,-9998.64,-38371.52
9/22/2023,32991.95,1119.96,1734.13,128.06,0,0,0,0,-9.61,-51532.34,-117004.96,-7058.19,-41458.87
9/23/2023,33117.36,503.5,4552.95,217.35,0,0,0,0,-74.11,-51965.44,-42560.45,-5931.3,-41360.63
9/24/2023,45644.16,479.14,115.26,311.06,0,0,0,0,0,-100105.19,-29022.57,-5527.37,-40528.05
9/25/2023,42988.51,1128.66,2138.86,95.28,0,0,0,0,0,-53632.88,-80490.42,-4997.84,-39973.36
9/26/2023,22486.97,894.54,2030.64,150.38,0,0,0,0,-88.41,-50487.09,-82658.84,1068.23,-38941.71
9/27/2023,34212.49,650.66,2340.68,179.36,0,0,0,0,-2586.55,-52440.64,-165331.57,-4548.74,-39990.63
9/28/2023,35488.96,9186.43,2934.43,866.62,0,0,0,0,-541.72,-51646.51,-71124.14,-3747.55,-38989.38
9/29/2023,41477.9,1663.12,1499.37,141.16,0.16,0,0,0,-16733.2,-51957.89,-54934.3,-4465.68,-39159.22
9/30/2023,40073.55,618.26,6829.86,279.07,0,0,0,0,-1567.09,-51315.62,-38450.08,-4030.63,-39385.31
10/1/2023,42976.65,2393.87,5093.46,234.61,0,0,0,0,-14767.31,-62074.19,-50217.79,-4223.27,-39753.42
10/2/2023,61225.4,14405.27,163.3,197.3,0,0,0,0,0,-120845.86,-61272.47,161.76,-40351.9
10/3/2023,62872.8,410.33,1769.46,208.67,0,0,0,0,-248.9,-57127.05,-42338.74,-6090.67,-40644
10/4/2023,47594.03,2654.47,2538.88,168.9,0,0,0,0,-528.41,-57105.27,-54599.63,-5907.72,-39485.17
10/5/2023,39350.69,15903.78,2702.01,209.76,0,0,0,0,-30.26,-53937.08,-70930.11,-7240.45,-37367.44
10/6/2023,41237.01,985.76,2691.96,247.42,0,0,0,0,0,-57818.72,-66351.01,-8798.11,-35700.2
10/7/2023,54879.04,1113.53,3050.36,213.24,0,0,0,0,0,-56887.81,-19333.54,-5924.05,-38789.48
10/8/2023,45102.6,2018.45,2014.92,141.38,0,0,0,0,-93.73,-57332.48,-161649.52,-7478.6,-38932.63
10/9/2023,36650.08,4260.78,1551.51,225.82,0,0,0,0,-12.04,-55864.07,-61651.35,-2581.39,-39192.01
10/10/2023,29011.2,3076.59,3183.28,214.35,0,0,0,0,-128.91,-107959.29,-15953.35,-5329.47,-39066.54
10/11/2023,28471.49,6913.66,1598.77,244.91,0,0,0,0,0,-58261.11,-74355.09,-5765.94,-38648.21
10/12/2023,40094.45,7484.97,2190.76,276.64,0,0,0,0,-978.42,-50532.12,-71827.87,-5346.3,-39209.09
10/13/2023,34499.24,1195.04,3318.53,164.61,0,0,0,0,-10.24,-49317.47,-95878.35,-6354.61,-39228.5
10/14/2023,32834.49,278.51,1562.26,157.02,0,0,0,0,-143.3,-49262.52,-13045.98,-5457.01,-41022.31
10/15/2023,36116.1,419.94,1313.05,120.33,0,0,0,0,0,-49358.4,-11953.84,-6596.79,-38535.67
10/16/2023,38141.33,1888.94,1564.36,279.4,0,0,0,0,0,-50298.93,-108482.59,-2965.04,-38728.6
10/17/2023,39849.74,811.72,4184.53,216.4,0,0,0,0,-13.61,-46082.61,-116936.42,-5939.08,-41255.89
10/18/2023,35020.22,3168.65,3347.69,190.13,0,0,0,0,0,-48853.39,-38359.6,-5698.51,-39952.75
10/19/2023,39343.62,1349.99,2510.98,267.25,0,0,0,0,0,-91230.78,-18955.79,-5322.43,-39155.35
10/20/2023,34186.31,3707.24,4448.39,258.8,0,0,0,0,0,-48505.26,-3349.08,-5538.52,-37608.83
10/21/2023,64087.56,2487.81,2969.59,218.06,0,0,0,0,0,-53656.72,-12123.08,-4411.25,-39865.73
10/22/2023,41441.41,7473.93,3725.66,230.13,0,0,0,0,-2381.41,-49939.15,-39865.57,-4668.06,-42269.1
10/23/2023,28736.8,27461.14,957.38,508.38,0,0,0,0,-247.38,-53262.53,-128272.15,1376.72,-40303.63
10/24/2023,26326.14,22261.23,6044.64,440.47,0,0,0,0,0,-54890.76,-187784,-4391.62,-41019.98
10/25/2023,32384.19,12216.48,4146.84,580.55,0,0,0,0,0,-54796.78,-43128.37,-3464.05,-42176.93
10/26/2023,32469.6,15224.68,5782.45,420.06,0,0,0,0,0,-55203.91,-9189.73,-2983.5,-41327.41
10/27/2023,47343.29,1080.29,2477.53,217.2,0,0,0,0,0,-108087.51,-49598.17,-3245.13,-41955.33
10/28/2023,38477.08,2599.26,3382.63,180.83,0,0,0,0,0,-58209.88,-10580.57,-3190.29,-39213.65
10/29/2023,24514.19,2757.34,2887.46,155.76,0,0,0,0,0,-58973.33,-28538.25,-3541.79,-39498.28
10/30/2023,21249.45,4057.58,1518.95,222.75,0,0,0,0,-627.49,-57542.95,-247826.57,1739.43,-40919.14
10/31/2023,40114.94,3497.34,4255.25,271.67,0,0,0,0,0,-56321.25,-99725.86,-5973.09,-44283.13
11/1/2023,35680.85,3072.53,3690.86,489.04,0,0,0,0,0,-59095.26,-87878.47,-6064.21,-40283.71
11/2/2023,37697.15,12324.26,2708.71,448.23,0,0,0,0,-196.64,-59493.13,-85094.63,-2838.43,-39087.03
11/3/2023,35012.97,3593.85,3555.71,274.46,0,0,0,0,-120.86,-59535.44,-54420.39,-2946.34,-41463.54
11/4/2023,42859.8,9601.56,2847.94,395.4,0,0,0,0,-222.92,-118873.72,-181340.17,-2828.42,-45521.79
11/5/2023,31261.33,3322.6,5140.66,441.93,0,0,0,0,0,-62048.24,-52386.23,-2479.58,-48810.76
11/6/2023,20656.38,3638.53,4699.93,402.13,0,0,0,0,0,-63150.49,-100768.35,1544.8,-49427.19
11/7/2023,36358.03,5807.4,4951.41,438.14,0,0,0,0,0,-62488.04,-56588.35,-4446.78,-50055.15
11/8/2023,58870.32,8493.39,4949.28,434.11,0,0,0,0,0,-62463.98,-137124.81,-3147.7,-45735.26
11/9/2023,61026.33,38194.92,359.44,597.97,0,0,0,0,0,-63643.24,-527224.86,-4496.74,-47375.46
11/10/2023,39982.72,8413.21,1394.07,603.85,0,0,0,0,-165.91,-61310.2,-165056.43,-3924.64,-48708.46
11/11/2023,40928.64,2091.77,3686.92,440.14,0,0,0,0,0,-63252.78,-58162.8,-4068.27,-60238.77
11/12/2023,40890.52,5106.34,3585.14,407.06,0,0,0,0,0,-64384.82,-193058.59,-4295.96,-57168.68
11/13/2023,31938.02,8546.33,4098.96,1089.59,0,0,0,0,-2399.72,-125249.48,-106141.64,-3067.8,-54318.69
11/14/2023,26756.48,6608.05,5402.7,227.83,0,0,0,0,-143.79,-65542.4,-36953.7,-11089.57,-54278.9
11/15/2023,66506.9,1834.6,11282.43,274.96,0,0,0,0,0,-70611.59,-150554.29,-9164.53,-52994.69
11/16/2023,27822.98,5378.95,7494.89,741.56,0.14,0,0,0,-1481.12,-68854.28,-39777.72,-12007.79,-56852.74
11/17/2023,40946.81,18871.72,3777.61,263.31,0,0,0,0,0,-66089.85,-122105.89,-11830.48,-52307.49
11/18/2023,36437.25,855.88,4768.73,291.97,0,0,0,0,0,-64509.47,-34693.47,-10801.35,-55395.59
11/19/2023,43382.63,3595.42,3111.06,224.23,0,0,0,0,0,-67629.09,-69134.29,-11782.57,-57938.28
11/20/2023,23803.32,6018.01,3995.56,877.59,0,0,0,0,0,-65521.83,-250356.04,-13111.44,-54731.06
11/21/2023,19305.88,3702.66,3395,453.5,0,0,0,0,-308.8,-116916.38,-68375.27,-13978.82,-55367.98
11/22/2023,25178.5,5692.72,5337.1,417.53,0,0,0,0,0,-63610.52,-43236.1,-18468.67,-53704.61
11/23/2023,55500.91,8468.7,4879.28,370.46,0,0,0,0,-622.44,-61265.83,-52401.84,-16264.36,-64587.17
11/24/2023,27966.53,5914.23,3298.09,349.57,0,0,0,0,0,-61325.1,-122879.97,-16791.61,-63212.8
11/25/2023,32334.65,2608.97,4062.03,238.42,0,0,0,0,-36.75,-62965,-29191.69,-17086.33,-68147.16
11/26/2023,37139.11,3057.02,4925.13,398.92,0,0,0,0,-232.42,-61607.65,-162527.98,-15884.49,-75318.05
11/27/2023,43723.66,12917.88,3134.54,317.13,0,0,0,0,-160.52,-59582.12,-146769.98,-15671.62,-69803.74
11/28/2023,24055.35,3803.63,4531.63,271.98,0,0,0,0,-205.02,-59298.8,-155499.71,-16606.66,-68241.99
11/29/2023,56576.22,2475.24,4482.04,350.76,0,0,0,0,0,-116784.95,-42902.94,-18655.6,-78903.46
11/30/2023,49838.92,3388.46,14113.66,355.05,0,0,0,0,0,-61386.13,-90313.42,-17147.8,-82123.72
12/1/2023,51584.97,7003.86,4256.45,256.37,0,0,0,0,-187.75,-59881.03,-378263.47,-21717.92,-82790.03
12/2/2023,26854.98,16389.18,3929.41,463.7,0,0,0,0,-2557.38,-64277.16,-39493.94,-24577.03,-83710.11
12/3/2023,34939.85,8970.31,5415.28,484.18,0,0,0,0,-3216.06,-63537.93,-56136.16,-41084.18,-79363.74
12/4/2023,32193.97,25145.49,5189.07,764.98,0,0,0,0,-127.34,-65360.23,-231132.55,-34911.67,-80482.14
12/5/2023,26311.92,17659.18,7304.28,594.68,0,0,0,0,0,-64380.69,-72007.7,-25241.04,-78134.86
12/6/2023,23658.5,4790.83,5530.91,502.36,0,0,0,0,0,-63441.9,-356596.55,-24967.09,-82582.69
12/7/2023,51061.81,11345.19,6150.14,704.37,0,0,0,0,0,-65979.48,-209927.55,-29669.72,-145198.81
12/8/2023,39861.9,12883.01,6686.39,996.21,0,0,0,0,-2972.14,-133825.64,-68201.23,-23983.86,-148525.23
12/9/2023,43123.93,12950.86,6020.62,784.42,0,0,0,0,-364.15,-66737.01,-19196.48,-23150.8,-131494.94
12/10/2023,66136.09,5334.5,3392.18,562.32,0,0,0,0,0,-66146.75,-19235.27,-27330.29,-119710.96
12/11/2023,63364.89,31519.6,4269.12,830.56,0,0,0,0,0,-62448.76,-25816.95,-27671.35,-139181.43
12/12/2023,48399.51,9941.13,8074.03,810.79,0,0,0,0,-673.59,-62051.05,-97245.71,-20643.07,-126386.6
12/13/2023,37762.1,8176.46,3977.86,972.88,0,0,0,0,0,-62030.58,-109287.76,-19196.54,-131534.21
12/14/2023,32991.77,13938.85,4204.08,367.09,0,0,0,0,0,-65665.31,-468848.52,-19414.38,-141438.78
12/15/2023,46347.71,13339.55,4906.63,394,0,0,0,0,-2446.1,-66018.42,-36020.22,-22708.98,-182003.19
12/16/2023,24815.71,3716.38,4286.68,605.35,0,0,0,0,0,-149467.03,-42085.49,-23963.18,-207059.16
12/17/2023,31879.81,9890.4,4809.1,348.46,0,0,0,0,-190.56,-82113.75,-35025.65,-20879.87,-205953.06
12/18/2023,23683.18,11453.79,6053.95,968.69,0,0,0,0,0,-73291.17,-255851.98,-18757.7,-188793.73
12/19/2023,25147.67,10281.89,4878.83,775.7,0,0,0,0,0,-77401.14,-60306.81,-20632.91,-220741.92
12/20/2023,83715.83,6905.65,4671.99,782.38,0,0,0,0,0,-93023,-73795.63,-19887.65,-246150.31
12/21/2023,41101.02,4353.06,5182.88,1111.78,116.1,0,0,0,0,-91490.67,-304150.2,-21822.54,-233339.7
12/22/2023,37545.11,2652.57,3913.24,1316.66,0,0,0,0,-150.16,-88339.03,-85666.02,-26279.6,-219316.15
12/23/2023,62055.73,1153.34,1442.84,591.49,0,0,0,0,-207.76,-88756.67,-62624.72,-25449.41,-196729.8
12/24/2023,42724.66,486.31,5542.32,895.42,0,0,0,0,-320.97,-179385.94,-39880.77,-26721.97,-205030.59
12/25/2023,62161.25,252.61,4706.94,859.71,0,0,0,0,0,-94603.82,-93889.32,-27007.63,-195572.62
12/26/2023,62563.3,6225.33,3143.43,824.39,0,0,0,0,0,-86143.16,-251888.67,-31382.81,-208768.83
12/27/2023,44048.43,6933.85,3842.2,601.41,0,0,0,0,0,-85840.75,-54466.76,-22859.16,-192188.45
12/28/2023,35229.98,53520.2,4591.52,784.5,0,0,0,0,0,-86925.57,-110587.4,-28905.14,-179979.1
12/29/2023,33054.6,2842.15,8053.91,470.19,0,0,0,0,-1472.78,-83015.15,-290639.87,-28679.23,-183525.88
12/30/2023,61047.89,1625.09,3445.84,482.93,0,0,0,0,0,-83815.15,-186067.77,-30263.28,-183087.87
12/31/2023,66642.29,2527,3427.68,831.08,0,0,0,0,-512.41,-80602.87,-32058.13,-29763.78,-182319.01
1/1/2024,63004.08,16815.92,7739.62,488,0,0,0,0,-801.3,-84565.1,-174601.9,-32013.63,-186092.41
1/2/2024,37588.4,12903.05,6776.69,846.22,0,0,0,0,-10195.08,-173775.71,-377213.53,-30598.01,-190049.2
1/3/2024,42680.57,21496.55,3645.56,1761.02,0,0,0,0,-920.45,-74330.54,-49590.2,-35409.26,-176500.9
1/4/2024,45583.76,40453.36,8469.79,528.62,0,0,0,0,0,-75883.85,-268141.32,-35085.11,-155211.03
1/5/2024,57430.73,3221.1,4715.04,827.09,0,0,0,0,-36.2,-74045.33,-52149.33,-37206.93,-164309.08
1/6/2024,43306.46,2392.63,3391.33,375.37,0,0,0,0,0,-71709.34,-78720.62,-23184.93,-153643.15
1/7/2024,24000.74,1113.12,3186.64,496.25,0,0,0,0,0,-66533.59,-31138.81,-22922.99,-139269.26
1/8/2024,28115.17,15813.02,4028.55,790.79,0,0,0,0,0,-71761.47,-141410.34,-27942.26,-143163.97
1/9/2024,53392.25,20245.89,4612.57,568.42,0,0,0,0,-3219.18,-68866.21,-166660.58,-30365.81,-147786.57
1/10/2024,37272.18,65579.7,6902.5,964.3,0,0,0,0,0,-77459.49,-346255.28,-26383.45,-184835.22
1/11/2024,45040.97,56128.81,8611.2,1462.29,0,0,0,0,0,-157918.33,-118472.97,-31926.61,-187164.57
1/12/2024,47457.09,21617.01,4909.2,819.12,28.91,0,0,0,-151.16,-82094.08,-246066.04,-40559.37,-184714.49
1/13/2024,40456.01,8313.85,4589.65,498.39,0,0,0,0,0,-82946.66,-60610.72,-34888.15,-201375.13
1/14/2024,30707.22,4916.24,5308.95,595.84,0,0,0,0,0,-82351.53,-40489.98,-32111.1,-199375.23
1/15/2024,48137.46,2877.18,4774.54,823.84,0,0,0,0,0,-82530.82,-266635.22,-28282.89,-197756.87
1/16/2024,35792.69,3326.85,5165.81,496.74,0,0,0,0,0,-86261.66,-101673.95,-31580.51,-194772
1/17/2024,26657.77,3507.56,4710.28,764.91,0,0,0,0,0,-83916.42,-134195.37,-38482.37,-204784.29
1/18/2024,54756.86,6704.58,6419.74,420.98,0,0,0,0,-1372.23,-77609.39,-205600.6,-42428.32,-198457.07
1/19/2024,37727.97,3556.8,7476.19,496.48,0,0,0,0,0,-153200.59,-62479.14,-56184.8,-182330.87
1/20/2024,51471.07,1322.48,4902.5,587.85,0,0,0,0,0,-84608.44,-89942.74,-59119.47,-192055.43
1/21/2024,59913.57,3885.92,3754.75,578.61,0,0,0,0,0,-82542.23,-51745.14,-56870.74,-176087.1
1/22/2024,58565.15,18866.14,4389.54,679.04,0,0,0,0,-138.08,-76130.52,-37795.98,-59733.34,-179272.76
1/23/2024,35381.87,81694.33,7142.31,652.22,0,0,0,0,0,-72442.75,-282554.67,-46386.07,-162681.95
1/24/2024,38900.99,26952.77,4610.22,438.04,0,0,0,0,-106.83,-73986.73,-190846.34,-40290.32,-159495.28
1/25/2024,55362.05,2619.19,3645.79,375.42,0,0,0,0,0,-72450.29,-156198.6,-44783.89,-185555
1/26/2024,22951.97,5167.94,6204.99,389.53,0,0,0,0,0,-76854.31,-143478.55,-47408.8,-181994.3
1/27/2024,46804.12,739.84,4987.84,471.22,0,0,0,0,-132.89,-148500.5,-65624.77,-51373.27,-200516.17
1/28/2024,47527.99,2955.17,247.41,485.91,0,0,0,0,0,-83684.98,-35277.67,-51983.47,-215639.79
1/29/2024,42076.74,2899.79,8120.01,775.48,0,0,0,0,0,-80206.3,-68547.66,-52830.2,-210525.72
1/30/2024,56081.1,26836.02,4963.71,626.16,0,0,0,0,0,-78358.12,-69649.98,-52125.65,-213917.04
1/31/2024,26076.01,2302.78,6671.9,357.11,0,0,0,0,0,-76659.01,-210082.55,-57149.02,-200420.57
2/1/2024,54719.44,3132.3,861.7,932.43,0,0,0,0,-132.83,-77195.77,-19896.73,-42569.53,-204194.21
2/2/2024,41938.78,780.86,704,706.03,0,0,0,0,0,-79571.49,-221959.07,-47366.09,-195041.07
2/3/2024,52871.51,1246.98,13593.82,439.76,0,0,0,0,0,-79801.62,-123645.33,-42196.02,-200847.24
2/4/2024,46225.97,1061.97,6512.73,486.88,0,0,0,0,0,-78448.34,-103980.24,-38165.17,-200229.43
2/5/2024,59973,1975.34,8361.2,459.92,0,0,0,0,0,-153876.75,-103951.75,-36853.33,-190838.96
2/6/2024,55876.24,1755.49,5618.55,412.52,0,0,0,0,-158.05,-78438.71,-38004.05,-55181.75,-191857.48
2/7/2024,39958.61,5942.29,4098.38,635.62,0,0,0,0,0,-81093.48,-45511.21,-61411.42,-187241.03
2/8/2024,44499.2,11562.21,5669.72,672.2,0,0,0,0,-6.33,-81084.85,-180214.21,-65031.62,-193439.35
2/9/2024,36953.38,18645.92,5812,648.82,0,0,0,0,0,-83537.1,-240395.61,-69053.29,-189155.28
2/10/2024,42724.53,22251.26,4625.7,1017.96,0,0,0,0,0,-83998.8,-39842.19,-79556.75,-208864.3
2/11/2024,59268.32,11566.55,4318.93,513.88,0,0,0,0,-304.7,-83329.06,-64385.99,-73299.42,-218968.69
2/12/2024,46719.28,28529.69,4416.78,363.63,0,0,0,0,0,-87270.95,-124063.53,-68453.25,-221081.2
2/13/2024,40143.4,18042.49,7778.41,693.25,0,0,0,0,-17.92,-168942.83,-48059.12,-62175.48,-229851.12
2/14/2024,44499.52,33763.85,5220.87,666.05,0,0,0,0,0,-91372.65,-290750.35,-42452.64,-269652.48
2/15/2024,40267.37,11572.03,5958.01,694.54,0,0,0,0,0,-89960.22,-71473.59,-43840.71,-255366.93
2/16/2024,50957.25,6462.54,5677.13,660.19,0,0,0,0,0,-150627.42,-89996.67,-45851.34,-279214.69
2/17/2024,55571.12,3794,4001.12,443,0,0,0,0,0,-185784.1,-96049.92,-42113.68,-269747.35
2/18/2024,53635.69,6200.88,434.86,764.26,0,0,0,0,0,-195097.48,-112101.91,-41487.28,-258320.35
2/19/2024,54878.85,19517.67,9047.12,639.13,0,0,0,0,0,-188818.3,-873121.83,-46028.3,-260835.61
2/20/2024,70503.85,36252.53,4653.96,731.01,0,0,0,0,-3247.59,-162233.88,-107649.84,-53731.88,-264675.87
2/21/2024,93126.94,23990.1,7842.29,1344.73,0,0,0,0,0,-168811.6,-170783.96,-51694.09,-265493
2/22/2024,58232.54,14549.13,7464.28,844.77,0,0,0,0,0,-321544.87,-280181.52,-43356.92,-251974.82
2/23/2024,46740.28,26238.02,5912.58,401.09,0,0,0,0,0,-152673.83,-34448.4,-45211.62,-239321.97
2/24/2024,54431.71,8507.24,5743.16,601.65,0,0,0,0,-8299.63,-160015.5,-157560.43,-41110.25,-227776.69
2/25/2024,46100.85,14610.14,4109.09,710.65,0,0,0,0,0,-162293.53,-138952.09,-40995.85,-238915.27
2/26/2024,49574.43,34477.55,5305.48,791.68,0,0,0,0,0,-162632.54,-171877.73,-42767.79,-227817.42
2/27/2024,64552.6,25499.59,5441.42,1609.23,0,0,0,0,0,-160512.24,-228947.21,-46138.96,-249276.88
2/28/2024,37287.97,74723.88,15398.11,1305.68,0,0,0,0,0,-163001.54,-534660.92,-42412.95,-244448.77
2/29/2024,45979.31,36113.91,6805.85,956.25,0,0,0,0,0,-156281.67,-541352.95,-39242.23,-255122.69
3/1/2024,36991.4,10644.23,6279.36,1392.42,0,0,0,0,0,-326594.77,-376365.92,-42737.13,-238554.43
3/2/2024,44324.2,7608.57,5420.48,1211.23,0,0,0,0,0,-168037.79,-76226.26,-48504.06,-246885.6
3/3/2024,44684.28,4655.32,5885.23,1382.22,0,0,0,0,0,-166657.62,-29211.19,-51123.92,-241832.1
3/4/2024,54407.2,47325.98,7904.21,1126.89,0,0,0,0,0,-169220.12,-156595.26,-51385.13,-239498.47
3/5/2024,30546.72,134440.28,7139.79,2981.67,0,0,0,0,0,-158581.9,-167517.3,-44406.73,-231892.47
3/6/2024,37755.95,68624.34,9197.1,1584.95,0,0,0,0,0,-168769.19,-59449.85,-39423.13,-227239.42
3/7/2024,27529.51,32068.77,7670.44,1458.4,0,0,0,0,0,-185477.5,-938620.27,-46483.33,-221017.83
3/8/2024,39205.07,19515.66,6579.99,1128.46,0,0,0,0,-2022.11,-259639.72,-69533.63,-40492.73,-232987.07
3/9/2024,27230.58,7283.11,8657.51,1044.68,0,0,0,0,0,-265810.97,-236829.25,-44229.59,-239620.56
3/10/2024,42539.83,36559.28,8253.43,1278.33,0,0,0,0,0,-498932.51,-203367.73,-38208.34,-258648.77
3/11/2024,64211.68,50197.54,7148.75,1242.95,0,0,0,0,0,-218506.37,-115025.15,-40985.08,-248298.62
3/12/2024,38572.93,25217.83,8710.63,1298.09,0,0,0,0,0,-223746.59,-282428.04,-57297.23,-232122.81
3/13/2024,28278.75,10881.73,7175.7,1009.03,0.01,0,0,0,0,-226334.35,-561946.63,-44184.38,-222675.14
3/14/2024,28179.21,51802.77,6578.73,1490.36,0,0,0,0,-644.79,-302980.88,-367732.15,-43465.19,-223055.84
3/15/2024,29137.68,110626.71,7362.39,3458.76,0,0,0,0,0,-267837.74,-357363.82,-36092.85,-216363.48
3/16/2024,64003.62,11658.25,4646.2,1152.12,0,0,0,0,0,-232759.63,-13861.86,-38506.75,-220461.34
3/17/2024,55494.22,24028.98,16178.13,687.39,0,0,0,0,-577.33,-255265.98,-608139.21,-34550.68,-192867.42
3/18/2024,37456.2,15616.48,5472.02,1503.31,0,0,0,0,0,-457484.68,-1112091.3,-37113.18,-206932.9
3/19/2024,22283.67,85556.74,26185.23,2910.79,0,0,0,0,-308.09,-206788.35,-316219.73,-35682.13,-190888.81
3/20/2024,29643.07,66917.73,6485.98,1315.73,0,0,0,0,-804.06,-227150.05,-329775.65,-29340.04,-174168.63
3/21/2024,46114.98,15681.65,5460.04,1434.38,0,0,0,0,0,-223179.36,-683619.25,-31346.18,-194028.87
3/22/2024,48371.31,27174.47,4554.73,1627.92,0,0,0,0,0,-216713.5,-346309.95,-32996.36,-177378.28
3/23/2024,62637.29,2371.25,5020.17,828.44,0,0,0,0,0,-224076.83,-68343.86,-33564.13,-179506.38
3/24/2024,78866.47,7306.86,4119.37,621.76,0,0,0,0,-408.96,-247806.06,-105285.21,-39509.28,-177070.97
3/25/2024,48025.8,29735.97,8481.82,737.01,0,0,0,0,-99.49,-242888.97,-479129.61,-44944.05,-184878.8
3/26/2024,30852.2,20343.28,5763.39,1690.44,0,0,0,0,0,-243465.39,-244287.22,-46804.16,-181056.29
3/27/2024,23495.17,7462.64,5165.76,751.81,0,0,0,0,-5024.55,-466133.74,-543197.25,-36471.35,-167343.46
3/28/2024,25634.8,13482.28,5067.88,934.2,0,0,0,0,0,-233446.42,-95382.28,-32452.83,-165557.2
3/29/2024,40879.95,6911.87,5251.64,825.4,0,0,0,0,0,-223318.4,-80711.56,-43744.72,-177384.33
3/30/2024,65445.61,10895.22,4930.74,799.73,0,0,0,0,0,-222252.62,-47074.79,-40247.81,-173898.78
3/31/2024,47511.22,3596.33,4957.01,876.68,0,0,0,0,0,-231021.4,-210227.67,-39818.09,-166407.81
4/1/2024,40866.62,9104.73,5150.55,769.84,0,0,0,0,0,-217352.47,-491149.11,-40647.75,-166101.57
