Date,Ripple (#),Flashbots (#),Bittensor (#),Chainlink (#),Helium (#),Swarm (#),Pyth Network (#),Gitcoin (#),Aragon (#),The Graph (#),Livepeer (#),Akash Network (#),UMA (#),Pocket Network (#),Ethereum Name Service (#),Kleros (#),Worldcoin (#),Instadapp (#),DeFi Saver (#),Bounce Finance (#)
11/3/2021,427,60,54,67,54,21,62,9,19,34,11,20,32,15,15,11,9,15,6,4
11/4/2021,428,59,56,67,54,21,63,9,19,33,12,23,32,16,15,11,9,15,6,4
11/5/2021,427,61,55,67,53,23,61,8,18,33,12,23,31,16,16,11,9,15,6,4
11/6/2021,417,62,53,67,54,23,61,8,18,31,12,23,30,16,17,11,9,14,6,4
11/7/2021,410,60,52,65,54,22,60,7,18,31,12,20,29,15,18,11,9,13,6,4
11/8/2021,421,62,54,65,54,22,60,7,18,31,12,20,30,16,18,11,9,13,6,4
11/9/2021,434,59,56,64,56,24,60,8,18,31,12,20,31,16,19,11,9,11,6,4
11/10/2021,434,58,58,65,58,24,60,8,17,30,12,20,31,16,20,11,9,12,6,4
11/11/2021,429,58,57,66,58,24,61,8,16,32,12,19,30,17,20,11,9,11,6,4
11/12/2021,422,57,58,66,58,24,62,8,16,33,12,19,29,17,20,11,9,12,6,4
11/13/2021,414,56,58,65,60,23,62,8,15,30,12,19,29,17,22,11,9,12,6,4
11/14/2021,408,54,57,64,61,23,60,8,16,30,12,19,29,17,21,11,9,12,6,4
11/15/2021,418,53,59,65,61,23,62,8,16,30,12,20,29,17,21,11,9,13,6,4
11/16/2021,430,55,60,65,59,23,64,8,16,30,12,20,30,18,22,11,9,13,6,4
11/17/2021,438,51,63,66,58,22,62,9,16,30,12,20,30,18,22,11,9,13,6,4
11/18/2021,439,50,65,65,58,22,63,10,14,31,12,20,30,18,21,11,9,13,6,4
11/19/2021,442,50,66,65,61,21,63,11,14,31,12,20,27,18,21,11,9,13,6,4
11/20/2021,438,48,65,63,61,21,63,10,14,30,12,19,25,19,21,11,9,13,6,3
11/21/2021,430,46,63,62,60,21,63,10,14,30,12,19,25,18,21,11,9,13,6,3
11/22/2021,435,47,64,62,61,21,59,11,14,29,12,20,25,18,21,11,9,13,6,3
11/23/2021,441,49,65,64,62,22,59,11,14,29,12,20,26,19,24,11,9,14,6,3
11/24/2021,442,48,65,63,62,23,60,11,14,28,12,20,26,18,23,10,9,14,6,2
11/25/2021,438,50,67,65,60,23,56,11,14,27,12,20,26,18,23,10,9,13,6,2
11/26/2021,439,48,67,65,57,23,56,12,14,26,12,20,26,18,23,10,9,13,6,2
11/27/2021,428,46,67,65,56,22,55,12,14,26,12,20,26,18,23,10,9,12,6,2
11/28/2021,416,46,67,64,55,22,54,12,13,26,12,20,26,18,23,10,9,12,5,2
11/29/2021,419,46,68,66,55,23,58,12,13,25,12,21,27,18,23,10,9,13,5,2
11/30/2021,432,46,70,64,57,23,59,12,13,26,13,22,27,17,23,10,9,13,5,2
12/1/2021,443,43,70,64,56,23,59,12,13,26,13,22,27,18,24,10,9,13,5,2
12/2/2021,438,46,71,65,56,23,60,12,12,27,13,23,27,18,25,10,10,12,5,2
12/3/2021,437,46,72,66,56,23,60,12,12,28,14,22,27,17,25,10,10,13,5,2
12/4/2021,430,46,71,66,56,23,62,12,11,28,14,20,27,17,26,10,10,13,5,2
12/5/2021,425,44,70,65,56,21,62,12,11,29,14,20,27,17,25,10,10,13,5,2
12/6/2021,431,47,70,65,55,22,64,12,12,30,14,20,29,17,26,10,10,14,5,2
12/7/2021,440,48,71,65,57,22,68,12,12,32,14,20,28,19,25,10,11,14,5,2
12/8/2021,439,46,69,65,58,22,68,12,10,32,14,19,27,17,25,10,11,14,5,2
12/9/2021,433,47,70,65,59,21,70,12,10,34,15,19,27,17,24,9,11,14,5,2
12/10/2021,428,47,68,65,56,21,71,11,11,33,15,18,27,16,23,9,11,14,4,2
12/11/2021,425,45,67,64,55,21,71,11,11,32,15,18,27,17,23,9,12,13,4,2
12/12/2021,420,44,65,65,55,21,70,11,11,31,14,18,27,16,22,9,12,14,4,2
12/13/2021,428,45,66,65,53,21,69,11,11,31,14,17,28,16,23,9,12,14,4,3
12/14/2021,435,48,66,67,52,21,71,11,14,33,14,17,30,16,23,8,13,14,5,3
12/15/2021,430,49,67,66,52,21,68,11,14,34,14,14,32,16,24,8,13,12,6,3
12/16/2021,428,48,66,67,51,21,67,11,15,35,14,14,33,16,23,8,13,12,6,3
12/17/2021,428,49,66,66,52,21,69,10,16,38,14,14,33,16,22,9,13,13,6,3
12/18/2021,427,51,65,66,53,21,68,10,16,38,14,14,33,15,22,9,13,13,6,3
12/19/2021,421,52,63,65,50,21,69,9,16,37,14,14,33,15,22,9,13,13,6,3
12/20/2021,424,55,66,66,49,21,72,9,16,38,16,14,33,14,22,9,13,14,6,3
12/21/2021,426,55,67,66,49,21,73,9,18,38,16,14,34,15,23,9,13,14,6,3
12/22/2021,422,57,68,67,49,21,75,9,18,39,15,14,34,15,22,9,13,14,6,3
12/23/2021,420,57,68,65,48,21,77,9,19,39,15,14,33,16,20,9,13,14,6,3
12/24/2021,415,55,68,65,47,21,74,9,19,39,15,14,32,16,20,9,13,14,6,3
12/25/2021,413,55,65,63,46,20,73,9,19,39,15,14,31,16,19,9,10,14,6,3
12/26/2021,406,54,65,64,46,20,73,8,19,40,15,14,31,15,18,9,10,14,6,3
12/27/2021,406,54,66,66,47,20,73,8,19,40,15,14,31,16,19,9,10,14,6,3
12/28/2021,409,54,67,65,47,20,73,8,19,40,15,14,32,16,19,9,10,14,7,3
12/29/2021,410,54,66,61,48,19,71,8,18,40,15,14,30,16,18,9,10,15,7,3
12/30/2021,398,54,64,60,45,19,71,8,18,39,16,15,31,15,18,9,10,15,7,3
12/31/2021,389,54,63,58,45,18,69,8,18,39,16,15,30,15,17,9,10,15,7,3
1/1/2022,379,52,60,57,44,18,68,8,18,35,16,14,30,15,16,9,10,15,7,3
1/2/2022,366,50,58,53,44,16,67,8,18,35,16,14,30,15,16,8,10,15,7,3
1/3/2022,372,50,59,55,44,16,65,8,18,36,17,14,31,15,16,8,10,15,7,3
1/4/2022,381,52,58,56,44,18,65,9,18,36,17,14,32,16,16,8,10,15,7,3
1/5/2022,379,47,57,60,43,19,65,8,18,37,17,14,31,17,14,8,10,15,7,3
1/6/2022,369,53,56,62,43,19,63,9,18,37,17,13,31,14,14,8,9,14,7,3
1/7/2022,368,54,54,65,42,19,64,10,20,38,17,13,30,14,14,8,9,14,7,4
1/8/2022,355,54,50,65,38,19,63,10,20,36,17,13,30,14,14,9,9,14,7,4
1/9/2022,341,53,49,62,39,19,63,10,19,35,17,12,30,14,14,9,9,14,7,4
1/10/2022,356,53,51,64,44,19,62,10,19,36,17,11,30,13,16,9,9,13,7,4
1/11/2022,364,56,54,64,45,20,64,10,19,36,17,11,30,14,16,9,11,14,7,4
1/12/2022,371,56,56,62,45,20,65,10,20,36,17,10,29,14,13,10,11,14,7,4
1/13/2022,379,55,59,62,46,20,62,11,17,35,16,10,28,14,14,11,9,14,7,4
1/14/2022,382,53,57,63,45,19,63,11,17,35,17,10,26,14,15,11,9,14,7,4
1/15/2022,370,54,54,63,45,19,63,11,17,35,18,10,26,14,15,11,9,13,7,4
1/16/2022,367,51,53,61,44,19,62,11,16,33,18,11,25,14,15,11,9,12,7,4
1/17/2022,372,50,55,61,45,19,63,11,17,33,18,11,24,14,16,11,9,12,7,4
1/18/2022,382,53,56,64,47,19,63,10,17,35,18,11,25,14,16,11,10,12,7,4
1/19/2022,391,51,52,65,50,18,62,10,17,35,17,13,24,14,16,10,10,12,7,4
1/20/2022,401,55,51,65,49,17,63,10,15,37,17,14,24,12,17,10,10,11,6,4
1/21/2022,403,52,53,65,49,17,62,10,15,35,17,14,24,12,18,10,10,11,6,4
1/22/2022,398,51,52,66,50,15,63,10,13,34,17,14,24,11,18,10,10,11,6,4
1/23/2022,397,51,51,66,50,14,65,10,13,34,17,15,24,11,18,10,10,10,6,4
1/24/2022,407,54,52,67,53,15,71,11,13,34,17,15,24,11,19,10,10,10,6,4
1/25/2022,421,53,55,69,53,15,72,12,13,35,18,15,25,11,18,10,10,9,6,5
1/26/2022,430,53,58,71,53,16,72,12,13,35,18,15,26,12,18,9,11,9,6,5
1/27/2022,434,54,59,73,55,16,70,12,13,37,18,15,25,14,17,9,11,10,6,5
1/28/2022,445,55,61,75,55,16,70,12,13,38,19,15,25,15,17,9,11,10,6,5
1/29/2022,447,57,61,75,55,16,68,12,13,37,19,15,24,15,17,10,11,10,6,5
1/30/2022,451,57,60,75,55,16,68,12,13,37,19,14,24,15,17,10,11,10,6,5
1/31/2022,456,57,60,76,55,16,71,12,14,39,20,14,25,15,17,10,11,11,6,5
2/1/2022,466,59,62,76,57,16,72,12,15,39,20,14,25,15,17,10,12,11,6,5
2/2/2022,465,60,63,79,57,16,74,12,15,39,20,14,24,15,17,10,12,10,6,5
2/3/2022,466,58,64,78,58,15,75,13,14,41,20,15,22,14,17,10,12,9,6,5
2/4/2022,466,58,65,77,58,14,77,13,15,40,20,15,22,14,17,10,12,9,6,5
2/5/2022,466,55,64,78,58,14,75,13,15,40,20,15,23,14,17,10,12,9,6,5
2/6/2022,459,55,64,78,59,14,75,12,15,38,20,14,23,14,16,10,12,9,6,4
2/7/2022,464,55,67,78,59,15,75,12,17,38,20,14,23,14,16,10,12,9,6,4
2/8/2022,474,56,68,79,61,16,80,13,17,38,21,14,24,14,16,10,13,9,6,4
2/9/2022,476,56,68,81,58,15,81,12,17,40,21,14,24,13,15,10,13,9,6,4
2/10/2022,478,55,66,81,57,15,81,13,17,39,21,15,24,13,15,10,14,9,6,4
2/11/2022,478,54,67,83,57,15,83,14,17,39,21,15,24,14,16,10,14,9,6,4
2/12/2022,469,54,65,81,55,15,81,14,17,39,21,15,24,14,15,9,14,9,6,4
2/13/2022,466,54,65,81,54,15,79,13,17,39,21,15,25,16,13,9,14,9,6,4
2/14/2022,474,53,65,80,56,17,79,13,17,39,21,15,24,16,14,10,14,9,6,4
2/15/2022,479,52,65,81,56,17,82,13,17,40,23,14,24,17,14,10,14,9,6,4
2/16/2022,484,52,62,82,59,18,83,13,16,38,25,14,24,17,13,10,14,9,7,4
2/17/2022,481,51,61,82,57,18,84,13,16,36,25,13,23,18,13,9,14,10,7,4
2/18/2022,477,50,61,81,58,18,83,13,15,36,25,14,24,18,13,9,14,10,7,4
2/19/2022,470,49,61,81,59,18,82,13,15,36,24,14,23,19,12,9,14,10,7,4
2/20/2022,461,46,62,81,58,18,80,13,15,35,24,14,23,19,11,9,14,10,6,4
2/21/2022,463,46,62,81,58,19,80,14,15,35,24,14,23,20,12,9,14,10,6,4
2/22/2022,468,46,65,81,61,19,79,14,15,36,25,15,23,20,12,9,14,11,6,4
2/23/2022,466,43,64,82,57,19,79,15,16,38,27,14,23,20,12,9,14,11,6,4
2/24/2022,463,43,62,82,57,19,78,15,16,41,27,14,23,21,12,10,14,11,5,4
2/25/2022,469,44,60,81,59,18,78,15,16,42,28,14,21,21,12,10,14,11,6,3
2/26/2022,464,43,60,84,58,18,77,15,16,39,28,14,21,20,12,10,13,11,6,3
2/27/2022,453,41,59,92,56,18,75,15,16,37,28,14,21,19,12,10,13,12,6,3
2/28/2022,460,40,61,105,56,19,75,15,16,38,28,16,21,20,12,10,13,12,6,3
3/1/2022,463,44,65,109,57,19,77,15,16,38,28,17,21,21,12,10,13,12,6,3
3/2/2022,467,45,66,110,56,19,76,15,15,40,26,17,21,21,12,10,13,11,6,3
3/3/2022,463,44,65,111,55,19,77,15,13,38,26,17,21,21,12,10,13,12,6,3
3/4/2022,458,44,64,108,54,19,76,15,15,36,26,17,21,21,11,9,13,12,6,3
3/5/2022,449,44,63,108,55,19,76,14,15,34,26,17,21,21,11,9,13,12,6,3
3/6/2022,442,43,63,108,55,19,74,14,15,34,25,17,21,21,11,9,13,11,6,3
3/7/2022,443,43,63,108,55,19,73,14,15,33,27,18,22,21,11,9,13,12,7,3
3/8/2022,447,45,63,109,55,19,74,14,16,35,27,19,23,22,11,10,13,13,7,3
3/9/2022,444,46,61,109,56,19,74,14,15,37,27,19,23,22,11,10,13,13,7,3
3/10/2022,438,45,61,109,52,18,73,14,15,39,26,19,24,22,11,9,13,13,7,3
3/11/2022,438,45,61,106,52,18,73,16,15,39,26,19,25,22,11,9,13,13,7,3
3/12/2022,424,45,61,106,53,18,73,16,15,39,26,19,24,22,11,9,13,14,7,3
3/13/2022,417,45,58,105,55,18,70,15,14,38,26,19,23,20,11,9,12,14,7,3
3/14/2022,424,46,58,105,56,18,71,14,14,40,26,19,23,20,11,9,11,14,7,3
3/15/2022,430,50,58,105,57,18,72,14,14,40,27,19,27,18,13,9,12,14,7,3
3/16/2022,438,50,59,104,56,17,72,14,13,39,27,19,27,17,12,8,11,13,7,2
3/17/2022,444,49,59,101,56,17,71,14,13,38,25,19,27,16,11,8,12,13,7,2
3/18/2022,439,50,58,101,54,18,71,12,13,38,22,19,28,16,11,7,12,13,7,2
3/19/2022,432,49,58,99,54,16,72,12,12,38,22,19,28,15,11,7,11,13,7,2
3/20/2022,429,49,57,98,52,16,72,12,12,37,21,19,27,15,11,7,11,13,7,2
3/21/2022,437,49,60,99,53,17,73,13,13,39,22,19,27,14,11,7,11,13,7,2
3/22/2022,441,49,63,103,54,17,74,13,14,42,22,19,27,15,11,8,11,13,7,2
3/23/2022,452,51,65,102,58,18,74,13,14,44,22,19,27,15,11,8,11,14,7,2
3/24/2022,449,51,63,100,58,18,75,13,15,45,21,19,27,15,12,8,11,14,7,2
3/25/2022,453,51,62,102,59,18,71,13,15,46,21,18,28,15,12,8,11,14,7,2
3/26/2022,449,50,61,101,58,17,69,13,15,45,22,18,27,11,12,7,11,14,7,2
3/27/2022,437,48,61,101,57,17,68,13,15,43,21,18,27,11,12,7,11,14,7,2
3/28/2022,442,49,61,101,57,17,68,14,15,43,21,18,27,11,12,7,11,14,7,2
3/29/2022,443,53,62,102,57,17,67,16,15,44,22,18,28,11,12,7,11,14,7,2
3/30/2022,445,54,59,99,57,17,66,16,15,43,22,17,28,12,13,7,10,14,7,2
3/31/2022,446,52,57,99,57,16,67,16,16,45,24,17,28,13,13,8,9,15,7,1
4/1/2022,442,53,57,98,56,17,65,15,16,45,24,18,28,15,13,8,7,15,7,1
4/2/2022,436,53,56,96,55,17,64,15,16,45,24,17,28,15,13,8,7,14,7,1
4/3/2022,433,53,53,95,55,17,64,15,16,45,24,17,28,15,13,8,7,14,7,1
4/4/2022,436,53,57,96,55,17,67,15,16,46,24,17,28,15,14,8,7,15,7,1
4/5/2022,448,55,59,96,54,17,67,16,16,46,25,17,27,16,15,8,8,16,7,1
4/6/2022,449,55,57,99,55,17,69,16,17,47,24,17,27,17,15,8,9,16,7,1
4/7/2022,448,54,60,100,55,17,70,16,17,49,25,16,28,17,15,9,9,16,7,0
4/8/2022,454,54,60,99,54,17,70,16,17,48,25,16,27,18,15,11,10,16,7,0
4/9/2022,445,54,58,93,55,15,69,16,17,44,26,16,26,18,15,11,10,16,7,0
4/10/2022,438,52,57,86,55,15,64,14,17,44,26,16,26,18,15,12,10,15,7,0
4/11/2022,443,54,58,81,56,15,67,15,17,44,26,16,26,18,15,13,10,15,7,0
4/12/2022,449,55,59,75,55,15,69,15,17,44,26,16,26,18,15,14,10,15,7,0
4/13/2022,446,55,60,73,56,17,71,14,18,43,27,16,27,18,15,16,11,14,7,0
4/14/2022,441,53,63,76,54,18,69,14,18,43,27,16,27,21,15,15,11,14,7,0
4/15/2022,427,51,61,74,53,19,69,15,20,43,26,16,26,22,15,15,11,14,7,0
4/16/2022,412,51,61,74,55,19,74,14,20,43,26,16,26,23,14,15,11,14,6,0
4/17/2022,402,50,60,74,53,19,71,14,20,43,26,16,26,23,13,15,10,14,6,0
4/18/2022,396,50,61,74,53,19,72,14,20,43,26,16,26,23,13,15,10,14,6,0
4/19/2022,394,50,61,75,54,19,72,15,21,48,26,16,27,23,13,16,11,14,6,0
4/20/2022,383,53,60,75,55,19,71,14,21,46,27,16,26,24,13,16,11,12,7,0
4/21/2022,373,56,60,75,53,18,72,14,21,44,27,16,26,25,13,15,12,12,7,0
4/22/2022,360,57,59,76,53,18,72,14,21,43,27,16,27,28,14,15,12,11,7,0
4/23/2022,350,58,59,75,52,18,72,14,19,43,27,16,27,28,13,15,12,11,7,0
4/24/2022,337,59,57,73,50,18,72,14,19,41,26,16,27,27,13,15,12,11,6,0
4/25/2022,335,62,60,73,50,18,76,14,19,44,25,17,27,27,13,16,12,11,7,0
4/26/2022,335,63,62,73,51,18,80,14,19,44,25,17,27,27,13,16,12,12,7,0
4/27/2022,324,63,63,73,52,19,80,14,19,44,25,17,25,28,13,15,12,12,7,0
4/28/2022,316,60,62,73,53,19,81,13,18,49,23,17,23,28,14,15,14,12,7,0
4/29/2022,304,59,63,74,52,19,82,14,18,50,22,18,24,28,13,15,14,12,7,0
4/30/2022,286,58,64,72,50,19,81,14,18,49,20,18,24,28,11,14,14,12,7,0
5/1/2022,279,55,63,70,49,19,80,14,19,49,20,17,23,28,11,14,14,12,7,0
5/2/2022,274,55,65,70,49,19,81,14,19,50,22,17,23,28,11,14,17,12,7,0
5/3/2022,268,57,65,70,50,21,82,14,19,51,22,17,23,28,11,14,17,12,7,0
5/4/2022,256,56,64,71,51,21,80,14,18,52,21,18,23,28,11,13,18,12,7,0
5/5/2022,237,56,63,71,52,21,84,15,18,54,20,18,23,28,11,13,17,12,7,0
5/6/2022,216,57,65,70,53,20,81,15,19,54,19,18,23,28,11,13,17,12,7,0
5/7/2022,188,56,63,71,53,20,80,15,19,52,18,18,23,28,11,13,17,12,7,0
5/8/2022,147,51,63,70,54,20,81,15,20,51,18,18,22,27,11,12,16,11,7,0
5/9/2022,143,54,63,71,57,20,83,15,20,51,18,18,23,27,11,12,16,11,7,0
5/10/2022,140,56,67,71,58,22,84,15,20,51,19,18,25,27,11,12,16,10,7,0
5/11/2022,116,55,65,72,62,23,80,15,20,52,19,18,25,26,11,11,16,9,7,0
5/12/2022,94,53,65,71,62,23,82,15,19,52,19,18,25,26,11,11,16,9,8,0
5/13/2022,42,52,66,71,65,22,79,15,18,52,20,18,24,26,11,10,16,9,8,0
5/14/2022,27,52,64,70,63,21,80,15,18,52,20,18,24,24,11,10,17,8,8,0
5/15/2022,27,52,64,69,62,20,79,14,17,52,20,18,23,23,11,11,17,7,8,0
5/16/2022,27,54,65,69,61,20,74,15,18,52,20,18,23,24,12,11,17,7,8,0
5/17/2022,27,56,67,69,60,21,76,15,19,52,20,18,25,24,12,11,17,7,8,0
5/18/2022,27,57,69,69,60,22,75,15,20,53,20,18,25,24,13,11,17,7,8,0
5/19/2022,27,60,72,68,60,22,75,14,19,49,21,18,25,26,13,10,17,7,8,0
5/20/2022,27,57,73,70,59,22,76,14,19,48,23,18,25,24,13,10,17,7,8,0
5/21/2022,25,54,73,69,57,22,75,14,19,49,23,17,24,24,13,10,17,7,8,0
5/22/2022,24,54,73,69,57,22,73,14,19,48,23,17,24,21,12,10,17,7,8,0
5/23/2022,25,54,74,72,59,22,74,15,19,48,23,17,24,21,12,10,17,7,8,0
5/24/2022,25,54,76,77,58,22,74,16,19,48,23,18,25,21,12,10,18,7,8,0
5/25/2022,24,50,76,81,59,22,70,16,19,46,23,18,25,22,12,10,19,7,7,0
5/26/2022,23,49,75,81,58,22,70,17,19,47,26,18,24,23,12,9,19,6,7,0
5/27/2022,23,49,72,80,57,22,69,17,18,47,29,17,24,20,12,9,19,6,7,0
5/28/2022,22,49,71,81,56,22,68,17,18,43,29,15,24,19,12,9,17,6,7,0
5/29/2022,22,48,71,78,56,22,66,17,19,41,29,14,23,19,12,9,17,5,7,0
5/30/2022,21,51,71,78,56,22,68,17,19,41,28,14,23,19,12,9,17,5,7,0
5/31/2022,21,51,72,79,57,23,68,17,19,41,28,14,24,18,12,9,17,5,7,0
6/1/2022,22,51,71,81,58,24,66,17,19,42,27,15,24,19,12,9,16,6,7,0
6/2/2022,25,51,71,83,61,22,67,17,19,41,28,15,23,20,12,10,16,7,7,0
6/3/2022,26,54,69,84,62,22,68,17,20,41,28,14,23,22,13,10,17,6,7,0
6/4/2022,23,50,68,83,61,22,64,16,20,37,28,14,23,22,13,10,15,6,7,0
6/5/2022,23,48,64,82,59,22,65,16,19,38,28,13,23,22,13,11,14,6,7,0
6/6/2022,23,47,65,82,60,22,66,17,19,38,28,13,23,23,15,12,14,6,7,0
6/7/2022,23,49,66,85,60,22,65,17,19,39,28,13,23,23,15,12,15,6,7,0
6/8/2022,23,49,66,87,64,22,64,17,18,39,28,14,24,23,15,12,15,6,7,0
6/9/2022,23,48,64,86,67,21,64,19,19,39,27,13,22,22,15,12,15,7,7,0
6/10/2022,23,49,65,87,65,20,65,19,19,41,29,13,23,22,15,12,15,8,7,0
6/11/2022,23,49,64,86,66,21,60,20,19,41,28,13,23,22,15,12,15,8,7,0
6/12/2022,23,49,64,85,63,21,61,20,18,40,27,13,22,22,16,12,15,8,7,0
6/13/2022,23,48,65,85,64,21,61,21,18,40,28,14,22,23,16,13,14,9,7,0
6/14/2022,24,50,68,89,64,23,61,22,18,42,28,16,22,23,16,13,15,9,7,0
6/15/2022,25,49,67,87,64,23,62,21,18,44,28,16,23,22,15,13,16,9,7,0
6/16/2022,25,48,65,88,63,22,61,21,18,43,28,17,23,22,15,13,17,9,7,0
6/17/2022,26,49,66,89,64,22,63,21,17,44,28,16,23,21,14,14,17,9,7,0
6/18/2022,26,46,64,89,64,22,65,21,16,44,28,16,24,20,14,14,17,9,7,0
6/19/2022,26,46,61,87,62,22,65,21,16,43,28,16,24,20,12,14,17,9,7,0
6/20/2022,28,46,63,88,62,22,67,21,16,43,28,16,25,21,12,14,17,9,7,0
6/21/2022,28,45,66,89,62,22,68,21,16,44,28,16,25,21,12,14,18,9,7,0
6/22/2022,28,47,69,90,61,22,67,21,16,46,28,19,26,21,13,14,18,9,7,0
6/23/2022,29,47,68,90,63,22,70,21,16,44,28,18,26,21,13,13,19,9,7,0
6/24/2022,29,47,69,88,63,21,70,21,16,43,28,18,27,21,14,13,18,9,7,0
6/25/2022,29,47,67,87,63,21,69,20,16,43,27,18,27,21,14,13,17,9,7,0
6/26/2022,30,47,66,87,63,21,68,20,16,43,27,18,27,21,14,13,17,9,7,0
6/27/2022,29,48,66,89,63,21,68,20,15,44,27,22,27,21,14,13,17,9,7,0
6/28/2022,29,49,67,92,63,21,70,20,16,45,27,22,26,22,14,13,17,9,7,0
6/29/2022,30,52,67,93,64,21,69,20,16,44,27,23,26,22,14,12,18,9,5,0
6/30/2022,30,52,65,92,63,22,69,20,15,43,27,23,24,22,15,13,19,9,5,0
7/1/2022,27,52,63,89,63,21,70,20,15,42,28,24,24,22,15,13,19,9,5,0
7/2/2022,27,50,62,89,60,21,69,19,15,42,27,24,23,22,15,12,19,10,5,0
7/3/2022,27,48,61,87,59,21,68,19,14,42,27,24,22,20,14,13,18,10,4,0
7/4/2022,27,49,62,87,59,21,68,19,15,42,28,24,23,20,14,13,18,10,4,0
7/5/2022,28,52,65,88,61,21,69,19,15,41,28,25,23,21,14,13,19,10,4,0
7/6/2022,28,52,66,89,60,21,68,20,15,41,28,26,24,20,13,12,19,10,4,0
7/7/2022,28,52,65,87,60,20,67,20,16,39,28,26,25,19,13,12,18,10,4,0
7/8/2022,28,51,66,85,53,20,69,19,16,39,28,27,25,18,13,12,18,10,4,0
7/9/2022,28,51,66,83,49,20,69,19,15,38,26,28,25,18,13,12,18,9,4,0
7/10/2022,27,48,64,80,48,20,68,18,14,36,24,28,25,18,13,12,19,8,4,0
7/11/2022,28,48,64,81,47,20,71,18,14,37,24,28,25,21,13,12,18,8,4,0
7/12/2022,28,49,66,84,48,20,71,18,15,39,24,28,25,22,13,13,18,8,4,0
7/13/2022,28,49,67,85,47,20,71,17,14,39,25,27,25,20,13,13,18,8,5,0
7/14/2022,28,48,66,84,51,20,72,16,13,43,25,27,24,19,13,13,19,8,5,2
7/15/2022,26,50,67,85,53,20,70,16,13,40,25,27,24,18,13,13,19,8,6,2
7/16/2022,26,49,63,83,54,19,69,15,13,40,25,26,24,18,13,12,19,8,5,2
7/17/2022,24,48,63,79,54,19,67,15,13,39,25,25,24,18,13,11,19,8,5,2
7/18/2022,27,49,63,80,56,19,69,15,13,39,25,25,24,18,13,11,19,8,5,2
7/19/2022,28,50,64,81,56,19,69,16,14,41,25,25,25,17,13,11,19,8,5,2
7/20/2022,26,49,62,81,57,19,70,16,14,41,25,24,24,18,13,9,19,8,5,2
7/21/2022,26,50,61,81,60,20,67,17,14,41,25,24,23,20,15,9,20,8,5,2
7/22/2022,26,51,58,76,59,20,66,17,15,41,25,22,23,21,15,9,17,9,5,2
7/23/2022,25,51,56,75,57,20,64,17,15,40,25,22,23,21,15,8,17,8,5,2
7/24/2022,25,51,55,74,56,20,63,17,15,40,24,21,23,19,16,8,17,8,5,2
7/25/2022,26,54,57,76,56,21,64,17,15,40,24,22,24,18,17,8,17,8,5,2
7/26/2022,31,54,57,79,61,21,64,20,15,41,24,22,24,19,17,8,17,9,5,2
7/27/2022,30,54,57,79,61,20,62,20,15,43,24,18,23,20,17,7,17,8,6,2
7/28/2022,29,53,59,79,61,20,61,21,15,43,24,18,23,20,18,7,16,8,6,2
7/29/2022,28,52,61,79,64,17,59,21,15,43,24,18,24,22,17,8,16,8,6,2
7/30/2022,28,51,60,79,63,17,58,20,15,43,21,18,24,22,16,7,15,8,6,2
7/31/2022,27,51,59,77,61,17,57,20,15,43,20,17,23,22,16,7,15,8,6,2
8/1/2022,28,52,61,80,65,17,59,20,15,43,20,17,23,22,16,6,15,7,6,2
8/2/2022,29,54,66,81,67,18,60,21,15,43,20,17,23,22,16,6,15,7,6,2
8/3/2022,29,55,67,82,67,19,61,21,15,43,20,17,22,22,16,5,15,7,6,2
8/4/2022,29,56,66,82,66,18,60,21,15,43,21,16,22,22,16,6,14,8,6,2
8/5/2022,30,54,65,82,64,17,61,21,15,43,21,16,22,23,15,6,14,8,6,2
8/6/2022,30,54,64,81,63,17,61,21,14,43,21,16,22,23,14,6,14,8,6,2
8/7/2022,30,55,63,81,63,17,61,21,14,43,21,15,22,22,14,6,14,8,6,2
8/8/2022,30,55,64,80,63,17,62,21,14,43,21,15,22,22,15,7,14,8,7,2
8/9/2022,30,57,67,80,66,17,66,21,14,46,23,15,22,22,16,8,14,8,8,2
8/10/2022,28,58,67,80,67,17,67,21,14,45,24,15,21,21,17,8,15,8,8,2
8/11/2022,28,59,65,79,66,17,68,22,13,42,26,15,21,21,16,7,14,8,8,2
8/12/2022,29,61,63,79,65,17,66,25,14,42,23,16,21,21,16,7,14,8,7,2
8/13/2022,29,58,62,80,61,17,65,25,14,34,23,16,21,20,16,7,14,8,7,0
8/14/2022,29,56,62,81,59,17,65,25,14,34,22,16,21,20,16,7,14,8,7,0
8/15/2022,29,55,63,81,57,17,64,25,14,37,22,16,21,20,16,7,15,8,7,0
8/16/2022,29,55,63,83,58,18,66,25,14,37,23,16,20,20,17,7,15,8,7,0
8/17/2022,27,55,65,84,55,17,65,25,14,37,23,16,20,20,19,7,15,8,7,0
8/18/2022,27,54,65,84,55,17,63,25,14,36,24,16,19,20,19,7,14,8,6,0
8/19/2022,27,56,67,83,57,16,62,26,14,36,24,17,19,20,19,7,14,8,6,0
8/20/2022,27,56,67,81,54,16,62,25,14,36,25,17,19,19,17,7,14,8,6,0
8/21/2022,27,55,67,81,54,16,61,26,13,37,25,17,19,18,17,7,14,7,6,0
8/22/2022,27,56,69,83,55,16,61,28,14,37,25,19,20,19,18,7,15,7,6,1
8/23/2022,27,57,68,88,55,16,62,28,14,35,25,19,21,20,19,7,15,7,6,1
8/24/2022,27,55,66,87,55,17,60,30,14,34,25,19,20,21,18,7,15,7,6,1
8/25/2022,23,56,66,86,53,17,62,27,13,32,26,20,20,20,18,7,16,7,6,1
8/26/2022,23,59,65,85,52,17,63,27,13,31,25,20,20,20,19,8,15,7,9,1
8/27/2022,22,59,64,83,52,17,63,27,13,30,25,17,20,20,20,8,15,7,9,1
8/28/2022,22,58,62,82,51,17,63,27,14,30,25,17,19,20,20,7,15,7,9,1
8/29/2022,24,59,64,84,52,16,64,27,14,31,25,17,20,20,20,7,15,7,11,1
8/30/2022,24,62,64,84,53,17,64,27,14,32,25,17,20,22,20,7,15,7,11,1
8/31/2022,24,62,65,86,50,17,62,28,15,33,25,17,20,22,20,7,14,8,11,1
9/1/2022,26,60,64,87,48,17,64,29,15,33,25,17,20,22,20,8,14,8,11,1
9/2/2022,25,60,62,86,48,16,63,29,15,33,25,17,20,23,20,8,14,8,10,1
9/3/2022,26,60,59,87,47,16,62,29,15,32,25,17,20,23,20,7,14,6,10,1
9/4/2022,25,59,59,87,46,16,61,28,15,32,25,13,20,21,21,7,15,6,10,1
9/5/2022,25,59,60,88,46,16,60,26,15,33,25,13,21,21,21,10,15,6,10,1
9/6/2022,28,58,61,92,46,17,60,26,17,34,26,14,22,21,22,12,18,6,10,1
9/7/2022,27,57,60,91,46,17,61,27,18,34,27,14,22,21,22,13,18,6,10,1
9/8/2022,26,57,67,91,43,17,59,27,18,33,26,15,23,20,22,13,18,6,10,1
9/9/2022,28,57,66,89,43,17,55,27,18,36,25,15,23,21,22,13,18,6,10,1
9/10/2022,28,57,62,88,43,17,54,26,18,36,25,15,23,21,22,13,18,6,10,1
9/11/2022,28,55,61,85,43,17,53,26,17,36,25,15,23,22,22,13,18,6,10,1
9/12/2022,28,55,62,86,43,17,57,27,17,36,25,16,24,22,22,14,19,6,10,1
9/13/2022,31,58,66,86,44,18,57,27,16,36,25,17,24,22,22,14,19,6,10,1
9/14/2022,30,59,66,84,46,18,57,27,16,34,25,18,24,22,22,15,18,6,10,1
9/15/2022,30,60,65,81,47,18,55,27,16,34,23,18,24,23,21,15,18,6,10,1
9/16/2022,30,59,65,81,48,18,58,27,15,34,23,18,24,23,19,15,18,6,10,1
9/17/2022,30,59,64,81,48,18,59,26,14,33,22,18,24,23,19,15,18,7,10,1
9/18/2022,30,58,61,81,46,18,58,25,14,33,21,18,24,23,19,15,17,7,10,1
9/19/2022,30,59,62,80,46,19,60,25,14,34,21,18,25,23,18,15,17,7,10,1
9/20/2022,30,60,64,82,46,19,60,26,14,33,21,18,25,23,18,15,17,7,10,1
9/21/2022,31,62,65,81,47,19,59,26,13,34,21,15,24,23,17,15,16,8,9,1
9/22/2022,32,62,67,82,47,19,59,26,13,34,22,15,24,23,17,15,16,8,8,1
9/23/2022,32,62,69,84,49,19,59,25,13,35,22,16,24,21,17,16,15,8,8,1
9/24/2022,31,62,68,82,49,18,56,25,13,33,22,16,24,21,17,16,15,8,8,1
9/25/2022,31,63,69,79,49,18,53,25,13,33,22,16,24,21,16,16,15,9,8,1
9/26/2022,31,68,71,79,49,18,54,25,14,35,22,17,24,22,15,16,15,9,8,1
9/27/2022,31,70,72,80,49,17,55,25,14,35,22,17,24,22,14,16,14,9,8,1
9/28/2022,30,71,71,78,47,18,55,25,15,35,23,17,23,22,14,16,15,9,8,1
9/29/2022,31,70,74,76,42,18,55,25,15,35,24,16,23,21,13,16,16,9,8,1
9/30/2022,31,69,74,75,45,18,53,25,14,33,24,16,22,20,13,16,16,8,6,0
10/1/2022,31,69,75,73,44,18,50,25,14,33,23,16,23,20,13,15,15,8,6,0
10/2/2022,31,67,75,72,43,18,50,25,14,33,23,16,22,18,13,15,15,8,4,0
10/3/2022,32,67,76,73,45,18,51,25,15,34,23,16,22,18,13,15,16,8,4,0
10/4/2022,33,68,76,75,46,21,56,26,15,34,24,16,22,18,12,15,18,8,5,0
10/5/2022,33,70,76,76,46,21,56,26,17,34,24,16,20,19,12,12,18,9,5,0
10/6/2022,31,72,75,74,45,22,57,24,17,33,23,17,21,17,11,12,17,9,5,0
10/7/2022,31,73,72,74,46,22,55,26,15,33,22,17,21,16,11,10,18,9,6,0
10/8/2022,29,70,66,74,46,22,54,26,15,32,22,17,20,16,10,10,19,8,6,0
10/9/2022,27,70,67,74,45,22,54,26,15,29,22,17,20,16,9,10,20,8,6,0
10/10/2022,28,70,67,76,45,22,54,26,15,32,24,17,20,17,9,10,20,8,6,0
10/11/2022,29,73,68,77,45,22,56,27,15,30,25,17,20,19,9,10,20,8,6,0
10/12/2022,29,74,67,75,45,22,54,27,16,31,25,17,20,18,10,10,18,8,6,0
10/13/2022,26,70,70,76,44,22,55,27,16,31,26,17,21,18,10,10,18,8,6,0
10/14/2022,26,67,70,77,46,22,55,27,16,32,26,17,20,18,10,11,19,8,6,0
10/15/2022,25,65,70,77,47,22,54,27,15,33,26,16,20,18,10,11,19,8,6,0
10/16/2022,26,63,70,77,46,22,53,27,15,33,27,16,20,18,10,11,18,8,6,0
10/17/2022,26,64,70,80,46,22,53,28,16,33,27,16,20,18,10,11,18,8,6,0
10/18/2022,25,65,73,80,46,23,54,28,16,33,27,17,21,18,10,10,18,8,6,0
10/19/2022,26,66,72,81,47,23,54,28,14,33,28,17,20,18,10,10,18,8,6,0
10/20/2022,26,68,72,81,47,23,55,26,14,33,29,17,22,18,10,10,18,8,6,0
10/21/2022,25,67,72,81,45,23,57,26,16,33,31,18,23,18,12,10,18,7,6,0
10/22/2022,24,65,71,76,45,23,56,26,16,31,31,18,23,18,12,10,18,7,6,0
10/23/2022,24,62,70,75,44,23,56,26,16,30,31,17,23,18,11,9,18,7,6,0
10/24/2022,24,62,69,75,43,23,56,26,16,32,31,17,23,19,12,9,20,7,6,0
10/25/2022,28,62,70,75,43,23,55,27,16,32,31,17,23,20,13,9,21,6,6,0
10/26/2022,29,60,69,75,41,23,54,28,16,31,31,17,23,19,14,9,22,6,6,0
10/27/2022,29,59,68,75,43,23,54,28,16,30,31,17,24,18,14,9,22,6,6,0
10/28/2022,29,55,69,74,43,24,54,26,16,31,31,17,23,19,14,11,20,6,6,0
10/29/2022,29,55,69,73,43,24,54,27,16,32,30,17,23,19,14,10,21,6,6,0
10/30/2022,29,56,69,74,42,23,54,25,16,32,29,17,23,19,14,9,21,6,6,0
10/31/2022,29,59,69,74,42,23,56,25,16,32,29,17,24,19,14,10,22,7,7,0
11/1/2022,30,60,69,74,43,23,58,24,16,33,29,17,26,19,15,10,22,7,7,0
11/2/2022,30,63,71,73,43,22,58,24,15,34,29,17,26,19,15,11,22,7,7,0
11/3/2022,29,64,72,73,44,20,56,23,15,33,28,18,26,19,15,12,23,7,7,0
11/4/2022,29,63,71,72,46,20,54,23,13,32,28,19,26,20,15,12,23,6,7,0
11/5/2022,29,60,71,73,45,18,51,23,13,32,28,18,24,20,15,11,23,6,7,0
11/6/2022,29,59,71,72,44,18,50,23,13,32,27,18,24,20,15,11,22,6,7,0
11/7/2022,29,60,74,73,45,18,51,23,13,32,28,19,24,20,15,11,23,6,7,0
11/8/2022,30,63,74,73,44,18,51,23,13,33,28,19,24,20,15,11,23,6,7,0
11/9/2022,29,65,73,72,45,18,53,24,14,30,28,21,25,19,15,11,22,6,7,0
11/10/2022,29,64,76,69,45,18,53,24,14,31,26,20,26,19,15,12,20,6,7,0
11/11/2022,28,62,77,71,45,17,52,24,14,31,26,20,26,18,15,12,21,6,7,0
11/12/2022,27,64,76,70,45,18,51,24,14,30,26,18,26,18,15,12,21,6,7,0
11/13/2022,25,63,75,68,43,18,51,24,14,29,26,18,26,18,15,11,20,6,7,0
11/14/2022,26,65,75,69,43,18,53,24,15,30,26,20,26,19,15,12,21,6,7,0
11/15/2022,27,64,77,69,44,18,53,24,15,30,26,20,26,19,16,14,21,6,7,0
11/16/2022,28,66,76,71,44,18,52,24,15,31,26,21,26,19,16,14,23,5,7,0
11/17/2022,27,66,74,72,44,18,53,24,15,31,26,22,25,20,16,14,23,5,7,0
11/18/2022,28,67,76,72,42,20,54,24,15,31,26,22,25,20,17,14,22,5,7,0
11/19/2022,28,65,76,69,42,20,54,23,15,31,26,22,24,20,17,14,22,5,7,0
11/20/2022,28,65,75,69,42,20,54,22,14,29,25,22,23,20,15,14,21,5,7,0
11/21/2022,28,66,75,69,42,20,56,23,14,29,25,20,24,21,15,14,21,5,7,0
11/22/2022,28,68,77,71,43,20,58,23,14,29,25,21,24,21,15,15,22,5,7,1
11/23/2022,28,69,75,72,42,20,58,23,14,28,25,22,24,20,13,15,20,5,7,1
11/24/2022,25,70,76,71,42,20,58,22,14,29,25,22,24,19,12,15,18,5,7,1
11/25/2022,25,71,76,71,41,20,57,22,14,29,25,21,24,19,11,15,17,5,7,1
11/26/2022,25,68,74,69,39,20,56,22,14,29,24,21,21,18,12,15,17,5,7,1
11/27/2022,25,67,72,65,39,19,56,21,14,28,24,20,21,17,12,15,17,5,7,1
11/28/2022,29,67,72,66,40,19,59,21,14,28,25,21,22,17,12,14,17,5,7,1
11/29/2022,29,67,73,66,43,19,61,21,14,28,25,21,22,17,12,14,17,5,7,1
11/30/2022,28,65,72,65,43,20,61,21,14,27,25,21,21,17,12,14,17,5,7,1
12/1/2022,27,63,73,64,43,20,60,21,14,28,25,22,21,16,11,14,18,5,7,1
12/2/2022,27,60,73,64,42,20,59,23,14,28,25,22,21,15,11,13,18,5,7,1
12/3/2022,27,59,72,62,40,20,58,23,13,27,25,22,21,15,11,13,17,5,7,1
12/4/2022,27,59,71,63,38,20,58,23,13,26,25,22,21,13,11,13,17,5,7,1
12/5/2022,27,61,72,64,38,20,60,23,14,27,25,21,21,13,11,13,18,5,7,1
12/6/2022,27,61,73,66,38,20,62,23,14,27,25,21,21,13,12,13,18,5,7,1
12/7/2022,28,60,71,68,40,20,61,23,15,27,26,19,22,14,12,14,18,3,7,1
12/8/2022,27,57,73,70,40,20,59,23,15,29,26,21,24,14,12,15,18,3,7,1
12/9/2022,29,55,71,69,37,20,58,22,15,29,27,20,25,15,12,15,18,3,7,1
12/10/2022,30,56,68,69,36,19,58,22,15,29,27,19,23,15,12,15,18,4,6,1
12/11/2022,30,57,68,66,36,19,58,22,15,28,27,19,22,15,12,15,18,4,6,1
12/12/2022,30,59,71,69,36,19,57,22,15,27,27,19,22,15,14,16,18,4,6,1
12/13/2022,30,60,72,69,37,19,57,23,15,27,27,19,22,15,14,16,18,4,6,1
12/14/2022,29,58,73,68,38,20,55,23,14,26,27,18,23,17,15,15,17,4,6,1
12/15/2022,29,60,72,71,36,20,57,23,13,26,27,17,23,16,15,15,17,3,6,1
12/16/2022,30,58,72,71,40,21,59,23,14,24,26,15,23,17,15,14,17,3,6,1
12/17/2022,30,57,69,71,39,21,57,23,14,24,26,14,21,15,15,14,17,3,5,1
12/18/2022,30,57,67,70,39,20,55,23,14,24,25,14,21,15,14,14,17,3,5,1
12/19/2022,30,57,69,69,39,21,56,23,14,24,26,14,21,16,14,15,18,3,5,1
12/20/2022,32,58,69,70,41,21,55,23,14,23,27,14,21,17,14,16,18,3,5,1
12/21/2022,31,54,66,70,41,20,55,22,14,24,28,15,22,17,14,16,18,3,5,1
12/22/2022,32,50,67,69,40,20,53,22,15,23,29,15,23,18,13,16,16,3,5,1
12/23/2022,31,49,68,67,40,21,54,21,15,23,29,15,23,18,13,16,17,3,5,1
12/24/2022,31,48,68,67,40,20,55,21,15,22,29,15,21,18,13,16,17,2,5,1
12/25/2022,31,47,65,66,40,20,55,21,14,22,29,15,21,18,14,15,17,2,5,1
12/26/2022,31,46,65,66,40,20,55,21,14,22,29,15,21,18,14,15,16,3,5,1
12/27/2022,31,47,65,66,40,20,56,21,14,22,29,17,21,18,14,15,16,3,6,1
12/28/2022,29,46,67,65,39,20,54,21,14,22,27,16,20,18,14,15,16,3,6,1
12/29/2022,29,45,67,61,38,20,54,21,14,21,27,15,20,19,14,14,16,3,6,1
12/30/2022,30,43,67,60,36,19,53,21,14,20,27,15,20,19,15,14,16,3,6,1
12/31/2022,28,43,67,59,36,19,52,21,14,20,27,14,20,19,15,14,16,3,6,1
1/1/2023,29,41,66,58,36,19,51,21,14,20,27,14,20,19,15,14,16,3,5,1
1/2/2023,29,41,66,57,36,19,51,21,14,21,27,14,21,18,15,13,16,3,5,1
1/3/2023,30,44,67,59,38,19,53,22,14,24,29,14,21,19,15,13,16,3,5,1
1/4/2023,31,42,66,60,37,19,55,22,14,25,30,14,21,19,15,13,17,3,5,1
1/5/2023,31,38,67,57,35,19,56,22,14,24,31,15,21,19,14,13,15,3,5,1
1/6/2023,28,36,66,56,34,19,57,22,13,24,31,15,20,18,14,13,16,3,5,1
1/7/2023,28,36,62,52,34,19,58,22,13,21,30,14,19,18,13,13,16,3,5,1
1/8/2023,25,35,60,50,34,19,58,21,12,21,29,14,17,17,13,13,16,3,5,1
1/9/2023,26,34,60,55,35,19,60,21,13,21,30,16,17,16,13,13,16,3,5,1
1/10/2023,26,36,60,58,36,19,64,21,13,23,30,16,17,15,15,13,16,3,5,1
1/11/2023,26,38,64,59,36,19,63,22,13,23,30,19,17,15,13,10,16,3,5,1
1/12/2023,27,39,64,64,36,19,65,21,13,22,30,22,17,15,13,10,15,3,5,1
1/13/2023,26,38,61,64,36,18,65,21,13,24,31,22,16,13,14,10,15,3,5,1
1/14/2023,26,37,60,60,36,17,64,20,13,24,30,24,15,13,11,9,15,3,3,1
1/15/2023,25,38,60,58,34,15,61,20,13,24,30,24,16,12,12,8,15,3,3,1
1/16/2023,25,43,60,58,34,15,61,20,13,25,30,24,17,13,14,9,15,3,3,1
1/17/2023,26,45,62,61,34,15,64,23,13,25,30,23,17,13,14,9,15,3,3,1
1/18/2023,27,45,61,65,34,14,65,22,13,25,30,23,17,13,14,9,15,3,3,0
1/19/2023,26,45,62,64,33,14,69,22,13,26,29,23,17,15,14,10,15,3,3,0
1/20/2023,27,46,61,66,33,11,71,22,13,26,27,24,17,16,14,10,17,3,3,0
1/21/2023,25,46,61,65,33,11,71,21,12,26,27,24,18,15,14,10,17,3,3,0
1/22/2023,25,46,59,65,33,10,70,21,12,25,27,24,18,15,14,11,15,3,3,0
1/23/2023,25,48,62,66,33,9,69,21,12,25,30,24,18,16,14,11,15,3,3,0
1/24/2023,26,49,65,69,33,9,70,21,14,25,32,24,18,16,13,13,16,3,3,0
1/25/2023,26,51,67,71,33,11,72,21,14,26,32,24,18,18,13,13,18,3,3,0
1/26/2023,26,51,68,73,35,12,73,21,14,27,31,23,20,18,13,14,19,3,3,0
1/27/2023,27,54,70,74,35,13,73,21,14,27,31,23,20,18,13,14,20,3,3,0
1/28/2023,27,55,73,73,35,13,71,21,14,27,31,23,20,17,13,14,20,3,3,0
1/29/2023,27,57,72,73,37,13,70,21,14,27,31,23,20,17,12,14,20,3,3,0
1/30/2023,29,58,72,74,37,13,70,22,16,29,30,23,20,17,11,16,21,4,4,0
1/31/2023,29,61,72,74,37,15,71,22,16,29,31,23,20,17,11,16,22,4,4,0
2/1/2023,29,61,72,74,37,15,71,23,17,28,31,23,19,17,12,16,22,4,5,0
2/2/2023,31,59,72,74,36,15,72,23,18,26,31,24,18,18,12,16,23,4,5,0
2/3/2023,31,60,75,71,36,15,68,23,17,23,32,24,18,19,13,16,23,4,5,0
2/4/2023,31,59,75,70,36,15,68,23,17,23,30,24,18,20,14,16,24,4,5,0
2/5/2023,31,59,72,71,35,15,66,23,17,23,28,24,18,20,14,16,23,4,5,0
2/6/2023,32,62,74,72,35,15,64,23,17,23,28,24,18,20,14,16,23,4,5,0
2/7/2023,33,64,75,72,35,15,64,23,17,23,28,24,18,20,15,16,24,4,5,0
2/8/2023,33,65,73,73,34,16,61,23,17,24,28,25,18,20,15,16,24,4,5,0
2/9/2023,32,65,73,74,32,16,57,23,19,25,28,25,18,20,16,16,24,4,5,0
2/10/2023,31,64,70,72,32,16,56,23,20,25,28,24,18,20,16,16,24,4,5,0
2/11/2023,31,62,68,71,32,16,55,23,20,25,27,24,18,20,17,16,22,4,5,0
2/12/2023,31,62,69,71,32,16,52,23,20,24,27,23,18,21,17,16,22,5,5,0
2/13/2023,33,64,69,74,33,16,52,23,21,25,29,23,18,21,17,16,22,5,5,0
2/14/2023,34,64,73,75,34,17,52,23,23,27,32,24,17,21,17,16,22,5,5,0
2/15/2023,35,61,75,78,34,17,54,23,23,26,32,26,17,23,19,16,22,5,5,0
2/16/2023,35,62,74,81,37,17,52,21,23,26,32,26,17,24,20,17,23,5,5,0
2/17/2023,36,63,75,79,37,17,51,21,23,28,31,27,17,24,20,17,24,5,6,1
2/18/2023,36,61,73,76,37,17,48,21,23,28,31,26,17,23,20,16,24,5,5,1
2/19/2023,36,60,73,74,37,16,45,21,23,29,28,24,17,22,21,16,23,5,5,1
2/20/2023,36,61,73,76,37,16,45,21,23,29,29,24,17,22,21,16,23,5,5,1
2/21/2023,36,63,77,78,37,16,45,22,24,29,29,25,19,23,22,16,23,5,5,1
2/22/2023,37,66,82,80,37,17,44,23,24,30,28,25,20,23,21,16,24,5,6,1
2/23/2023,38,65,82,84,36,17,42,23,24,34,26,25,20,23,21,17,26,5,6,1
2/24/2023,37,65,83,84,36,16,37,23,24,34,27,25,20,22,22,17,26,5,6,1
2/25/2023,37,64,82,82,36,16,29,23,24,33,25,25,18,22,22,15,26,5,6,1
2/26/2023,37,61,80,81,36,16,23,24,24,33,25,27,19,22,22,14,23,4,6,1
2/27/2023,37,61,81,81,39,17,22,25,24,33,25,27,20,22,22,14,23,4,6,1
2/28/2023,37,62,81,84,38,17,22,25,24,35,25,28,20,22,22,14,23,4,6,1
3/1/2023,37,61,82,85,38,17,20,25,24,33,24,28,20,22,22,14,23,4,7,1
3/2/2023,36,57,86,86,39,15,20,25,24,35,23,28,20,21,23,14,23,3,7,1
3/3/2023,34,57,87,86,39,15,19,24,25,36,23,28,20,21,22,13,23,3,7,1
3/4/2023,33,57,86,86,39,15,18,24,24,36,23,28,20,19,22,13,22,3,7,1
3/5/2023,32,56,83,86,39,15,18,23,24,38,22,29,19,18,22,13,22,3,7,1
3/6/2023,32,60,85,87,39,16,18,23,24,38,22,30,19,17,22,12,23,4,7,1
3/7/2023,32,69,88,89,39,16,18,23,25,39,22,30,19,16,22,14,23,4,7,1
3/8/2023,33,70,85,89,39,16,16,21,25,40,21,28,19,15,23,14,24,4,7,1
3/9/2023,33,71,86,91,39,17,16,21,25,40,21,28,19,15,23,14,23,4,8,1
3/10/2023,32,74,86,89,39,17,16,22,25,41,22,27,19,15,23,15,23,4,8,1
3/11/2023,32,74,85,88,39,16,16,22,22,41,22,27,19,15,24,15,23,4,8,1
3/12/2023,30,76,84,88,39,16,15,22,22,41,21,27,19,15,24,15,23,4,8,1
3/13/2023,30,79,85,86,39,17,15,22,22,40,21,28,19,15,23,15,23,4,8,1
3/14/2023,30,83,88,86,40,17,15,22,22,40,21,30,19,14,24,15,25,4,8,1
3/15/2023,31,82,87,85,40,17,16,22,22,39,22,29,19,14,24,15,25,4,8,1
3/16/2023,35,83,87,83,40,16,17,22,21,38,22,28,19,14,23,15,25,4,8,2
3/17/2023,35,81,88,82,40,16,17,23,21,38,23,26,19,12,21,14,25,4,8,2
3/18/2023,35,80,86,82,37,16,16,23,20,37,23,27,19,12,20,13,26,4,7,2
3/19/2023,35,79,85,80,37,16,15,23,20,36,23,27,19,12,20,13,25,4,7,2
3/20/2023,37,80,85,81,38,16,16,24,20,36,23,27,20,13,20,13,25,4,7,2
3/21/2023,38,82,90,84,38,17,17,26,20,35,23,30,20,13,19,13,25,4,7,2
3/22/2023,38,82,91,83,39,17,17,26,20,34,23,31,20,12,19,14,26,4,7,1
3/23/2023,38,85,94,82,38,16,17,26,19,35,23,30,19,14,18,14,27,4,7,1
3/24/2023,37,83,95,82,39,16,17,25,18,34,23,32,18,14,19,14,26,4,7,1
3/25/2023,37,84,92,79,39,16,17,25,18,33,23,34,18,14,19,13,24,4,7,3
3/26/2023,37,84,92,79,39,16,16,24,18,33,22,34,18,14,18,13,23,4,7,4
3/27/2023,37,84,95,79,39,16,16,24,19,34,22,34,18,14,18,14,24,4,7,5
3/28/2023,37,86,95,79,41,16,17,24,19,35,22,35,17,14,18,14,25,4,7,6
3/29/2023,37,84,92,81,39,16,20,24,18,34,22,36,17,14,18,14,25,4,7,6
3/30/2023,38,86,92,79,40,16,19,24,17,32,22,35,17,15,17,13,25,4,7,7
3/31/2023,36,87,94,79,41,16,18,24,17,32,22,35,17,15,18,13,25,4,7,7
4/1/2023,34,88,94,79,41,17,18,24,16,31,22,35,17,15,17,13,25,4,6,7
4/2/2023,33,87,92,78,41,17,17,24,14,31,22,35,16,15,17,12,24,4,6,7
4/3/2023,33,88,94,80,41,17,17,24,14,31,22,35,16,16,18,14,24,4,6,7
4/4/2023,33,93,95,80,41,17,18,25,14,30,22,35,16,19,19,15,25,4,6,7
4/5/2023,34,90,93,80,42,17,18,25,14,30,22,33,16,19,18,14,26,4,7,7
4/6/2023,34,83,93,83,43,17,18,26,12,30,23,33,16,19,18,12,26,4,7,7
4/7/2023,34,79,90,82,43,16,18,26,12,29,23,33,15,19,17,12,25,4,6,7
4/8/2023,33,77,90,80,43,16,18,26,11,29,23,39,15,19,17,12,25,4,6,7
4/9/2023,33,73,89,80,42,16,18,25,11,29,22,39,15,19,17,12,25,4,6,7
4/10/2023,34,73,88,81,44,16,18,24,12,29,22,40,15,20,17,12,28,4,6,7
4/11/2023,34,74,89,83,44,16,18,24,13,31,22,41,16,20,17,13,28,4,6,7
4/12/2023,35,73,90,82,46,16,17,24,12,32,22,43,16,20,17,13,28,4,6,7
4/13/2023,34,69,88,84,49,17,17,25,12,34,22,42,17,21,17,16,27,4,6,7
4/14/2023,32,68,88,85,48,17,16,26,12,34,19,42,16,21,17,16,27,4,6,7
4/15/2023,31,67,87,85,48,16,15,26,12,34,19,43,14,21,17,16,27,4,6,6
4/16/2023,31,67,84,84,48,16,15,26,12,34,19,43,14,21,17,16,27,4,6,6
4/17/2023,31,71,90,86,48,16,15,26,13,34,19,43,14,21,17,16,28,4,6,6
4/18/2023,31,72,93,86,49,16,15,26,14,34,19,45,15,21,17,16,29,4,6,6
4/19/2023,31,73,94,85,49,16,16,25,14,32,21,46,16,22,19,16,28,4,6,6
4/20/2023,31,71,89,80,49,15,17,24,14,31,21,46,19,22,19,15,30,5,6,6
4/21/2023,30,72,92,81,48,13,17,24,14,31,21,46,19,22,19,15,29,5,6,6
4/22/2023,30,69,90,78,48,13,17,24,14,31,21,44,18,21,19,15,27,5,6,6
4/23/2023,29,66,88,77,48,13,17,24,14,30,21,42,18,21,18,15,28,5,6,6
4/24/2023,29,67,91,79,48,14,17,25,14,30,21,40,18,21,18,15,28,6,6,5
4/25/2023,30,67,92,80,50,14,17,25,14,30,21,42,18,21,18,15,28,6,6,4
4/26/2023,31,69,89,84,50,14,17,27,13,30,21,41,18,22,18,15,29,6,7,4
4/27/2023,29,67,87,84,49,15,17,27,12,29,20,40,19,22,18,15,28,6,8,4
4/28/2023,29,68,87,81,50,14,14,26,12,30,20,40,19,22,18,16,29,6,8,4
4/29/2023,27,64,84,82,51,14,14,26,12,30,20,40,19,22,18,16,30,6,7,3
4/30/2023,26,62,78,79,50,14,14,26,13,29,19,41,19,22,19,15,30,6,7,3
5/1/2023,26,61,77,79,51,13,14,26,13,29,19,41,19,22,19,15,30,6,7,3
5/2/2023,27,64,82,79,52,13,15,25,13,29,19,42,19,22,22,15,30,6,7,3
5/3/2023,26,62,82,81,52,13,16,26,13,30,18,42,19,23,22,16,30,6,8,3
5/4/2023,26,60,88,82,52,13,17,25,13,30,19,41,20,21,21,16,29,6,9,3
5/5/2023,25,60,91,82,52,13,17,26,15,30,20,40,20,21,21,16,28,5,9,3
5/6/2023,25,59,89,81,51,14,17,26,15,30,19,38,20,21,20,16,28,5,9,3
5/7/2023,25,59,90,80,51,14,17,26,15,30,19,37,20,20,19,16,28,5,9,3
5/8/2023,25,59,93,80,50,14,17,27,15,30,19,30,20,20,19,16,29,5,9,3
5/9/2023,27,60,95,82,50,14,17,27,17,29,20,30,21,20,19,15,28,5,9,3
5/10/2023,26,62,95,84,49,14,17,27,17,31,21,30,20,19,20,15,28,5,9,3
5/11/2023,26,64,95,87,51,13,17,27,17,30,23,31,19,18,21,14,28,5,9,3
5/12/2023,24,65,95,90,50,13,17,26,17,28,23,28,19,18,21,14,28,5,9,3
5/13/2023,24,66,95,89,49,13,17,26,17,28,23,27,19,16,20,11,28,5,9,3
5/14/2023,25,66,93,88,49,13,17,25,17,27,23,27,19,16,20,10,28,5,9,3
5/15/2023,25,68,94,89,50,14,17,25,17,28,22,27,19,16,22,10,30,5,9,3
5/16/2023,26,68,96,90,51,15,17,25,17,29,22,27,19,17,22,10,30,5,9,3
5/17/2023,27,69,95,91,52,15,16,24,16,30,22,29,19,18,22,10,31,5,10,3
5/18/2023,27,68,93,91,52,15,16,24,15,29,23,27,19,18,22,10,30,5,10,3
5/19/2023,26,67,94,93,52,15,16,25,16,29,22,28,18,18,22,10,30,5,10,3
5/20/2023,25,66,95,92,49,15,15,25,16,29,22,28,17,16,22,10,28,5,10,3
5/21/2023,25,66,91,91,49,15,15,25,16,29,22,27,17,17,22,9,28,5,10,3
5/22/2023,25,70,90,93,49,15,15,25,16,29,22,27,17,18,22,9,28,5,10,3
5/23/2023,27,73,94,95,50,15,15,25,16,30,22,27,18,19,22,11,28,5,10,3
5/24/2023,27,73,95,95,49,14,15,25,16,30,23,27,18,20,21,11,29,5,10,3
5/25/2023,27,73,96,93,47,14,15,26,16,30,23,29,19,20,21,12,28,5,10,3
5/26/2023,28,72,97,93,48,15,16,26,16,29,23,29,19,20,20,12,27,5,9,3
5/27/2023,28,72,96,93,48,15,16,26,16,30,23,29,19,19,20,12,25,5,9,3
5/28/2023,28,72,97,93,47,15,16,26,16,28,23,28,19,19,20,12,23,5,9,4
5/29/2023,28,75,98,93,45,15,17,26,16,29,23,28,19,20,20,12,22,5,9,4
5/30/2023,28,76,99,94,46,15,17,26,16,30,24,27,19,20,19,12,22,5,9,4
5/31/2023,28,79,100,95,44,15,17,26,16,31,24,27,18,21,20,12,22,5,9,4
6/1/2023,29,79,97,96,44,15,16,26,17,31,24,27,18,21,18,12,23,5,9,4
6/2/2023,29,78,98,94,44,15,15,25,17,30,24,27,18,21,18,12,23,5,9,4
6/3/2023,29,74,95,91,44,15,14,25,17,31,23,27,17,21,18,11,21,5,7,4
6/4/2023,29,74,92,88,42,15,14,24,16,30,21,26,17,19,18,11,21,5,7,4
6/5/2023,31,75,94,88,42,14,14,24,16,30,21,27,17,19,18,11,21,5,7,4
6/6/2023,31,76,96,90,43,15,14,24,16,30,22,27,18,19,18,12,22,5,7,6
6/7/2023,31,77,96,89,44,18,15,23,16,29,22,26,17,19,18,12,22,5,6,6
6/8/2023,30,77,94,88,44,18,15,24,16,30,21,26,15,22,18,12,21,5,6,6
6/9/2023,31,80,95,88,44,18,15,24,16,29,21,27,15,22,15,12,22,5,6,6
6/10/2023,30,74,91,83,44,17,15,23,16,27,19,24,15,22,14,12,22,5,6,6
6/11/2023,30,76,90,81,41,16,15,23,16,27,19,24,14,22,14,12,22,4,6,6
6/12/2023,30,75,92,82,41,17,15,23,17,27,19,24,14,22,14,12,23,4,6,6
6/13/2023,30,76,93,84,45,17,15,23,17,27,19,24,15,22,15,12,24,4,6,6
6/14/2023,30,77,96,86,45,17,15,23,17,25,19,22,15,22,14,13,24,4,6,6
6/15/2023,29,78,96,85,45,19,15,24,17,25,20,22,14,20,14,13,24,5,7,6
6/16/2023,26,75,95,86,45,19,15,24,16,24,21,20,14,17,14,13,23,6,7,6
6/17/2023,27,74,95,85,43,19,14,24,16,24,21,19,12,17,14,13,23,6,7,6
6/18/2023,27,72,92,83,43,19,14,23,15,24,21,18,12,17,13,14,22,6,7,6
6/19/2023,27,73,92,82,43,19,14,23,15,24,21,18,12,17,13,14,22,6,7,6
6/20/2023,28,74,93,82,43,19,16,24,15,24,21,19,12,17,13,14,22,6,7,6
6/21/2023,29,72,94,83,40,19,15,23,15,25,21,19,12,17,12,14,22,6,7,6
6/22/2023,29,70,94,83,41,19,16,22,15,24,21,19,11,17,12,13,22,6,7,6
6/23/2023,32,70,93,81,42,19,16,22,15,25,21,19,11,18,12,13,22,6,6,6
6/24/2023,31,69,91,80,42,19,16,22,15,25,21,18,11,17,12,13,21,6,6,6
6/25/2023,29,71,91,79,40,18,16,21,15,23,21,18,12,17,11,13,20,6,6,6
6/26/2023,31,72,91,79,41,19,16,22,15,22,22,19,12,17,11,13,20,6,7,6
6/27/2023,32,72,91,79,41,19,16,25,16,22,22,21,14,17,14,13,20,6,7,6
6/28/2023,32,71,90,79,42,19,17,25,16,21,22,21,14,17,14,13,20,6,7,6
6/29/2023,33,70,89,76,41,19,17,24,16,21,22,22,15,17,13,12,20,6,7,6
6/30/2023,33,68,87,75,41,19,16,25,15,19,23,23,15,17,13,12,20,6,7,6
7/1/2023,32,69,86,73,40,19,16,25,14,19,23,23,15,17,13,12,19,6,6,6
7/2/2023,33,68,82,73,40,19,15,25,14,19,23,22,15,17,13,12,19,6,6,6
7/3/2023,33,71,86,73,41,19,15,25,14,18,23,22,15,18,13,12,19,6,6,7
7/4/2023,33,72,88,73,42,19,15,26,15,18,24,23,15,18,14,12,19,6,6,7
7/5/2023,32,72,87,72,43,19,15,26,15,18,24,26,15,21,12,12,20,6,6,6
7/6/2023,32,75,88,67,44,19,17,26,15,18,25,27,14,22,13,11,19,6,6,5
7/7/2023,32,74,91,61,45,17,17,26,15,18,25,32,15,22,13,11,19,6,6,5
7/8/2023,31,73,88,59,44,17,17,26,15,18,25,36,15,20,12,11,19,6,6,5
7/9/2023,31,73,86,58,44,17,17,26,15,17,25,35,15,22,12,11,19,6,5,5
7/10/2023,32,75,88,58,44,17,17,26,16,17,25,37,15,22,12,11,19,6,7,5
7/11/2023,32,74,89,62,45,17,17,26,16,19,25,38,17,22,13,11,19,6,7,5
7/12/2023,34,74,89,63,46,17,17,26,16,20,26,39,17,22,16,11,20,6,6,4
7/13/2023,34,77,87,60,45,16,17,28,16,20,26,39,16,22,16,11,20,6,6,4
7/14/2023,34,78,89,59,46,15,17,28,16,20,26,41,16,23,16,11,20,6,6,4
7/15/2023,34,78,88,57,44,14,17,26,16,20,26,42,16,23,16,10,19,7,6,4
7/16/2023,34,76,87,53,43,14,16,26,16,21,25,41,16,23,15,10,18,7,6,4
7/17/2023,34,79,91,54,45,14,17,26,16,22,25,44,17,24,15,10,20,7,7,4
7/18/2023,34,79,92,57,46,14,17,26,16,22,25,46,17,25,15,10,22,7,7,4
7/19/2023,34,79,95,60,46,14,17,27,16,23,25,48,17,25,15,10,23,7,7,4
7/20/2023,34,84,94,62,49,13,15,25,17,24,25,49,17,25,16,10,22,7,8,4
7/21/2023,33,80,89,62,49,13,17,24,17,24,25,49,17,26,15,10,22,7,8,4
7/22/2023,33,78,89,61,47,12,17,24,16,24,25,50,17,26,15,10,22,6,8,4
7/23/2023,31,79,87,62,47,12,16,24,16,23,23,50,17,24,15,10,22,6,9,4
7/24/2023,31,80,87,65,49,12,16,25,16,25,23,50,17,24,16,10,23,6,9,4
7/25/2023,31,79,90,67,49,12,17,25,16,27,23,49,17,25,17,11,23,6,9,4
7/26/2023,30,78,89,68,48,12,18,23,16,27,23,48,17,25,19,12,23,6,8,4
7/27/2023,28,78,92,69,48,13,18,22,16,27,23,49,18,26,19,12,24,6,8,4
7/28/2023,27,80,90,71,43,13,17,22,16,28,23,49,18,26,19,12,24,5,8,4
7/29/2023,26,78,89,71,43,13,17,21,16,28,22,48,18,26,19,11,24,5,7,4
7/30/2023,25,76,87,72,43,13,17,19,16,29,22,47,17,26,20,11,24,5,7,4
7/31/2023,24,75,87,75,44,13,17,20,16,29,23,48,17,26,20,11,25,5,7,4
8/1/2023,24,76,90,77,44,13,17,22,16,30,24,50,18,26,22,11,26,5,7,4
8/2/2023,24,78,90,78,44,13,17,22,15,30,24,49,18,26,22,11,26,5,7,4
8/3/2023,24,79,86,78,47,15,17,23,15,29,24,49,18,26,21,11,27,5,7,4
8/4/2023,24,79,86,79,48,15,18,23,15,29,25,47,17,23,22,11,26,6,7,4
8/5/2023,23,76,82,79,46,15,16,23,15,29,24,46,17,22,22,11,27,6,7,4
8/6/2023,23,76,79,79,45,15,16,23,15,28,24,40,16,22,22,11,27,6,7,4
8/7/2023,24,78,81,80,46,15,17,23,15,29,25,36,16,23,22,13,27,6,8,4
8/8/2023,24,81,81,81,47,15,17,24,15,29,25,36,17,22,22,14,26,6,8,3
8/9/2023,26,83,81,83,47,15,18,23,15,29,25,33,17,22,23,13,26,6,8,3
8/10/2023,27,80,82,81,46,15,19,23,15,29,26,33,15,22,23,13,28,6,8,3
8/11/2023,26,80,81,86,46,15,19,24,15,31,26,32,15,22,22,13,28,6,8,3
8/12/2023,25,78,79,86,45,15,19,22,15,31,26,31,15,22,21,13,28,6,8,3
8/13/2023,25,75,75,86,45,14,19,21,15,30,26,28,15,22,21,13,27,4,8,3
8/14/2023,25,79,80,88,44,14,19,21,15,30,26,29,15,22,23,13,27,4,8,3
8/15/2023,27,80,85,89,45,15,19,22,15,29,26,29,15,22,23,13,27,4,8,3
8/16/2023,24,78,87,91,45,15,18,22,15,29,26,26,15,21,23,13,27,5,8,4
8/17/2023,22,78,84,91,45,13,19,22,15,30,25,26,15,19,23,13,25,6,8,4
8/18/2023,25,77,81,91,44,13,19,21,15,30,25,27,15,19,23,13,24,6,8,4
8/19/2023,26,73,81,90,42,12,19,20,14,30,25,26,15,19,23,13,24,6,8,4
8/20/2023,26,75,80,88,41,12,18,20,14,31,25,26,13,19,23,13,24,6,8,4
8/21/2023,26,77,82,89,41,12,18,20,14,31,24,26,13,19,23,13,24,6,9,4
8/22/2023,28,79,83,87,41,12,19,20,14,31,25,26,13,19,22,13,24,7,8,4
8/23/2023,27,82,83,87,37,14,19,19,13,30,26,25,13,19,21,14,23,7,8,4
8/24/2023,27,81,79,88,36,15,19,19,14,29,26,23,13,19,20,13,23,7,8,4
8/25/2023,26,83,79,88,37,15,19,19,14,28,25,24,13,19,19,12,23,7,8,4
8/26/2023,26,83,78,88,37,15,18,19,14,28,25,22,12,18,17,12,23,7,8,4
8/27/2023,26,79,77,88,37,15,18,20,14,28,24,22,12,17,17,12,23,7,8,4
8/28/2023,26,83,81,89,38,16,18,20,14,28,25,22,12,17,17,12,23,7,8,4
8/29/2023,26,85,82,88,37,19,18,20,14,28,27,22,12,19,17,12,24,7,8,4
8/30/2023,26,86,85,87,38,20,18,19,14,30,27,22,13,17,17,12,23,8,8,4
8/31/2023,25,91,85,90,39,20,18,19,14,30,26,21,11,15,14,12,22,8,8,4
9/1/2023,25,90,84,90,39,20,18,19,15,32,27,27,10,15,14,12,22,8,8,4
9/2/2023,25,90,83,90,39,19,17,18,15,32,27,27,10,14,15,12,21,8,7,4
9/3/2023,25,91,83,88,39,19,17,18,15,32,26,27,10,13,15,12,21,8,7,4
9/4/2023,25,95,84,89,37,19,18,18,15,32,26,27,10,13,15,12,21,7,7,4
9/5/2023,26,95,84,88,38,19,18,18,15,34,26,27,10,14,15,12,20,7,8,4
9/6/2023,25,95,83,91,38,19,16,18,15,32,26,29,10,14,15,11,21,7,7,4
9/7/2023,27,96,85,89,36,20,16,18,14,32,26,29,10,13,15,10,23,7,7,4
9/8/2023,26,97,86,88,36,20,15,18,14,32,26,29,10,13,14,10,22,7,7,4
9/9/2023,25,97,84,88,34,20,14,16,13,29,25,28,10,13,14,10,22,7,6,4
9/10/2023,24,98,84,86,34,20,14,16,13,28,25,28,10,13,14,10,22,7,6,4
9/11/2023,27,98,86,88,34,20,15,16,13,28,25,28,11,14,14,10,22,7,6,4
9/12/2023,27,99,87,88,33,20,15,16,13,29,25,28,11,14,14,10,22,7,7,4
9/13/2023,27,101,83,88,33,20,17,16,13,29,25,29,11,14,13,10,22,7,7,4
9/14/2023,27,104,78,91,33,20,16,16,13,29,26,31,11,14,13,10,22,7,8,6
9/15/2023,27,104,77,93,31,20,16,17,13,29,26,32,11,14,13,10,22,7,8,6
9/16/2023,27,104,76,90,30,20,15,17,13,28,24,32,11,14,12,8,22,7,8,6
9/17/2023,26,102,73,91,30,20,15,17,13,27,24,30,11,14,12,8,21,7,8,6
9/18/2023,29,105,76,94,31,20,16,18,15,29,25,30,11,14,12,8,21,7,8,6
9/19/2023,29,107,76,95,33,20,16,18,17,29,25,30,12,14,12,8,21,7,8,6
9/20/2023,29,107,75,94,33,20,17,18,17,29,24,30,12,14,12,9,20,7,8,6
9/21/2023,30,107,73,93,33,20,16,18,18,29,23,30,12,15,11,8,20,7,8,6
9/22/2023,31,108,74,94,34,18,17,18,18,29,24,32,12,15,12,7,22,7,8,6
9/23/2023,31,108,72,93,31,17,17,18,18,29,24,32,12,15,11,7,21,7,8,6
9/24/2023,31,105,72,90,30,16,17,18,18,27,24,31,13,15,11,8,21,7,8,6
9/25/2023,31,104,74,90,31,16,17,18,18,28,25,31,15,15,11,9,21,7,8,6
9/26/2023,31,105,74,90,32,16,17,19,18,30,25,31,16,16,12,9,21,7,9,6
9/27/2023,33,106,75,89,31,15,17,18,17,30,25,32,17,16,13,9,21,7,9,6
9/28/2023,34,104,77,89,31,16,17,19,17,31,25,33,17,14,13,10,22,6,8,6
9/29/2023,34,103,78,88,32,14,17,19,17,28,26,32,17,13,13,10,22,5,8,6
9/30/2023,33,102,76,87,30,14,17,18,17,28,25,32,17,13,13,10,22,4,8,6
10/1/2023,33,100,75,88,31,14,17,18,16,27,24,25,17,14,13,10,22,3,8,6
10/2/2023,33,99,79,90,31,15,18,18,16,28,23,25,17,15,12,10,22,3,9,6
10/3/2023,34,96,82,91,31,15,18,18,16,28,23,25,17,16,12,10,22,3,9,6
10/4/2023,37,92,80,90,30,15,17,18,16,28,23,25,17,17,12,10,23,3,10,6
10/5/2023,39,92,80,92,30,15,17,18,16,28,22,25,18,18,12,10,23,3,10,6
10/6/2023,40,89,79,90,27,15,17,18,16,28,23,24,18,18,12,10,23,3,10,5
10/7/2023,39,86,77,88,27,15,17,18,16,28,22,24,18,18,12,10,21,3,10,5
10/8/2023,39,86,75,86,28,15,16,18,16,27,21,24,18,18,12,10,21,3,10,5
10/9/2023,40,85,77,85,28,15,17,17,17,27,21,24,18,18,12,11,21,3,10,5
10/10/2023,40,81,80,87,29,15,17,17,17,28,21,24,18,18,12,11,22,3,10,5
10/11/2023,38,83,79,87,28,15,17,17,17,28,21,23,18,19,12,12,23,3,10,5
10/12/2023,38,85,81,85,28,14,18,18,17,27,21,23,18,18,12,12,23,3,10,4
10/13/2023,40,83,81,86,27,15,16,18,17,28,21,24,17,18,12,12,22,3,10,4
10/14/2023,39,80,81,85,27,13,16,18,17,28,20,23,17,18,12,12,22,3,10,3
10/15/2023,38,79,83,82,27,13,16,18,17,27,20,21,17,18,12,12,22,3,10,3
10/16/2023,38,79,84,82,28,14,16,18,17,27,21,22,17,18,12,12,22,3,10,3
10/17/2023,38,80,82,83,31,14,16,18,17,28,21,21,17,18,13,12,25,3,10,3
10/18/2023,38,78,80,84,32,15,16,18,17,28,22,21,17,18,14,12,25,3,10,2
10/19/2023,40,78,80,85,30,15,16,18,15,29,22,18,17,18,15,12,26,3,10,2
10/20/2023,39,77,81,82,30,15,15,18,15,29,22,20,17,18,15,11,25,3,10,2
10/21/2023,37,74,80,80,29,15,15,18,14,29,22,20,16,17,15,12,24,3,11,2
10/22/2023,33,72,78,79,29,15,14,17,14,29,22,18,15,17,15,12,22,3,11,1
10/23/2023,34,74,79,80,30,16,14,18,14,31,22,18,16,17,16,12,22,3,11,1
10/24/2023,36,72,83,83,33,16,14,18,14,31,23,18,15,17,18,12,22,3,11,1
10/25/2023,36,69,81,85,34,17,14,19,15,32,23,18,15,17,18,12,22,3,11,1
10/26/2023,36,69,83,83,33,17,14,19,16,35,23,19,15,17,17,12,22,3,11,1
10/27/2023,33,68,82,84,33,17,14,19,17,33,23,21,12,17,14,12,22,3,11,1
10/28/2023,33,67,79,83,33,16,14,19,17,28,23,21,12,17,14,11,22,3,11,1
10/29/2023,33,66,77,83,33,16,14,18,17,27,21,21,11,17,13,11,22,3,11,2
10/30/2023,34,67,78,85,34,17,14,18,17,27,21,21,12,18,14,11,22,3,11,3
10/31/2023,34,72,79,89,34,18,14,18,17,29,22,21,12,18,14,11,22,2,12,3
11/1/2023,34,71,78,91,34,18,13,18,17,28,23,22,12,18,14,11,22,2,11,3
11/2/2023,37,71,79,91,34,18,13,18,17,28,23,23,12,18,14,11,22,2,9,3
11/3/2023,36,70,80,92,35,18,13,19,17,30,23,23,12,18,14,11,21,2,9,4
11/4/2023,35,70,79,91,35,18,13,19,17,30,23,23,12,16,14,11,21,2,9,4
11/5/2023,33,69,79,91,35,18,13,19,17,30,22,23,12,16,14,11,21,2,9,4
11/6/2023,33,69,80,93,35,18,14,19,17,31,24,24,12,16,15,11,23,2,9,4
11/7/2023,33,72,83,95,34,19,14,20,17,31,24,26,13,16,15,11,24,2,9,4
11/8/2023,34,71,87,97,38,20,14,20,16,31,23,27,13,16,15,11,24,2,10,5
11/9/2023,35,72,85,98,39,20,14,20,16,31,23,27,12,15,15,11,24,2,10,5
11/10/2023,33,70,85,98,39,20,15,21,18,33,24,26,12,15,16,9,24,2,10,5
11/11/2023,32,65,84,98,39,20,15,20,18,32,24,26,12,14,16,9,24,2,10,5
11/12/2023,31,65,83,94,39,20,15,20,18,31,24,26,12,14,16,9,24,2,10,5
11/13/2023,31,65,85,97,39,20,15,21,19,32,24,26,11,14,16,9,25,2,10,5
11/14/2023,31,66,86,98,39,20,15,22,19,33,24,26,11,13,16,9,25,2,10,5
11/15/2023,32,69,86,95,37,19,15,22,19,33,22,25,11,11,17,8,23,2,12,5
11/16/2023,32,67,84,96,37,19,16,22,19,32,23,25,11,12,17,8,23,2,12,5
11/17/2023,30,64,83,97,36,18,16,22,20,32,23,27,11,11,17,8,23,2,12,5
11/18/2023,27,62,83,96,36,18,15,22,20,31,23,27,11,11,16,8,21,2,12,5
11/19/2023,27,61,82,93,34,17,15,21,20,31,22,25,11,10,16,8,21,1,13,5
11/20/2023,28,61,81,94,33,17,15,22,20,31,22,25,11,10,17,7,21,1,12,5
11/21/2023,28,62,81,93,33,17,15,22,20,31,22,26,11,10,16,7,21,1,12,5
11/22/2023,27,59,78,94,33,16,15,22,20,30,22,26,10,10,16,6,21,1,12,5
11/23/2023,26,59,74,95,30,16,15,22,20,29,21,26,10,10,14,7,20,1,12,5
11/24/2023,26,57,73,94,29,16,17,22,20,26,21,26,10,9,14,7,20,1,12,5
11/25/2023,26,55,72,94,29,16,17,22,20,24,21,26,10,9,14,7,20,1,12,5
11/26/2023,26,55,71,92,29,16,17,21,20,23,21,25,9,9,14,7,19,2,12,5
11/27/2023,26,55,71,93,29,16,17,21,21,23,21,24,9,9,14,8,20,2,12,6
11/28/2023,26,57,71,93,30,16,17,21,21,24,22,25,9,10,14,8,20,2,12,6
11/29/2023,26,60,72,92,28,15,17,21,21,24,23,25,8,10,13,8,21,2,11,5
11/30/2023,26,58,71,91,28,16,17,21,21,23,23,25,7,11,14,8,22,2,10,5
12/1/2023,28,62,68,95,27,16,17,21,21,24,21,24,7,12,16,8,22,2,10,5
12/2/2023,27,61,64,95,28,16,17,21,21,25,21,22,7,12,16,8,22,2,10,5
12/3/2023,26,61,61,93,28,16,17,20,21,24,21,22,7,11,15,8,22,2,10,5
12/4/2023,26,63,61,95,28,17,18,20,21,24,21,22,7,11,17,8,22,2,10,5
12/5/2023,26,66,61,96,27,17,19,20,21,26,21,22,7,12,17,9,22,2,10,5
12/6/2023,27,65,57,96,27,17,20,20,21,28,22,21,7,12,18,9,21,2,10,5
12/7/2023,27,66,53,93,30,17,20,20,21,28,22,21,5,12,18,10,23,2,10,5
12/8/2023,26,66,45,91,27,16,20,19,21,28,23,21,5,12,18,10,24,2,10,5
12/9/2023,26,62,43,90,27,16,20,20,20,28,23,20,5,12,18,10,24,2,10,5
12/10/2023,26,61,43,90,27,16,19,19,18,26,23,20,5,12,19,10,24,2,10,5
12/11/2023,26,61,42,91,27,16,20,19,18,27,24,20,5,12,20,9,24,2,10,5
12/12/2023,26,62,42,92,26,17,20,20,19,27,24,20,5,13,20,10,25,2,10,5
12/13/2023,25,63,38,92,27,17,20,20,19,26,24,21,5,13,19,10,27,2,10,5
12/14/2023,25,62,28,95,28,17,20,19,19,27,24,22,6,13,19,10,27,2,10,5
12/15/2023,24,63,22,93,26,17,19,19,19,27,23,22,7,14,18,9,28,2,9,5
12/16/2023,24,63,20,94,26,17,18,19,19,26,22,22,7,14,18,9,28,2,9,5
12/17/2023,23,63,19,92,26,17,18,19,18,26,22,20,7,14,17,9,28,2,9,5
12/18/2023,24,66,18,93,28,18,18,19,18,27,22,20,7,14,17,9,28,2,9,5
12/19/2023,24,69,18,95,28,18,17,19,18,27,22,20,7,14,17,9,28,2,9,5
12/20/2023,25,71,17,94,28,18,17,18,18,28,22,21,7,14,16,9,28,3,8,5
12/21/2023,24,72,17,92,30,18,17,18,18,28,22,21,8,14,16,9,27,3,8,5
12/22/2023,24,72,17,90,31,18,17,16,18,29,22,21,8,14,16,9,27,3,9,5
12/23/2023,25,72,16,90,32,18,17,16,18,29,22,21,8,13,16,9,26,3,9,5
12/24/2023,25,72,16,90,32,18,17,16,18,29,22,21,8,13,16,9,26,2,9,5
12/25/2023,25,72,16,90,32,18,17,16,18,29,22,20,8,13,16,9,26,2,9,5
12/26/2023,25,72,17,90,33,18,17,16,18,29,23,20,8,13,16,9,26,2,9,5
12/27/2023,24,71,17,88,35,18,17,16,18,29,23,20,8,13,16,9,26,2,9,5
12/28/2023,22,71,16,87,34,17,17,17,18,28,22,20,9,13,16,9,26,2,9,5
12/29/2023,21,70,15,82,34,16,17,17,18,28,22,20,9,12,16,9,26,2,9,5
12/30/2023,21,69,15,78,33,16,16,17,17,28,21,20,9,11,15,9,25,2,9,5
12/31/2023,19,66,15,71,33,16,16,17,17,28,21,20,9,11,14,9,25,2,9,4
1/1/2024,19,66,15,71,32,16,16,17,17,27,21,20,9,12,14,9,25,2,9,4
1/2/2024,19,68,16,73,32,16,16,17,17,26,21,20,9,12,15,9,27,2,9,4
1/3/2024,18,66,16,70,32,15,17,17,17,27,21,20,9,12,14,9,27,2,9,4
1/4/2024,18,65,17,72,32,15,16,17,16,27,22,20,9,12,14,8,27,2,9,4
1/5/2024,16,64,17,72,32,15,14,17,16,24,22,19,9,12,14,8,27,2,9,3
1/6/2024,15,62,17,72,30,15,13,16,15,23,21,17,9,12,13,7,25,2,9,3
1/7/2024,13,60,17,70,30,15,13,16,15,22,21,15,9,12,13,7,24,2,9,3
1/8/2024,16,62,17,70,30,17,14,16,15,22,21,15,10,12,13,7,23,2,9,3
1/9/2024,17,63,17,70,30,17,14,16,16,23,21,15,10,12,11,7,23,2,9,3
1/10/2024,17,63,18,71,30,18,12,16,16,26,21,15,10,12,10,7,22,2,9,3
1/11/2024,17,64,18,71,30,17,13,16,16,26,20,17,11,12,12,7,21,2,9,3
1/12/2024,18,66,17,69,29,17,12,16,16,26,21,16,12,12,11,7,21,2,9,4
1/13/2024,17,65,18,67,27,16,11,16,15,24,20,16,12,12,11,7,19,2,9,4
1/14/2024,17,62,19,65,28,15,11,15,15,24,20,16,12,12,12,7,17,3,9,4
1/15/2024,17,63,20,67,28,16,12,15,15,24,20,16,12,12,12,7,18,3,9,4
1/16/2024,19,65,20,69,29,18,13,15,15,24,21,17,12,12,14,8,18,3,9,4
1/17/2024,18,62,20,70,28,19,13,15,15,24,21,17,12,11,14,7,19,3,9,4
1/18/2024,18,61,20,68,29,18,15,17,14,25,21,19,12,11,15,7,18,3,9,4
1/19/2024,18,59,19,72,29,17,15,17,14,25,21,19,12,11,16,7,18,2,9,4
1/20/2024,18,56,19,73,28,16,15,17,14,25,20,18,11,11,16,7,18,3,9,4
1/21/2024,18,56,19,71,26,16,15,17,14,25,20,18,11,11,16,7,17,3,8,4
1/22/2024,19,57,19,73,26,17,15,17,15,25,22,18,11,10,16,7,17,3,8,4
1/23/2024,20,57,19,78,27,17,14,17,15,25,23,19,13,11,17,7,17,3,8,4
1/24/2024,20,58,21,82,27,17,15,17,15,25,23,19,13,11,22,7,18,3,8,4
1/25/2024,22,58,20,84,26,17,15,18,15,28,23,20,13,12,23,7,18,3,7,4
1/26/2024,22,59,20,85,25,17,15,18,15,28,22,21,14,12,23,7,19,3,7,4
1/27/2024,22,59,20,85,25,17,15,17,15,28,21,21,13,12,23,8,19,3,7,4
1/28/2024,22,59,20,85,26,17,15,17,15,28,21,25,13,12,23,8,20,4,7,4
1/29/2024,22,60,21,86,26,18,15,18,15,29,21,25,14,12,23,8,20,4,7,4
1/30/2024,23,61,21,86,26,18,15,18,15,30,21,25,14,13,23,8,22,4,7,4
1/31/2024,25,62,21,86,27,18,15,18,15,31,22,25,14,12,23,8,24,4,7,4
2/1/2024,27,61,21,85,27,18,15,18,15,31,22,25,14,12,23,8,24,4,7,4
2/2/2024,28,58,21,84,28,19,14,18,16,32,23,24,14,12,23,8,24,4,7,4
2/3/2024,27,57,19,84,29,19,14,18,16,31,23,24,14,12,24,8,23,5,7,4
2/4/2024,25,55,16,83,29,19,14,18,16,31,23,24,14,12,23,8,23,5,7,4
2/5/2024,27,57,16,84,32,20,14,18,15,30,23,24,14,13,24,8,23,5,8,4
2/6/2024,28,59,16,87,34,20,15,18,16,30,23,24,14,13,24,8,23,5,8,4
2/7/2024,27,60,18,89,35,17,15,19,18,30,25,25,15,14,24,8,23,5,8,4
2/8/2024,27,58,18,92,34,19,16,19,18,29,25,25,16,14,24,8,23,5,7,4
2/9/2024,27,59,17,89,37,17,16,18,18,28,24,25,16,15,24,8,23,5,6,3
2/10/2024,27,58,16,87,36,17,16,17,18,28,24,23,15,15,24,8,22,5,6,3
2/11/2024,27,55,16,85,35,17,16,17,18,28,23,24,15,14,25,8,22,5,6,3
2/12/2024,27,55,17,87,36,17,16,17,18,28,23,26,15,15,25,7,22,5,6,3
2/13/2024,27,53,17,87,36,17,16,19,20,28,23,26,14,15,25,7,22,5,7,3
2/14/2024,27,52,17,87,38,17,17,19,22,28,23,27,14,15,25,7,22,5,6,3
2/15/2024,27,50,17,88,37,17,17,19,22,29,22,27,13,15,25,6,22,5,6,3
2/16/2024,28,47,18,86,37,16,21,20,22,28,22,27,14,15,25,8,21,5,6,2
2/17/2024,28,46,18,85,37,16,20,20,22,27,22,26,14,15,24,8,19,5,6,2
2/18/2024,26,45,18,83,36,15,21,20,22,27,22,25,14,15,24,8,19,5,6,1
2/19/2024,26,45,18,83,36,16,22,20,22,26,22,24,14,15,24,8,19,5,6,1
2/20/2024,27,45,18,85,36,16,26,20,22,28,22,24,14,15,24,8,19,5,6,1
2/21/2024,27,44,18,85,37,16,27,20,22,28,21,25,13,15,26,8,18,4,6,1
2/22/2024,27,46,20,87,36,16,27,19,23,28,20,23,12,14,24,8,18,4,6,1
2/23/2024,28,46,18,86,36,16,26,19,23,28,20,24,11,12,20,8,18,4,6,1
2/24/2024,27,46,19,85,36,16,26,19,23,26,20,24,11,12,19,8,17,4,6,1
2/25/2024,27,44,18,85,36,16,26,19,23,25,20,22,10,12,19,8,15,4,5,1
2/26/2024,27,44,18,88,34,16,26,20,23,27,20,24,10,12,20,8,15,4,5,1
2/27/2024,27,45,18,89,36,16,26,20,24,27,20,21,10,12,20,8,14,3,5,1
2/28/2024,27,44,18,89,39,15,26,20,24,27,20,22,10,12,20,8,14,3,5,1
2/29/2024,27,43,18,89,41,14,26,20,24,27,21,22,10,12,19,8,12,4,6,1
3/1/2024,25,45,18,88,42,13,27,20,24,27,21,22,10,11,19,8,11,4,6,1
3/2/2024,22,43,19,88,42,13,27,20,24,27,21,22,10,11,20,8,10,5,6,1
3/3/2024,21,43,19,88,41,12,27,20,24,26,20,22,10,11,20,8,10,5,6,1
3/4/2024,21,43,21,90,40,12,27,20,26,26,20,22,10,11,19,8,12,5,6,1
3/5/2024,21,45,22,90,41,12,27,20,26,26,21,22,9,11,19,8,12,5,6,1
3/6/2024,20,44,24,91,41,11,27,20,26,27,21,22,9,9,19,8,13,5,6,1
3/7/2024,19,44,24,92,40,11,26,20,25,27,22,22,9,10,20,8,14,6,5,1
3/8/2024,18,43,23,93,40,11,26,19,25,26,21,23,9,10,20,9,15,6,4,1
3/9/2024,18,42,23,91,40,10,25,19,25,26,21,24,9,10,20,9,15,6,4,1
3/10/2024,18,41,22,89,39,10,25,19,25,25,21,24,9,10,20,9,14,6,4,1
3/11/2024,18,40,23,91,39,10,28,19,25,25,21,26,9,10,19,9,15,6,4,1
3/12/2024,21,41,24,94,39,10,32,19,25,25,20,26,9,11,17,9,15,6,4,1
3/13/2024,22,42,24,92,41,12,35,18,25,25,20,23,9,10,17,9,16,6,5,1
3/14/2024,26,41,24,93,40,12,36,17,24,25,19,23,9,9,16,9,17,6,5,1
3/15/2024,26,40,23,93,37,12,35,17,22,26,20,23,9,9,16,9,17,6,5,1
3/16/2024,26,39,23,92,36,13,35,17,22,25,20,23,9,9,16,9,17,6,5,1
3/17/2024,25,39,23,91,35,13,32,16,22,25,20,23,9,9,16,9,17,6,5,1
3/18/2024,25,40,24,92,34,13,32,16,22,26,20,24,9,9,17,9,17,5,5,1
3/19/2024,26,39,23,92,34,13,31,17,22,26,20,24,9,9,17,9,17,5,5,1
3/20/2024,26,39,23,91,34,12,29,17,22,26,20,24,8,9,17,8,17,5,5,1
3/21/2024,27,40,22,92,34,12,28,17,22,25,20,24,9,9,17,8,21,5,6,1
3/22/2024,28,41,22,92,34,12,27,17,22,25,21,25,9,9,15,8,21,5,6,1
3/23/2024,27,41,20,92,34,12,27,17,21,24,21,27,9,9,15,8,21,5,6,1
3/24/2024,26,41,20,91,33,12,27,17,20,24,21,27,9,10,16,9,21,5,6,1
3/25/2024,26,41,19,92,37,12,27,17,20,24,21,27,9,11,16,9,22,5,6,1
3/26/2024,26,42,19,95,38,12,27,17,20,25,21,29,9,12,17,8,22,5,6,1
3/27/2024,25,42,20,93,38,13,29,16,20,24,21,27,8,12,16,8,23,7,6,1
3/28/2024,26,41,20,92,39,13,29,16,20,26,21,28,8,12,16,8,24,7,6,1
3/29/2024,26,41,20,92,35,13,29,16,19,26,22,29,7,12,16,8,24,7,6,1
3/30/2024,27,39,20,92,31,13,29,16,19,25,21,29,7,11,16,8,26,7,6,1
3/31/2024,27,37,20,92,29,13,28,15,19,25,21,29,7,11,16,8,26,7,6,1
4/1/2024,27,37,19,92,29,13,28,15,19,25,21,29,7,11,16,8,27,6,6,1
