Date,Helium ($),Worldcoin ($),The Graph ($),Pocket Network ($),Livepeer ($),Kleros ($)
11/3/2021,1578268.43,,952382.1,,159542.62,0
11/4/2021,1577484.3,,350964.37,,169946.84,143.73
11/5/2021,1643168.27,,466590.39,,300647.22,311.81
11/6/2021,1874491.63,,773601.25,,186732.31,12209.44
11/7/2021,2054325.65,,248675.39,,157028.49,6569.99
11/8/2021,2546522.86,,2420438.45,,175538.61,0
11/9/2021,2321657.94,,337676.03,,313037.9,0
11/10/2021,2602013.17,,444165.8,,318522.33,5531.55
11/11/2021,2776950,,56850.82,,260123.41,647.66
11/12/2021,2631022.15,,198861.33,,235282.41,0
11/13/2021,2668653.04,,70220.83,,265216.87,942.79
11/14/2021,2563954.44,,554993.85,,406225.92,0
11/15/2021,1756836.41,,1042507.85,,382579.42,26.68
11/16/2021,0,,2326452.67,,257106.43,0
11/17/2021,2402837.97,,2111915.34,,260491.91,302.55
11/18/2021,2699751.07,,643676.2,,176200.07,0
11/19/2021,2153061.85,,1426931.32,,310407.54,0
11/20/2021,1861856.25,,261264.82,,221722.68,62.33
11/21/2021,2104307.95,,144591.02,,269176.13,14341.92
11/22/2021,2359552.69,,184693.81,,249228.25,0
11/23/2021,2585714.99,,757800.66,,278205.16,811.86
11/24/2021,2541859.3,,1300738.32,,320506.77,0
11/25/2021,2506390.1,,91893.86,,425966.45,0
11/26/2021,2503672.79,,537396.49,,208909.39,0
11/27/2021,2262458.17,,149708.92,,306398.14,0
11/28/2021,2304276.32,,148242,,297258.27,0
11/29/2021,2292624.27,,1963151.73,,294539.13,0
11/30/2021,2090581.97,,2420967.71,,318430.5,0
12/1/2021,2117202.82,,209989.43,,293667.13,0
12/2/2021,2091112.28,,977483.35,,230429,0
12/3/2021,2082250.53,,303104.45,,205122.43,0
12/4/2021,2018866.63,,173081.15,,171597.97,0
12/5/2021,1792214.48,,389156.54,,161826.14,8564.64
12/6/2021,1637865.54,,48386.46,,383477.26,0
12/7/2021,1858549.59,,238928.81,,264706.66,3665.76
12/8/2021,1865913.93,,321886.83,,186737.78,15465.74
12/9/2021,1773563.91,,972013.02,,165695.3,2258.95
12/10/2021,1624178.67,,12516.25,,176245.43,296.19
12/11/2021,1488673.64,,191258.53,,205158.59,4146.99
12/12/2021,1554362.61,,99847.3,,199939.24,273.03
12/13/2021,1486559.19,,844658.94,,171649.12,937.28
12/14/2021,1411730.06,,928161.67,,171340,0
12/15/2021,1481156.86,,272433,,339369.72,3350.39
12/16/2021,1567598.12,,764067.24,,189041.51,0
12/17/2021,1627794.29,,1163467.67,,176303.55,0
12/18/2021,1773174.37,,161546.79,,208165.71,0
12/19/2021,1530639.29,,128458.17,,186281.8,0
12/20/2021,1524740.87,,212262.27,,171705.48,9928.05
12/21/2021,1581124.46,,470347.03,,110827.92,1068.66
12/22/2021,1613512.2,,650590.86,,181748,1342.58
12/23/2021,1877191.12,,1138482.88,,299781.94,929.51
12/24/2021,1676636.53,,516410.81,,192152.14,0
12/25/2021,1641457.57,,74786.99,,156671.56,6634.27
12/26/2021,1847657.27,,111491.51,,186488.91,2646.26
12/27/2021,1919223.47,,759577.93,,159466.53,0
12/28/2021,2001924.12,,1035269.76,,159341.68,0
12/29/2021,1688910.3,,31442.35,,152923.05,0
12/30/2021,1838581.8,,1481757.32,,173821.03,0
12/31/2021,1762450.59,,558961.53,,198662.82,0
1/1/2022,1881177.62,,57630.71,,268627.65,32116.75
1/2/2022,1936574.89,,28823.83,,157757.6,0
1/3/2022,1871797.68,,193548.72,,187766.82,0
1/4/2022,2087219.34,,63181.77,,189011.78,2893.19
1/5/2022,2390090.66,,488928.64,,157669.67,0
1/6/2022,2254143.29,,395411.51,,184646.51,0
1/7/2022,2330044.68,,481586.1,,133261.97,0
1/8/2022,2037342.09,,31539.66,,133363.48,224.12
1/9/2022,1907130.98,,266043.74,,232576.23,0
1/10/2022,1951170.26,,429139.16,,103013.7,332.65
1/11/2022,1813358.87,,508527.3,,177234.69,0
1/12/2022,1996710.72,,94193.7,6557986.48,147603.74,0
1/13/2022,2095276.89,,464225.08,6100502.62,222717.42,6627.97
1/14/2022,1868145.76,,1293442.76,5178237.28,181973.47,744.18
1/15/2022,1942884.84,,1669301.64,7947849.63,186163.84,712.64
1/16/2022,2023592.76,,107464.62,8823507.7,191042.08,4551.73
1/17/2022,2000901.99,,61536.23,8093993.13,317273.56,0
1/18/2022,1951086.41,,219184.54,6375698.1,151600.78,0
1/19/2022,1859273.77,,923424.93,6315652.57,200073.61,308.96
1/20/2022,1690142.14,,613769.3,4931316.67,175373.63,2280.53
1/21/2022,1639024.59,,37619.1,4744821.92,125113.78,0
1/22/2022,1393669.15,,13707.68,3734712.31,131080.92,0
1/23/2022,1341124.55,,85121.22,3163940.69,127252.21,542.93
1/24/2022,1383340.17,,252420.12,3044736.98,123244.16,0
1/25/2022,1342388.47,,240658.37,2805483.35,228506.11,1208.9
1/26/2022,1489562.02,,187996.81,3926930.92,116326.98,0
1/27/2022,1679787.42,,212122.53,3685917.68,126913.32,404.59
1/28/2022,1411487.72,,661634.68,4026889.02,160129.32,2201.96
1/29/2022,1395207.67,,94583.14,3626329.44,155994.94,8306.05
1/30/2022,1376291.02,,215523.55,3727165.9,135541.69,0
1/31/2022,1506381.19,,353228,4059222.2,116370.53,0
2/1/2022,1439038.1,,225827.17,3545068.38,145542.22,0
2/2/2022,1429092.99,,393447.65,3143151.53,247896.96,0
2/3/2022,1295419.99,,52043.04,3431999.62,140985.06,818.06
2/4/2022,1360818.53,,133969.28,3265260.22,157057.82,0
2/5/2022,1397033.55,,97497.01,3342900.18,157010.05,10131.55
2/6/2022,1587595.63,,180038.25,3454072.75,151491.93,1422.02
2/7/2022,965654.71,,111210.22,3824982.85,135075.82,293.21
2/8/2022,1571479.83,,158859.96,3446604.25,152212.71,10.99
2/9/2022,1527501.02,,134342.9,3698426.64,167643.78,0
2/10/2022,1478843.43,,1848046.56,3550674.12,317443.57,0
2/11/2022,1524971.04,,192225.3,3670216.91,173110.25,1746.85
2/12/2022,1507403.4,,74579.27,3284020.28,152294.59,443.21
2/13/2022,1659324.09,,520732.11,3592071,135026.19,1081.99
2/14/2022,1461897.27,,1423550.88,3575651.39,135058.8,10634.42
2/15/2022,1530763.9,,588879.81,3816008.76,0,8067.14
2/16/2022,1599788.96,,1062827.34,3719983.3,0,4217.72
2/17/2022,1688379.6,,562595.77,3237948.77,0,0
2/18/2022,1425967.71,,578843.06,3311426.58,0,0
2/19/2022,1463087.07,,54653.95,2745391.31,0,0
2/20/2022,1441239.86,,31029.54,2256038.34,0,0
2/21/2022,1353220.7,,51156.43,2043029.34,0,1817.51
2/22/2022,1266254.67,,269852.37,1954975.16,0,4261.49
2/23/2022,1370919.15,,71111.63,1624468.25,0,2402.34
2/24/2022,1328490.89,,40356.76,1822136.21,0,0
2/25/2022,1313125.25,,233999.6,1424182.05,0,0
2/26/2022,1372760.65,,123684.5,1766334.68,278549.93,0
2/27/2022,1406542.54,,69845.71,1581973.31,148055.37,576.02
2/28/2022,1393512.92,,440537.48,1621701.38,155668.94,254.36
3/1/2022,1517833,,105316.86,1312887.5,147791.06,0
3/2/2022,1404906.68,,151865.21,1258248.5,122393.29,109.29
3/3/2022,1371050.22,,841036.74,1171332.96,117796.65,24752.18
3/4/2022,1143112.27,,89480.77,1245932.32,127229.3,383.99
3/5/2022,1126596.96,,77693.47,1132747.84,141795.75,120.31
3/6/2022,1145603.63,,58937.4,1205203.1,127527.94,1557.44
3/7/2022,1113894.65,,256637.44,1197161.85,206962.42,73.04
3/8/2022,1103917.94,,242192.69,1144044.59,119393.19,1703.98
3/9/2022,1061265.29,,226194.78,1210601.23,127741.16,0
3/10/2022,1045663.5,,146360.63,1172364.65,95011.32,77.22
3/11/2022,1039314.97,,397312.64,1118423.02,94380,1132.59
3/12/2022,1169003.27,,25702.3,1127230.68,92321.46,535.08
3/13/2022,1140584.23,,519553.96,1201284.11,115599.09,1420.82
3/14/2022,1011015,,1423148.58,1353337.82,102231.91,0
3/15/2022,1066054.46,,664474.89,1329430.2,208721.56,0
3/16/2022,1077361.96,,717496.66,1513785.8,115525.01,0
3/17/2022,1131987.09,,353742.1,2212967.7,105647.05,0
3/18/2022,1119508.05,,350413.42,2269387.18,124108.04,0
3/19/2022,1185898.59,,50442.63,2244544.29,125202.98,0
3/20/2022,1294817.06,,19883.33,2285752.9,148501.92,656.27
3/21/2022,1286953.8,,386160.14,2861559.53,152571.57,0
3/22/2022,1312568.67,,109570.1,3668211.43,157922.52,0
3/23/2022,1470158.26,,244248.41,3462494,137594.79,5749.92
3/24/2022,1480534.56,,98754.92,3695431.95,314027.58,4012.93
3/25/2022,1506577.12,,217867.5,3505529.69,189537.22,1133.71
3/26/2022,1370487.68,,43645.15,3581389.06,157693.6,729.94
3/27/2022,1416573.48,,137002.57,3547098.89,154118,5805.47
3/28/2022,1478971.14,,84829.09,3936231.32,142366.81,0
3/29/2022,1434440.19,,179698.4,3278985.99,174799.65,850
3/30/2022,1477089.15,,145092.29,6092494.17,174376.4,0
3/31/2022,1449808.13,,515170.65,6018543.22,174432.25,0
4/1/2022,1459090.49,,127148.83,4964372.96,120950.46,0
4/2/2022,1481947.81,,413267.53,3966310.1,253933.6,0
4/3/2022,1347189.01,,145006.19,3059051.4,177593.53,0
4/4/2022,1443404.92,,215403.41,3246401.49,172944.81,0
4/5/2022,1417300,,1497149.03,2907571.7,168835.18,0
4/6/2022,1393468.27,,579886.45,2759170.83,159286.26,55.48
4/7/2022,1223374.48,,1181482.21,2503674.62,154205.2,0
4/8/2022,1208194.74,,433451.37,2662216.1,151368.89,621.11
4/9/2022,1187554.67,,38360.84,2048790.51,143132.71,99.93
4/10/2022,1209718.15,,106342.99,2582067.44,114331.21,1487.77
4/11/2022,1186581.67,,331446.85,2553459.61,223001.85,3340.78
4/12/2022,1061406.39,,277676.85,2628760.9,147228.89,714.91
4/13/2022,1090972.49,,122557.07,2773696.87,135059.08,0
4/14/2022,1158873.09,,562242.32,2622803.84,151592.69,5137.47
4/15/2022,1082016.67,,21066.32,2365246.82,150602.16,1877.83
4/16/2022,1088400.92,,76930.58,2661004.1,137505.99,453.66
4/17/2022,1086498.67,,36418.23,2692658.95,137722.92,1390.98
4/18/2022,1083893.02,,434986.87,2633194.14,144459.59,751.19
4/19/2022,997601.98,,166667.29,2532439.43,148176.36,0
4/20/2022,1035376.45,,59435.2,2522865.24,282582.63,571.82
4/21/2022,1078226.33,,65614.36,2331422.76,164838.43,0
4/22/2022,988488.37,,166203.5,2370133.33,170844.07,0
4/23/2022,1022815.13,,117749.36,2021083.53,145047.43,2672.84
4/24/2022,966270.09,,41471.27,1942835.16,136590.59,778.48
4/25/2022,981349.95,,326045.06,1701475.53,164258.45,0
4/26/2022,974958.32,,55434.13,1077486.48,142958.99,0
4/27/2022,856038.28,,109663.93,1084087.29,131350.35,0
4/28/2022,939955.97,,234081.79,1075355.21,137479.99,0
4/29/2022,885637.63,,1533307.33,1000054.93,281179.25,769.66
4/30/2022,803435.17,,64789.09,876097.67,125456.77,9476.91
5/1/2022,680170.46,,18538.8,865195.71,140119.89,13545.89
5/2/2022,765279.85,,179169.12,861116.85,126228.44,0
5/3/2022,784763.38,,223497.32,1028355.5,134896.43,281.1
5/4/2022,826813.58,,228555.95,986639.23,140170.12,776.08
5/5/2022,898976,,964495.42,1183402.37,125071.56,1209.82
5/6/2022,906329.17,,340440.76,983126.26,123563.68,123862.55
5/7/2022,881855.79,,93895.14,1020842.71,132449.49,0
5/8/2022,767837.13,,49302.64,945597.22,121701.2,7295.58
5/9/2022,755296.09,,86057.81,970958.29,101943.71,1479.86
5/10/2022,641298.37,,259098.6,862764.86,213620.84,185.06
5/11/2022,641932.19,,189632.9,872641.95,70051.48,146.52
5/12/2022,501506.15,,35201.1,815691.79,88084.94,0
5/13/2022,511881.33,,369092.91,713949.57,90751.4,4.16
5/14/2022,433795.43,,52884.43,697622.83,85811.83,27.34
5/15/2022,594342.94,,12141.97,505874.08,99672.46,504.35
5/16/2022,572591.93,,233924.15,531303.18,89997.91,868.28
5/17/2022,399143.72,,47031.86,463589.67,91217.36,47.88
5/18/2022,375368.83,,103014.44,572303.98,78669.54,291.83
5/19/2022,391087.64,,37844.43,514774.94,85173.33,527.7
5/20/2022,335335.91,,20056.9,546542.87,87565.21,479.76
5/21/2022,282264.7,,15361.79,477522.64,88242.51,507
5/22/2022,370090.28,,26443,546521.02,171726.3,0.13
5/23/2022,372060.36,,60728.81,531436.58,84583.8,268.2
5/24/2022,323362.25,,471995.7,485001.71,98545.92,173.18
5/25/2022,335340.48,,176354.22,500708.08,71406.73,0
5/26/2022,407537.59,,38682.72,509080.85,69330.46,0
5/27/2022,428253.01,,50403.01,495056.67,70999.16,0
5/28/2022,419667.36,,28330.81,464274.9,73137.41,0
5/29/2022,420279.16,,10757.88,381791.71,71731.19,35.07
5/30/2022,410473.3,,648217.81,367425.62,80647.99,0
5/31/2022,522763.85,,328816.14,391756.99,75677.72,0
6/1/2022,468514.44,,24813.01,276706.99,76887.11,0
6/2/2022,454300.73,,47782.42,264264.58,77938.09,0
6/3/2022,457703.2,,221530.76,250521.17,73015.19,0
6/4/2022,451255.95,,49501.37,199932.01,76209.1,0
6/5/2022,496047.42,,29802.99,220431.16,76269.33,1497.9
6/6/2022,449937.7,,17660.24,247333.69,78460.74,77
6/7/2022,544691.38,,14084.22,252663.7,77274.37,10585.52
6/8/2022,522843.3,,102901.75,263219.86,78064.25,299.93
6/9/2022,510072.61,,63466.31,364470.26,74341.04,3637.41
6/10/2022,588872.12,,240868.03,386442.67,70843.3,322.84
6/11/2022,590211.9,,15144.77,296523.14,63031.12,854.45
6/12/2022,530253.18,,33733.85,269745.58,95700.04,602.15
6/13/2022,521676.63,,149404.53,268634.96,55321.4,865.12
6/14/2022,486392.7,,131076.46,233312.17,57747.72,1371.14
6/15/2022,577001.65,,36675.76,242085.23,55595.78,2862.34
6/16/2022,672075.94,,76546.51,231465.32,40876.27,0
6/17/2022,594207.88,,36371.37,200087.36,51431.78,0
6/18/2022,653952.62,,67715.1,142919.6,43922.57,0
6/19/2022,589184.26,,113924.4,186257.52,46263.68,186.61
6/20/2022,631962.51,,37474.94,188504.02,50371.49,338.11
6/21/2022,563401.21,,13642.1,178165.65,54808.31,0
6/22/2022,609054.31,,24221.2,176308.47,2845.46,0
6/23/2022,583881.15,,33327.5,190985.59,57805.39,468.13
6/24/2022,592853.64,,296574.82,200908.48,68111.03,0
6/25/2022,659536.97,,40819.39,180283.73,62501.16,0
6/26/2022,701983.9,,63611.87,202679.31,60676.61,0
6/27/2022,663338.52,,261563.82,211561.93,62001.11,1.48
6/28/2022,581900.59,,32982.7,202960.01,53557.28,91.96
6/29/2022,542888.06,,14116.59,217353.44,48630.37,357.91
6/30/2022,524765.21,,153184.67,213086.39,32612,34.3
7/1/2022,525157.49,,117213.36,149077.87,55862.31,0
7/2/2022,504294.35,,14206.84,147308.96,50481.79,992.86
7/3/2022,496851.92,,18137.01,155331.11,54427.96,1008.29
7/4/2022,498355.54,,155817.69,151963.55,54429.1,683.37
7/5/2022,520432.33,,16450.22,162621.42,104728.11,1527.21
7/6/2022,448890.75,,42651.23,163616.45,59674.58,242.04
7/7/2022,493184.13,,52219.12,148339.12,53088.56,0
7/8/2022,492610.55,,20169.58,135112.72,65788.52,0
7/9/2022,498208.09,,14594.46,136354.04,62508.68,1594.45
7/10/2022,528538.86,,43482.65,142992.45,58092.39,166.93
7/11/2022,384647.35,,57520.71,151552.47,58701.67,138.97
7/12/2022,472299.22,,25195.53,148684.79,53602.94,391.89
7/13/2022,439890.91,,22398.39,151491.92,108664.11,0.17
7/14/2022,470412.28,,92751.24,149049.28,58948.55,0
7/15/2022,515371.47,,105117.05,132250.51,60619.91,0
7/16/2022,472276.63,,61940.27,137954.28,57591.38,0
7/17/2022,440678.78,,29839.87,147759.99,41996.99,0
7/18/2022,420920.42,,59198.05,157227.62,38872.43,0
7/19/2022,478490.45,,17252.9,150057.33,71348.31,33.23
7/20/2022,472899.29,,97500.74,146289.67,64583.46,0
7/21/2022,472960.92,,459663.06,134311.4,42969.65,2.35
7/22/2022,435690.22,,395606.08,130864.97,109291.71,179.13
7/23/2022,441635.36,,31080.82,133837.64,65221.88,1362.42
7/24/2022,401451.07,,11865.35,135162.23,67752.24,0
7/25/2022,375167.55,,45232.87,122542.07,52433.25,0
7/26/2022,381084.99,,33340.77,124555.57,60781.72,0
7/27/2022,398542.17,,12468.57,117532.71,64711.11,0
7/28/2022,389810.78,,119877.54,114774.5,81370.24,0
7/29/2022,377434.09,,183085.02,112506.63,91712.61,0
7/30/2022,353703.53,,34289.88,104278.42,158053.39,188.03
7/31/2022,318310.92,,107750.43,100885.07,54331.83,28.89
8/1/2022,349326.85,,38355.19,94705.47,46653.61,27.21
8/2/2022,333985.56,,131023.2,82099.29,81571.06,20847.79
8/3/2022,309576.55,,43309.43,100112.06,48256.23,57.67
8/4/2022,354587.11,,27005.65,87234.96,81970.68,441.88
8/5/2022,423165.89,,57996.54,91523.25,55006.21,0
8/6/2022,516989.87,,15909.57,92062.59,74148.62,624.34
8/7/2022,512766.17,,30499.47,100410.52,54700.05,121.33
8/8/2022,396019.76,,27808.95,148017.33,157035.83,267.67
8/9/2022,495848.77,,155163.88,183203.66,53679.33,252.41
8/10/2022,539901.35,,113410.04,157306.98,69809.4,258.1
8/11/2022,535393.8,,116411.02,150199.19,46813.95,578.64
8/12/2022,530857.21,,242993.12,133757.82,92658.78,402.84
8/13/2022,518606.72,,58871.75,123185.8,83763.09,2940.31
8/14/2022,482153.76,,314360.9,111183.15,78715.1,2034.94
8/15/2022,430259.64,,406843,126732.87,75972.52,0
8/16/2022,522185.52,,173185.02,119560.13,52008.16,1629.09
8/17/2022,525168.46,,21020.42,103593.59,78975.24,183.8
8/18/2022,497533.73,,102097.74,102313.97,147551.28,957.63
8/19/2022,473385.2,,41847.77,129416.43,62807.19,0
8/20/2022,463164.33,,57050.98,121909.94,50919.77,78.69
8/21/2022,444536.55,,26240.5,119007.2,72963.7,2063.23
8/22/2022,451182.23,,34588.3,113704.27,73115.26,0
8/23/2022,433921.04,,51908.6,117138.71,71423.17,0
8/24/2022,439928.97,,138388.07,118518.79,58396.7,24.95
8/25/2022,458526.66,,127482.62,170949.37,78037.49,0
8/26/2022,444488.79,,33574.58,131018.12,42903.52,65.78
8/27/2022,387813.38,,23103.43,94282.71,69908.99,1918.83
8/28/2022,397717.21,,67016.66,95770.29,64431.47,0
8/29/2022,389437.2,,59439.04,99385.57,140775.46,2288.02
8/30/2022,377298.49,,54611.14,116170.81,68863.98,13.07
8/31/2022,312172.28,,107962.31,132375.02,46740.37,0
9/1/2022,283472.32,,21638.4,133524.65,70818.93,247.04
9/2/2022,260066.43,,30938.56,127535.68,67255.18,534.44
9/3/2022,254939.83,,71765.28,120761.42,65681.85,461.48
9/4/2022,229065.79,,28120.41,131398.5,73982.61,256.05
9/5/2022,239675.07,,32264.79,116460.25,71810.3,1079.83
9/6/2022,213000.29,,27921.71,121341.59,61268.04,3812.36
9/7/2022,182764.03,,11061.78,103920.53,72078.46,943.35
9/8/2022,291439,,125248.69,125601.43,67652.85,0
9/9/2022,263832.14,,749730.16,128661.36,70984.81,0
9/10/2022,253738.71,,38239.57,119305.86,122621.22,811.16
9/11/2022,308333.77,,33715.32,121939.83,80494.69,42.03
9/12/2022,287575.32,,83427.34,117392.86,66424.68,142.7
9/13/2022,282210.5,,80762.95,106354.59,49422.85,666.06
9/14/2022,244584.3,,243615.56,101080.55,64495.3,30.17
9/15/2022,230575.98,,15842.48,112154.77,77229.43,10492.13
9/16/2022,221068.86,,58875.3,103387.25,64224.49,25.85
9/17/2022,233595.08,,36660.95,101208.7,64501.64,14.41
9/18/2022,241206.37,,86690.91,102676.07,115526.7,0
9/19/2022,216109.89,,78685.45,94799.49,59079.58,0
9/20/2022,249876.43,,47292,84353.48,60444.93,1694.24
9/21/2022,273831.65,,40157.95,89069.4,56751.06,99.13
9/22/2022,241000.15,,38371.25,70921.49,79463.73,0
9/23/2022,255721,,33383.72,93694.27,84922.84,6.42
9/24/2022,283621.85,,74202.34,95069.78,64798.24,14.79
9/25/2022,243001.7,,34625.26,88775.29,60319.93,0
9/26/2022,247319.12,,74537.8,95053.42,59287.89,0
9/27/2022,256932.1,,24042.35,94833.14,97951.4,254.54
9/28/2022,257933.16,,43786.41,91403.63,58630.83,33.55
9/29/2022,294462.05,,70054.73,96588.83,58787.75,0
9/30/2022,270565.62,,185724.84,86821.94,57048.15,11.05
10/1/2022,349905.77,,22567.18,84187.37,97558.9,18.69
10/2/2022,333531.89,,32189.96,77707.2,55891.76,153.92
10/3/2022,315866.85,,256732.57,74339.54,75020.57,314.83
10/4/2022,292801.77,,16236.26,82514.29,58158.77,91.25
10/5/2022,290439.56,,439163.9,93003.81,92483.18,2587.26
10/6/2022,311278.97,,40762.92,88571.83,56569.17,3503.45
10/7/2022,281861.58,,56467.29,80500.43,63282.23,473.99
10/8/2022,275705.7,,88524.21,70764.39,58934.35,0
10/9/2022,253204.28,,82806.56,72192.39,58973.63,0.27
10/10/2022,253554.37,,42772.64,82779.29,57546.04,0
10/11/2022,244247.26,,75887.36,99942.25,89185.93,0
10/12/2022,252069.97,,97415.52,89749.47,57823.14,0
10/13/2022,248589.08,,97595.74,86866.33,53957.2,176.68
10/14/2022,250620.1,,77352.61,85564.75,50520.27,0
10/15/2022,241287.63,,10709.6,92279.45,54169.84,0
10/16/2022,249870.28,,31319.83,87776.12,53988.91,0
10/17/2022,242976.59,,158670.17,92864.52,54797.61,35.2
10/18/2022,247499.85,,60461.09,108440.3,54219.8,0
10/19/2022,216409.96,,134583.05,106159.96,86745.91,0
10/20/2022,263717.9,,34088.86,96772.85,54340.74,0
10/21/2022,227874.62,,58405.86,93200.78,53827.92,0
10/22/2022,226729.63,,32421.56,102653.78,54795.32,0
10/23/2022,227129.81,,78166.33,104175.95,58402.47,9.72
10/24/2022,236214.67,,27588.53,100886.11,52303.42,0
10/25/2022,221153.09,,84981.18,69411.75,52484.54,0
10/26/2022,222380.4,,22090.66,0,54402.87,210.84
10/27/2022,225984.35,,224701.52,19668.13,86947.72,0
10/28/2022,177289.26,,67555.2,77360.53,54471.39,0
10/29/2022,234864.16,,16129.99,75495.73,37465.13,128.44
10/30/2022,253068.87,,27764.53,72622.81,37914.81,126.64
10/31/2022,256649.78,,79990.01,73619.69,52042.07,0
11/1/2022,263158.04,,71429.14,63494.21,42706.35,0
11/2/2022,259829.92,,116065.14,59785.19,43683.93,715.24
11/3/2022,243990.75,,30578.87,46919.11,57885.61,3.28
11/4/2022,264216.53,,92624.18,61154.72,87150.8,431.22
11/5/2022,282224.95,,21958.28,69469.15,52872.16,3807.96
11/6/2022,271925.5,,170286.88,69813.08,41637.09,796.15
11/7/2022,258880,,20264.85,66687.7,46298.27,277.79
11/8/2022,262038.81,,49026.89,66698.82,38506.5,0
11/9/2022,203263,,9444.43,54027.3,33443.73,20.56
11/10/2022,142481.24,,104541.21,46973.16,41325.73,0
11/11/2022,166419.5,,47853.77,51972.3,32615.21,0
11/12/2022,149998.5,,10449.37,43313.89,30006.16,27.59
11/13/2022,135933.3,,25601.04,40523.01,55306.05,46.94
11/14/2022,132352.69,,3150.66,31836.44,32546.45,67.55
11/15/2022,137875.57,,41714.39,35338.98,31795.51,0
11/16/2022,120859.57,,81006.4,43674.48,37207.98,52.16
11/17/2022,54426.11,,58846.28,42395.67,30120.74,43.78
11/18/2022,133450.55,,33828.82,52612.92,30422.31,235.47
11/19/2022,137817.38,,33112.97,48217.89,30224.01,354.43
11/20/2022,138682.07,,7793.59,47253.89,29977.92,0
11/21/2022,124087.56,,105659.8,46330.94,58071.67,57.98
11/22/2022,116369.19,,64456.39,43137.47,28185.87,27.37
11/23/2022,129778.5,,52467.61,50441.73,28727.55,0
11/24/2022,136868.27,,27013.88,54740.96,37547.74,161.57
11/25/2022,136978.49,,143171.65,53807.7,29333.85,0
11/26/2022,130621.51,,20835.54,45648.41,28591.05,595.96
11/27/2022,134182.36,,28243.08,45747.3,31842.56,0
11/28/2022,133674.04,,63849.21,48377.93,31066.67,0
11/29/2022,136134.31,,30320.3,43213.68,57384.63,0
11/30/2022,136616.58,,192311.44,45527.64,28541.88,0
12/1/2022,129769.35,,43152.5,48275.87,44039.72,1178.93
12/2/2022,127331.28,,48698.74,51544.93,31016.91,447.56
12/3/2022,130015.28,,46002.87,53327.67,41404.96,1617.24
12/4/2022,120675.29,,5221.9,22050.28,29566.06,516.97
12/5/2022,123914.69,,31165.63,47129.49,39972.58,570.43
12/6/2022,121024,,71379.25,52559.9,31453.2,1193.33
12/7/2022,128110.91,,17840.89,57581.49,77757.79,558
12/8/2022,136373.72,,19391.74,61004.69,40388.47,5.39
12/9/2022,141108.74,,35029.55,70268.74,39657.38,0
12/10/2022,136016.63,,13406.19,63371.43,41519.52,91.31
12/11/2022,141588.58,,15887.47,67743.78,38609.13,0
12/12/2022,139450.79,,40487.69,72819.84,37390.48,0
12/13/2022,134929.37,,144003.77,72822.47,35098.86,1697.19
12/14/2022,121341.94,,22225.29,66286.74,37996.53,473.49
12/15/2022,107176.51,,125011.23,68116.71,67471.17,977.04
12/16/2022,105767.62,,126405.84,66490.97,30450.4,0
12/17/2022,93254.37,,31325.23,65038.19,31489.7,0
12/18/2022,95286.5,,24500.22,56886.05,31547.15,2767.07
12/19/2022,97441.62,,10053.01,64869.83,28190.12,2395
12/20/2022,87698.47,,97879.62,60525.58,30788.42,0
12/21/2022,88950.52,,37591.48,65582.23,29172.35,611.95
12/22/2022,115810.22,,138869.22,73839.12,29398.25,0
12/23/2022,100804,,14688.1,75234.95,57846.81,0
12/24/2022,104020.84,,26055.92,60311.67,30126.35,0
12/25/2022,105218.82,,10216.73,56372.28,31126.22,0
12/26/2022,104853.38,,64043.64,57919.88,28054.78,975.23
12/27/2022,103632.67,,37825.89,49826.56,26623.74,0
12/28/2022,98929.42,,50622.21,53040.17,25007.06,0
12/29/2022,96641.66,,70411.68,51307.32,23765.8,0
12/30/2022,90387.42,,29188.33,52675.68,24025.83,58.14
12/31/2022,86480.55,,8893.93,48465.2,24122.09,135.77
1/1/2023,84719.82,,21315.49,45039.27,49098.17,344.83
1/2/2023,83163.16,,15233.73,42833.34,24453.66,0
1/3/2023,88131.37,,86295.52,38442.05,25588.25,249.5
1/4/2023,89703.6,,22073.86,37327.9,25177.63,32142.89
1/5/2023,90388.69,,30765.47,43201.59,23202.77,0
1/6/2023,98394.34,,19293.67,40341.14,24712.7,592.47
1/7/2023,99793.45,,85896.81,38958.6,24542.77,849.77
1/8/2023,101338.89,,62463.1,33313.98,25657.01,717.39
1/9/2023,100110.1,,16844.81,34499.95,51979.75,240.62
1/10/2023,105228.76,,89454.48,39940.43,28913.81,96.37
1/11/2023,109656.21,,36598.06,38947.74,27970.17,2001.85
1/12/2023,111006.3,,12445.63,34474.28,28295.03,346.42
1/13/2023,121864.26,,37795.21,33762.36,31485.43,573.86
1/14/2023,130291.2,,104959.51,33712.68,33325.98,47.76
1/15/2023,183001.51,,63251.72,31759.54,33971.22,47.63
1/16/2023,197475.99,,230748.29,32048.48,34261.23,0
1/17/2023,201087.15,,151207.05,28130.08,66577.97,0
1/18/2023,194739,,49637.2,26654.27,31544.63,347.1
1/19/2023,170587.29,,80032.74,30680.28,30735.07,30.16
1/20/2023,162377.23,,41282.75,30265.97,36551.03,0
1/21/2023,174106.55,,105835.73,31151.29,35248.01,0
1/22/2023,163063.46,,31925.41,37529.28,37033.72,0
1/23/2023,162706.84,,75205.66,36595.01,37573.77,378.52
1/24/2023,160750.84,,111059.52,35027.91,37141.57,0
1/25/2023,149494.2,,47861.84,35730.59,81103.78,0
1/26/2023,155162.72,,26003.28,38043.73,43969.23,0
1/27/2023,154780.91,,39748.01,42208.49,41026.84,0
1/28/2023,163308.92,,64698.97,47884.03,42058.21,0
1/29/2023,157296.65,,48405.51,45844.95,40717.51,201.87
1/30/2023,164120.5,,34089,42709.28,39499.19,0
1/31/2023,147376.93,,141006.26,44897.15,40707.44,0.22
2/1/2023,143718.81,,97182.95,49148.33,41360.07,125.3
2/2/2023,163283.75,,25983.07,43159.57,80417.82,0
2/3/2023,154156.44,,102436.22,44058.24,48671.79,1892.48
2/4/2023,155139.35,,46444.82,43085.55,45001.69,590.35
2/5/2023,134163.37,,64103.17,42722.24,49556.32,1864.68
2/6/2023,166721.21,,90327.54,42982.05,49357.99,322.22
2/7/2023,150490.65,,45486.65,43493.88,57774.78,985.91
2/8/2023,164481.77,,207837.11,43665.78,56994.49,0
2/9/2023,164557.57,,236589.74,43145.3,48963.77,44.14
2/10/2023,134796.58,,138512.98,40889.25,95780.52,709.86
2/11/2023,132086.53,,81018.96,50753.46,55519.77,0.45
2/12/2023,137405.36,,176053.61,59897.99,52133.81,892.76
2/13/2023,132498.98,,67372.64,63974.33,48909.83,0
2/14/2023,131647.77,,218577.31,51213.4,49119.03,1177.98
2/15/2023,134060.94,,200210.5,50506.92,55506.22,0
2/16/2023,142440.21,,129627.23,60541.14,50454.94,1868.37
2/17/2023,137991.87,,106535.6,64929.35,51964.51,33.2
2/18/2023,151225.03,,331884.54,56585.69,96184.7,0
2/19/2023,179439.49,,62818.3,54449.07,55636.18,0
2/20/2023,189118.01,,48103.34,54187.2,55074.49,0
2/21/2023,203886.32,,78173.48,48601.98,49577.27,0
2/22/2023,184898.39,,144751.28,49635.69,49003.36,0
2/23/2023,195363.59,,116225.22,43875.18,47954.28,0
2/24/2023,187989.62,,107621.65,42889.46,44410.66,0
2/25/2023,162899.25,,143091.94,42636.73,43814.79,137.41
2/26/2023,166578.8,,65335.41,47638.39,45420.7,0
2/27/2023,145636.21,,58367.41,44932.99,85280.99,0
2/28/2023,148472.86,,220781.67,42627,41719.45,0
3/1/2023,141046.27,,125510.21,40367.39,43074.16,3824.21
3/2/2023,150851.39,,182131.66,43184.81,41693.58,0
3/3/2023,143285.11,,159171.9,42069.8,37496.91,987.91
3/4/2023,133545.38,,28832.6,42548.28,35357.17,156.35
3/5/2023,128231.8,,115134.72,41141.55,34843.17,213.17
3/6/2023,131507.6,,87084.22,36160.87,36191.42,36.1
3/7/2023,128474.87,,104141.1,31374.13,35506.59,1105.48
3/8/2023,123722.36,,133290.09,29758.67,64430.5,782.27
3/9/2023,116219.15,,68017.56,28255.46,31389.7,0
3/10/2023,117754.75,,38682.53,24641.12,32611.06,0
3/11/2023,109966.69,,18286.23,29250.32,27766.6,0
3/12/2023,110618.65,,155007.81,27433.52,32109.63,0
3/13/2023,121192.79,,62803,31996.22,33496.26,296.33
3/14/2023,127587.42,,106111.46,34637.39,35839.83,0
3/15/2023,119726.88,,235696.96,32514.12,32981.95,0
3/16/2023,104721.91,,45462.06,32488.96,32997.02,518.57
3/17/2023,102231.48,,123878.92,35606.19,71759.66,672.7
3/18/2023,90623.5,,86007.7,36684.49,36376.99,320.04
3/19/2023,81546.59,,131262.15,37315.41,37647.63,270.62
3/20/2023,85989.47,,76402.62,35859.85,37467.98,255.76
3/21/2023,74214.91,,160595.72,33924.38,40938.26,0
3/22/2023,71747.32,,173993.89,28644.46,36452.62,4729.7
3/23/2023,64675.71,,90893.34,28947.31,41769.98,0
3/24/2023,67787.79,,81860.26,26216.82,40923.71,3.94
3/25/2023,73064.59,,63319.7,30100.12,80716.79,0
3/26/2023,77997.87,,43081.97,32673.31,43086.02,0.97
3/27/2023,77345.93,,81500.88,35153.41,40841.78,528.21
3/28/2023,70617.41,,129648.22,28069.76,40951.29,0
3/29/2023,72291.89,,392412.28,31594.19,42410.16,0
3/30/2023,77600.94,,85503.81,32310.8,39888.22,0
3/31/2023,86173.02,,331205.07,34864,43067.78,0
4/1/2023,89218.05,,42118.66,33830.11,44935.23,0
4/2/2023,79511.92,,131375.96,35206.51,42545.14,0
4/3/2023,69744.29,,140052.01,32697.43,85879.03,0
4/4/2023,69931.16,,104120.16,31749.18,43667.05,0
4/5/2023,73975.72,,101002.93,26128.42,45025.84,6562.96
4/6/2023,75209.31,,81144.36,24954.48,45585.86,28.52
4/7/2023,73955.19,,85421.77,23002.7,45335.02,237.69
4/8/2023,72402.01,,100117.47,22115.17,46161.63,12.65
4/9/2023,77306.61,,31413.54,21814.85,46929.87,362.28
4/10/2023,77067.37,,115600.73,21700.11,48076.37,0
4/11/2023,77386.5,,66495.6,24515.08,45019.58,1058.26
4/12/2023,78822.95,,223282.96,27734.63,83749.95,1094.77
4/13/2023,83984.87,,79194.05,28905.68,45027.67,0
4/14/2023,102130.39,,110566.26,29158.66,42791.99,713.8
4/15/2023,101821.61,,54404.96,26923.26,44499.43,22.08
4/16/2023,95909.23,,97048.13,25195.14,42995.8,0
4/17/2023,97915.38,,326371.83,24840.91,44774.98,1175.52
4/18/2023,0,,254231.45,25094.87,44552.67,0
4/19/2023,105009.91,,13601.95,27044.22,39552.84,0
4/20/2023,98003.89,,161597.05,23424.47,39387.23,0
4/21/2023,101951.36,,134110.09,28297.89,37781.4,297.82
4/22/2023,99463.25,,75616.4,24156.56,38481.66,0
4/23/2023,106028.67,,129043,24784.26,75302.99,45.57
4/24/2023,103481.24,,77352.73,22968.28,39114.68,0
4/25/2023,102306.51,,91468.83,21897.2,39615.34,0
4/26/2023,105633.32,,39783.35,22294.03,38224.1,0
4/27/2023,102074.54,,76162.89,23224.42,39292.36,0
4/28/2023,100514.67,,249971.37,22321.86,38468.09,0
4/29/2023,101824.63,,152425.37,22009.47,38192.25,0
4/30/2023,100753.38,,111147.78,22521.15,37706.61,0
5/1/2023,98756.38,,11503.58,21439.99,72505.16,12502.38
5/2/2023,92840.07,,131961.89,20965.91,38316.23,0
5/3/2023,91513.91,,134115.37,22558.44,38456.02,0
5/4/2023,89833.67,,135827.19,22453.54,38356.6,268.89
5/5/2023,88238.42,,20358.47,30278.63,39048.21,0
5/6/2023,87474.18,,16857.53,34502.9,36681.27,0
5/7/2023,82982.57,,121961.73,36787.21,36321.29,0
5/8/2023,82347.72,,32404.29,38844.75,32746.05,4827.36
5/9/2023,73517.31,,50254.13,27783.32,34201.78,272.48
5/10/2023,79036.4,,222954.8,24769.5,67650.46,0
5/11/2023,81896.29,,87989.84,24970.79,33505.58,658.61
5/12/2023,75647.2,,267920.59,25231.28,34242.83,219
5/13/2023,78370.58,,89909.48,25000.24,32442.33,411.91
5/14/2023,74730.27,,104324.44,23821.95,32230,0
5/15/2023,76711.67,,50357.03,23797.89,33012.17,0
5/16/2023,74015.07,,105225.99,24815.58,32731.27,0
5/17/2023,74038.62,,189380.34,18815.39,35231.07,0
5/18/2023,76248.64,,93932.97,19128.1,35835.44,0
5/19/2023,74467.41,,94403.7,16638.54,72421.03,0
5/20/2023,75756.23,,12596.95,15983.23,37002.09,0
5/21/2023,79231.97,,76026.01,15895.46,34575.05,23.9
5/22/2023,79049.41,,88379.76,15558.52,35491.76,1019.28
5/23/2023,82316.31,,116149.86,19335.34,37508.76,0
5/24/2023,84339.52,,55984.85,20555.21,37195.08,0
5/25/2023,81324.43,,57408.01,19624.73,37136.79,0
5/26/2023,80424.27,,172586.75,17554.38,36247.75,0
5/27/2023,78159.04,,57174.48,18565.96,35850.85,0
5/28/2023,78846.87,,42288.54,18471.86,75346.79,449.99
5/29/2023,79534,,171531.17,18377.87,37471,593.1
5/30/2023,78850.34,,262344.57,19868,37772.54,0
5/31/2023,78254.78,,82245.04,19891.05,36732.58,23.65
6/1/2023,76787.01,,51885.41,20502.4,37603.47,0
6/2/2023,77559.78,,46088.66,17780.35,36165.76,0
6/3/2023,80453.57,,89428.69,20095.59,38918.72,0
6/4/2023,81464.25,,107684.33,18572.07,38344.83,0
6/5/2023,83797.44,,102698.78,21792.87,34441.73,231.53
6/6/2023,78629,,17271.73,13431.69,79474.94,907.35
6/7/2023,81551.68,,251628.51,10763.99,36134.37,237.46
6/8/2023,77902.89,,177718.59,8476.77,35605.34,9.21
6/9/2023,79905.06,,113847.36,9530.49,35001.27,694.19
6/10/2023,78278.09,,18295.77,17410.87,28569.36,0
6/11/2023,70850.85,,19207.47,14442.78,28487.03,3560.19
6/12/2023,73208.06,,93312.65,15614.71,29507.61,0
6/13/2023,71270.98,,75777.99,19133.76,28999.86,687.29
6/14/2023,70700.33,,45006.73,13890.82,56826.78,0
6/15/2023,69174.33,,273429.37,20266.05,30774.15,609.61
6/16/2023,69763.98,,48607.36,24075.55,30523.71,0
6/17/2023,69774.51,,23237.12,23279.03,30983.89,73.3
6/18/2023,67572.27,,12940.14,24581.77,29961.76,0
6/19/2023,66709.7,,46812.69,26739.3,30575.27,0
6/20/2023,67053.5,,28316.53,21133.98,32310.47,203.2
6/21/2023,70751.38,,72053.15,19410.18,33818.74,72.06
6/22/2023,73139.84,,37448.69,19671.45,33181.11,0
6/23/2023,70213.08,,107449,11601.92,64788.94,0
6/24/2023,71546.51,,70794.04,11153.17,32764.92,19.17
6/25/2023,69672.51,,21550.67,9379.28,34677.69,0
6/26/2023,71502.95,,152221.07,9817.4,32603.12,0
6/27/2023,68490.55,,53991.18,12236.23,34105.54,0
6/28/2023,68423.69,,183229.22,11507.25,31967.77,0
6/29/2023,77140.56,,161951.29,10580.71,31607.63,400.21
6/30/2023,77065.46,,137452.55,12069.21,38120.52,293.67
7/1/2023,78610.14,,8059.72,26711.41,38032.58,0
7/2/2023,78159.67,,89088.24,30789.5,75269.99,276.2
7/3/2023,77298.55,,291532.85,25371.38,38419.06,0
7/4/2023,78859.29,,103383.81,23503.85,36545.27,0
7/5/2023,77010.22,,239327.3,21870.58,36087.5,394.23
7/6/2023,75815.72,,102977.86,19130.49,35643.67,993.53
7/7/2023,76476.16,,61482.59,20173.05,35616.36,0
7/8/2023,78292.78,,10974.09,22264.61,35234.69,271.75
7/9/2023,77322.58,,83238.68,17230.95,34741.76,0
7/10/2023,75618.71,,95172.47,15442.77,70226.97,269.86
7/11/2023,75337.72,,42257.63,4629.22,35244.92,12.26
7/12/2023,78997.83,,144436.37,3956.3,34465.52,170.93
7/13/2023,104364.76,,60265.28,3596.34,40250.55,0
7/14/2023,92163.75,,145810.67,4159.17,37551.99,0
7/15/2023,88573.34,,19852.63,4783.54,38364.82,0
7/16/2023,92380.12,,47218.18,4622.9,36777.6,370.38
7/17/2023,88712.6,,85056.58,6999.25,37610.47,0
7/18/2023,88162.49,,55687.36,6438.08,34271.19,0
7/19/2023,88355.44,,91871.58,5949.47,64810.6,0
7/20/2023,88589.02,,46614.66,5861.05,32919.72,103.16
7/21/2023,84047.37,,54157.81,6166.08,34479.06,0
7/22/2023,85657.03,,54437.97,9464.09,33412.22,0
7/23/2023,84861.37,,4612.66,8774.81,35508.5,0
7/24/2023,85231.94,6384297.65,71578.3,5657.94,33646.22,0
7/25/2023,83058.23,5744432.03,127793.24,4578.89,33246.78,0
7/26/2023,82086.21,5990088.32,109453.33,6835.8,34853.19,242.67
7/27/2023,89551.26,4404201.49,104098.95,4105.99,68083.47,4009.01
7/28/2023,87337.15,2458933.72,254105.12,6021.6,34916.76,0
7/29/2023,89489.26,2245826.98,112369.1,4121.2,35613.52,0
7/30/2023,90040.57,1829978.32,41945.65,3082.66,34256.73,629.27
7/31/2023,88319.69,2317188.34,412064.24,4845.83,33461.78,0
8/1/2023,49658.14,2849084.28,127784.71,5066.66,33871.17,0
8/2/2023,105411.57,1708920.69,74869.41,6230.65,33126.82,0
8/3/2023,52147.07,2145674.43,67399.17,4731.84,33494.34,340.76
8/4/2023,54253.99,1553272.75,84216.87,4002.53,47621.43,0
8/5/2023,59447.67,1328911.12,53246.53,4318.4,52124.85,174.36
8/6/2023,59634.04,1129434.33,21435.21,4288.05,34753.4,431.94
8/7/2023,58646.23,4116100.85,29420.87,4407.54,46574.15,950.45
8/8/2023,61309.71,2798065.65,54729.76,5168.36,38643.82,4121.23
8/9/2023,58912.43,1189046.53,64174.79,10769.68,40503.31,290.02
8/10/2023,57700.09,812542.22,57437.36,8629.2,39122.83,0
8/11/2023,57609.16,815182.37,185563.72,5072.04,49906.31,2293.19
8/12/2023,56578.98,265679.85,26429.63,11019.65,61558.99,116.76
8/13/2023,54481.8,414440.5,19948.6,9644.21,116446.69,0
8/14/2023,54309.06,945396.83,40743.61,5540.31,60317.4,0
8/15/2023,52866.74,938769.36,36947.93,5044.62,50829.62,0
8/16/2023,54785.76,285667.84,129289.28,4633.38,51308.28,5568.58
8/17/2023,54109.07,124383.64,36720.84,4545.77,49127.26,0
8/18/2023,51546.86,112789.84,48107.75,4822.24,48666.55,261.53
8/19/2023,53136.98,85350.52,28072.65,4817.38,51220.89,0
8/20/2023,52821.57,126957.07,29455.82,4669,53581.67,0
8/21/2023,51805.37,78602.25,114371.09,9023.57,102321.58,0
8/22/2023,49937.95,74223.47,209673.49,6731.68,54714.7,5390.41
8/23/2023,46610.26,59745.12,37405.52,6988.57,57579.67,0
8/24/2023,46606.52,56322.37,204332.42,7396.15,60768.95,0
8/25/2023,44943.95,46149.35,184271.03,7696.86,58690.89,0
8/26/2023,46444.11,46708.69,184911.37,7412.57,61309.22,205.35
8/27/2023,48349.56,77708.44,12191.93,6758.5,71228.87,354.9
8/28/2023,50119.99,1041180.87,58090.74,6500.96,65607.77,0
8/29/2023,46943.41,496111.9,95904.34,5662.89,132083.74,0
8/30/2023,49193.34,102501.23,143595.71,3949.15,68155.41,0
8/31/2023,47232.32,69088.32,29106.15,4977.92,64007.98,0
9/1/2023,45204.79,55093.43,99752.08,5648.51,62796.71,0
9/2/2023,43307.4,49434.72,37522.92,9778.9,61558.47,0
9/3/2023,44946.01,43635.53,3587.04,6457.83,60265.89,0
9/4/2023,44731.2,48003.46,160894.3,6903.45,64876.06,0
9/5/2023,44436.04,56508.61,54985.03,6437.3,63598.99,0
9/6/2023,44872.57,47264.86,26088.47,5902.12,64144.36,0
9/7/2023,43182.8,41716.73,35279.47,4742.83,117525.46,146.6
9/8/2023,43947.57,33345.95,17710.09,4784.15,59436.99,0
9/9/2023,41504.93,33925.09,26070.71,5100.61,58161.25,0
9/10/2023,40454.61,53576.44,5727.99,4170.78,58133.24,209.98
9/11/2023,41215.9,814459.94,233115.55,3982.32,53442.92,426.6
9/12/2023,38944.79,430954.91,28413.66,3594.64,53597.02,0
9/13/2023,40605.12,92827.49,104276.13,3839.7,53690.96,0
9/14/2023,40702.71,66430.72,118060.88,3827.32,52835.01,116.38
9/15/2023,40324.03,69579.15,30232.19,3630.44,107642.41,15.46
9/16/2023,40245.84,47906.3,15817.22,3985.03,54244.77,0
9/17/2023,40859.12,53905.65,87630.89,4053.75,51033.51,125.88
9/18/2023,38848.38,88009.36,71118.54,4866.41,49225.59,0
9/19/2023,40419.25,44392.15,142465.33,6491.01,51962.55,0
9/20/2023,41731.83,48955.39,152474.21,10698.79,52871.09,13.96
9/21/2023,40494.83,43041.6,15701.04,9998.64,50394.15,0
9/22/2023,43268.47,46333.23,144383.03,7058.19,51532.34,9.61
9/23/2023,43171.05,40278.08,42785.9,5931.3,51965.44,74.11
9/24/2023,41883.88,63897.23,30215.49,5527.37,100105.19,0
9/25/2023,41857.09,1276113.74,81026.75,4997.84,53632.88,0
9/26/2023,41321.96,758977.29,83187.34,4222.78,50487.09,88.41
9/27/2023,42521.26,208165.37,166149.87,4548.74,52440.64,2586.55
9/28/2023,41875.78,130091.49,96245.07,3747.55,51646.51,541.72
9/29/2023,42094.46,89345.68,55402.57,4465.68,51957.89,16733.2
9/30/2023,42056.54,69409.67,45502.22,4030.63,51315.62,1567.09
10/1/2023,41786.76,64203.29,51035.21,4223.27,62074.19,14767.31
10/2/2023,43312.23,98305.84,61768,4622.16,120845.86,0
10/3/2023,43368.88,55494.52,43093.4,6090.67,57127.05,248.9
10/4/2023,41949.34,48103.54,55115.44,5907.72,57105.27,528.41
10/5/2023,40412.68,94364.64,71501.68,7240.45,53937.08,30.26
10/6/2023,40090.14,169580.96,66933.69,8798.11,57818.72,0
10/7/2023,41645.35,164027.9,19709.64,5924.05,56887.81,0
10/8/2023,41461.4,129892.75,161819.96,7478.6,57332.48,93.73
10/9/2023,41341.65,853633.93,62238.06,7917.98,55864.07,12.04
10/10/2023,41250.33,559195.02,16445.02,5329.47,107959.29,128.91
10/11/2023,41241.5,403413.35,74949.31,5765.94,58261.11,0
10/12/2023,41167.53,344127.31,73243.89,5346.3,50532.12,978.42
10/13/2023,40981.48,215771.58,97120.38,6354.61,49317.47,10.24
10/14/2023,42608.19,122513.44,13251.61,5457.01,49262.52,143.3
10/15/2023,41275.89,104675.93,12124.44,6596.79,49358.4,0
10/16/2023,41228.71,88135.48,109426.57,8846.02,50298.93,0
10/17/2023,43300.34,68538.16,117162.52,5939.08,46082.61,13.61
10/18/2023,42089.22,58686.61,39674.56,5698.51,48853.39,0
10/19/2023,41492.11,38660.21,19768.85,5322.43,91230.78,0
10/20/2023,41712.79,50521.11,6316.03,5538.52,48505.26,0
10/21/2023,41787.45,50796.54,12332.73,4411.25,53656.72,0
10/22/2023,43633.7,55323.3,40147.92,4668.06,49939.15,2381.41
10/23/2023,41880.45,1162122.34,129363.29,5535.81,53262.53,247.38
10/24/2023,43479.69,444918.06,188151.74,4391.62,54890.76,0
10/25/2023,44438.77,493971.19,43747.76,3464.05,54796.78,0
10/26/2023,44418.43,368486.15,9894.72,2983.5,55203.91,0
10/27/2023,44924.77,125085.19,50146.04,3245.13,108087.51,0
10/28/2023,43010.99,65623.14,10932.48,3190.29,58209.88,0
10/29/2023,43071.81,102793.12,29003.76,3541.79,58973.33,0
10/30/2023,43404.12,66183.73,248999.33,4211.12,57542.95,627.49
10/31/2023,45940.41,138259.01,100684.55,5973.09,56321.25,0
11/1/2023,42959.5,80017.18,89107.19,6064.21,59095.26,0
11/2/2023,42850.35,353377.99,85973.11,2838.43,59493.13,196.64
11/3/2023,44206.36,159093.38,55775.14,2946.34,59535.44,120.86
11/4/2023,47739.22,191276.8,181761.95,2828.42,118873.72,222.92
11/5/2023,51048.84,243224.89,53253.57,2479.58,62048.24,0
11/6/2023,52654.86,1450101.73,104065.25,2937.92,63150.49,0
11/7/2023,52365.07,799730.48,57442.47,4446.78,62488.04,0
11/8/2023,48931.95,645330.31,137874.59,3147.7,62463.98,0
11/9/2023,49818.71,327182.34,528317.84,4496.74,63643.24,0
11/10/2023,51228.24,207731.71,165719.89,3924.64,61310.2,165.91
11/11/2023,62074.66,173966.66,59204.46,4068.27,63252.78,0
11/12/2023,59246.68,181470.02,193967.08,4295.96,64384.82,0
11/13/2023,56483.57,283447.81,106457.17,5959.68,125249.48,2399.72
11/14/2023,56251.52,349286.16,37656.05,11089.57,65542.4,143.79
11/15/2023,56498.59,233735.39,151994.57,9164.53,70611.59,0
11/16/2023,59383.71,352094.47,41177.21,12007.79,68854.28,1481.12
11/17/2023,55362.17,209106.82,123010.63,11830.48,66089.85,0
11/18/2023,58976.13,239189.8,35466.98,10801.35,64509.47,0
11/19/2023,60625.39,227957.55,70559.27,11782.57,67629.09,0
11/20/2023,59201.1,2425562.37,250843.46,13111.44,65521.83,0
11/21/2023,58976.33,1284307.59,89027.56,16384.25,116916.38,308.8
11/22/2023,57510.41,586289.94,45032.24,18468.67,63610.52,0
11/23/2023,68120.07,339668.68,105644.92,16264.36,61265.83,622.44
11/24/2023,65807.42,414174.17,124080.29,16791.61,61325.1,0
11/25/2023,71138.38,293642.59,29621.16,17086.33,62965,36.75
11/26/2023,79256.33,243642.55,163508.27,15884.49,61607.65,232.42
11/27/2023,72644.71,510027.28,149489.29,17876.58,59582.12,160.52
11/28/2023,71606.7,474384.2,166274.8,16606.66,59298.8,205.02
11/29/2023,81415.72,481618.32,44446.55,18655.6,116784.95,0
11/30/2023,83975.24,463321.02,91038.63,17147.8,61386.13,0
12/1/2023,84648.82,360943.39,378814.6,21717.92,59881.03,187.75
12/2/2023,85910.54,359514.65,39699.56,24577.03,64277.16,2557.38
12/3/2023,83426.33,278089.25,56609.58,41084.18,63537.93,3216.06
12/4/2023,83159.07,2708227.04,232861.69,37924.08,65360.23,127.34
12/5/2023,80954.83,1955706.7,74111.45,25241.04,64380.69,0
12/6/2023,86638.41,1019638.23,357744.82,24967.09,63441.9,0
12/7/2023,148698.04,469476.03,214632.59,29669.72,65979.48,0
12/8/2023,152001.72,438258.44,68991.79,23983.86,133825.64,2972.14
12/9/2023,134294.8,348595.29,20818.55,23150.8,66737.01,364.15
12/10/2023,122459.85,254165.31,21593.97,27330.29,66146.75,0
12/11/2023,142348.08,360889.16,29352.02,27671.35,62448.76,0
12/12/2023,133735.74,512431.17,99250.8,23072.24,62051.05,673.59
12/13/2023,138148.67,556213.47,110248.53,19196.54,62030.58,0
12/14/2023,151602.24,639969.17,470359.5,19414.38,65665.31,0
12/15/2023,192542.45,645878.94,36247.63,22708.98,66018.42,2446.1
12/16/2023,217172.12,827968.68,42534.41,23963.18,149467.03,0
12/17/2023,214993.19,1470512.4,35410.57,20879.87,82113.75,190.56
12/18/2023,203842.56,5369036.75,256031.85,21585.09,73291.17,0
12/19/2023,231661.6,3908783.12,61081.28,20632.91,77401.14,0
12/20/2023,255768.77,2087354.64,80423.57,19887.65,93023,0
12/21/2023,248747.24,1850817.13,304704.8,21822.54,91490.67,0
12/22/2023,235096.41,1681668.2,86076.22,26279.6,88339.03,150.16
12/23/2023,210191.44,1023882.4,65876.85,25449.41,88756.67,207.76
12/24/2023,215586.26,489016.93,44504.6,26721.97,179385.94,320.97
12/25/2023,204421.92,454692.27,94122.8,27007.63,94603.82,0
12/26/2023,218962.66,1093116.59,252141.48,31382.81,86143.16,0
12/27/2023,203784.78,1114898.83,55402.26,26947.65,85840.75,0
12/28/2023,191210.53,1279571.2,110990.32,28905.14,86925.57,0
12/29/2023,197239.16,1080298.14,293423.82,28679.23,83015.15,1472.78
12/30/2023,197335.57,879252.61,194665.45,30263.28,83815.15,0
12/31/2023,195221.95,435169.17,32199.47,29763.78,80602.87,512.41
1/1/2024,193945.24,4299482.35,175488.87,32013.63,84565.1,801.3
1/2/2024,198311.49,5026476.17,377855.03,34399.23,173775.71,10195.08
1/3/2024,186351.48,1545004.53,49840.21,35409.26,74330.54,920.45
1/4/2024,165223.68,776163.9,269629.15,35085.11,75883.85,0
1/5/2024,176381.24,551254.51,55572.03,37206.93,74045.33,36.2
1/6/2024,164624.87,430414.99,81539.55,23184.93,71709.34,0
1/7/2024,148243,326319.17,33432.78,22922.99,66533.59,0
1/8/2024,151216.61,412681.68,142291.66,27942.26,71761.47,0
1/9/2024,159466.71,423040.19,167220.77,30365.81,68866.21,3219.18
1/10/2024,197118.36,736602.34,348657.38,29754.3,77459.49,0
1/11/2024,198514.76,689794.47,119133.39,31926.61,157918.33,0
1/12/2024,198429.86,603089.78,247681,40559.37,82094.08,151.16
1/13/2024,214039.46,737458.48,60941.35,34888.15,82946.66,0
1/14/2024,209527.7,398396.34,40804.02,32111.1,82351.53,0
1/15/2024,206142.13,3814491.03,267713.43,28282.89,82530.82,0
1/16/2024,208577.65,4453714.53,102126.17,31580.51,86261.66,0
1/17/2024,216840.17,2729612.28,135609.06,40997.27,83916.42,0
1/18/2024,210531.09,1021551.92,244855.6,42428.32,77609.39,1372.23
1/19/2024,192788.27,947272.62,65407.06,56184.8,153200.59,0
1/20/2024,202679.99,708105.38,90123.07,59119.47,84608.44,0
1/21/2024,186109.62,404791.37,60885.26,56870.74,82542.23,0
1/22/2024,189363.25,692193.3,38932.47,59733.34,76130.52,138.08
1/23/2024,175362.66,685459.93,284063.42,46386.07,72442.75,0
1/24/2024,171669.39,689112.4,192054.27,42252.41,73986.73,106.83
1/25/2024,198236.88,922493.58,156409.01,44783.89,72450.29,0
1/26/2024,193643.67,680770.01,143778.22,47408.8,76854.31,0
1/27/2024,212089.55,284194.87,66319.2,51373.27,148500.5,132.89
1/28/2024,227981.81,157128.51,35535.23,51983.47,83684.98,0
1/29/2024,222027.98,1201128.63,69288.13,52830.2,80206.3,0
1/30/2024,227718.92,3508185.34,76096.42,54412.24,78358.12,0
1/31/2024,215366.94,3483737.4,212755.13,57149.02,76659.01,0
2/1/2024,214602.99,1370003.11,25484.46,42569.53,77195.77,132.83
2/2/2024,207417.88,930750.52,222976.14,47366.09,79571.49,0
2/3/2024,211922.04,1040404.61,123797.72,42196.02,79801.62,0
2/4/2024,211725.51,466340.56,106806.45,38165.17,78448.34,0
2/5/2024,204648.7,490850.62,106582.56,36853.33,153876.75,0
2/6/2024,203812.68,486041.3,39056.36,55181.75,78438.71,158.05
2/7/2024,201255.03,483774.09,46634,63478.51,81093.48,0
2/8/2024,206441.88,440808.65,183440.14,65031.62,81084.85,6.33
2/9/2024,201353.55,622818.89,241356.34,69053.29,83537.1,0
2/10/2024,220679.98,444612.97,40687.92,79556.75,83998.8,0
2/11/2024,229639.39,245841.27,65151.29,73299.42,83329.06,304.7
2/12/2024,232695.74,2638327.07,127614.71,68453.25,87270.95,0
2/13/2024,242729.14,4601993.05,50433.86,62175.48,168942.83,17.92
2/14/2024,269652.48,4763542.88,297502.92,45592.36,91372.65,0
2/15/2024,270262.43,1667076.04,71774.97,43840.71,89960.22,0
2/16/2024,291485.67,1598670.82,90338.09,45851.34,150627.42,0
2/17/2024,283125.07,2329535.43,96561.15,42113.68,185784.1,0
2/18/2024,271831.89,2215897.9,114041.31,41487.28,195097.48,0
2/19/2024,276185.49,4404363.78,874321.58,46028.3,188818.3,0
2/20/2024,281736.78,5531388.77,108293.8,53731.88,162233.88,3247.59
2/21/2024,280246.04,5874617.45,172723.1,54243.44,168811.6,0
2/22/2024,266290.47,5228440.35,280532.5,43356.92,321544.87,0
2/23/2024,254424.82,5617325.08,35505.95,45211.62,152673.83,0
2/24/2024,241299.29,5082241.64,158122.14,41110.25,160015.5,8299.63
2/25/2024,253626.91,2680480.64,139254.23,40995.85,162293.53,0
2/26/2024,242354.69,9974648.55,181193.34,42767.79,162632.54,0
2/27/2024,266492.06,8104200.28,231202.61,46138.96,160512.24,0
2/28/2024,259391.83,10208793.08,535699.55,42412.95,163001.54,0
2/29/2024,273420.92,10163767.7,542351.1,41532.91,156281.67,0
3/1/2024,257738.32,8928033.68,378801.43,42737.13,326594.77,0
3/2/2024,263947.03,8180539.55,78577.04,48504.06,168037.79,0
3/3/2024,253679.94,6758125.86,31339.07,51123.92,166657.62,0
3/4/2024,252786.91,5629940.98,157910.7,51385.13,169220.12,0
3/5/2024,246240.94,5749728.75,172052.9,44406.73,158581.9,0
3/6/2024,241262.53,3530423.7,60708.06,41530.13,168769.19,0
3/7/2024,237192.72,3163110.8,939470.29,46483.33,185477.5,0
3/8/2024,246400.43,3030480.77,69907.21,40492.73,259639.72,2022.11
3/9/2024,254838.01,4353872.59,239688.12,44229.59,265810.97,0
3/10/2024,269285.24,1668458.41,203763.44,38208.34,498932.51,0
3/11/2024,260110.03,3713000.52,118393.33,40985.08,218506.37,0
3/12/2024,246005.94,3453696.37,286227.9,57297.23,223746.59,0
3/13/2024,234103.25,4500178.1,564002.26,47880.62,226334.35,0
3/14/2024,237469.79,10041511.54,370117.55,43465.19,302980.88,644.79
3/15/2024,230289.7,3463521.85,359276.48,36092.85,267837.74,0
3/16/2024,231217.82,2202890.41,15543.74,38506.75,232759.63,0
3/17/2024,202028.17,4521132.56,608974.46,34550.68,255265.98,577.33
3/18/2024,217989.09,4926505.78,1113322.53,37113.18,457484.68,0
3/19/2024,201435.57,3855856.99,316557.08,35682.13,206788.35,308.09
3/20/2024,184844.75,3324074.19,330333.82,31631.87,227150.05,804.06
3/21/2024,205546.17,3370758.75,700204.79,31346.18,223179.36,0
3/22/2024,190283.86,3055255.44,347194.85,32996.36,216713.5,0
3/23/2024,191148.37,2991266.31,68637.19,33564.13,224076.83,0
3/24/2024,186397.99,1810862.47,105975.39,39509.28,247806.06,408.96
3/25/2024,194534.84,12766583.33,480525.86,44944.05,242888.97,99.49
3/26/2024,190789.28,13672425.48,253161.43,50258.27,243465.39,0
3/27/2024,180031.39,10756451.78,544342.97,36471.35,466133.74,5024.55
3/28/2024,175832.35,11111575.49,96496.46,32452.83,233446.42,0
3/29/2024,187504.56,13469649.42,83333.45,43744.72,223318.4,0
3/30/2024,182974.31,12809160.51,48565.05,40247.81,222252.62,0
3/31/2024,174582.68,12664671.16,211866.09,39818.09,231021.4,0
4/1/2024,172399.57,15809527.71,516172.76,40647.75,217352.47,0
