Date,Ethereum Name Service ($),Render Network ($),Aragon ($),Tornado Cash ($),Instadapp ($),UMA ($),Pocket Network ($),Bounce Finance ($),Zerion ($)
11/3/2021,44727608.99,500426828.9,258308417.8,329596561.7,178504667.7,,,,
11/4/2021,44427142.33,485011608.4,257597935.5,320533930.2,183040339.1,,,,
11/5/2021,44028608.86,495405780.8,252618371.7,316126249,184052281.8,,,,
11/6/2021,44435739.88,563215009.6,254649571.1,315226612.4,188371375.3,,,,
11/7/2021,45298643.88,730977079.4,258366003.3,311095668.2,194994301.7,,,,
11/8/2021,46696677.49,754442364.1,265055122.4,322901123.4,201395485.5,,,,
11/9/2021,3029218800,751872769.1,265560719.9,314373185.9,201764085.9,,,,
11/10/2021,5316116626,772203102.2,260823080.7,283081332.3,192844684.3,,,,
11/11/2021,3923717673,1013651050,265618526.2,302116221.6,197682576.8,,,,
11/12/2021,3870877810,1082993904,268632824.6,284981255.8,196548376.1,,,,
11/13/2021,3945824974,1211788193,267235727.5,301681805.1,196925038.7,,,,
11/14/2021,3954992663,1453864845,264621643.4,304065645.7,195959911.1,,,,
11/15/2021,4041256547,1649099173,266469886.2,296164177.3,191352628.7,,,,
11/16/2021,3452004414,1480007491,246386269,272161001.1,176960261.6,,,,
11/17/2021,3416863161,1960918117,248171086,283509811.9,178500337.2,,,,
11/18/2021,2917959727,2123247173,234588001.9,262043985.5,166030358.6,,,,
11/19/2021,3418311294,2440786847,247746414.2,283878360.5,180052912.1,,,,
11/20/2021,3338468739,2791405856,251547895.7,285404085.7,185057593.9,,,,
11/21/2021,3008752769,2172385017,248198001.3,279097562.7,179223176.7,,,,
11/22/2021,2948424608,2233735953,239179961.8,267456203.4,171799705.1,,,,
11/23/2021,3591431354,2490893559,249555381.6,286609142.8,182415878.8,,,,
11/24/2021,3468952157,2379188260,249924647.8,276486980.7,177481845.1,,,,
11/25/2021,4842797698,2325192193,257727603.3,290834902.7,188039005.1,,,,
11/26/2021,4185955318,2172831396,236311546.8,247161726.7,165787588.7,,,,
11/27/2021,5245246198,2633594774,249446500.9,261071276.9,169074932.9,,,,
11/28/2021,5355193743,2465808226,253076571.2,246307653.7,179400556.2,,,,
11/29/2021,5038637308,2417750512,260002175.5,253782977.8,184046739.3,,,,
11/30/2021,4981326596,2179775847,264226206.3,248101398.5,191751837.4,,,,
12/1/2021,4598183513,1813132118,260385543.6,242931929.6,189258540.6,,,,
12/2/2021,4382814273,1996455263,255675808.3,255225223,186584464.6,,,,
12/3/2021,3854407376,1726163385,246026690,232710495.6,173010409,,,,
12/4/2021,3638712547,1829571250,237965987.2,206372602,167966383.7,,,,
12/5/2021,3513530361,1620631725,237662956.1,200385731,170806443.9,,,,
12/6/2021,3639480949,1684537871,246743263.4,196223475.4,176743959.4,,,,
12/7/2021,3622467455,1552475886,243596186.8,198490347.1,174178567.4,,,,
12/8/2021,3533449436,1470096607,254349799.4,195725325.4,179007955.4,,,,
12/9/2021,3233430011,1354133973,238858815.4,186517117.5,165353783.9,,,,
12/10/2021,3049142148,1153221957,266430178.9,189765132.5,156445168.7,,,,
12/11/2021,3396444616,1310020734,275640001.1,216315666.3,163510491.6,,,,
12/12/2021,3351596947,1719573900,279572967,217765924.8,165646420.9,,,,
12/13/2021,2868954536,1410209623,267867430.6,181604464.8,151196077.7,,,,
12/14/2021,2834685371,1378324793,278263312,184178098.3,154168645.5,,,,
12/15/2021,3009607614,1470816306,292775514.8,200252195.6,160393663.2,,,,
12/16/2021,3172713497,1474488185,283925852.9,208453450.2,157894722,,,,
12/17/2021,3018515535,1386918036,277281094.4,206211602.4,154529241.8,,,,
12/18/2021,3041130704,1539550924,281469222.7,220699687.1,143095823.7,,,,
12/19/2021,2944063935,1584845969,278203370.1,212882119.4,132964948.7,,,,
12/20/2021,2916639279,1526383656,279214277.9,208352098.4,133884462.8,,,,
12/21/2021,2937530889,1860967298,291275163.4,217700913.1,137988999.6,,,,
12/22/2021,3226191140,1916343496,303345229.3,221952285.5,136730193.8,,,,
12/23/2021,3517027929,2105345455,314711662.2,239675113.6,140337408.1,,,,
12/24/2021,3265569451,1882754132,319212209.1,227674914.4,138798266.7,,,,
12/25/2021,3330753288,1894651769,315014792.9,231804687.6,140347567.6,,,,
12/26/2021,3260792840,1824075977,313838189.2,225773123.2,139414331.1,,,,
12/27/2021,3208127301,1771036068,310379050.7,224711797.9,137997064.4,,,,
12/28/2021,2866943952,1670246154,320450079.6,208679993.6,132004320.2,,,,
12/29/2021,2724528476,1546693860,302518502.9,203465308.1,125845493.2,,,,
12/30/2021,2785066413,1581341301,309219022.2,209076916.4,129382779.7,,,,
12/31/2021,2793529283,1562059372,322530989,199699178.9,126550494.7,,,,
1/1/2022,2851064406,1610181639,322918931.7,202906808.6,128926197.2,,,,
1/2/2022,2930799736,1561529554,326967102.6,202616975.9,131509214.9,,,,
1/3/2022,2813011644,1790941041,301955672.5,194073591.8,128838648.6,,,,
1/4/2022,2780410686,1599274373,299510729.6,196157697.5,131914184.5,,,,
1/5/2022,2447546695,1435265079,283849219.4,178695051.8,123900845.8,,,,
1/6/2022,2363309620,1382318639,281988426.8,174518050.5,118418559.6,,,,
1/7/2022,2148766507,1225928822,263435621.6,161766985.9,109868762.9,,,,
1/8/2022,2001991464,1161372758,252159744.8,156474880.4,106780923.8,,,,
1/9/2022,2015196173,1233177312,254626070.3,158021407.7,109363128.8,,,,
1/10/2022,1835461399,1138932595,247490730.6,149816571.6,106661305.2,,,,
1/11/2022,1930385971,1134251867,258879899.8,158885062.8,111556055.6,,,,
1/12/2022,2007980768,1274650888,272103630.7,161930101.6,116577711.1,,151128360.7,,
1/13/2022,1860438308,1174812273,260521207.3,152770696.8,112061544.4,,151806666.4,,
1/14/2022,1879825198,1185079720,262207632.1,181108868.9,113981990.4,,154249094.7,,
1/15/2022,1927130056,1185070573,262963314.1,184305226.5,115090200.1,,166158454.7,,
1/16/2022,1983554038,1171928691,263065529.9,180534110.6,115570156.3,,198968747.4,,
1/17/2022,1753415625,1026650949,252864470.5,168175892.7,110207015.7,,177562676.6,,
1/18/2022,1687376949,953431394.9,250888530.4,175933309.1,108823851.6,,148296891.9,,
1/19/2022,1611216621,966895648.9,243480376.4,162657210.6,106200603.9,,156665733.8,,
1/20/2022,1519152809,956542960.9,239333821.3,158322529.2,102907736.5,,138659144.7,,
1/21/2022,1301930919,783823088.2,213747632.9,132570980.5,87842357.2,,128559100.9,,
1/22/2022,1156984233,688324238.8,202495512.5,116350601.6,77942621.85,,107162692.2,,
1/23/2022,1240861757,726616671.2,209566912.3,122167888.2,73170471.85,,100438958.4,,
1/24/2022,1195518265,750286389.4,209169083.4,118055566.9,67997734.27,,92077390.79,,
1/25/2022,1202534351,745122968.8,207855193.5,118605198,59497152.7,,84487210.54,,
1/26/2022,1228690032,795490057,207604972,116942098.6,61279870.85,,98947339.37,,
1/27/2022,1216019561,801463375.9,208324334.6,113712037.2,58658844.41,,88624003.81,,
1/28/2022,1302103394,930500553.5,212701316,119032456.6,64188701.56,,84219747.49,,
1/29/2022,1452983814,1023108170,220782137,120283105.4,62689095.45,,91388870.49,,
1/30/2022,1388234761,1010567515,224889308.6,115487535.1,62876007.63,,93033153.19,,
1/31/2022,1485483621,1157712394,233795672,125241744.2,68478750.79,,100105099.6,,
2/1/2022,1423566741,1233375507,235758617.2,123562111.3,70858780.94,,92242316.8,,
2/2/2022,1315989450,1065641609,233061524.3,124228504.8,67969268.96,,87399887.25,,
2/3/2022,1333955756,1054953180,232196993.2,122262134,68832772.89,,76087765.29,,
2/4/2022,1493009714,1098366125,243595154.9,130855180.4,72853965.55,,74372194.86,,
2/5/2022,1474891783,1172258083,251416052.1,135988475,72989618.22,,77597672.82,,
2/6/2022,1509722934,1139386967,249859400.2,132640897.1,66555809.52,,79597531.07,,
2/7/2022,1574948284,1141658350,251552611,137447810.5,44869728.04,,82825368.79,,
2/8/2022,1459604103,1048424049,249624988,139083736.4,51132883.11,,80868425.74,,
2/9/2022,1538088801,1039267394,256032638,145480716.4,78309514.24,,84981133.75,33709916.45,
2/10/2022,1379068666,933893119.6,243705513.8,138411932.2,49969705.71,,85302491.56,32467497.7,
2/11/2022,1252434394,815780218.8,232387129.4,128249941.4,61425116.52,,83246892.53,30796485.87,
2/12/2022,1252309081,835744038.4,233003178.9,131217394.6,38774290.78,,79451886.71,30217247.87,
2/13/2022,1227180637,783146676.7,228741098.1,129859380.4,51923975.56,,83435292.2,30327912.55,
2/14/2022,1244560438,873990536.5,231607585.2,139518039.7,41577795.15,,83179333.38,31247461.76,
2/15/2022,1351925413,999695206.7,245438734.4,170011128.8,50967663.35,,80432598.54,32827566.16,
2/16/2022,1300738269,1009581559,240553321.6,204214084.9,43228635.68,,84087557.58,32316630.85,
2/17/2022,1163991519,869014183.7,227170962,228552722.1,50201004.19,,78515823.4,29709546.51,
2/18/2022,1154573729,833180967.6,223347127.9,231697022.3,59347875.49,,80923712.43,28997693.74,
2/19/2022,1187026018,806816739,222028341.5,206345562,64155664.02,,69371702.14,28738557.07,
2/20/2022,1117025793,763479577.5,213767180.2,199752387.8,59162760.43,,64921909.82,26574844.83,
2/21/2022,1033377928,728320909.4,208953776.3,198711900.5,56916770.89,,63079117.56,25528657.06,
2/22/2022,1077456751,762724756.5,213611086,202946820,58298379.7,,59179346.25,25768514.36,
2/23/2022,1046553721,734389491.7,211295349.5,185668645.5,57093391.24,,54638297.35,25228166.95,
2/24/2022,1009074673,717356049.2,212525359.1,170585510.4,45908495.19,,61464924.41,23424682.45,
2/25/2022,1087985256,802019046.1,222169803.3,228434033.6,53473008.05,,53910221.4,25573585.28,
2/26/2022,1042778286,773356039.2,222698171.3,217700298.5,59673809.25,,59588031.78,26404557.08,
2/27/2022,971442026.4,751104517.4,212947880.9,200702507,55873565.56,,53876780.35,24307041.8,
2/28/2022,1131547963,818069233.2,228057550.7,210216147.9,51417897.39,,53890555.92,29143058.16,
3/1/2022,1113222288,939126332.1,231750855.6,210370902.6,54966098.1,,51414690.73,28971659.71,
3/2/2022,1110080045,897743606.6,228777836,221043072.7,51357301.4,,49858406.66,27829715.11,
3/3/2022,1053017136,863849695,222693052.7,319712809.1,46065503.14,,49246614.27,26732945.78,
3/4/2022,1123971476,783108769.1,212137524.4,271987796,44992662.31,,59168728.96,24970146.23,
3/5/2022,1098154510,820547804.9,214556628.6,289025673.8,38060583.56,,54129981.85,26296087.31,
3/6/2022,1029224755,779176980.2,208061962.2,258602994.4,49218273.15,,56794566.89,25139929.16,
3/7/2022,1014070089,766991410.3,204936231,235400468,42397406.34,,52073384.39,24605715.54,
3/8/2022,1021310986,767787678,208063512.3,284133034.2,40645430.68,,51026645.71,25219807.96,
3/9/2022,1086817893,790515819,216797643.1,271185530.3,37515643.04,,51415204.46,26748643.65,
3/10/2022,1040953396,742680520.8,209839145.7,248765702.4,40896441.59,,52816802.53,25505806.52,
3/11/2022,1019508839,719317150,207301669.2,246558495.9,40514339.82,,52326768.7,25519547.21,0.06
3/12/2022,1002734207,705064290.5,207120225.9,241085464.7,36586329.69,,49908319.39,25555552.07,0.06
3/13/2022,946068576.6,683939246.6,204541632.9,249624444.3,40829709.13,,49990716.15,24858006.51,0.06
3/14/2022,998089591.6,707831194.4,208544151.9,275991438,40188491.38,,50047850.03,25156876.09,0.07
3/15/2022,988165475,698781002.4,209697935,256419367.9,38515630.84,,49699646.82,25530019.04,0.07
3/16/2022,1067501687,751487206.4,217483036.9,265475615.1,41154402.13,,49663020.61,26562459.2,0.17
3/17/2022,1109061590,732763458.2,218649597.9,259347186.2,39258736.05,,50607132.34,26554798.46,78.48
3/18/2022,1107752220,767335300.7,224355878.3,253957455.9,40544227.14,,51367181.61,27641394.25,576.5
3/19/2022,1220650596,810550183.5,226526808.2,255042766.4,40601909.12,,53083529.55,45983652.43,1215.98
3/20/2022,1174177835,787763095.8,220682296.2,247761847.6,39806001.18,,54923504.35,34690558.48,1963.48
3/21/2022,1161207004,809523738.6,223018197.3,245974324,39832772.12,,56583344.94,32350892.02,2554.11
3/22/2022,1287365476,852445526.3,226345967.8,243671604.6,43992683.11,,58143488.08,32178877.29,3057.28
3/23/2022,1337409792,848341476.1,230551492.9,239202114.9,43104378.17,,56953064.88,32732916.67,4464.1
3/24/2022,1331486780,845679566.8,234065637.1,253746692.1,43166575.39,,57711824.86,31793580.72,4888.25
3/25/2022,1288834509,834013687.1,233274517.8,251327316,294562.04,,59300051.31,31989943.23,5162.71
3/26/2022,1276368051,803148804.7,235478492.9,250984664.6,46521680.73,,62140991.3,31988804.94,5728.36
3/27/2022,1350954035,837055040,242063561,258101145.1,53513001.62,,66394477.36,32463650.8,6649.33
3/28/2022,1373220267,884475701.1,242093446.9,251994394.6,50602760.5,,69840857.83,31789888.14,7251.41
3/29/2022,1411830752,870816288.4,245358978.2,297796596,42860594.2,,72173457.37,31894947.17,8407.73
3/30/2022,1413645016,890364368.8,244452894.8,282535961.1,46797305.48,,92422401.66,33432370.51,9557.78
3/31/2022,1320774439,873702161.5,238661097.1,256130379,71241890.54,,83789148.68,31430625.77,10189.47
4/1/2022,1359097512,900613428.8,246460098.5,266351079.1,80825299.5,,80416890.4,32569235.37,10964.89
4/2/2022,1377576733,927418820.1,246316550.7,254303382.6,78642351.56,,83569334.04,32587835.73,11618.67
4/3/2022,1535603325,914605242,252854567.9,262545155.8,98236445.18,,81062174.62,33333852.37,12434.83
4/4/2022,1449745046,861251539.3,251631740.6,259761403.6,94748903.1,,86248107.39,32698845.1,13141.62
4/5/2022,1389895266,829558590.2,246052627.5,255198369,77421810.12,,79731467.34,31506227.26,15649.82
4/6/2022,1203013766,747337481.5,231694119,234652886.5,56307201.7,,78363310.59,30642287.11,15688.07
4/7/2022,1227410823,742542682.1,234900260.6,247432981.7,68815072.97,,68215763.23,30321730.25,16526.02
4/8/2022,1120450726,703919816.7,231093487.5,237339115.6,56064092.42,,73028185.2,27938964.45,21615.75
4/9/2022,1157212887,712949505.9,235200407.2,250578956.1,70722543.5,,67438447.07,28579966.78,22263.28
4/10/2022,1130475159,716579499.4,231984228.5,239986836.8,70358260.54,,72466083.28,28343565.87,22442.49
4/11/2022,1022867435,587466793.7,220911012,213739076.6,68051558.24,,69753661.09,26459544.88,22325.72
4/12/2022,1058002725,603937493.4,223912957.9,228440997.7,71073076.87,,70064891.95,26501852.69,23335.76
4/13/2022,1081956589,603588457.2,228199813.7,250203712.4,75551626.31,,67162950.75,27502656.79,24424.82
4/14/2022,1039606069,584055261.6,222902915.5,232675638.2,73960800.47,,64097818.25,30232142.84,28989.5
4/15/2022,1059009808,579815352.3,224273787.1,240618206.1,78750836.91,,64441051.99,28746620.94,29572.78
4/16/2022,1062626526,574522642.1,225164327.3,236680406.9,76630657.13,,66007600.79,27756613.77,29867.67
4/17/2022,1033021949,570864141.8,221355745.8,223454734.6,72707008.05,,63312340.56,26735049.83,25696.72
4/18/2022,1058624243,574867200.2,224138902.4,250881633.7,73162727.87,,58001198.36,27172674.49,26635.17
4/19/2022,1100183099,612443415.4,227072203.6,256327569.5,77010684.53,,58027675.75,27719903.95,27558.89
4/20/2022,1090366346,598441009.1,225575716.9,263573814.2,74052696.19,,57428568.36,28529142.9,28077.51
4/21/2022,1075452278,551185983.7,221373517.7,254916075.2,71417493.05,,55786688.4,28087774.72,28667.32
4/22/2022,1054082320,557409178.9,221983021.1,249342839,71155957.89,,57754389.35,26548508.93,28941.32
4/23/2022,1037447224,535115675.8,219645186,252658984.5,69489597.79,,52826455.02,26282010.83,29436.61
4/24/2022,1128710749,517394710.3,218694776.7,255266943.5,67702389.79,,51330242.95,25581679.52,30252.6
4/25/2022,1158945423,499022184.7,221912389.6,254093156.8,69301652.51,,52107134.04,26121421.31,31063.64
4/26/2022,1061397221,442038982,211392190.9,247713363.4,64259734.16,,45712014.39,24253757.6,30716.75
4/27/2022,1366466032,424215610.7,215382172.6,266843764.4,65875027.63,,46984108.97,24557079.72,31521.07
4/28/2022,1389350016,451126544.5,217181919,296572289,66351470.03,,44264519.74,24630732.55,32381.09
4/29/2022,1203757183,398834680.5,210637479.5,278432235.6,63845016.54,,40718171.95,24158855.47,32263.1
4/30/2022,1508775205,352647486.6,205111673.5,280368005.1,60183949.38,,35344242.35,22641934.5,32265.11
5/1/2022,1765947360,457960436.1,210185938.4,290691975.6,61805919.49,,35223432.23,23486026.57,33122.87
5/2/2022,1897309989,488683823.8,211299057.5,268827942.5,61334367.63,,35727912.53,22731091.94,33572.08
5/3/2022,1609282992,427346115.1,207618094,279646145.3,59758893.8,,40529333.96,22679552.81,33798.69
5/4/2022,1588315342,503312725.4,215699860.2,285503470.1,62710039.91,,35762019.25,23849397.64,35028.34
5/5/2022,1450593546,457947162.1,205535095.5,277959856.7,288109.46,,42648220.2,22210397.97,34515.68
5/6/2022,1413446553,438668289.5,203550267,300538286,286076.52,,38847531,21833304.61,35449.85
5/7/2022,1406088099,391409491,200170870.5,280893791.8,284937.76,,36557419.52,21116373.67,36012.46
5/8/2022,1309552362,370192072.3,195050048.4,279078501,55719741.17,,34463784.45,20232360.95,37382.2
5/9/2022,1026121509,310736021.5,179390762.1,216976803.8,274072.47,,33486563.88,16441419.08,38515.97
5/10/2022,1090613030,320290124.1,184301930.1,225464898.7,275935.73,,30204684.24,15544868.13,42183.39
5/11/2022,737138820.3,221908816.2,168115732.7,195314987,271946.11,,30587192.45,9693443.44,49268.81
5/12/2022,673897029.2,215797605.8,161651101,186147104.4,3309.75,,28169831.67,9069876.73,50723.72
5/13/2022,765303446.9,232042743.5,165151918,195189975,3428.53,,25922841.7,9466416.99,48724.31
5/14/2022,758783138.1,234641686.3,168381246.2,205271730.3,3615.49,,26333339.7,11433226.28,49697.65
5/15/2022,808094214,258915637.1,172040156.4,212646021.1,3754.66,,25420049.83,12219657.01,50773.75
5/16/2022,831756588.7,262266696.8,166404502.5,200638776.4,3604.02,,22583439.8,12349605.34,51109.67
5/17/2022,964439476.8,270691032.4,169909211.6,207007120.9,3702.2,,19406468.46,13140507.56,52223.36
5/18/2022,820723204.5,234197491.2,162194836.6,192983226.9,3525.92,,22225726.35,12144843.52,52608.47
5/19/2022,978444118.7,251914590.8,166914243.4,202330041.2,3716.23,,21094552.41,13056561.31,54020.07
5/20/2022,1007972120,238494232.3,164957746.5,197781944.4,3651.38,,23025107.25,12430819.62,54176.66
5/21/2022,995927083.5,245279678,167680229.9,195100879.1,3675.18,,20518235.54,12685744.67,55073.03
5/22/2022,983677694.8,251063339.9,170108152.9,199742343.2,3793.37,,22369549.86,12840001.42,55803.36
5/23/2022,988984076.4,238791131.2,165958095.7,197695734.5,3755.63,,22449381.85,12487205.71,56323.43
5/24/2022,956407515.1,247969568.9,167138289.8,170359847.8,3789.57,,20216020.79,13527731.7,57384.94
5/25/2022,954790914.4,242297591.6,164838201.5,165100758.2,3537.59,,19900498.87,12548210.12,57964.42
5/26/2022,815628892.8,208383376.2,157566521.1,142881204.8,3463.75,,19915298.51,13980621.31,57806.18
5/27/2022,760676373.2,193858741.1,154492603.6,127591689.7,3429.23,,19730551.9,12360902.04,58046.28
5/28/2022,797317586.4,199512597.9,157754552.7,133915165.2,3600.5,,19126196.89,12813085.76,59082.16
5/29/2022,795077823.9,198395480.5,159500486.5,157282795.8,3826.53,,16326574.38,13528273.28,59919.51
5/30/2022,984196862.4,235041122.8,168451500.5,157358395.4,4282.99,,15279111.02,14513309.04,61600.88
5/31/2022,925849563.7,233539613.7,165858070.9,144772633.6,39239561.74,,16071122.66,14672105.8,62700.93
6/1/2022,834948758.3,206760860.9,159617026.4,130017574.5,38455563.48,,17139131.07,13181524.78,63716.27
6/2/2022,878080158.4,209810905.2,160858604.8,134323788.5,43538588.72,,15228650.21,13265290.34,65131.98
6/3/2022,836594841.2,197086852.4,157873211.6,140091432.2,42044827.55,,14686693.92,12955859.29,66017.36
6/4/2022,854442521.4,196309875.1,158917524.1,136401594.7,41906972.56,,11921539.89,13502747.2,66984.86
6/5/2022,859943813.7,193195374.4,159076235.5,137527859.8,41848363.26,,12585140.17,13024956.3,68144.1
6/6/2022,941533570.2,200990957.2,161589409.7,136699704.8,41964659.08,,13545795.76,13431809.62,69531.01
6/7/2022,930828966.3,196825702.3,160147247.2,133709204.2,41998829.32,,14154020.98,13424840.83,70236.76
6/8/2022,891573664.4,192613017.7,158916394,131137796.7,41584056.93,,14594737.87,13957987.03,71097.45
6/9/2022,893470122.5,194423070.5,158470704.5,129988774.5,41374097.43,,15556836.3,14198319.48,72262.79
6/10/2022,808333971.7,172137121.7,152639430.1,126687427.7,41170003.33,,16563412.98,13007558.73,72482.34
6/11/2022,715109880.1,153544518.8,146118588.7,115173168,40376725.54,,17421609.67,11878492.01,72832.46
6/12/2022,665054480.7,142010891.6,141780959.1,104721561.5,40248251.18,,15807490.28,10503519.31,72849.29
6/13/2022,622595948.4,110770017.3,132453438.5,94745034.33,36669454.36,,15511208.68,9245715.03,71854.36
6/14/2022,643961705,106608496.8,132840556.8,96479414.14,36669775.04,,13484446.21,9631431.34,72449.95
6/15/2022,725592419.3,115142277,138024287.6,103315695.6,38363585.82,,13539927.38,9710167.87,73475.29
6/16/2022,615408392.3,94500214.96,141313141.8,90267802.6,32935344.21,,14348841.5,8661265.73,72816.12
6/17/2022,640112652.2,95407359.26,142282155.5,97092050.94,33122921.71,,12148086.24,9645464.9,73453.62
6/18/2022,687872725.3,88504707.03,138288958.4,94489240.74,30284900.28,,13015172.85,8741163.17,73178.54
6/19/2022,689851562.5,120235639.7,144595916.6,99595247.07,34231999.79,,12327686.65,9074347.75,74456.65
6/20/2022,696744050.3,122223827.6,144197861.7,98951161.6,34218908.87,,12192946.97,9712342.97,75078.49
6/21/2022,696612569.4,122408382.6,144441639.8,102437727,34103901.99,,12143315.98,9541184.26,75647.39
6/22/2022,658069061.2,136969466.1,141290255.5,93626010.99,31861894.07,,10915012.72,8880259.77,75939.84
6/23/2022,713469605.5,154384927.3,145610946.3,103790552.6,34704056.74,,11837271.65,9893216.68,77723.97
6/24/2022,767016263.5,156069513,150203589.4,108108658.2,37170496.27,,11728919.07,10704958.69,78926.02
6/25/2022,764944034.5,150849326.8,150862564,106014798,37728024.63,,11540063.53,11153679.14,79438.97
6/26/2022,719691865.7,133802350.7,147814893,102509563.7,36847689.7,,12504669.94,10769977.71,79243.7
6/27/2022,716040268.1,136175418.2,147424466.4,100117656.2,36637648.04,,12402375.38,10676948.63,79285.79
6/28/2022,679101629.2,165282179.7,144683742.6,94515934.61,35164317.17,,12442178.9,10248578.06,79009.11
6/29/2022,677470640.9,162598061.1,143000687.2,119653415.4,33808593.39,,13072051.11,11513463.48,78792.61
6/30/2022,663280586,142920831.3,141307838,111447330.9,32768048.45,,12458745.65,10394113.67,78710.55
7/1/2022,650129942.9,133744848.1,140830662.2,106677352.4,32552066.5,,11573971.76,10324557.08,78557.83
7/2/2022,660100054.5,142162870.8,140833117.9,112071476,32754803.86,,10810334.11,10550062.59,78972.68
7/3/2022,695649246,141656600.1,141160300,109589014.7,32955249.98,,10482669.17,10398268.72,78908.78
7/4/2022,758127321.7,144748748.1,145044360.9,126266502.6,35174030.5,,10311753.41,10966418.99,79944.92
7/5/2022,722685030.2,139335980.7,144492881.7,119710306.4,34426714.76,,10104309.34,10783618.15,80167.69
7/6/2022,790128213,144016195.8,147003462.7,123855654.5,36017011.39,,10039684.85,11164771.6,80725.49
7/7/2022,798322736.5,155576013.2,149293882.2,130372887.8,37527972.9,,9696877.15,11998940.76,81666.96
7/8/2022,768542483,143129528.9,148458135.2,126206392.5,36815742.87,,10139547.37,11296624.14,81935
7/9/2022,768008740.3,144058959.2,148712039.3,129329845.9,36805054.28,,9878037.89,12056560.64,82055.62
7/10/2022,718327304.3,136647768,146088001.8,125110691.8,35925253.28,,10021483.23,11028342.05,81747.32
7/11/2022,657590051.8,136462508.3,142230960.6,115743493.2,33784858.44,,10185843.28,10768045.71,81616.88
7/12/2022,640915359.2,130364494.8,139477531.4,110966965,31958085.73,,9640636.95,10312258.89,81389.42
7/13/2022,683500571.4,138243949.3,143299176.3,116795019.5,34346968.1,,9504303.22,11004938.81,82832.24
7/14/2022,709114588.1,139309569.7,146910724.5,124320328,36433315.5,,9455672.82,11450398.84,83996.84
7/15/2022,707548148.5,145307694.6,149101050.3,118198181.5,37594149.32,,9179482.63,11217962.6,84341.62
7/16/2022,755041857.7,147876197.8,154760625.5,138879208.1,40807285.28,,9424557.4,11839128.63,85403.21
7/17/2022,723325390.3,142405126,153522768.9,128234500.5,40308371.7,,9910613.71,12076223.17,85670.58
7/18/2022,883124598.6,153806691.9,165161612.1,138249184.1,47608963.69,,9828044.74,12790571.48,88736.01
7/19/2022,843265892.7,160035245,163360452.7,131250059.5,46334723.82,,9580033.14,12239769.37,88705.68
7/20/2022,867372144.5,143788770.8,161501757.5,123479382,45648434.27,,9814094.05,11874902.95,88012.56
7/21/2022,988489727.2,147369582.2,164002305.6,129402360.6,5815.53,,9520657.47,12437220.46,89455.09
7/22/2022,930112551.6,140718884.5,161944164.9,125364161.4,5721.78,,8995915.51,12008855.43,89637.4
7/23/2022,972626815.7,145830738.9,162787721.6,128133800.2,5740.63,,9283073.35,12439765,90065.76
7/24/2022,1001229039,154639123.1,164634912.8,128131196.4,5819.06,,9582336.88,12343061.12,90633.6
7/25/2022,946128100.4,143068384,157214085.2,122881077.7,5497.59,,9530404.2,11815759.18,89377.02
7/26/2022,974252176.1,140470818,157863587.3,125479169.7,5509.89,,9258457.13,11986784.75,89635.76
7/27/2022,1170110847,151510990.2,166569093.5,131392564,5890.85,,8789487.23,12832470.22,91855.21
7/28/2022,1146652825,153064653.5,171236329.4,140657587.6,6065.33,,9028522.62,16396651.07,93182.01
7/29/2022,1114063961,153305001.3,171591246.8,142335872.4,6074.77,,8837243.92,17915883.72,93838.19
7/30/2022,1110694786,155023956.6,170417315.3,143606478.8,6023.49,,8530885.61,16196759.42,93777.97
7/31/2022,1084836450,188890274.9,169529263.7,136487289.3,5986.88,,8249361.67,15477946.99,93876.75
8/1/2022,1068514950,180993441.6,168092397.4,135038696.2,5906.14,,7591456.3,15756575.13,93553.27
8/2/2022,1131849166,177654503.5,167751063.2,133999480.1,5876.79,,6849810.12,16394134.89,93652.51
8/3/2022,1237793379,179505641.3,167116963.9,153631877.4,5860.77,,7736667.47,21401831.12,94227.41
8/4/2022,1193129882,174143778.9,166622223.2,145994258.8,5838.22,,6666839.33,18506583.3,94700.94
8/5/2022,1298641509,186034792.9,172749474.8,154126197.1,6073.72,,7655154.25,21538325.3,95894.98
8/6/2022,1280931909,176439916.8,170339259.5,151902736.9,5994.19,,7820724.19,21215896.33,95685.02
8/7/2022,1277381735,181853688,171131193.3,162197089.1,6026.66,,8158572.22,19871035.68,95957.15
8/8/2022,1268604928,186734076.6,174607255.1,118491385.4,6173.11,,11257365.93,20607612.41,96924.75
8/9/2022,1192354053,173266282.4,171446059.2,90096988.48,6036.92,,16340873.84,20991381.29,96271.15
8/10/2022,1225736561,175403439.7,178321687.6,96459553.28,6303.25,,14194402.39,20977442.41,97701.01
8/11/2022,1196209570,170086347.3,179097195.3,87691167.15,6338.51,,14403334.09,20777603.78,97607.19
8/12/2022,1224327385,175917243.4,182659685.7,75854226.21,6486.26,,13992985.43,21670277.23,98424.18
8/13/2022,1179556948,191276676.9,183085689.8,64321602.35,6531.24,,13584604.1,21000468.57,99224.84
8/14/2022,1116341426,177514059,180604287.3,75655683.33,6444.25,,12518555.83,20588619.03,99017.74
8/15/2022,1149763265,167836157,178817716.5,71054507.51,6372.33,,13543392.11,19914893.19,98771.12
8/16/2022,1148694497,162023181.9,177560940.4,68136688.61,6319.16,,12266984.58,20349322.55,98545.6
8/17/2022,1199174724,157033841.3,175020656.7,63886338.16,6214.23,,10978077.13,18840192.38,97923.58
8/18/2022,1083800384,150013802.2,174777917.3,64414927.32,6208.64,,10710320.33,17603590,97733.72
8/19/2022,979096232,131603239.1,163662248,49827854.54,5738.65,,12250632.58,15299071.05,95834.66
8/20/2022,967910730.7,131978522.2,189769867.2,50340421.96,5701.75,,11707419.02,16105005.2,95905.01
8/21/2022,1010403716,148294351.9,192499298,52301038.97,5793.49,,11140468.69,16459148.52,96740.68
8/22/2022,1047753192,149986570.2,192319360.6,48340762.97,5787.31,,10826755.68,15711708.6,96743.55
8/23/2022,1045748292,147885501.5,194761625.9,48509332.51,5864.56,,10752396.22,16024717.81,97450.16
8/24/2022,1059539544,141400809.7,193808336.6,63498098.3,5842.45,,10890430.71,16290768.22,97409.83
8/25/2022,1041658551,139841869.5,196052109.1,59251859.7,5905.74,,11380842.45,16124187.6,97961.54
8/26/2022,931431459.4,124197027.6,185024773.9,50243645.29,5548.92,,12240583.64,14595884.58,96370.38
8/27/2022,912542376.3,127878491.2,184417537.3,44603090.59,5524.12,,11006360.59,14617271.68,96747.35
8/28/2022,865759831.2,124963583.7,180472000.9,46805075.47,5394.62,,11005683.81,14344753.01,96311.36
8/29/2022,966022049.6,134011374.8,187611204.4,49941638.01,5624.69,,10653112.37,15645619.44,97715.91
8/30/2022,931560848.2,126929217.2,185513255.4,46627432.19,5562.11,,11174483.61,15941500.15,98258.87
8/31/2022,954570021.6,125967204.7,187231160.2,46422339.21,5612.33,,12120111,15403454.26,98922.28
9/1/2022,1023369932,126125174.1,189197676.7,47101578.61,5680.83,,12614942.13,15178900.56,99961.62
9/2/2022,1053101756,126230228,188881357.4,47546868.08,5657.15,,12722892.81,15175044.4,100253.7
9/3/2022,1070352223,124714846.9,188559245.2,47219323.91,5627.48,,13007970.85,15364595.03,100455.75
9/4/2022,1045528937,126258708.6,189558200.7,48553362.99,5667.61,,13783966.53,15562554.09,101036.25
9/5/2022,1111919143,122181413.4,191526655.8,47461940.11,5727.11,,13131973.02,15206615.6,101668.24
9/6/2022,1084910217,112591951.7,187421037.7,42563051.19,5564.12,,14115661.56,13670128.3,101305.77
9/7/2022,1129830968,124116303.6,190687174.7,43723962.22,5692.58,,12084368.39,14979998.67,103561
9/8/2022,1195283800,135249294.3,190139269.4,51380832.61,5710.18,,13569457.56,14827279.64,105161.5
9/9/2022,1182511860,138406351.4,197668892.6,55271626.02,5933.46,,14190677.66,15718884.76,107021.15
9/10/2022,1198099149,142650128,200224842.9,53649208.95,6039.76,,13602761.24,15676047.6,108733.08
9/11/2022,1209018927,137792622.4,199680631.1,55698644.12,6021.49,,13957084.63,15438616.69,108967.49
9/12/2022,1152976920,139165327.2,198060526.6,50050491.11,5974.3,,13722524.32,14833094.8,110396.58
9/13/2022,1106809994,116407596.5,187992458.5,47143454.22,5648.32,,12571060.11,13924677.14,110573.88
9/14/2022,1122079034,118228689.5,190799554.4,45726998.07,5750.59,,12094819.99,14253243.87,112573.6
9/15/2022,1071897611,114278846.1,183140100.7,43572294.47,5485.68,,12498329.37,13333143.13,112421.6
9/16/2022,1096004011,107470786.4,182002410.6,42938170.19,5429.08,,12157987.45,13349104.54,113792.23
9/17/2022,1098305714,110594760.8,184235136.5,44312700.95,5511.07,,11647748.52,14042320.26,115155.36
9/18/2022,966922007.5,101542448.7,176848381,38191830.53,5256.23,,11510120.52,12359443.82,114257.31
9/19/2022,1031644301,104783768.4,179099172,39606927.74,5326.21,,11044685.08,13110120.04,116029.03
9/20/2022,1011076655,105617520.5,175850562.2,37358883.5,5205.85,,10000505.1,12682051.42,115681.58
9/21/2022,1013213451,104475572.5,171916690.5,35556479.82,5074.14,,9576452.5,12573920.58,115303.03
9/22/2022,1051706671,108868132.6,176682196.4,36230550.32,5244.75,,10539687.23,13393642.22,117185.91
9/23/2022,1056784101,112085115.5,176611699.6,39405860.59,5252.78,,10836626.29,13621529.08,117905.1
9/24/2022,1032253647,106553407.4,175538301.6,39039490.84,5218.1,,10201102.71,13103356.32,117660.84
9/25/2022,1035941577,107473953.5,174103675.6,36778478.7,5179.18,,9547138.01,12707099.5,117453.09
9/26/2022,1119761879,111587520.1,176901773.5,36570890.33,5262.9,,9770175.06,13017718.18,118459.72
9/27/2022,1148961043,110292821.5,176640410,35682996.93,5247.83,,9257434.7,12923212.95,118662.05
9/28/2022,1184228450,108436734.3,177295381.6,34226388.82,5268.92,,9337358.34,13050620.84,119443.73
9/29/2022,1181707714,109246522.7,177524995.5,34704977.95,5275.89,,9130670.39,12909459.59,119924.11
9/30/2022,1202320127,105617827.3,177018736.1,34444557.84,5255.01,,8900405.64,12966487.88,120615.09
10/1/2022,1119016158,105259080.7,175950912.6,34123834.99,5220.92,,8472435.28,13257914.83,120759.02
10/2/2022,1073035850,105044871.6,173973118,33302950.47,5153.92,,7919338.66,12767406.22,120682.73
10/3/2022,1172085965,105868322.5,177092701.4,33617223.8,5256.05,,7388277.08,13291527.72,122349.38
10/4/2022,1205241668,118909258.7,179930057.2,35718926.7,5355.19,,7534284.18,13449008.14,123937.17
10/5/2022,1310735298,113674893.7,179181193.6,34523018,5340.26,,7838979.46,13107369.27,124541.77
10/6/2022,1289283781,110929588,178743302.6,34744438.63,5321.47,,7457192.67,13001298.53,125060.35
10/7/2022,1291202206,109166065.6,177065236,34827976.41,5277.07,,7609907.19,12985615.81,125284.33
10/8/2022,1317632578,105719010.2,176121337.9,34744367.17,5237.11,,7441002.47,12952033.32,125142
10/9/2022,1353943925,108144723.6,176710702.6,33996529.31,5256.51,,7627991.01,13232169.75,126124.03
10/10/2022,1212366014,103924766.2,174393699,32337358.57,5190.63,,7759308.52,12601643.91,125804.12
10/11/2022,1243275698,98079189.76,173785584.6,29603384.15,5159.09,,8364434.49,11653718.08,126388.13
10/12/2022,1285983779,96859154.15,174549200.5,30047920.57,5185.8,,7617298.24,11410648.63,127005.3
10/13/2022,1448360966,95888240.71,174638159.2,28595850.96,5183.45,,7577945.69,12276261.61,127392.72
10/14/2022,1460842047,89914362.18,174321024.6,27610524.49,5183.19,,7514250.74,11450451.85,127948.55
10/15/2022,1454268438,92064178,173233245.3,27433876.34,5146.12,,7769709.64,11182362.42,128135.02
10/16/2022,1475129895,98136300.34,175116668.8,28607226.57,5208.77,,8050561.42,11789876.13,128918.99
10/17/2022,1443384313,94010073.17,177181498,34401080.79,5270.58,,8086546.28,11736849.75,130697.93
10/18/2022,1424208416,95281302.99,175888770.9,31053256.16,5229.37,,9141852.35,11448577.18,130836.65
10/19/2022,1382113814,94304659.93,174406492.3,29381719.29,5172.82,,9091277.3,10844229.44,131402.85
10/20/2022,1299990684,94162556.45,173862797.3,28720551.35,5156.43,,8212946.64,10912537.77,131228.48
10/21/2022,1278398662,95757674.7,162325228,29523703.79,5197.63,,7981174.5,10976796.45,132274.47
10/22/2022,1247658089,100856928.3,162892617.1,32999951.43,5218.3,,8447096.33,11172500.79,132744.01
10/23/2022,1283415168,105159259.8,165673752.7,34019437.66,5325.74,,8236059.89,11538196.86,134697.29
10/24/2022,1273435363,113869892.1,164752760.4,33263774.99,5281.65,,8286949.03,11204355.32,134743.13
10/25/2022,1312385049,116931762.6,170734479.7,33315466.16,5487.79,,8145906.59,11422621.67,137894.83
10/26/2022,1358866872,117515598.6,176508804.5,33668177.37,5677.57,,8143012.34,11762351.32,141037.27
10/27/2022,1298022788,111357564.8,173663119,33045956.38,5565.46,,8658594.49,11385848.19,140488.32
10/28/2022,1298591881,121644001.7,176192337.8,33585973.21,5656.61,,8596449.12,11702666.31,142179.01
10/29/2022,1339811833,121747927.3,179279302,33594112.36,5761.52,,8874236.75,12162832.48,143892.33
10/30/2022,1302873444,125984308.8,177817373.5,33014107.17,5710.49,,9196923.92,12247892.03,143785.44
10/31/2022,1281119379,132959844.9,177174109.1,33169835.37,5686.63,,9273862.13,12168420.62,144335.15
11/1/2022,1224147309,147658039.5,177126544.6,33288788.42,5682.72,,8466007.42,12001361.52,144766.41
11/2/2022,1215298056,172017302.7,174460488.5,31325859.07,5578.24,,8053107.89,11989235.73,144595.4
11/3/2022,1251982333,166036800.9,175147505.3,32759092.2,5613.95,,8120805.26,12966103.05,146130.13
11/4/2022,1343256256,166736943.8,182036558.1,33876792.53,5877.49,,8135891.65,13281166.81,152086.2
11/5/2022,1359824122,202300427.1,181288884.1,34227865.16,5862.62,,8951791.53,13239203.97,152928.84
11/6/2022,1241695588,203828139.6,177528656,33594199.6,5742.14,,9100123.43,12447446.61,151357.54
11/7/2022,1224773257,175003210.8,177172436.4,33670929.13,5757.07,,8902778.19,12957276.02,153113.06
11/8/2022,1018075474,134888285.9,163422597.2,26030741.2,5271.16,,9186010.54,10690584.68,152835.71
11/9/2022,800694802.4,96177754.4,149831152.2,19087778.38,4752.43,,7905041.86,8290831.03,146656.47
11/10/2022,984407657.2,129607194.2,161157163.5,22400616.93,5190.19,,6410170.67,9427146.34,156320.11
11/11/2022,947010818.3,116564614.6,160474921,21107578.2,5127.91,,7359205.67,9161364.44,156958.83
11/12/2022,921618179,106979898.7,157840979.4,22820487.64,5026.71,,6545397.47,8792013.37,155399.33
11/13/2022,925727832,102208733.2,156000398.5,25241661.44,4950.99,,5996504.53,8862940.68,154872.56
11/14/2022,981719386.7,107502193.8,157873848.6,26569286.45,5001.87,,4688867.58,8884721.72,157504.84
11/15/2022,1000723631,104780727.3,158434260.1,26296608.64,5032.85,,5411756.73,8992357.41,158750.91
11/16/2022,959722097.9,101316980.5,165197315.7,26397931,4958.1,,7132734.18,9057384.47,158135.53
11/17/2022,964742672.6,100812633.2,164628567.4,25773770.89,4932.5,,6894581.94,9134642.54,157956.46
11/18/2022,983776183.3,102479605.2,166653848.6,27190219.72,10506.44,,7599778.25,9153925.42,159205.92
11/19/2022,1007570594,100203881.4,166178524.5,26602600.32,10533.2,,7669063.66,9201214.75,160719.1
11/20/2022,917378461,94111532.57,159778479.4,27391687.06,10032.21,,7619177.54,8948848.45,158655.46
11/21/2022,902521560.6,89021070.24,158374508.2,27213394.63,9804.91,,7441241.24,9376010.4,159658.42
11/22/2022,926833387.6,91157617.03,149758690.8,28608713.91,10019.08,,6516586.25,9646097.34,161875.06
11/23/2022,1007741057,100126307.9,157982418.9,28949587.12,10334.33,,6973120,9774075.87,164021.65
11/24/2022,996162759,96547902.09,158650704.2,29188958.42,10446,,6839930.52,9889023.4,164845.98
11/25/2022,982527409.3,95206580.62,157774560.3,28821356.57,7410.59,,7281376.13,9612030.12,165199.59
11/26/2022,979615370.6,108506677.9,158118734.5,28828275.78,7445.05,,6978695.66,9566776.79,165889.59
11/27/2022,1005057604,108928895.8,157406756.8,28239798.27,7402.92,,7078894.61,9478195.99,166077.49
11/28/2022,972640774.7,101557472,155972390,27142128.22,7299.71,,7239986.21,9838339.44,165515.46
11/29/2022,1018635931,102771669.8,159573311,27722555.05,7491.61,,6904652.4,10093741.95,170469.92
11/30/2022,1068210705,107189881.9,165041897.1,29547423.37,7824.28,,7012319.34,10372551.45,175029.3
12/1/2022,1061122963,102141841.2,163969373.4,28423113.88,7733.5,,7360174.41,10284996.93,174565.87
12/2/2022,1064521846,103647770.2,165175646.3,29359364.29,7810.19,,7439007.56,10409951.9,176405.29
12/3/2022,1046477432,110057269.7,161794837.5,28641180.97,7599.13,,7528536.2,10121071.37,175170.96
12/4/2022,1058587372,109197843,165582286.2,29250025.09,7757.06,,7439009.79,10321790.42,176995.24
12/5/2022,1047277790,104929321.5,164210149.5,29546374.67,7672.94,,7820721.28,10774749.86,176649.52
12/6/2022,1038290443,111991613.9,165039022,30163206.63,7722.7,,8997161.32,10601690.36,177840.48
12/7/2022,1000642940,106957710.3,163205143.3,28405227.47,7562.11,,9328712.75,10082341.41,177289.89
12/8/2022,1030722128,109117365.7,165668597.9,29460367.83,7755.95,,9706146.43,10184565.39,179813.88
12/9/2022,1019870205,106964345.2,165249158.8,28844183.83,7683.74,,10056304.26,10183967.92,179462.15
12/10/2022,1033784115,107593045.6,166079073.5,29017276.9,7696.02,,9015643.5,10382432.27,179697.59
12/11/2022,1015962956,104082729.4,166019673.4,29634393.13,7680.04,,9618001.13,10237571.15,179643.19
12/12/2022,1003072883,104494360.7,165594347.1,28630854.63,7727.77,,9949384.17,10341740.85,181054.35
12/13/2022,1007020615,108063880.8,168603623.9,28296391.48,7915.78,,9505438.91,10184743.41,182880.85
12/14/2022,1004327429,104224129.1,167166646.4,28071202.55,6559.43,,9190925.74,10079742.68,182768.99
12/15/2022,971146183.6,102276634.2,164551057.1,27809597.64,6421.78,,8673300.16,9488037.31,181583.2
12/16/2022,874865916.9,90672062.25,155845879.4,23906988.22,6115.62,,8380019.1,8294158.74,175048.73
12/17/2022,886285174.9,92749062.02,157614869.6,24821186.27,6185.03,,8342527.56,8676510.55,176497.08
12/18/2022,876511054.1,93584279.89,157094962.7,24322938.88,6166.16,,8195655.33,8419484.48,179213.56
12/19/2022,820411954.1,86791768.76,155558338.4,22377023.83,6102.5,,8252121.37,8023774.88,175758.32
12/20/2022,862767782.2,90524342.15,159331489.5,23303211.57,6257.65,,8387992.27,8356239.1,180756.41
12/21/2022,853114730,86878439.27,158410315.4,19462690.55,6240.74,,8878973.25,8228738.91,178326.62
12/22/2022,843466939.1,88274712.49,158629968.7,18646306.63,6248.82,,8688338.6,8014504.6,178972.62
12/23/2022,833803770.3,89456662.97,159770654.6,18888278.71,6257.41,,8747654.36,8208139.31,179612.33
12/24/2022,830727193.3,88834890.52,159787412.9,18475685.46,6263.45,,8671982.15,8345867.98,180302.4
12/25/2022,839561681.1,85962495.9,159620571,22238643.06,6252.95,,8699322.25,8170698.95,180541.22
12/26/2022,859659657.4,87981964.74,160799503.9,22808565.12,6286.96,,8695065.5,8457288.5,181672.2
12/27/2022,848134626.6,86404730.26,159540453,20975038.07,6231.46,,7749865.44,8182461.6,181457.77
12/28/2022,835071849,88335334.06,158329247,23579051.77,6157.46,,7652197.94,7849228.12,180212.4
12/29/2022,821061640.8,84914569.79,159183218.2,21943753.59,6190.36,,7411886.27,7936853.99,181075.29
12/30/2022,810831353.4,84560067.79,158682535,21732866.9,6176.53,,7066135.34,7746990.96,181244.57
12/31/2022,815481594.7,82889492.74,158793846.7,21294177.07,6168.08,,6956021.67,7923777.23,181880.23
1/1/2023,825382188.7,82901963.27,159105016.4,22655938.59,6185.29,,6919094.34,8162415.01,183156.88
1/2/2023,856330146.2,85157340.88,159117017.9,22158090.57,6227.22,,6697636.6,8204982.67,184260.25
1/3/2023,849605283.4,85417424.73,159106410.7,21586317.12,6227.17,,6948602.13,8116059.25,184399.64
1/4/2023,887805612.1,86689985.28,160564171.1,21710026.97,6346.78,,6747327.56,8164902.59,189173.25
1/5/2023,862116068.8,88046631.2,160181097.9,22073715.56,6332.79,,6763116.6,8214596.05,189119.71
1/6/2023,877333748.9,87571155.08,160829725.5,21366933.22,6384.85,,6551520.63,4630993.01,190146.14
1/7/2023,878262432.2,84597026.47,160586417.3,21579937.09,6372.47,,6300291.77,4743200.85,190515.3
1/8/2023,915538451.6,89179842.54,163117972.2,21308614.02,6457.65,,6381641.21,4851940.28,192771.24
1/9/2023,925307508.8,91552628.82,165631299.6,22483059.49,6540.88,,6480285.54,4966810.16,194121.31
1/10/2023,934551815.5,92445941.46,165869863,22423352.81,6595.21,,6454880.72,4936134.3,195263.35
1/11/2023,956610129.8,93476236.97,169588772.1,22321112.45,6769.38,,6526088.4,4960460.52,197469.33
1/12/2023,963904745.5,95815556.84,171335663.9,22504727.64,6877.91,,6764028.33,5117769.28,199992.95
1/13/2023,1016384457,112811166.6,175432749.7,23177388.32,7016.95,,6869513.03,5307178.25,203077.75
1/14/2023,1059940519,115194108.3,182251618.2,24734595.83,7330.88,,7008347.02,5496034.95,210293.58
1/15/2023,1069308191,118169041.2,182840051.7,37200336.2,7326.95,,7050327.49,5625666.16,213389.31
1/16/2023,1123937146,127762038.3,183864282.3,31609495.38,7404.31,,7330955.72,5630120.2,215217.61
1/17/2023,1082348559,120481306.1,184975214.7,30392862,6980.94,,7160112.11,5713763.51,216267.86
1/18/2023,1026112602,111026605.2,180359729.4,26422272.76,6810.81,,6766725.81,5256299.63,213308
1/19/2023,1067649457,117086352,184484108.5,28506711.86,36805823,,6533767.59,5399131.45,216061.23
1/20/2023,1148064747,146576150,192981256.4,30532970.47,35925993.42,,6339784.27,5760748.84,224136.67
1/21/2023,1115663489,139924442,191151782.7,30202463.91,33244652.69,,6496712.76,5816301.67,223075
1/22/2023,1104388502,141922828.8,192038038.2,28514513.05,33147547.05,,7580187.29,6059684.04,223867.88
1/23/2023,1126704744,178011050.5,191867835.6,34329325.1,33652999.76,,7254705.58,6166897.5,224969.06
1/24/2023,1053510365,161247405.1,185905068.1,31047467.26,32254816.8,,7183523.5,5842571.78,222188.61
1/25/2023,1140531064,181195867.1,191022622.6,33089114.9,32812024.96,,7306281.39,6160035.55,227124.75
1/26/2023,1154238925,183756050,190084016.5,31599190.17,31994705.21,,7490139.27,6211328.01,228583.87
1/27/2023,1267681468,180336160.4,190212534.9,32504221.86,33403033.58,,8084901.4,6238145.01,230724.52
1/28/2023,1205330672,246983023.1,187976295.8,32543046.48,33101659.65,,8579058.31,6314778.64,230140.24
1/29/2023,1217928728,267703002.7,193378514,32838917.07,36942691.5,,8992507.34,6450897.95,234599.95
1/30/2023,1227277046,245458762.8,188483901.8,31255236.62,36703040.3,,8903831.28,5895953.19,229439.05
1/31/2023,1202905738,291829351.8,190553183.3,32300564.76,37347009.09,,8117721.54,6034609.57,231866.25
2/1/2023,1229666001,316455397.3,193378676,32015257.38,37961439.41,,7464530.45,6358356.96,237540.32
2/2/2023,1231487645,340398426.6,193293737.7,32940034.25,38031427.62,,7250749.3,6359666.86,238755.17
2/3/2023,1247999322,341842412.3,195296402.4,37672311.71,38632327.63,,7614230.09,6555256.23,243610.99
2/4/2023,1210231525,336522043.1,195113806.2,35618328.71,41361047.03,,7701433.37,6484004.87,244635.69
2/5/2023,1155939419,353538175.8,191477223.4,35202658.29,41111258.71,,7642629.84,6588610.29,243206.34
2/6/2023,1124617161,373915941.8,190133512,35703000.71,41661506.57,,7399385.53,6673921.18,245722.22
2/7/2023,1219579522,430524966,195709681.7,38839236.02,42817572.07,,7394244.31,7145387.55,250877.68
2/8/2023,1162926510,327859568.6,193475189.4,43646282.08,43368653.57,,7427479.85,6848229.56,250010.56
2/9/2023,1066684707,256833238.9,184755569.9,39246521.29,39375837.8,,7905263.59,6190393.95,243839.74
2/10/2023,1057996299,277768538.4,183861804.7,37873569.55,38609950.97,,8976981.64,6207348.33,243716.5
2/11/2023,1096682115,269814097.3,185509053.9,42646525.2,39248553.21,,9379516.24,6513471.13,246801.66
2/12/2023,1072638387,291866564,183118065.3,57967882.54,37754137.43,,10253489.02,6432563.94,246314.52
2/13/2023,1052711218,281892545.4,182414680.9,64862323.07,37306518.51,,11064919.45,6236595.92,245300.22
2/14/2023,1105731968,327875376.2,187511355.1,56680001.12,38468232.64,,9495193.42,6518392.88,248090.5
2/15/2023,1167897126,380584516.1,199708699.5,59224618.29,41551394.13,,8975654.23,6956556.07,258168.46
2/16/2023,1111416590,332578176.7,195733382.7,57328222.48,37082811.3,,8492744.28,7252834.01,259792.54
2/17/2023,1171849842,348004096.7,199736942.2,52574325.89,37703396.07,,9118168.92,7478241.66,267541.44
2/18/2023,1219728070,346356131.4,199526483.6,49685995.82,37704416.53,,8058705.32,7734193.91,268285.73
2/19/2023,1246515774,322521141.3,198905076.4,48302534.49,37178024.59,,8115829.27,7856979.17,268948.53
2/20/2023,1332473973,321964938.4,200641552.3,47221572.6,37403526.7,,7959245.09,8275971.4,271790.54
2/21/2023,1238582463,317767368.8,196315539,45614149.95,43770288.58,,7144591.89,7959785.66,269019.71
2/22/2023,1229497711,308428835.2,195835401.4,45242988.42,40644293.31,,7181480.91,7669784.4,270344
2/23/2023,1235441417,297082140.8,196318329.3,49959488.46,41044156.97,,6637364.58,7589650.14,271337.82
2/24/2023,1188129857,247291274.3,192356199.1,45065482.58,40556893.24,,6955784.03,7073352.48,267823.32
2/25/2023,1140131657,240291997.6,191334971,42520838.82,41050354.02,,6522184.6,7144195.58,265926.78
2/26/2023,1237266421,265439807,194482196.3,46258244.66,42107276.99,,6378842.7,7330019.43,272268.89
2/27/2023,1231219710,253910947.3,192923834.9,44420854.68,41874206.92,,6580627.94,7108415.93,271684.95
2/28/2023,1151801824,251678803.9,190756171.8,43007696.51,43458742.1,,6419205.18,7071680.44,268394.95
3/1/2023,1220830845,267851386.3,195276908.2,45482095.45,46775411.21,,6204897.4,7298890.95,273055.72
3/2/2023,1180403617,261234126.3,193595651.2,44426998.15,46458300.43,76582258.49,6082920.72,6950634.51,271239.38
3/3/2023,1081962938,231186649.9,186696006.6,41658006.67,45425197.54,71364626.92,6169347.28,6422740.94,265551.66
3/4/2023,1063562235,211561093.9,185790916.9,43844181.54,44870978.14,71864631.29,6029678.4,6357359.23,264372.91
3/5/2023,1056682420,205124115.9,185655694.4,42962485.37,45396209.12,72436620.93,6034896.09,6510732.06,266179.96
3/6/2023,1050353718,207812196.5,186093416.5,42846978.43,46471711.32,71707487.32,5765112.02,6377346.55,267251.33
3/7/2023,1030803403,201560962.9,185525735.5,41990199.63,45983646.21,69631249.23,5757807.09,6240777.01,267314.73
3/8/2023,955156356,180271556.3,181992523.9,39533311.75,45491346.74,65565511.64,5916538.38,5844735.67,263149.73
3/9/2023,906957383.6,175579588.6,174993755.5,35890694.44,56644455.95,61789949.61,5785309.28,5668668.89,258561.69
3/10/2023,926573541.3,180244988.6,176149367.7,33782644.79,61807523.88,62662510.42,5165912.39,5633303.19,260552.66
3/11/2023,911143694.5,167741707,177888832.1,32421032.7,56731877.13,62573790.51,5391444,5635801.6,263941.06
3/12/2023,979405237.3,215075707.2,188202566.5,35342218.25,61417997.6,66019176.74,5821954.52,6092606.69,276805.22
3/13/2023,987209099.6,216760476.8,194613712.5,36361592.73,71189815.93,69025222.47,5686009.8,6532795.93,285272.26
3/14/2023,1033369135,234461755.2,196527414.7,37937645.69,76274403.24,69486142.68,5960489.2,6640960.55,288975.47
3/15/2023,948556405.1,214535238.3,192380156.5,37401277.8,71389101.29,67579976.31,5926916.77,6289215.23,284139.31
3/16/2023,1016233399,227195116.3,194046160.5,37325466.09,71134826.35,74374127.19,6066908.62,6676916.48,287803.7
3/17/2023,1101383920,263005676.8,202757711.5,43752738.81,75254988.87,74909301.8,5948635.57,7061244.8,297175.58
3/18/2023,1059043384,245159291.4,199860453.8,43483483.44,68273833.25,71531692.16,6084863.06,6781057.75,295601.07
3/19/2023,1074893828,251911448.8,202044155.1,43622246.71,64349890.43,72926459.07,5918779.9,6819141.05,298977.39
3/20/2023,1019405919,227434902.2,198070682.9,39827161.72,61656800.1,73716407.67,5556431.2,6611282.47,294971.08
3/21/2023,1059448045,227359216.2,202935073.1,40420542.09,64228559.03,72730822.24,5597012.02,6430486.17,303258.11
3/22/2023,1012300929,235885210.5,197767337.7,38532151.23,60801822.7,70683481.76,5480531.32,6152288.97,295963.83
3/23/2023,1040285701,226611656.8,194590339.6,38932205.13,64646364.81,73132878.97,5416839.72,6310861.44,301186.07
3/24/2023,997865458.1,205330610.4,190188251.7,38131683.03,61661857.69,70395034.65,5266133.8,6034512.92,298014.5
3/25/2023,979715096.6,195483439.1,189011699.6,37214320.68,61540794.8,69816818.44,5156300.91,6053900.8,298073.29
3/26/2023,995205375.2,207535081.9,191555146.4,37828887.04,64699636.05,71415816.34,5021313.34,6136624.26,323589.37
3/27/2023,950647270.6,193566384.5,186228227.8,35501275.57,62902729.34,75874723.72,5139654.7,6244998.93,298182.9
3/28/2023,982277156,198549606.5,190588812.2,36773513.26,65142230.62,73379704.62,4605391.72,6276834.45,303961.78
3/29/2023,1011949612,218784730.3,193430662.3,37515569.69,73957546.89,73061481.02,3794072.26,6394805.03,308441.09
3/30/2023,994356812.9,213971819.3,193486912.9,37285073.8,73401573.73,72067234.94,3950464.85,6146500.19,309004.82
3/31/2023,1008188744,231866231.9,196006467.4,37019832.98,74409334.85,72311062.15,4079557.58,6443699.07,312752.42
4/1/2023,1011963655,229321792.1,195620306.1,38673387.83,75004272.49,73934359.92,4247684.98,6394063.56,313415.11
4/2/2023,987650765.1,214899870.8,194010221.8,37700348.91,70424654.69,71948155.18,4251226.77,6317986.63,312976.18
4/3/2023,980566871.2,218419599.6,195193200.3,37409002.81,71609314.41,70673042.42,3921948.35,6491597.13,314684.82
4/4/2023,1009161560,227557548.9,200097697.4,37902907.23,73489488.66,71955517.17,3879182.85,6529396.05,320875.87
4/5/2023,998519111,226279466.7,203483665.6,38222036.37,75190275.65,72446728.39,3784823.22,6623334.3,324125.18
4/6/2023,983749588.8,220769850.4,201855023.2,40514080.67,72349957.5,71672454.03,3696579.32,6423096.35,321737.31
4/7/2023,976539305.7,219831703.4,201865924.8,39311677.23,71719900.52,71227640.65,3637926.91,6318114.74,321981.35
4/8/2023,964704173,215640488.8,202280193.3,48220992.66,68481546.26,71615759.57,3474973.75,6565862.62,321623.16
4/9/2023,963887750.7,220240248.4,202444441.6,45221330.64,69309947.34,72398067.49,3431347.37,6668443.96,323031.72
4/10/2023,990028303.8,249596903.9,205328499.1,46569407.27,70686623.16,73544406.4,3382784.7,6808144.74,328726.06
4/11/2023,988531819.1,269273841.6,205952054.6,45082356.09,69732751.96,72329778.45,3620661.02,6631350.29,328563
4/12/2023,1003808105,273082709.7,207680812.5,45258806.9,71664912.82,72812688.92,4164249.62,6621205.09,330295.09
4/13/2023,1020449555,270598351.1,215109499.4,51663740.35,75481270.43,73700429.8,3976742.82,6781132.35,346286.09
4/14/2023,1047944323,295472610.6,221546444.6,51785680.28,79534993.92,73846687.59,3923597.79,6721926.38,356770.82
4/15/2023,1040910048,281673659.7,220274962.7,52113636.07,79622885.85,73016223.08,3779738.93,6748733.43,358472.76
4/16/2023,1095156955,295153570.9,222028852.7,55518955.12,78010263.43,74672560.02,3659081.05,6760359.6,361288.57
4/17/2023,1055508313,331351517.5,219754721.4,52258640.26,75290825.81,73175293.93,3636304.38,6639574.64,358484.82
4/18/2023,1079915047,343573948.4,223367377.9,52149832.54,76294095.43,74205298.53,3707967.46,7039843.56,363386.93
4/19/2023,979959229.3,317885025.5,210062379.9,46992062.28,70907595.36,68332398.35,3859857.94,6376767.55,349802.91
4/20/2023,967374726.5,320427205.1,210159565.1,51035167.94,71233866.14,70090994.22,3412752.81,6331936.61,350043.49
4/21/2023,901973648.1,275615945.7,201835489.8,44554456.88,67091720.89,66629582.74,3576659.09,5996588.73,344202.28
4/22/2023,917885607.3,303197704.4,203599399,43995610.3,68030839.42,67370935.56,3473461.85,6323977.51,347949.39
4/23/2023,903665151.3,283823940.5,202531422.9,46543868.02,67546950.92,66911566.62,3556783.46,6143172.26,346448.58
4/24/2023,907184150,299273862.1,200158485.2,47580873.07,66840587.34,65462584.3,3376075.77,6413163.14,346158.39
4/25/2023,911288695.6,336153668.9,203078052.3,48150168.08,66609849.63,65780746.85,3240258.65,6377080.3,349394.37
4/26/2023,890181750.7,385180083.1,202655644.6,43335225.22,67206491.7,65353655.76,3126106.2,6131182.51,350157.17
4/27/2023,912425242.8,394385504.5,206385472.9,44626721.92,70217839.25,65857636.47,3478800.86,6216051.37,355324.86
4/28/2023,891023577.2,400292572.9,204821964.6,45112642.89,69296636.74,65732963.21,3364994.59,6152843.75,354792.24
4/29/2023,904162850.6,397034565.8,206150698.3,44344388.3,68864366.59,68124231,3335292.23,6259119.17,356599.86
4/30/2023,872432143.8,399517943.1,203177060.5,42999101.53,67624969.57,65888752.8,3438272.55,6151068.49,355377.17
5/1/2023,850326111.7,372915701.8,199424040.8,41413778.75,66189690.78,69385184.97,3140807.29,6085748.24,355633.26
5/2/2023,865420120.6,341898244.7,201374773.1,42321709.93,65506810.47,74040233.1,3207696.73,6300694.9,367875.5
5/3/2023,870494141.7,380253639.6,202513788.3,41043516.72,66376337.57,70362964.74,3341947.49,6225791.53,366007.75
5/4/2023,864330032.9,373030503.8,200449169.9,40386526.28,64729908.2,72160354.68,3489958.42,6145522.97,370358.92
5/5/2023,887981761.8,363600018.6,209574768.4,40177250.53,68757439.26,100714861.7,4076519.31,6444170.1,396714.25
5/6/2023,817339597.3,345174785.6,202792549.4,36407243.27,65436014.57,82284736.18,3629401.27,6365597.19,391415.32
5/7/2023,799334317.6,351343401.6,201258561.6,37179362.08,64552446.24,99246052.08,3576063.04,6121297.43,387978.67
5/8/2023,759452316.4,310837215.8,197738130,33624750.62,63691037.52,92874631.9,3615114.65,5725762.25,381691.03
5/9/2023,760926138.9,290435710.8,198430235.8,34034221.11,63676183.68,96490650.88,3605613.61,5712777.74,385559.55
5/10/2023,776228135.9,308031652.7,201583725.9,33999609.05,63443125.14,90283184.41,3597009.84,5856045.57,385446.6
5/11/2023,749158632.4,285702999.1,196355382.1,32693625.66,61696723.84,83316204.12,3653036.42,5571871.68,376374.61
5/12/2023,762381199,299481439.7,198143819.5,33363784.04,61858057.18,82864454.3,3620463.4,5669224.84,385643.61
5/13/2023,754513522.5,307501863.5,196839763.1,33711502.45,61478665.63,80461444.04,3620757.79,5565788.8,385958.51
5/14/2023,762274873.8,306199595.1,196583747,33627342.28,61899445.94,81299691.56,3548030.54,5529419.2,387470.22
5/15/2023,773972025,303642709.7,198969763.8,34919245.93,62549038.36,80078159.57,3489031.92,5592180.71,390875.1
5/16/2023,777092891.2,325023663.3,199687311.5,34862325.77,62742458.05,76221373.62,3492751.6,5674872.96,390378.7
5/17/2023,785199582.9,388199374.2,199359778.1,36410968.04,62334193.6,76827932.66,3457909.55,5608016.72,398552.85
5/18/2023,756720569.3,401880528.8,197720257.5,35273732.55,61492622.65,76422633.25,3458702.51,5664638.19,396790.1
5/19/2023,764830072.2,383371652.1,199488726.2,35104057.64,61832694.39,75396384.61,3387028.61,5790206.82,403249.66
5/20/2023,766413970.3,389531383.4,200452516.8,32337702.88,62008784.63,74537086.65,3226511.25,5800563.86,407479.89
5/21/2023,742032176.3,408764142.7,199762366.1,23846433.31,61381738.66,71186305.07,3195592.3,5613638.7,405928.27
5/22/2023,743824967.1,406846762.8,201144133.2,22292326.17,60260571.75,73279638.6,3171691.41,5987795.38,407463.04
5/23/2023,761514417.2,443550397.4,204448654.2,21885054.72,61989376.25,71871772.04,3044754.4,5669601.57,412246.91
5/24/2023,728488146.9,438744744.3,199181400.7,20179063.75,60597618.98,68911605.08,3310197.24,5320606.67,415857.24
5/25/2023,730946857.1,444299703.5,199109140.2,21293625.35,60662995.04,68835628.68,3262449.81,5367765.33,419076.58
5/26/2023,761911813.8,448855008.9,199592601.8,21261125.41,62378197.02,69759049.54,2988294.22,5462533.32,424552.67
5/27/2023,766442825.7,434531666.9,200749462.1,21264193.49,62137344.85,69634961.49,3042610.67,5536010.74,425973.41
5/28/2023,792388426,456379265.2,206439316.8,20306373.4,64171132.75,71873128.28,2995492.45,5617174.68,438715.45
5/29/2023,779150635.8,418071221.3,205588409.9,20433313.64,64106863.1,69193482.24,2942710.83,5521934.13,434810.09
5/30/2023,769789544.2,427840953.4,206050952.2,19274150.47,64960292.68,69466432.02,3046943.61,5494416.29,433331.2
5/31/2023,740072747.7,413163981,203629154.3,19629849.71,64208186.11,67047056.52,2930619.61,5416402.09,430177.21
6/1/2023,735400892.8,414538197.2,203160643.2,18865866.99,63735250.71,66580097.32,2809897.92,5481971,430252.64
6/2/2023,752747513.1,427114548,206172128.5,19821802.82,65334019.32,67678275.49,2437216.08,5519299.5,436677.13
6/3/2023,743079585.8,427169687.8,204968989,19289133.04,64487415.76,68934848.55,2659272.91,5519330.58,432751.29
6/4/2023,744057347.6,440626776,204774548.9,19039461.57,64372050.75,68503134.61,2762967.92,5502646.45,433522.06
6/5/2023,688672022.4,377127303.5,197838602.1,17910685.42,61949188.49,61525635.64,3343024.27,4993073.7,423058.71
6/6/2023,702950153.8,398227044.9,203995011.7,18090011.58,64143767.77,62302186.05,2766730.32,5151163.26,434613.2
6/7/2023,668496461.2,362186407.8,199155330.4,16526684.21,62430512.24,62234067.3,2693442.72,4863900.12,428911.25
6/8/2023,669048683.2,373063803.2,200365080,17499087.93,62889895.35,61355053.04,3053721.78,4866757.24,424323.3
6/9/2023,670185216.3,375753223.6,199874938.4,18399826.94,62560260.53,60259660.81,3376388.92,4889569.01,423601.85
6/10/2023,574978037.4,313754316.9,192273487.6,16472107.92,58592100.29,52784644.32,3353981.96,4410936.7,410455.87
6/11/2023,558186834,323363592.4,192403964.1,16623704.67,58570911.78,53119259.41,2677748.96,4346397.45,412725.88
6/12/2023,570730411.5,317443147,191430520.2,16089970.7,58063473.37,52830076.32,2798027.29,4351285.78,414614.42
6/13/2023,566462218.9,315710709.9,190437829.1,16729239.28,57899007.87,52784784.54,2842872.56,4337646.12,442541.75
6/14/2023,545236780.1,299397819.7,184989019.6,16424816.71,55024669.53,50951999.51,3045301.59,4090794.42,432794.05
6/15/2023,551358872.2,310413817.5,183759801.2,17774750.83,54894122.81,51226089.7,2970950.66,4101391.41,436366.12
6/16/2023,575977996.8,309632191.9,188429900.7,17492116.99,55602787.22,52162771.01,3208479.7,4218611.24,445145.21
6/17/2023,587742881.1,341569255.4,191574776.3,17595833.81,55998881.13,52513693.33,3132730.34,4245927.83,451519.35
6/18/2023,574300300.4,322660966.5,191047674.9,17497084.1,55735893.12,51676630.8,3143813.17,4228391.04,453556.21
6/19/2023,590053358.2,330717261.8,194357447.2,17373323.53,56225244.73,52023925.73,2945634.43,4356065.42,467342.88
6/20/2023,601800238.7,334928328.9,201163310.7,17358694.02,58061072.48,54830587.44,2775266.53,4407223.12,480761.01
6/21/2023,622609043.8,374552259.2,209393510.6,18005138.37,63041625.39,57025316.02,2677875.45,4535772.83,514665.39
6/22/2023,605274610.6,352410416.9,215007993.6,18134483.53,61167141.51,55189464.05,2896447.16,4548085.43,512607.25
6/23/2023,636531074.3,351278093.9,216666851.9,19344175.86,61805445.99,55519394.15,2981212.81,4624545.87,521910.95
6/24/2023,643628616.3,331508887.6,213793242.8,18745645.56,60793084.24,55454291.23,2920303.67,4577936.26,451358.81
6/25/2023,671875395.4,332518199.6,214925574.9,20055377.51,61522695.42,58462706.2,2700581.21,4679335.08,457694.99
6/26/2023,647699380.9,330249280.7,211599851.3,19557675.95,59228113.84,55991339.61,2738750.63,4577657.78,453795.87
6/27/2023,678685219.1,336239734,225044746.6,19312592.4,60127235.29,56110667.5,2953951.12,4572343.05,459938.59
6/28/2023,641788702.4,310421275.3,219896423.9,18191154.67,57517826.21,52246520.57,3030060.97,4334641.34,451475.63
6/29/2023,654301569.9,323114908.1,221762032.2,17469323.1,58197101.7,54016543.31,2810888.26,4383639.76,455430.29
6/30/2023,704886944.9,332650475.8,229160055.7,17549026.98,60639724.62,56213629.69,2740143.47,4552733.92,467451.42
7/1/2023,712612023.9,333684903.5,228402152.2,17866373.6,60306027.79,56633155.39,2836545.42,4526244.81,467094.97
7/2/2023,706935017.5,331325082.3,228621188.2,17742158.59,60730319.47,56157730.7,2799101.07,4582185.34,469978.92
7/3/2023,694909741.8,346791941.5,218805174.1,18177256.5,61165192.24,57157597.49,2820123.58,4611422.54,478085.67
7/4/2023,678710834,339753223.3,218122519.6,17999810.7,60746684.85,58590285.21,2711971.01,4701740.64,476495.65
7/5/2023,651748631.1,318925826.3,215618960.7,16906556.83,59462160.28,56122529.84,2710887.25,4579701.68,473318.04
7/6/2023,665124112.6,312249840.1,211050276.6,16710216.45,58214901.28,54230217.21,2526881.28,4425301.4,466067.95
7/7/2023,678126024.9,314527830.7,211809026.8,16641033.09,58580910.93,54419254.74,2332633.1,4483052.61,469723.93
7/8/2023,677435530.7,315812566.4,211170034.4,16563592.82,58164393.03,55584416.91,2367092.39,4594520.65,470402.84
7/9/2023,670442160.5,314091458.5,210660724.6,16470169.86,57764083.45,55327240.96,2370574.39,4859977.19,470566.6
7/10/2023,680280107.6,311006639.3,212573217.9,16668356.77,58247661.2,54273444.57,2594285.25,5082353.99,474331.02
7/11/2023,688196925.3,322466605.2,212836461.4,16289220.34,58138725.32,55886005.5,2434492.75,5228567.95,475302
7/12/2023,707929188.8,314405645,212109199.5,16431317.7,57925150.39,55511585.34,2483522.88,5012445.2,473756.26
7/13/2023,738493285.1,344911810,223350032.4,17201034.29,62211841.05,58398250.52,2487443.8,5266921.94,494355.67
7/14/2023,717728048.5,329120009.9,217907470.3,16646068.08,60352296.16,57705401.74,2541885.14,5159487.51,489022.41
7/15/2023,719127509.2,327009242.4,217999308.9,17129934.16,62126910.16,57569621.62,2605577.01,5807852.94,490113.55
7/16/2023,712851787.4,317524396.1,216949778.8,17198126.3,61327189.65,56036751.3,2516973.19,5966629.93,488005.4
7/17/2023,727803420.5,316686388.6,217178306.6,17368285.54,61048995.45,56255793.15,2626866.23,5782790.82,488838.58
7/18/2023,716750458.4,303023436.7,214062541.1,16828568.53,60525029.81,55080142.08,2439800.59,5442568.86,485695.09
7/19/2023,711182056.2,301928331.2,213494713.1,16980522.37,60278216.64,53667126.59,2429708.79,5332170.15,486936.09
7/20/2023,728780060.7,301106306.1,214352235.2,16871079.6,60396994.08,56367788.2,2433726.3,5223081.84,488514.68
7/21/2023,718261361.2,302793880,214601655.6,16417364.76,60340850.59,56393563.18,2462413.61,5847049.87,488430.6
7/22/2023,706423096.4,295664031,212385777.2,17143991.45,59446826.98,55515594.48,2463513.02,5791276.58,484825.89
7/23/2023,702195381.4,301562601.9,213077702.5,17248503.96,60086265.02,56320200.26,2440319.54,6209933.2,489153.57
7/24/2023,673507946.3,279980604.6,210080160.7,16767338,58809980.49,53855090.52,2433246.57,5851073.74,481600.63
7/25/2023,676205250.9,286841717.1,211106564.3,16602836.09,58951316.15,53985117.29,2402599.97,6717617.31,483641.37
7/26/2023,676373905,284573498.6,211419530.3,16926598.21,59354807.1,53764929.93,2297424.7,9941751.51,487450.74
7/27/2023,681520763.5,283562027,211660437.2,16720666.74,58611666.55,56990079.26,2263595.63,7707498.67,488436.87
7/28/2023,688058135.7,290484701.2,213230655.8,17282013.06,58760944.61,55968543.75,2390565.3,9571760.81,490951.69
7/29/2023,697869006.2,291723859.7,214700516.1,17381000.81,59406419.63,56934574.65,2261702.22,8327026.37,492848.28
7/30/2023,695723891.4,287541711.5,212943448.9,17079470.68,58820662.14,55182932.2,2186684.21,7907685.54,489515.43
7/31/2023,694496290.8,283355511,213059022.2,16700142.89,58173443.44,55171725.23,2108740.86,6972385.5,488556.15
8/1/2023,717602738.6,287361483.6,214683521.9,16828276.69,58591449.39,55633719.33,2160360.47,7247900.93,492692.67
8/2/2023,695302485.9,285379667.5,212172554.1,16435011.04,57320989.4,55590661.32,2468359.05,6937017.72,488762.83
8/3/2023,663169368.5,283344883.2,209713714.4,16449892.47,57086524.79,55158734.62,2431789.16,6928814.32,488902.99
8/4/2023,640632787.6,279020217.5,207484982.6,16340459.13,56755259.44,54292094.08,2454383.54,6605840.05,489205.55
8/5/2023,651655823.2,262560179.2,209014511.8,16434178.56,57040801.61,55254334.27,2447991.9,6322914.46,491217
8/6/2023,657691819,263757739.4,208692602.3,16452585.83,56719322.63,55973185.66,2353426.52,6180920.21,491552.5
8/7/2023,665084836.1,257970572.6,209628083.4,15271279.45,56597744.02,56775115.39,2386456.84,5863100.05,491596.9
8/8/2023,678931177,262391626.7,212310604.8,15692394.89,57520395.22,57141322.45,2327014.33,5831876.27,498144.2
8/9/2023,667341638.4,269573384.1,212589515.3,15955493.54,57373030.96,57772999.7,2481814.14,5679676.6,498563.3
8/10/2023,667845371.1,274317783.7,212398681.3,15968058.79,57226580.74,56987841.4,2576434.8,5947087.66,499935.78
8/11/2023,654456998.1,272108044,210340867.5,15621871.84,57124754.44,55614968.82,2364568.14,5892267.76,502883.79
8/12/2023,658031750,268878346,210867499.6,15807010.26,57263412.72,55614100.54,2545988.84,5736216.35,505833.01
8/13/2023,655312564.5,265750005.8,210837636.9,15568553.22,56932623.81,56448629.68,3561052.01,5709214.99,505867.35
8/14/2023,657924905.8,277673079.9,211412311,15791560.9,57102895.22,56791112.42,2608104.98,5681720.16,509398.55
8/15/2023,626633353.9,262564205.7,208979577.3,14672582.56,53501779.62,53174770.62,2521007.6,5260524.23,506005.26
8/16/2023,606870926.2,250673215.6,207241032.5,13269015.33,52202208.64,51220623.64,2288882.14,4897773.46,499709.88
8/17/2023,579579771.7,231740145.7,198604761.6,12820450.38,51833486.79,48340701.32,2264356.35,4969945.51,488698.51
8/18/2023,587667639.1,224910423,196011061.4,13150550.11,51122140.15,48639428.09,2238430.53,5157576.19,489518.56
8/19/2023,592297142.7,224353781.6,198707218.7,13331895.49,51384820.64,49302017.12,2197213.54,5100141.75,493652.93
8/20/2023,598333910.8,228606256.1,199543912.5,13323694.91,51820386.16,49018337.52,2256057.68,5091900.29,500379.8
8/21/2023,585032894.2,219239112.3,197746951.2,12907375.84,51368628.45,47649441.08,2381092.36,4926600.19,498269.58
8/22/2023,586201089.9,219121865.9,194910639.8,12386800.98,50287464.83,47203721.73,2166611.26,4926710.65,494690.67
8/23/2023,597523689.8,232785194.3,197851046.6,12610880.3,50797440.26,48621393.59,2186394.05,4981470.16,501986.37
8/24/2023,593566125.1,232610188,196436732.7,12541480.52,48550656.2,47999031.84,2229109.16,4996975.35,498467.78
8/25/2023,570658610.9,233661684.7,195710208.1,12815183.75,47722236.54,46923624.33,2146029.6,4924292.11,496292.44
8/26/2023,577497965.9,227004827.7,195423760.1,12897421.66,47603251.87,47024364.39,2117517.4,4934002.23,496531.72
8/27/2023,590763699,224909110.7,197023398.5,12923466.34,47834625.64,46934143.51,1995026.85,4960256.91,498792.11
8/28/2023,591442033.2,223532829.2,195106999,12882446.49,47666813.16,47255298.35,1965129.72,4872896.03,498162.11
8/29/2023,609734190.3,234824789.2,201565374.3,13372639.61,49882060.28,48481011.46,1987966.21,4910292.79,510394.68
8/30/2023,597271005.4,229926646.1,199854456.3,14124612.4,49130818.19,47648828.86,1793054.03,4968985.42,507061.82
8/31/2023,577400753.6,216363833.7,194874862.9,13532736.8,48052718.29,45771025.82,1792788.37,4989275.75,497792.51
9/1/2023,552057565.3,211528199.8,193531053.3,13112117.02,47530952.35,47412995.88,1899739.53,4874333.52,495376.55
9/2/2023,547645142.9,211546401.4,194125884.7,13084316.59,47744815.98,47932620.48,2209610.09,5150986.13,497070.98
9/3/2023,546147606.2,214620619.6,194271940,13009950.1,47651433.95,46965970.8,2040184.67,5594978.7,497332.84
9/4/2023,561649433.3,214594204.4,193907357.6,13583350.66,47414850.2,47056189.49,2117039.39,5118944.37,497495.06
9/5/2023,574218142.6,214654434.5,194325108.8,13151798.64,47541094.76,47964547.02,1907070.7,5229457.84,499821.87
9/6/2023,560847248.3,220630190.4,194640127.8,14147473.15,47470724.81,47724336.21,1765954.55,5274051.82,500289.4
9/7/2023,570132571.7,234189895.3,196534365.9,13722365.98,47900210.85,48198710.58,1703586.11,5400120.12,503103.24
9/8/2023,564345559.3,230449260.3,195264327.2,13709759.46,47619214.96,48932126.94,1654535.5,5686157.32,504075.66
9/9/2023,569223304.6,236390072.3,194826327.7,14069992.41,47450574.66,51556626.97,1792537.22,5630593.95,501458.38
9/10/2023,550739526.3,233802018.9,193056493.4,14382006.36,46924868.32,48323652.33,1731757.61,5157202.19,497805.91
9/11/2023,528705851.2,232536142.6,185837461.4,13787760.41,44727783.75,45063424.92,1707157.79,5080172.72,488001.81
9/12/2023,529656978.4,238827497.2,190076374.4,13510435.15,44969204,45608263.51,1522272.41,5015289.31,494733.36
9/13/2023,535580216.1,244314534.7,191333631.8,13987236.97,45363185.55,46725929.32,1701322.08,5040039.17,497772.4
9/14/2023,556612618.6,244457242.7,192607308.8,14675209.97,46357503.63,47462177.15,1812397.66,5058705.36,501041.73
9/15/2023,565746012,254567357.6,194962745.3,14156978.02,46751566.38,48010282.67,1794281.51,5511229.16,504101.81
9/16/2023,570216013.6,255765137.3,186809072.1,13818400.2,46484068.34,48632203.84,1860961.4,6073584.24,503974.35
9/17/2023,547828013.4,248445990.2,185556630.9,13606879.38,46141360.47,46732524.55,1928819.07,5422647.62,501557.78
9/18/2023,558796693.1,251219403.7,186815801.4,13662627.2,46505431.78,47799326.56,1986771.94,5937044.97,505679.71
9/19/2023,565485026.5,254843829.6,187970858,13868589.23,46322304.13,48491830.12,2117316.16,5846734.93,508786.87
9/20/2023,559789619.1,256071192.9,186114047.6,13724103.4,45715083.95,48954372.34,2204724.22,7043381.16,507558.28
9/21/2023,551722287.8,255421285.3,182377217.6,13733403.22,43470919.32,48326315.56,2252307.76,7157289.24,501955.12
9/22/2023,549924200.4,254898916.8,184744162.1,13409603.47,43714650.13,48697566.64,2178314.74,6523139.57,505196.94
9/23/2023,544101687.8,248107323,185885198.9,15450336.85,43705609.92,47407051.29,2175583.29,6365820.66,504912.4
9/24/2023,542008122.5,246355737.6,185454677.8,14841418.82,43080752.01,46976184.34,2049912.28,6096109.5,503200.47
9/25/2023,548647793.8,237966225.9,186813395.5,15069166.89,43355883.46,47485644.08,1938986.37,5938114.16,505702.74
9/26/2023,545688894,236159124.6,187349400.8,15316764.48,43413697.91,47359886.98,1858941.45,6039135.06,505808.89
9/27/2023,546242670,235958908.9,187836884.2,15526381.23,45796260.6,46898083.8,1342638.29,6004990.08,507466.7
9/28/2023,560543572.6,243518315,193774325.8,15468283.9,48292095.77,49022236.29,1299101.08,6898709.68,518312.61
9/29/2023,559159797.7,243802964.1,194873489.9,15308982.97,48725652.82,49535543.55,1404509.89,6300012.06,521401.96
9/30/2023,589334026.3,243659305.5,195392985.6,14747653.94,48728712.02,48837962.77,1260857.42,6132797,524929.21
10/1/2023,611190266.2,270788973,201143372.8,14927797.37,49832857.46,50291728.44,1312570.49,6483820.07,534834.38
10/2/2023,577265131.8,269143967.5,193417639.4,14816724.9,48176352.79,48279416.95,1401817.53,6292250.56,525367.89
10/3/2023,573846411.2,266521964.4,192852331.9,14851231.27,48407799.62,47461516.15,1395244.01,6027526.27,525329.34
10/4/2023,573112966,274324122.7,192022155.8,14287041.66,48131831.98,47112178.67,1402252.24,6101592.48,525527.56
10/5/2023,563184538.7,273278978.2,188010284.6,14179706.97,47052540.11,46124332.08,1411392.76,5920159.28,519714.04
10/6/2023,568063288.4,289584205.6,191640760.3,14230966.64,50408060.43,46987236.21,1419270.05,6044613.26,527049.49
10/7/2023,526865731.2,289802949.4,190216222.3,14191196.25,50141624.73,46695769.44,1373940.45,6421336.47,524380.82
10/8/2023,532724464.5,292240639.4,190112877.2,13818659.06,50085645.43,46904581.71,1391495.83,6112685.91,524881.64
10/9/2023,502093229.4,279487157.8,184243523.5,13338810.57,48627241.76,45343040.62,1396095.64,5892526.63,516702.73
10/10/2023,502462362.2,287544325.6,183064284.1,13371333.58,48923705.5,44520494.66,1270263.3,6106601.35,514368.68
10/11/2023,499154817.1,284197207.5,182777374.7,13395245.49,48880885.39,44111042.33,1268631.33,6205674.91,514361.31
10/12/2023,482766698.2,275489782.6,180252371.2,13205324.33,48257027.79,43389794.63,1313687.6,6187918.46,511041.3
10/13/2023,493146064.4,278409449.6,181418523.9,13585388.63,48456705.13,44226077.46,1299650.61,6250420.08,514170.42
10/14/2023,491433860.2,276669210.7,181779282,13763263.08,48564608.63,44785716.23,1284701.85,6211086.7,516127.43
10/15/2023,493032631.5,274582757.1,182097262.3,13989702.94,48616153.1,45138615.7,1274052.38,6221657.81,517248.58
10/16/2023,502316156.4,293524945.1,186607855,13962695.79,49970854.89,54259620.18,1237760.29,6328929.77,525137.66
10/17/2023,488142247.3,297963264.5,182207863.3,13909482.54,48897729.15,51642586.59,1269837.19,6658838.47,519191.07
10/18/2023,477955613.1,308384130.7,182008407.7,13998527.19,48848243.1,53306597.52,1229476.23,6461569.57,519355.58
10/19/2023,473629864.5,308971320.7,182940194.1,13903873.24,49064133.57,46871806.84,1193081.93,6308232.26,521112.95
10/20/2023,477832383.5,313542443,187212428.5,13945360.06,52293635,47344379.64,1209463.29,6438979.15,528817.3
10/21/2023,498150114.5,316041634.8,190167342.5,14024312.38,53019490.29,47920857.77,1283862.59,6735418.34,535725.94
10/22/2023,506664040.5,312069683,193160300.4,14291940.08,54063304.27,48060950,1216917.26,6823514.87,542342.18
10/23/2023,537287039.7,334382146.8,203073655.6,14715972.13,57556435.79,49478587.7,1212280.72,7486106.24,564029.18
10/24/2023,541819248.6,325849218.2,204775912.5,14848333.17,58155086.13,50553408.39,1191124.92,7366348.7,567856.72
10/25/2023,539323377.9,327940501.5,202113669.9,14818442.83,58446327.42,51073987.25,1223669.96,7197091.08,574072.97
10/26/2023,540137510.3,341110301.4,202855912.7,14794356.51,57930482.53,51890021.78,1129168.42,7038908.47,579062.82
10/27/2023,526083538.7,357259690.5,200963928.5,14618747.67,57236754.18,51184613.32,1190662.88,8326219.77,574290.94
10/28/2023,540502476.1,377117431.7,201301503.6,14791527.88,57122199.04,51682966.39,1223868.36,7740826.77,576622.44
10/29/2023,546320562.5,407685853.8,203424185.8,14708864.83,57832067.46,52555071.41,1265936.45,7779135.2,581611.56
10/30/2023,557307998.5,391692762.6,203815800.9,14675529.08,58225981.83,52836012.11,1340389.38,8152325.32,584236.81
10/31/2023,541911984.2,375913860,204170426.6,14407639.32,58386879.21,51415578.34,1332462.67,8406848.11,583370.79
11/1/2023,556232004.7,387344203.8,207583931.8,14554031.08,59355271.54,52573584.1,1468542.69,8375418.98,592035.12
11/2/2023,550792568.7,355341885.9,72131674.57,14678659.63,57036869.98,52520301.07,1524470.05,8150299.54,583956.83
11/3/2023,562386990.3,362742197.1,9441746.7,14935862.85,57647497.54,52371091.05,1495126.12,7817343.27,590769.46
11/4/2023,579549934.4,372203071.8,9661302.09,15175117.16,58467978.31,54066217.1,1423347.99,8079771.63,596827.06
11/5/2023,595907633.4,376923007.3,9857059.12,14910286.47,59703885.66,55093721.22,1490585.04,8084493.83,605471.99
11/6/2023,608278508.3,388826040.5,9867801.68,14490360.24,59762188.27,56358466.92,1716522.77,8034699,609988.06
11/7/2023,591706884,373637528.3,9802445.98,14642996.82,59371822.18,55081511.77,1803530.14,8207696.66,608762.8
11/8/2023,594951936.2,374470290.8,9834246.94,15980287.06,59681975.71,57654174.41,1726294.96,8359007.14,615528.04
11/9/2023,601383717.2,363871322.3,10887620.99,15805310.83,67925611.15,56785305.87,1757391.87,9443151.91,652290.94
11/10/2023,637945961.9,383204700.4,10700251.1,19750837.19,67346779.61,64894319.25,1766989.47,9324982.89,654160.67
11/11/2023,634757445.7,396469042.5,10838397.36,17404359.71,66430430.94,64213111.24,1867170.61,9154795.47,650127.12
11/12/2023,638506793.6,382249110.8,10787906.63,16985130.84,66320450.69,65913740.84,2161947.08,8905375.64,651413.52
11/13/2023,615521032.3,368281846.7,10622737.02,16875019.12,66817410.66,62305211.89,2756084.85,9009016.24,650995.67
11/14/2023,584268788.2,356799149.3,10230925.62,15988333.81,64069535.24,59492710.08,2660555.46,8629431.34,642225.27
11/15/2023,656438966.3,450662831,10619091.69,18039915.35,66628854.91,64435341.23,2282913.76,9560153.51,660490.31
11/16/2023,649334632.3,470011384.3,10110697.55,17632484.17,62932941.94,59811862.3,3260968.94,9199430.79,641145.21
11/17/2023,615174861.3,480443950.3,10103250.58,17361383.51,62222334.32,61009600.55,3147279.41,9958431.85,640738.36
11/18/2023,603062511.8,530860565.3,10114559.99,16938832.24,62265404.83,59207093.61,2845235.78,10183069.1,642084.91
11/19/2023,630149729.5,528964815.2,10356638.65,17528949.19,63734427.58,61603027.21,2967325.08,10324338.03,654045.95
11/20/2023,608723098.1,532819505.8,10443293.89,17551974.49,64194305.98,62614657.37,3068282.79,11616476.33,653559.4
11/21/2023,542578032.7,483697179.9,10000215.58,17433827.75,61499980.87,57009989.87,3587346.73,9726473.68,634861.04
11/22/2023,583105603.5,523645028.9,10657797.89,17251641.75,65782148.33,62416597.12,3403077.45,10037323.69,660560.13
11/23/2023,583983743.5,506444208.7,10634499.01,17229533.02,65399076.76,65543228.02,3436578.85,10489549.95,660650.86
11/24/2023,588426550.4,532056056.8,10729586.88,16858256.28,66328420.43,63839797.53,3623673.66,10764652.09,667713.94
11/25/2023,604931379.2,533577890.2,10710845.65,16668585.33,66194313.11,64620910.52,3394262.28,10637857.34,670033.66
11/26/2023,598865857.5,516334331.4,10681379.19,18382472.72,65953033.31,63172450.74,3338093.61,10515169.47,669452.38
11/27/2023,581552589.7,495076623.7,10498730.3,8781628.15,64649133.96,62472717.33,3316174.5,11546068.42,662653.08
11/28/2023,594781335.3,515230977,10602204.23,8671842.46,66010395.04,68064521.1,3608718.85,12628732.39,670368.3
11/29/2023,591542212.9,506820214.8,10373681.34,8019624.59,65504038.36,67222376.68,4247138.46,16416637.92,667496.1
11/30/2023,588269699.1,543011114.1,10488600.04,9203373.82,66125982.6,67356871.83,3627409.19,14280530.59,671675.41
12/1/2023,596567255.9,559816020.6,10657000.43,8791898.31,67636837.47,67881483.4,4495151.8,14136629.09,682408.79
12/2/2023,625373615.9,567026157.3,11044841.68,8855645.05,70473257.11,68029848.67,5291360.85,14335085.38,697441.96
12/3/2023,614491813.7,608328810.5,11204456.52,8475390.98,71764418.45,68125725.27,5912309.15,17470430.65,703438.22
12/4/2023,634547401,582988126,11420955.91,7820307.43,73181539.79,69963146.61,5304445.53,21419026.78,715343.37
12/5/2023,637431560.9,570991386.4,11680029.65,7642406.8,81248287.32,71249888.95,6166113.32,22375373.67,728537.56
12/6/2023,629480238.6,567482927,11397385.91,7621344.18,79814577.65,69672105.33,6103086.12,20467096.5,720565.68
12/7/2023,654013110.2,565401405.2,12019576.88,7349246.75,88249310.68,73007914.75,5968406.95,22360977.71,740170.14
12/8/2023,661306257.4,610546475,12034821.09,6552746.7,89324812.51,73266810.66,5171425.42,18794015.26,749422.43
12/9/2023,669387767.6,583075433.8,11896620.8,7160404.51,88466902.09,72303557.43,5072013.1,20145402.76,748017.4
12/10/2023,670772505.9,598902930.2,12515384.92,6901273.5,88927960.31,72896811.19,5528270.65,19141689.3,753517.31
12/11/2023,619678888.8,613062960.7,11809751.47,6908711.73,83759458.79,71006111.71,5404894.67,18097423.18,732234.88
12/12/2023,619594740.7,659544061,11703419.42,7083125.32,83466224.54,74048833,4878887.76,18706699.29,733034.65
12/13/2023,624295803.2,653090822,12042011.74,7130291.69,85606942.18,76062335,4711989.54,21135853.04,747212.05
12/14/2023,635221626.3,724877448.5,12222424.38,7174674.34,88722942.1,76626581.52,4217480.21,24191360.36,769189.93
12/15/2023,593597081.7,684089882.9,11707494.99,7022368.88,84864352.81,72302456.01,4494088.39,30706156.02,754519.13
12/16/2023,609233048.7,691611324.4,11321579.16,7202099.46,84894862.41,73144659.78,4453267,31551254.42,761772.63
12/17/2023,597255616,662560775.8,11713005.59,8212814.58,84001094.87,76165331.5,3938053.14,33009564.69,757355.51
12/18/2023,580845363.8,690144016.3,11613039.46,9228674.78,82372553.68,74256659.16,4072598.87,30220923.12,762397.44
12/19/2023,570965940.4,659771204.4,11413485.23,8414507.72,81019479.32,74360107.97,4183325.83,39704104.07,755929.31
12/20/2023,589920053.9,702069102.6,11483540.39,7541520.6,81932248.88,76001530.3,4200562.96,51269918.61,741095.37
12/21/2023,594554796.4,673345281.8,11571752.43,8001809.86,83623556.82,74725469.93,4538438.11,46168993.65,752766.35
12/22/2023,622584919.8,697233151.3,12054998.79,8503836.87,89149501.67,77045491.39,5450969.58,43545335.36,789008.05
12/23/2023,633386365.9,754105485.9,11966070.3,8191982.88,88540070.35,76495950.4,5047279.07,50003947.34,787237.57
12/24/2023,650416369.9,718965095.7,12037935.55,8423024.39,84710745.49,76755146.4,4755581.64,48448100.01,770662.29
12/25/2023,677929680.7,722762698.3,12091207.7,8807288.87,84991218.59,79817479.91,5427565.23,47077392.02,779114.8
12/26/2023,710257435,810148519.8,11844336.2,8818847.86,82849624.13,83076848.52,6576907.29,44839655.32,774923.01
12/27/2023,715341752.8,781924953.3,12638390.62,9348484.7,87958644.33,81681191.36,5956055.16,50077643.27,808022.83
12/28/2023,708901499.2,716445081.5,12474717.76,9006649.7,86394745.06,78406768.56,6324664.92,35761716.6,797589.65
12/29/2023,679287503.4,714499093.9,12192070.44,9316092.56,84312267.19,76440776.62,6382747.7,35189347.59,789127.56
12/30/2023,686709587.2,717699992.2,12195087.91,8568892.58,84494642.53,78163599.64,6550889.59,35845822.27,801849.15
12/31/2023,668479127.4,700106938.3,12066861.65,8195122.71,83955267.68,77289023.05,6563743.49,34130535.97,813157.96
1/1/2024,703726193.2,746089278.7,12443272.74,9059611.34,86451937.48,78966533.4,7424508.06,33739507.52,834855.48
1/2/2024,709513896.5,732801806.6,12282516.01,8776395.72,86835196.89,77514006.19,7687587.4,32062691.75,821595.67
1/3/2024,870813891.6,690672168.2,11492343.86,8289253.11,81112787.72,74004044.7,7477330.89,25946585.23,796760.69
1/4/2024,1021862859,693801529.4,11847091.39,8506963.19,84341562.66,74294337.71,7357888.79,27145549.26,815943.42
1/5/2024,967721895.3,623832988.9,11811160.99,8092742.53,83793782.63,73340904.4,8379360.74,26806403.28,794946.25
1/6/2024,888887268.2,592744906.7,11668084.15,8124196.15,82774079.1,70483015.32,7370917.5,27391234.43,786455.57
1/7/2024,807787688.8,569725585.4,11556938.35,7970843.77,82294577.87,65222488.96,7115804.58,23566683.3,780596.38
1/8/2024,923781789.7,636385947.3,12152712.34,8358405.36,86255123.3,66538192.06,8466814.08,24032799.05,813605.63
1/9/2024,891900662.2,604235143.8,12188854.16,7732534.3,85037858.5,65171285.23,9078841.89,21241636.36,812794.09
1/10/2024,1206063138,660390350.4,13459125.74,8357237.34,93703545.46,70780663.38,8762073.78,27815621.18,858468.63
1/11/2024,1645255770,630785357.5,13642389.43,7991348.13,94890356.66,71407258.08,9640563.73,26668097.01,881225.37
1/12/2024,1592808281,588603294.4,13099770.42,7965267.81,90450396.58,67922962.58,9950596.26,24625828.7,860263.16
1/13/2024,1576874871,603313209,13442118.98,8046968.72,92091056.06,69547701.11,8679928.44,25091448,873307.17
1/14/2024,1562552231,587706276.2,12891253.54,8152431.11,88440957.36,67162458,9095968.84,24672160.17,837913.12
1/15/2024,1578176147,583710385,13219758.85,8136357.21,89727959.31,69262743.51,8178551.26,26515846.82,850741.55
1/16/2024,1593560448,618666219.7,13546098.57,8214966.72,93118303.71,70572590.57,9214954.01,35141778.39,891818.63
1/17/2024,1484283296,650390216,13212281.86,7976329.12,90802280.79,71064841.79,9715737.35,29594820.59,878996.28
1/18/2024,1432615358,664094054.1,12888149.71,7983473.14,88527529.98,92154844.57,9610372.93,26442976.62,865916.59
1/19/2024,1350573303,639916367.2,13007162.13,7933032.24,92282012.5,186393131.2,11907440.81,27164815.55,870896.69
1/20/2024,1285424043,617236763.3,12936912.75,7792716.25,92872772.12,162979713.6,13322407.82,26829096.13,872824.15
1/21/2024,1250471022,617518127.1,12817840.85,8238091.86,92428688.17,196884564.3,12728896.22,26152791.33,872588.87
1/22/2024,1179017691,581644765,12060177.76,7798970.56,87004365.47,195956248.8,12737181.99,24932034.29,842587.59
1/23/2024,1122737296,575008372.6,11655426.94,7707655.01,83554401.31,201035348.7,10952824.63,24757553.7,830388.91
1/24/2024,1232044960,594757754.1,11640208.97,7924259.98,84636991.4,183902976.7,9398798.4,27511634.93,810949.61
1/25/2024,1215571678,576430738.2,11558819.63,8084844.05,83805500.8,184613471.7,9958866.42,28396095.03,808637.79
1/26/2024,1327806364,610499942.1,11808304.72,8009892.5,85812236.36,179728068.2,10194196.22,28635112.4,824860.21
1/27/2024,1322047380,629717533.9,11963762.07,7971452.91,85899905.95,179934016.8,11400639.88,29296072.23,828987.81
1/28/2024,1255180330,616635000.6,11908967.8,7973356,85801769.95,176567052.3,11233123.76,28449004.16,827297.17
1/29/2024,1345813893,668294690.3,12189151.83,8897404.36,88213880.82,178777487.4,10587723.42,31473041.54,842959.83
1/30/2024,1296873021,713206324.1,12283782.75,9071270.93,89372398.29,176313096,10760659.08,27332814.28,849381.62
1/31/2024,1204361189,671655992.5,11957028.03,8724695.96,86937416.09,154730044.8,10545060.11,26579965.27,833002.5
2/1/2024,1189156540,714169809.4,12150869.85,8872208.16,87504255.32,154977749.8,9664614.9,27801933.34,840712.29
2/2/2024,1205566237,716886876.8,12118896.22,8484035.56,87743222.29,154223572.2,10295889.51,27808273.55,845635.64
2/3/2024,1180657886,735587160.7,12017223.48,8377577.05,87564621.02,152462945.1,9999891.69,30144785.34,842978.86
2/4/2024,1214746724,722493172.2,11975026.89,8641744.23,87328017.8,143042394.8,9839835.85,29761004.39,843789.17
2/5/2024,1362785555,680296463.4,12015567.62,8310721.85,88140782.04,142021957.8,9367732.9,31449922.2,850449.53
2/6/2024,1509204782,668081243.5,12432206.66,8252718.94,91102226.58,140880663.2,9660165.81,31241691.29,866868.52
2/7/2024,1449949098,697094320.8,12685433.33,8189496.05,93283440.37,144341570.8,9369190.5,29614001.84,881976.01
2/8/2024,1392062932,686921502.4,12704935.15,8454189.45,94244343.82,142574000.2,9704015.16,29596467.43,884187.62
2/9/2024,1433269530,736999416.1,13061675.3,8604632.83,96864320.71,144123108.4,9994787.31,32162212.91,894953.21
2/10/2024,1505409450,727068123.7,13093984.83,8685677.61,97224917.75,142396645.1,11668282.07,33596734.43,900488.6
2/11/2024,1442550208,719761612.8,13059963.44,8732268.64,97540532.34,139740216.5,11160723.81,32033846.91,904319.3
2/12/2024,1511775046,745270935.1,14244765.57,8986665.74,103333344.6,154110870.2,10822618.3,33001241.14,934852.95
2/13/2024,1499852135,764814777.4,14196943.87,8889127.44,103222033.2,149351012.8,11676677.15,31040011.08,933759.36
2/14/2024,1578543558,769616343.1,14630971.67,8963764.35,109502796.5,158928054.2,11001656.36,33620573.43,964501.09
2/15/2024,1608078961,813725399.1,14891978.3,8843054.94,113228726,154834828.4,11940395.98,36632923.32,975584.53
2/16/2024,1502444545,810593275.7,14759454.08,8598225.9,112418856.5,147886031,11941055.15,37590599.34,973789.24
2/17/2024,1489559437,874588695.5,14664403.13,8550187.96,110438477.6,145022948,11528991.6,35662879.01,971931.35
2/18/2024,1524451051,891155010.1,15114454.84,8874328.93,113368149.4,146771085.6,11030164.49,38297414.26,996050.3
2/19/2024,1602256628,971333810.6,15500339.18,8723140.71,112857028.9,146865338.2,10493765.28,39885481.8,1010128.72
2/20/2024,1541156930,989271741.5,15833678.22,8969273.19,115372514.6,137484893.8,12518901.99,36569061.15,1021538.87
2/21/2024,1497599495,1067219311,15622599.25,7621185.81,111891261.7,138316196.5,11488850.89,35663517.66,1010814.57
2/22/2024,1462853985,1142975022,15654839.95,7906040.98,110885688,135231019.6,10072189.35,34662595.76,1016386.01
2/23/2024,1405052962,1120937462,15376638.56,7176547.71,107946480.5,134078737.8,10667120.15,30943440.01,1008292.38
2/24/2024,1437376674,1099027500,15634142.02,6659732.65,110302005.8,138918037.9,9751887.9,31480804.55,1027148.77
2/25/2024,1521741393,1102684195,16256777.86,6894916.22,114647336.4,137932930.2,9536830.02,32639649.03,1052681.71
2/26/2024,1491422184,1163249348,16640492,7686607.33,117680553.3,144704497.6,10161191.5,33168728.36,1079839.7
2/27/2024,1480557727,1108900594,16952386.8,8044949.01,119767350.2,145640818.3,10517143.16,33404023.63,1105546.08
2/28/2024,1428271889,1223375647,17657685.82,8510857.43,123225199.7,144746286.1,9694094.52,33523063.32,1140134.88
2/29/2024,1411068267,1138616655,17454666.24,8036422.36,121496072.2,142601337.8,9558561.4,32802508.47,1132513.88
3/1/2024,1448395067,1207342036,17974335.17,7555264.57,120087825,149907051.4,9521403.45,33062620.16,1179693.56
3/2/2024,1516514230,1179371206,17863763.94,6551004.23,119010352.4,154802032.5,10429448.31,33976092.66,1199259.37
3/3/2024,1495821202,1161926236,18171836.41,7387355.88,120925793.6,150457745.9,10357470.85,33381594.11,1229439.18
3/4/2024,1466244249,1137257615,18872617.75,7017121.56,126208420.8,153876357.7,9822703.32,32638027.58,1280222.85
3/5/2024,1701136372,1054599863,18500385.09,6996306.78,124237444.5,135502401.4,8869266.48,29631110.45,1342369.66
3/6/2024,1720009447,1421235974,19805927.37,7187885.42,132811882.1,135735940.3,8265844.24,29671483.49,1403163.96
3/7/2024,1698257822,1534010468,19735523.29,7396209.5,134195406.7,144583021.7,8694620.7,30687532.35,1424704.03
3/8/2024,1675503022,1570750952,20139867.75,7541701.41,133670073.6,145085193.6,7752817.79,30508006.83,1446361.72
3/9/2024,1687817472,1854814955,20772985.46,8194765.77,134361889.5,167787819.4,7915368.16,31396922.31,1466964.69
3/10/2024,1751565282,1707971217,20449150.39,8256057.87,133241994.6,162760402.6,7813748.8,30012608.29,1466069.83
3/11/2024,1733596828,1720000268,21425444.55,8649734.77,139073109.9,163510763.3,7575015.84,31950333.71,1506851.28
3/12/2024,1704597404,1722542500,20946835.29,8717064.59,135462953.4,173646543.4,10361257.54,29919749.89,1490712.43
3/13/2024,1718933950,1721462881,20615596.78,8681607.02,136307626.3,170239815.9,10182022.34,31558724.66,1512530.43
3/14/2024,1652174051,1775039828,19982338.08,9491211.95,129436458.4,160211065.3,9839927.91,29762379.87,1488909.72
3/15/2024,1545926464,1672014062,19213613.22,9419016.02,123998066,151197573.8,8859139.57,26355174.73,1454679.55
3/16/2024,1446100427,1534272573,17964799.48,9067185.59,110614635,138334497.5,9314384.41,24172446.65,1392431.25
3/17/2024,1505811009,1964035882,19172338.5,10442476.9,114347444.9,142136293,8175448.71,25574392.12,1433650.72
3/18/2024,1431858357,1763557510,18738158.8,13422309.87,109651354.9,135676905.8,8844202.45,24640962.68,1397871.67
3/19/2024,1293530212,1601726533,16944507.03,12877217,97966039.6,121391351.7,8413212.08,22251349.29,1326324.85
3/20/2024,1417002656,1755311679,18807874.79,15299732.27,98651243.83,134795690.2,7334725.45,24061121.2,1417613.85
3/21/2024,1418831548,1625310483,18686348.9,17132179.27,98929474.58,134209651.6,7075929.61,25113603.58,1411935.91
3/22/2024,1394473458,1588078897,17783973.28,17005719.97,94563379.67,130632376.5,7429450.48,24266865.77,1381421.63
3/23/2024,1428215504,1595019081,17876111.25,14004554.41,91355351.3,131613256.4,7378815.4,24473620.19,1388841.47
3/24/2024,1496516872,1647726291,18438285.18,15495131.19,95673727.14,137282466.3,8525069.7,25769517.78,1422854.4
3/25/2024,1527626103,1667686515,19200404,16607926.99,96610948.79,141874631.7,8689770.69,26154283.9,1461638.83
3/26/2024,1519774335,1660259479,19138350.38,12868078.07,97600192.98,144987163.1,9254886.63,26905397.64,1466333.51
3/27/2024,1470962684,1696597090,18667922.36,12764367.68,92940907.62,149897688.1,8242905.66,26137855.63,1451680.18
3/28/2024,1499136932,1683938711,18972392.2,13395284.81,94857493.92,148782889.6,11431687.17,28904542.85,1471917.92
3/29/2024,1484938667,1646871072,18803245.79,12372984.07,92237996.23,150611548.9,10567192.94,29542696.82,1464665.41
3/30/2024,1460730823,1618851858,18769806.29,13333437.71,91574471.55,146361489.1,9573187.17,29568074.64,1465512.21
3/31/2024,1504934009,1585739357,19277166.91,13662424.34,94852627.7,152721318.1,9528477.59,30029880.81,1514185.94
4/1/2024,1400446982,1511021623,18568564.52,13414845.17,90804295.26,145420316.1,9664747.92,30255676.67,1474259.43
