Date,Lido Finance ($),Frax Ether ($),StakeWise ($),Stader ($),StakeStone ($)
1/7/2021,264.7,,,,
1/8/2021,0,,,,
1/9/2021,350.49,,,,
1/10/2021,174.81,,,,
1/11/2021,154.7,,,,
1/12/2021,193.26,,,,
1/13/2021,209.44,,,,
1/14/2021,222.13,,,,
1/15/2021,265.71,,,,
1/16/2021,294.2,,,,
1/17/2021,301.68,,,,
1/18/2021,458.73,,,,
1/19/2021,515.44,,,,
1/20/2021,0,,,,
1/21/2021,504.44,,,,
1/22/2021,1195.72,,,,
1/23/2021,619.81,,,,
1/24/2021,684.7,,,,
1/25/2021,683.82,,,,
1/26/2021,718.55,,,,
1/27/2021,674.21,,,,
1/28/2021,755.31,,,,
1/29/2021,869.24,,,,
1/30/2021,942.73,,,,
1/31/2021,964.79,,,,
2/1/2021,1248.6,,,,
2/2/2021,2196.61,,,,
2/3/2021,2034.23,,,,
2/4/2021,2605.23,,,,
2/5/2021,3185.87,,,,
2/6/2021,3214.79,,,,
2/7/2021,3157.17,,,,
2/8/2021,3357.99,,,,
2/9/2021,2881.64,,,,
2/10/2021,3202.62,,,,
2/11/2021,3654.63,,,,
2/12/2021,3710.22,,,,
2/13/2021,3689.83,,,,
2/14/2021,4160.6,,,,
2/15/2021,4484.31,,,,
2/16/2021,4245.31,,,,
2/17/2021,5241.88,,,,
2/18/2021,6196.49,,,,
2/19/2021,6668.18,,,,
2/20/2021,6742.14,,,,
2/21/2021,7279.91,,,,
2/22/2021,6504.46,,,,
2/23/2021,0,,,,
2/24/2021,0,,,,
2/25/2021,17602.35,,,,
2/26/2021,6066.13,,,,
2/27/2021,6430.54,,,,
2/28/2021,6106.41,,,,
3/1/2021,6889.13,,,,
3/2/2021,6452.79,,,,
3/3/2021,6788.24,,,,
3/4/2021,6622.6,,,,
3/5/2021,6550.42,,,,
3/6/2021,7121.78,,,,
3/7/2021,7091.98,,,,
3/8/2021,7715.79,,,,
3/9/2021,7920.99,,,,
3/10/2021,0,,,,
3/11/2021,11425.86,,,,
3/12/2021,7225.48,,,,
3/13/2021,8332.49,,,,
3/14/2021,7902.94,,,,
3/15/2021,7697.06,,,,
3/16/2021,0,,,,
3/17/2021,0,,,,
3/18/2021,21865.26,,,,
3/19/2021,7525.72,,,,
3/20/2021,7846.95,,,,
3/21/2021,7472.72,,,,
3/22/2021,6841.85,,,,
3/23/2021,7076.19,,,,
3/24/2021,6790.85,,,,
3/25/2021,6745.89,,,,
3/26/2021,7059.32,,,,
3/27/2021,7352.51,,,,
3/28/2021,7229.54,,,,
3/29/2021,7599.66,,,,
3/30/2021,7989.82,,,,
3/31/2021,8417.82,,,,
4/1/2021,8624.24,,,,
4/2/2021,9078.39,,,,
4/3/2021,8797.64,,,,
4/4/2021,9104.52,,,,
4/5/2021,9092.37,,,,
4/6/2021,9230.6,,,,
4/7/2021,8566.82,,,,
4/8/2021,8924.3,,,,
4/9/2021,8682.94,,,,
4/10/2021,9407.08,,,,
4/11/2021,9410.03,,,,
4/12/2021,9703.42,,,,
4/13/2021,10751.32,,,,
4/14/2021,11825.61,,,,
4/15/2021,12655.61,,,,
4/16/2021,12187.18,,,,
4/17/2021,11707.45,,,,
4/18/2021,11080.09,,,,
4/19/2021,10890.67,,,,
4/20/2021,11847.63,,,,
4/21/2021,12353.8,,,,
4/22/2021,12850.45,,,,
4/23/2021,13122.84,,,,
4/24/2021,12196.65,,,,
4/25/2021,12764.62,,,,
4/26/2021,14069.83,,,,
4/27/2021,14830.52,,,,
4/28/2021,15268.94,,,,
4/29/2021,15360.06,,,,
4/30/2021,15627.71,,,,
5/1/2021,16560.64,,,,
5/2/2021,16611,,,,
5/3/2021,19347.98,,,,
5/4/2021,18307.5,,,,
5/5/2021,19895.14,,,,
5/6/2021,18913.16,,,,
5/7/2021,19429.52,,,,
5/8/2021,22450.82,,,,
5/9/2021,23025.55,,,,
5/10/2021,23149.13,,,,
5/11/2021,23782.2,,,,
5/12/2021,22942.59,,,,
5/13/2021,24284.18,,,,
5/14/2021,21812.91,,,,
5/15/2021,22788.37,,,,
5/16/2021,25396.81,,,,
5/17/2021,23193.84,,,,
5/18/2021,23839.49,,,,
5/19/2021,17238.71,,,,
5/20/2021,19382.81,,,,
5/21/2021,17097.08,,,,
5/22/2021,16453.96,,,,
5/23/2021,15033.38,,,,
5/24/2021,18780.74,,,,
5/25/2021,19352.73,,,,
5/26/2021,20573.53,,,,
5/27/2021,19521.95,,,,
5/28/2021,17883.4,,,,
5/29/2021,17878.39,,,,
5/30/2021,19714.82,,,,
5/31/2021,22330.69,,,,
6/1/2021,22113.49,,,,
6/2/2021,22649.1,,,,
6/3/2021,23819.23,,,,
6/4/2021,22431.34,,,,
6/5/2021,21874.57,,,,
6/6/2021,22378.69,,,,
6/7/2021,21451.31,,,,
6/8/2021,21125.43,,,,
6/9/2021,22430.15,,,,
6/10/2021,21200.69,,,,
6/11/2021,20311.85,,,,
6/12/2021,20715.89,,,,
6/13/2021,21952.97,,,,
6/14/2021,22705.44,,,,
6/15/2021,22348.44,,,,
6/16/2021,20734.72,,,,
6/17/2021,18380.6,,,,
6/18/2021,19721.92,,,,
6/19/2021,19096.11,,,,
6/20/2021,19775.55,,,,
6/21/2021,16782.22,,,,
6/22/2021,17072.33,,,,
6/23/2021,18531.14,,,,
6/24/2021,18754.42,,,,
6/25/2021,17161.86,,,,
6/26/2021,17438.04,,,,
6/27/2021,19171.98,,,,
6/28/2021,20236.73,,,,
6/29/2021,21251.17,,,,
6/30/2021,22351.86,,,,
7/1/2021,20809.62,,,,
7/2/2021,21043.22,,,,
7/3/2021,21748.62,,,,
7/4/2021,22630.24,,,,
7/5/2021,21412.28,,,,
7/6/2021,22683.23,,,,
7/7/2021,22743.53,,,,
7/8/2021,20979.41,,,,
7/9/2021,21693.29,,,,
7/10/2021,21873.2,,,,
7/11/2021,22209.88,,,,
7/12/2021,21229.99,,,,
7/13/2021,20850.03,,,,
7/14/2021,21205.41,,,,
7/15/2021,20416.09,,,,
7/16/2021,19981.58,,,,
7/17/2021,20233.89,,,,
7/18/2021,20123.99,,,,
7/19/2021,19290.03,,,,
7/20/2021,19520.02,,,,
7/21/2021,22292.84,,,,
7/22/2021,22560.53,,,,
7/23/2021,23654.53,,,,
7/24/2021,24459.79,,,,
7/25/2021,25109.09,,,,
7/26/2021,25741.22,,,,
7/27/2021,26522.72,,,,
7/28/2021,26494.85,,,,
7/29/2021,27573.98,,,,
7/30/2021,28650.7,,,,
7/31/2021,29766.74,,,,
8/1/2021,30122.57,,,,
8/2/2021,30938.29,,,,
8/3/2021,29855.39,,,,
8/4/2021,32721.68,,,,
8/5/2021,34315.36,,,,
8/6/2021,35863.17,,,,
8/7/2021,39710.09,,,,
8/8/2021,37969.75,,,,
8/9/2021,40071.96,,,,
8/10/2021,39786.74,,,,
8/11/2021,40482.4,,,,
8/12/2021,38866.93,,,,
8/13/2021,42370.12,,,,
8/14/2021,41692.09,,,,
8/15/2021,42804.87,,,,
8/16/2021,40841.96,,,,
8/17/2021,39123.04,,,,
8/18/2021,40019.78,,,,
8/19/2021,43260.24,,,,
8/20/2021,43712.98,,,,
8/21/2021,41802.23,,,,
8/22/2021,45130.06,,,,
8/23/2021,45588.61,,,,
8/24/2021,43792.97,,,,
8/25/2021,43969.79,,,,
8/26/2021,43597.69,,,,
8/27/2021,46416.29,,,,
8/28/2021,47374.48,,,,
8/29/2021,48273.05,,,,
8/30/2021,49185.18,,,,
8/31/2021,53402.18,,,,
9/1/2021,59553.12,,,,
9/2/2021,59771.07,,,,
9/3/2021,63208.72,,,,
9/4/2021,64613.04,,,,
9/5/2021,66689.33,,,,
9/6/2021,65719.35,,,,
9/7/2021,56898.44,,,,
9/8/2021,56607.27,,,,
9/9/2021,56140.73,,,,
9/10/2021,55824.02,,,,
9/11/2021,57929.98,,,,
9/12/2021,61570.36,,,,
9/13/2021,60375.66,,,,
9/14/2021,62859.47,,,,
9/15/2021,65996.95,,,,
9/16/2021,67463.66,,,,
9/17/2021,66195.02,,,,
9/18/2021,67628.29,,,,
9/19/2021,65719.11,,,,
9/20/2021,58891.93,,,,
9/21/2021,55744.5,,,,
9/22/2021,61794.66,,,,
9/23/2021,63918.03,,,,
9/24/2021,57897.34,,,,
9/25/2021,58665.93,,,,
9/26/2021,61886.81,,,,
9/27/2021,59172.22,,,,
9/28/2021,56206.55,,,,
9/29/2021,57675.14,,,,
9/30/2021,61120.5,,,,
10/1/2021,67130.51,,,,
10/2/2021,69171.43,,,,
10/3/2021,69541.94,,,,
10/4/2021,69099.14,,,,
10/5/2021,71811.63,,,,
10/6/2021,72692.86,,,,
10/7/2021,74125.43,,,,
10/8/2021,74670.04,,,,
10/9/2021,75510.46,,,,
10/10/2021,72058.66,,,,
10/11/2021,72237.41,,,,
10/12/2021,73659.41,,,,
10/13/2021,72776.04,,,,
10/14/2021,74119.99,,,,
10/15/2021,79859.05,,,,
10/16/2021,80227.33,,,,
10/17/2021,74528.39,,,,
10/18/2021,66439.77,,,,
10/19/2021,80259.45,,,,
10/20/2021,87163.41,,,,
10/21/2021,85248.64,,,,
10/22/2021,83484.61,,,,
10/23/2021,87388.24,,,,
10/24/2021,85868.75,,,,
10/25/2021,88613.59,,,,
10/26/2021,87000.79,,,,
10/27/2021,83107.64,,,,
10/28/2021,85410.48,,,,
10/29/2021,91835.18,,,,
10/30/2021,90556.13,,,,
10/31/2021,90623.87,,,,
11/1/2021,92197.34,,,,
11/2/2021,98340.62,,,,
11/3/2021,99140.87,,,,
11/4/2021,97363.03,,,,
11/5/2021,97309.7,,,,
11/6/2021,97523.37,,,,
11/7/2021,100466.88,,,,
11/8/2021,103615.02,,,,
11/9/2021,102540.2,,,,
11/10/2021,99876.47,,,,
11/11/2021,102012.02,,,,
11/12/2021,101214.85,,,,
11/13/2021,99989.98,,,,
11/14/2021,99746.7,,,,
11/15/2021,98657.86,,,,
11/16/2021,91657.45,,,,
11/17/2021,92234.69,,,,
11/18/2021,87297.78,,,,
11/19/2021,95443.97,,,,
11/20/2021,97954.15,,,,
11/21/2021,93906.3,,,,
11/22/2021,90594.06,,,,
11/23/2021,95870.32,,,,
11/24/2021,94989.3,,,,
11/25/2021,100805.58,,,,
11/26/2021,90416.61,,,,
11/27/2021,90958.79,,,,
11/28/2021,95654.45,,,,
11/29/2021,99262.15,,,,
11/30/2021,105065.96,,,,
12/1/2021,102903.69,,,,
12/2/2021,101027.53,,,,
12/3/2021,94148.62,,,,
12/4/2021,91244.55,,,,
12/5/2021,94767.04,,,,
12/6/2021,98694.03,,,,
12/7/2021,97321.68,,,,
12/8/2021,100466.39,,,,
12/9/2021,95084.09,,,,
12/10/2021,89606.39,,,,
12/11/2021,93856.26,,,,
12/12/2021,95264.32,,,,
12/13/2021,86915.01,,,,
12/14/2021,89340.43,,,,
12/15/2021,93268.07,,,,
12/16/2021,92014.93,,,,
12/17/2021,90072.5,,,,
12/18/2021,91750.21,,,,
12/19/2021,91756.28,,,,
12/20/2021,91627.71,,,,
12/21/2021,94978.66,,,,
12/22/2021,93708.5,,,,
12/23/2021,95952.91,,,,
12/24/2021,94293.86,,,,
12/25/2021,96858.68,,,,
12/26/2021,96583.63,,,,
12/27/2021,95822.42,,,,
12/28/2021,90283.92,,,,
12/29/2021,85618.41,,,,
12/30/2021,88243.69,,,,
12/31/2021,87885.79,,,,
1/1/2022,89571.35,,,,
1/2/2022,91773.47,,,,
1/3/2022,90076.47,,,,
1/4/2022,90743.51,,,,
1/5/2022,84476.19,,1522.17,,
1/6/2022,82102.98,,2343.01,,
1/7/2022,76901.1,,1374.44,,
1/8/2022,74473.47,,1343.74,,
1/9/2022,76582.92,,1516.9,,
1/10/2022,74747.77,,1381.56,,
1/11/2022,77105.91,,1432.94,,
1/12/2022,82111.8,,1423.52,,
1/13/2022,79138.5,,1588.35,,
1/14/2022,81160.32,,0,,
1/15/2022,81601.21,,1497.52,,
1/16/2022,81828.54,,2483.92,,
1/17/2022,77779.74,,1765.66,,
1/18/2022,77035.05,,0,,
1/19/2022,75757.18,,1491.31,,
1/20/2022,73483.95,,1393.71,,
1/21/2022,62085.51,,1720.21,,
1/22/2022,59254.08,,1146.01,,
1/23/2022,62338.78,,1278.82,,
1/24/2022,60313.46,,1126.16,,
1/25/2022,61670.04,,1165.03,,
1/26/2022,62487.39,,1201.06,,
1/27/2022,61553.45,,1179.39,,
1/28/2022,64696.81,,1233.47,,
1/29/2022,64734.62,,0,,
1/30/2022,66212.74,,2890.78,,
1/31/2022,69153.78,,1563.01,,
2/1/2022,70993.25,,1350.95,,
2/2/2022,68311.15,,1350.78,,
2/3/2022,68635.08,,1445.51,,
2/4/2022,75616.54,,1553.46,,
2/5/2022,77414.87,,1579.89,,
2/6/2022,78850.83,,1559.49,,
2/7/2022,79830.76,,1648.77,,
2/8/2022,80790.5,,1739.36,,
2/9/2022,83953.26,,1921.77,,
2/10/2022,79487.74,,1802.1,,
2/11/2022,75678.56,,1700.57,,
2/12/2022,76103.07,,1721.51,,
2/13/2022,75221.11,,1666.59,,
2/14/2022,77024.07,,0,,
2/15/2022,83563.86,,1905.97,,
2/16/2022,82359.19,,1961.83,,
2/17/2022,77185.26,,1677.81,,
2/18/2022,74309.85,,1710.06,,
2/19/2022,73418.35,,1602.11,,
2/20/2022,70515.79,,2227.45,,
2/21/2022,68946.1,,1556.39,,
2/22/2022,70701.38,,1501.86,,
2/23/2022,69265.99,,0,,
2/24/2022,69722.92,,3316.76,,
2/25/2022,75229.41,,0,,
2/26/2022,76293.77,,1544.66,,
2/27/2022,72037.96,,2008.14,,
2/28/2022,80329.09,,1700.66,,
3/1/2022,81940.99,,1703.55,,
3/2/2022,81474.9,,1775.48,,
3/3/2022,79542.45,,1595.93,,
3/4/2022,73026.02,,1462.18,,
3/5/2022,76082.4,,1507.17,,
3/6/2022,72752.98,,1478.93,,
3/7/2022,72023.21,,1450.52,,
3/8/2022,74408.03,,1524.78,,
3/9/2022,79633.49,,1614.69,,
3/10/2022,77157.07,,1518.53,,
3/11/2022,75399.19,,1590.53,,
3/12/2022,76326.1,,1495.38,,
3/13/2022,76160.85,,1478.6,,
3/14/2022,78434.01,,1493.31,,
3/15/2022,80384.44,,1456.72,,
3/16/2022,84233.47,,1569.59,,
3/17/2022,87691.45,,1767.94,,
3/18/2022,91649.93,,0,,
3/19/2022,92397.62,,0,,
3/20/2022,90816.37,,0,,
3/21/2022,93815.56,,6903.43,,
3/22/2022,97529.23,,1831.51,,
3/23/2022,99852.55,,1805.76,,
3/24/2022,103895.58,,1781.72,,
3/25/2022,103925.71,,2502.94,,
3/26/2022,106680.42,,1778.71,,
3/27/2022,112927.49,,2049.11,,
3/28/2022,115748.77,,1854.93,,
3/29/2022,118037.71,,2115.68,,
3/30/2022,118635.61,,2018.98,,
3/31/2022,115934.31,,1891.18,,
4/1/2022,123925.26,,0,,
4/2/2022,124813.95,,1935.55,,
4/3/2022,128891.61,,3008.52,,
4/4/2022,129912.74,,2095.15,,
4/5/2022,125996.46,,1857.03,,
4/6/2022,118571.7,,1772.26,,
4/7/2022,120233.83,,1813.67,,
4/8/2022,119298.64,,1768.11,,
4/9/2022,124196.02,,1796.81,,
4/10/2022,121800.39,,1866.37,,
4/11/2022,114393.19,,1616.37,,
4/12/2022,117300.3,,1668.75,,
4/13/2022,121820.8,,1890.82,,
4/14/2022,118276.43,,1735.63,,
4/15/2022,119657.06,,1710.57,1.11,
4/16/2022,121918.41,,1715.08,0,
4/17/2022,119232.97,,0,0,
4/18/2022,122473.93,,1652.24,3.72,
4/19/2022,124667.67,,3410.68,0,
4/20/2022,125388.7,,1908.61,9.03,
4/21/2022,122825.25,,2219.36,0,
4/22/2022,121702.74,,2215.34,0,
4/23/2022,121234.43,,2189.63,0,
4/24/2022,122419.73,,2255.25,0,
4/25/2022,127025.01,,2488.95,22.56,
4/26/2022,119334.54,,2310.4,0,
4/27/2022,122305.95,,2191.4,32.37,
4/28/2022,124949.63,,2297.61,0,
4/29/2022,121173.64,,2083.79,82.29,
4/30/2022,119244.34,,2135.07,0,
5/1/2022,122957.18,,2128.1,0,
5/2/2022,124582.11,,0,0,
5/3/2022,121565.23,,2112.2,232.95,
5/4/2022,129123.82,,2239,0,
5/5/2022,121166.28,,2001.88,262.7,
5/6/2022,119751.46,,1937.17,0,
5/7/2022,117049.24,,1897.82,0,
5/8/2022,112966.74,,1870.39,0,
5/9/2022,100132.6,,1649.8,82.45,
5/10/2022,106998.4,,1895.47,0,
5/11/2022,94923.06,,1569.76,0,
5/12/2022,90127.1,,1554.8,0,
5/13/2022,92264.59,,1539.89,0,
5/14/2022,94929.58,,1993.59,0,
5/15/2022,100691.42,,1686.93,0,
5/16/2022,95726.15,,1493.69,697.71,
5/17/2022,100249.05,,1850.66,0,
5/18/2022,92061.01,,1617.55,0,
5/19/2022,97836.54,,1620.76,0,
5/20/2022,94276.69,,1465.14,363.47,
5/21/2022,95863.35,,1465.98,0,
5/22/2022,100793.22,,1542.06,0,
5/23/2022,96965.21,,1442.61,0,
5/24/2022,99600.43,,1443.28,0,
5/25/2022,97884.91,,1463.29,0,
5/26/2022,91177.65,,1343.22,203.32,
5/27/2022,87280.4,,1381.69,0,
5/28/2022,91693.4,,1397.82,0,
5/29/2022,91987.13,,1382.42,0,
5/30/2022,101670.27,,1526.26,0,
5/31/2022,99346.71,,1499.34,858.22,
6/1/2022,93627.38,,0,0,
6/2/2022,93668.16,,0,0,
6/3/2022,90984.47,,2720.39,0,
6/4/2022,92142.92,,2544.99,0,
6/5/2022,91850.25,,1423.86,0,
6/6/2022,95083.31,,1415.83,759.14,
6/7/2022,92518.58,,1442.18,0,
6/8/2022,91149.38,,1361.41,0,
6/9/2022,91402.24,,1329.88,0,
6/10/2022,83678.67,,1371.65,731.6,
6/11/2022,77510.41,,1173.14,0,
6/12/2022,72714.87,,1132.51,0,
6/13/2022,60858.99,,926.08,0,
6/14/2022,60641.63,,957.68,0,
6/15/2022,61951.75,,974.16,0,
6/16/2022,52778.03,,788.65,702.57,
6/17/2022,53895.22,,839.94,0,
6/18/2022,49410.88,,787.93,0,
6/19/2022,55407.87,,865.45,0,
6/20/2022,56291.11,,805.32,0,
6/21/2022,56036.41,,875.09,0,
6/22/2022,52439.07,,799.78,862.19,
6/23/2022,57184.51,,903.95,0,
6/24/2022,61823.84,,996.06,0,
6/25/2022,62605.04,,958.88,0,
6/26/2022,60422.34,,1018.3,0,
6/27/2022,59907.82,,969.4,0,
6/28/2022,57454.1,,897.6,754.17,
6/29/2022,55262.26,,903.23,0,
6/30/2022,53772.76,,816.09,0,
7/1/2022,53105.65,,0,0,
7/2/2022,53867.92,,849.18,0,
7/3/2022,53806.54,,852.92,0,
7/4/2022,57948.05,,950.63,0,
7/5/2022,57286.12,,905.07,1127.13,
7/6/2022,59862.65,,925.21,0,
7/7/2022,63057.05,,972.91,0,
7/8/2022,61609.54,,980.77,0,
7/9/2022,61720.14,,929.73,0,
7/10/2022,59128.53,,930.54,1482.39,
7/11/2022,55862.67,,878.68,0,
7/12/2022,52284.98,,800.31,0,
7/13/2022,56249.69,,889.79,0,
7/14/2022,59986.42,,961.59,692.13,
7/15/2022,61950.26,,1000.51,397.33,
7/16/2022,68795.17,,1041.73,0,
7/17/2022,67657.17,,1012.65,0,
7/18/2022,80431.6,,1236.66,0,
7/19/2022,78372.93,,1219.96,1994.22,
7/20/2022,77360.32,,1136.52,0,
7/21/2022,79529.29,,1223.1,502.03,
7/22/2022,78019.23,,1181.6,0,
7/23/2022,78989.95,,1243.64,0,
7/24/2022,81390.53,,1277.58,0,
7/25/2022,73457.2,,1174.13,479.18,
7/26/2022,74118.17,,1213.35,101.56,
7/27/2022,82734.3,,1314.55,166.61,
7/28/2022,87900.39,,1400.35,0,
7/29/2022,86164.19,,1313.44,260.57,
7/30/2022,85886.4,,1370.36,0,
7/31/2022,85366.34,,1317.93,0,
8/1/2022,82990.44,,2116.35,0,
8/2/2022,82947.38,,1268.35,582.19,
8/3/2022,82477.05,,0,0,
8/4/2022,81580.15,,1282.01,0,
8/5/2022,88182.59,,1411.01,596.35,
8/6/2022,85042.66,,1340.11,0,
8/7/2022,85431.32,,1394.99,0,
8/8/2022,90121.22,,1420.48,0,
8/9/2022,86111.6,,1380.26,790.27,
8/10/2022,93495.72,,1492.99,0,
8/11/2022,95896.32,,1489.73,0,
8/12/2022,99693.78,,1522.44,691.53,
8/13/2022,101024.58,,1632.53,0,
8/14/2022,98463.69,,1580.37,0,
8/15/2022,96273.9,,1498.01,0,
8/16/2022,94779.52,,1427.38,957.69,
8/17/2022,92642.38,,1408.82,0,
8/18/2022,93043.68,,1427.08,0,
8/19/2022,80900.32,,1188.52,585.87,
8/20/2022,79904.42,,1226.54,0,
8/21/2022,81508.45,,1309.56,0,
8/22/2022,82137.62,,1341.92,0,
8/23/2022,83508.7,,1307.25,899.11,
8/24/2022,83298.3,,1210.68,0,
8/25/2022,85432.42,,1214.98,0,
8/26/2022,74859.45,,1092,577.25,
8/27/2022,75558.72,,1135.44,0,
8/28/2022,72250.03,,1160.71,0,
8/29/2022,78413.45,,1190.67,0,
8/30/2022,76957.32,,1354.12,696.99,
8/31/2022,78080.21,,1206.31,0,
9/1/2022,79917.96,,1260.88,0,
9/2/2022,79345.34,,1221.53,569.12,
9/3/2022,78374.25,,1228.25,0,
9/4/2022,79484.72,,1192.68,0,
9/5/2022,81537.85,,1254.03,0,
9/6/2022,77435.64,,1194.22,750.88,
9/7/2022,75426.71,,1168.1,0,
9/8/2022,80297.11,,1243.09,0,
9/9/2022,85900.97,,1357.08,602.26,
9/10/2022,89254.83,,1407.17,0,
9/11/2022,88376.79,,1405.26,0,
9/12/2022,85891.42,,1332.45,0,
9/13/2022,78736.81,,1284.86,1295.91,
9/14/2022,81932.44,,1265.51,0,
9/15/2022,79845.52,,1136.94,0,
9/16/2022,103975.59,,1874.64,0,
9/17/2022,93570.92,,787.62,0,
9/18/2022,81956.02,,1130.84,0,
9/19/2022,97131.61,,2812.22,1833.72,
9/20/2022,86298.25,,1942.26,1641.23,
9/21/2022,87652.61,,1501.06,0,
9/22/2022,92888.61,,1994.81,0,
9/23/2022,88302.37,,1889.32,1545.4,
9/24/2022,89564.13,,1587.28,0,
9/25/2022,81504.84,,1497,0,
9/26/2022,92300.62,,1514.4,0,
9/27/2022,97875.7,,1418.02,1971.07,
9/28/2022,99902.6,,1704.29,0,
9/29/2022,97562.41,,1569.5,0,
9/30/2022,100076.33,,1483.87,1592.26,
10/1/2022,95525.88,,1456.02,0,
10/2/2022,88223.52,,1627.2,0,
10/3/2022,93458.01,,1348.49,0,
10/4/2022,93889.66,,1946.55,2407.72,
10/5/2022,96766.18,,1422.56,0,
10/6/2022,103999.83,0,1305.92,0,
10/7/2022,91617.96,0,1571.42,1749.48,
10/8/2022,102923.26,0,1573.37,0,
10/9/2022,85254.79,0,1253.47,0,
10/10/2022,86738.47,0,1562.01,0,
10/11/2022,91138.76,0,1316.21,2225.62,
10/12/2022,85865.37,0,1418.35,0,
10/13/2022,91030.52,0.14,1194.14,0,
10/14/2022,109129.29,0,1358.86,1573.43,
10/15/2022,86138.87,0,1270.63,0,
10/16/2022,88580.01,0,1347.29,0,
10/17/2022,92275.67,0,1378.88,0,
10/18/2022,106002.42,0,1970.16,2261.19,
10/19/2022,97367.3,0,1358.13,0,
10/20/2022,111273,135.34,1409.14,0,
10/21/2022,100920.12,0,0,1628.87,
10/22/2022,101452.96,0,1865.39,0,
10/23/2022,94198.2,0,2098.17,0,
10/24/2022,94189.13,0,2023.79,0,
10/25/2022,102146.95,0,1567.59,2352.94,
10/26/2022,132904.23,0,1892.86,0,
10/27/2022,122435.24,291,1558.83,0,
10/28/2022,118596.54,0,1899.66,1816.13,
10/29/2022,122699.01,0,1757.06,0,
10/30/2022,120918.94,0,1882.22,0,
10/31/2022,112728.72,0,2228.68,0,
11/1/2022,121044.62,0,1644.91,2206.93,
11/2/2022,115625.88,0,1712.77,0,
11/3/2022,128002.81,293.17,1659.74,0,
11/4/2022,147636.83,0,1709.19,2327.96,
11/5/2022,124673.72,0,1486.51,0,
11/6/2022,104961.15,0,1499.24,0,
11/7/2022,112813.09,0,1889.24,0,
11/8/2022,113658.69,0,1868.63,2660.05,
11/9/2022,689.96,0,3134.01,0,
11/10/2022,257846.25,545.39,8203.32,0,
11/11/2022,846.42,0,2626.59,2074.08,
11/12/2022,248866.76,0,1735.2,0,
11/13/2022,178077.91,0,1143.22,0,
11/14/2022,181634.01,0,1644.12,0,
11/15/2022,182885.13,0,1805.26,2311.01,
11/16/2022,170241.98,0,1189.81,0,
11/17/2022,95277.37,705.08,1209.03,0,
11/18/2022,92002.83,0,1251.75,1656.45,
11/19/2022,84398.32,0,1127,0,
11/20/2022,88129.35,0,1147.36,0,
11/21/2022,85700.58,0,1273.32,0,
11/22/2022,89865.05,0,1364.74,2087.98,
11/23/2022,109341.26,0,1397.28,0,
11/24/2022,84590.01,1667.72,2046.03,0,
11/25/2022,84357.81,0,1179.85,1543.63,
11/26/2022,134034.11,0,1344.92,0,
11/27/2022,77901.52,0,1165.99,0,
11/28/2022,85961.5,0,1086.99,0,
11/29/2022,85485.62,0,1142.27,2036.72,
11/30/2022,89635.04,0,1396.19,0,
12/1/2022,89199.76,1966.74,1268.99,0,
12/2/2022,96539.84,0,1662.36,1660.84,
12/3/2022,82973.86,0,1061.81,0,
12/4/2022,85645.27,0,1173.92,0,
12/5/2022,82198.65,0,1301.86,0,
12/6/2022,84362.77,0,1209.6,2131.47,
12/7/2022,85218.37,0,2195.69,0,
12/8/2022,94562.24,2893.57,1267.04,0,
12/9/2022,88152.29,0,0,1587.42,
12/10/2022,83593.7,0,1317.06,0,
12/11/2022,77958.43,0,1232.58,0,
12/12/2022,88395.85,0,1161.59,0,
12/13/2022,92578.25,0,1299.44,2198.15,
12/14/2022,94429.66,0,1602.02,0,
12/15/2022,88126.17,4746.73,1179.86,0,
12/16/2022,86455.67,0,1131.01,1356.09,
12/17/2022,94717.5,0,1126.15,0,
12/18/2022,79888.78,0,1344.43,0,
12/19/2022,75329.52,0,1062.96,0,
12/20/2022,87011.63,0,1200.24,1782.43,
12/21/2022,81070.21,0,1276.63,0,
12/22/2022,86477.39,4791.49,1150.85,0,
12/23/2022,96864.92,0,1187.3,1355.51,
12/24/2022,78429.9,0,1091.1,0,
12/25/2022,73468.77,0,1085.15,0,
12/26/2022,80872.46,0,1064.18,0,
12/27/2022,79450.62,0,1180.7,1828.94,
12/28/2022,80415.49,0,1156.6,0,
12/29/2022,77996.31,4562.31,1059.53,0,
12/30/2022,77681.26,0,1120.68,1293.6,
12/31/2022,79307.69,0,1166.06,0,
1/1/2023,76292.78,0,1181.6,0,
1/2/2023,79534.85,0,1207.13,0,
1/3/2023,82893.91,0,1172.63,1786.35,
1/4/2023,90245.67,0,1164.79,0,
1/5/2023,102363.57,4953.67,1275.02,0,
1/6/2023,84644.08,0,1311.37,1315.74,
1/7/2023,85021.74,0,1242.59,0,
1/8/2023,82220.17,0,1089.35,0,
1/9/2023,103722.98,0,1254.01,0,
1/10/2023,93893.86,0,1332.47,1852.6,
1/11/2023,92367.39,0,0,0,
1/12/2023,112215.97,5567.34,3208.12,0,
1/13/2023,119577.36,0,2081.75,1553.08,
1/14/2023,139136.8,0,2755.2,0,
1/15/2023,111722.43,0,2846.95,0,
1/16/2023,119364.58,0,1756.82,0,
1/17/2023,118157.71,0,1591.85,2241.91,
1/18/2023,109771.56,0,2311.64,0,
1/19/2023,128894.02,9221.49,1632.31,0,
1/20/2023,112308.42,0,1603.7,1654.85,
1/21/2023,130150.2,0,1761.58,0,
1/22/2023,113568.32,0,1696.78,0,
1/23/2023,114128.77,0,1913.18,0,
1/24/2023,121243.11,0,1644.21,2142.27,
1/25/2023,135001.24,0,2265.1,0,
1/26/2023,124961.96,9867.6,1700.73,0,
1/27/2023,139964.23,0,1526.48,1956.34,
1/28/2023,112288.98,0,1643.99,0,
1/29/2023,113618.41,0,1756.47,0,
1/30/2023,112395.75,0,1552.13,0,
1/31/2023,118047.91,0,1839.31,2620.56,
2/1/2023,119863.09,0,3745.36,57.04,
2/2/2023,130446.91,11263.28,1738.93,59.19,
2/3/2023,127476.98,0,2081.98,2344.91,
2/4/2023,129255.06,0,1637.5,73.14,
2/5/2023,117246.82,0,1701.46,58.36,
2/6/2023,115229.13,0,1527,71.83,
2/7/2023,129929.11,0,2466.15,3085.48,
2/8/2023,132043.57,0,1845.6,85.31,
2/9/2023,130097.09,11030.8,1891.39,0,
2/10/2023,122205.2,0,0,2383.91,
2/11/2023,115323.8,0,2082.98,105.21,
2/12/2023,105498.31,0,2642.03,100.46,
2/13/2023,118267.23,0,1496.31,94.32,
2/14/2023,116830.83,0,1781.94,2980.96,
2/15/2023,171414.5,0,2504.4,102.97,
2/16/2023,137670.96,13842.79,2320.05,93.61,
2/17/2023,135531.27,0,1798.03,2780.97,
2/18/2023,146771.42,0,1733.71,111.87,
2/19/2023,134035.01,0,1799.89,99.57,
2/20/2023,132781.42,0,2030.42,93.01,
2/21/2023,133913.1,0,1839.63,3449.25,
2/22/2023,140536.18,0,2951.58,105.12,
2/23/2023,133267.12,15979.93,1877.07,578.52,
2/24/2023,121976.36,0,1496.55,2261.65,
2/25/2023,119537.39,0,1423.63,112.95,
2/26/2023,116140.96,0,1518.26,118.11,
2/27/2023,113980.12,0,1525.72,98.29,
2/28/2023,128428.68,0,1665.68,2827.19,
3/1/2023,129804.2,0,1582.57,225.07,
3/2/2023,139367.74,13759.32,1802.19,161.62,
3/3/2023,144176.16,0,2109.17,2173.82,
3/4/2023,122473.35,0,1758.48,116.92,
3/5/2023,121449.93,0,1701.41,110.82,
3/6/2023,118276.5,0,1580.75,90.37,
3/7/2023,135022.07,0,1551.5,2863.74,
3/8/2023,125007.03,0,1420.02,103.19,
3/9/2023,115509.82,12551.52,2115.76,102.5,
3/10/2023,137247.23,0,1909.74,2058.13,
3/11/2023,257819.32,0,4280.89,116.07,
3/12/2023,277434.97,0,1712.24,116.13,
3/13/2023,237704.36,0,2554.3,155.99,
3/14/2023,163799.42,0,2253.51,3097.66,
3/15/2023,159980.83,0,1860.91,244.96,
3/16/2023,158457.12,27990.38,2320.22,144.49,
3/17/2023,187913.89,0,2011.85,2507.04,
3/18/2023,143122.05,0,1642.32,132.69,
3/19/2023,135134.81,0,1750.1,136.83,
3/20/2023,264613.23,0,2491.51,129.89,
3/21/2023,171073.81,0,0,2995.53,
3/22/2023,132870.93,0,1965.43,138.83,
3/23/2023,151921.1,19281.39,2048.4,140.56,
3/24/2023,144234.03,0,1733.93,2165,
3/25/2023,131205.95,0,1637.32,134.86,
3/26/2023,132122.38,0,2046.3,113.11,
3/27/2023,140239.49,0,1597.64,93.83,
3/28/2023,168433.5,0,1855.34,2788.41,
3/29/2023,145781.4,0,1931.03,120.14,
3/30/2023,155273.33,17021.35,1842.25,120.46,
3/31/2023,138105.87,0,2412.84,121.14,
4/1/2023,145591.63,0,1763.86,115.79,
4/2/2023,126897.04,0,1695.76,126.63,
4/3/2023,134726.52,0,1685.19,120.38,
4/4/2023,152777.64,0,2175.16,5928.67,
4/5/2023,151066.42,0,1826.11,144.5,
4/6/2023,140644.33,18692.41,1859.74,124.4,
4/7/2023,142524.36,0,1791.19,1922.54,
4/8/2023,131790.68,0,1747.51,146.83,
4/9/2023,291896.46,0,1793.32,127.44,
4/10/2023,136351.5,0,1598,127.27,
4/11/2023,152292.22,0,1784.89,3235.95,
4/12/2023,152467.92,0,2001.61,120.49,
4/13/2023,145728.18,19393.99,2078.1,0,
4/14/2023,192598.27,0,2923.8,2758.33,
4/15/2023,176111.08,0,1898.98,138.72,
4/16/2023,152472.26,0,0,120.28,
4/17/2023,176198.64,0,2270.1,118.26,
4/18/2023,190370.12,0,4033.79,3257.94,
4/19/2023,215848.95,0,4051.79,234.37,
4/20/2023,212069.54,20946.51,2772.17,138.32,
4/21/2023,183958.29,0,3738.27,2381.19,
4/22/2023,163124.11,0,2340.25,159.75,
4/23/2023,166464.34,0,2130,148.89,
4/24/2023,161607.94,0,2050.78,143.7,
4/25/2023,170006.08,0,2792.79,3191.85,
4/26/2023,158308.46,0,2413.83,207.88,
4/27/2023,182274.25,26900.68,2958.21,201.48,
4/28/2023,172706,0,2255.52,2518.93,
4/29/2023,162108.76,0,2588.66,179.58,
4/30/2023,163118.94,0,2368.44,134.27,
5/1/2023,197277.3,0,3051.59,104.66,
5/2/2023,222559.53,0,2991.52,3169.16,
5/3/2023,217654.63,0,0,110.06,
5/4/2023,211760.96,28551.65,3642.23,101.81,
5/5/2023,235530.24,0,4521.72,2822.89,
5/6/2023,304696.26,0,4687.26,94.14,
5/7/2023,257305.07,0,3205.62,122.26,
5/8/2023,276455.64,0,4927.21,103.68,
5/9/2023,232891.38,0,0,3396.64,
5/10/2023,227259.41,0,3884.59,135.07,
5/11/2023,256451.59,43059.1,3079.91,131.86,
5/12/2023,261394.74,0,7581.02,2537.5,
5/13/2023,200891.33,0,3167.48,117.04,
5/14/2023,173042.05,0,2129.44,139.47,
5/15/2023,175508.96,0,2521.77,96.23,
5/16/2023,220153.62,0,3013.13,3307.69,
5/17/2023,177141.97,0,2510.84,133.32,
5/18/2023,184657.13,33045.67,2813.17,119.96,
5/19/2023,195188.1,0,2673.8,2597,
5/20/2023,165690.56,0,1910.79,126.12,
5/21/2023,162418.67,0,1770.71,112.97,
5/22/2023,171302.37,0,2398.04,100.53,
5/23/2023,191389.94,0,2549.82,3344.06,
5/24/2023,184555.09,0,2200.94,114.22,
5/25/2023,185454.42,28590.85,2344.82,101.5,
5/26/2023,188196.25,0,2471.04,340.27,
5/27/2023,193716.85,0,1943.5,110.2,
5/28/2023,168776.42,0,2331.42,97.24,
5/29/2023,199119.13,0,2592.85,70.49,
5/30/2023,186847.99,0,2375.66,5931.4,
5/31/2023,186932.28,0,2290.07,87.66,
6/1/2023,177235.43,28938.67,0,99.5,
6/2/2023,195465.54,0,2164.5,2779.94,
6/3/2023,168439.76,0,2270.15,104.75,
6/4/2023,159556.33,0,1931.81,96.29,
6/5/2023,158321.5,0,1968.86,82.98,
6/6/2023,174572.42,0,2468.34,3189.34,
6/7/2023,164799.99,0,2113.53,109.24,
6/8/2023,161845.07,27041.86,2219.29,96.38,
6/9/2023,165249.19,0,2913.12,2233.76,
6/10/2023,181666.19,0,1971.81,77.57,
6/11/2023,137484.94,0,1978.13,76.71,
6/12/2023,143224.31,0,1794.07,90.89,
6/13/2023,146137.01,0,1825.85,2542.62,
6/14/2023,132973.55,0,2358.72,91.79,
6/15/2023,149620.6,26593.05,1901.98,88.92,
6/16/2023,143692.28,0,1946.61,1778.11,
6/17/2023,152114.08,0,0,102.13,
6/18/2023,145345.24,0,2847.76,92.56,
6/19/2023,136247.07,0,1888.9,80.83,
6/20/2023,158964.28,0,1959.18,2467.44,
6/21/2023,166583.18,0,2141.43,88.48,
6/22/2023,173554.51,30297.31,1817.56,84.32,
6/23/2023,170998.6,0,3417.84,2051.79,
6/24/2023,160081.83,0,1908.59,86.39,
6/25/2023,152631.5,0,1950.88,87.83,
6/26/2023,150710.87,0,1661.71,78.45,
6/27/2023,160902.06,0,1767.4,2714.47,
6/28/2023,169042.31,0,0,83.14,
6/29/2023,170094.64,29406.69,2320.8,80.6,
6/30/2023,192447.84,0,3426.06,2120.67,
7/1/2023,192238.89,0,2271.03,95.27,
7/2/2023,162990.94,0,1819.54,98.74,
7/3/2023,173320.73,0,2035.82,80.62,
7/4/2023,175408.1,0,1819.92,76.72,
7/5/2023,165758.85,0,1959.02,90.84,
7/6/2023,173784.53,31470.41,1775.93,73.93,
7/7/2023,177935.88,0,2496.52,79.82,
7/8/2023,176442.33,0,2329.8,5724.52,
7/9/2023,164330.3,0,2214.48,77.09,
7/10/2023,167358.29,0,2269.27,78.48,
7/11/2023,178199.89,0,0,2487.37,
7/12/2023,166291.5,0,1853.18,82.89,
7/13/2023,183181.01,35828.15,2658.23,85.63,
7/14/2023,193457.6,0,2360.8,2707.25,
7/15/2023,172769.62,0,3125.19,98.98,
7/16/2023,171559.8,0,2055.39,80.83,
7/17/2023,184538.49,0,1869.93,68.29,
7/18/2023,175159.55,0,2743.1,3360.57,
7/19/2023,179070.03,0,1914.36,85.75,
7/20/2023,187001.93,33643.95,2364.19,0,
7/21/2023,187513.66,0,2051.93,2666.63,
7/22/2023,180114.73,0,1922.94,117.55,
7/23/2023,171079.55,0,2446.98,0,
7/24/2023,181534.76,0,2025.04,199.5,
7/25/2023,184195.61,0,2040.46,3271.35,
7/26/2023,185363.62,0,1896.41,0,
7/27/2023,182614.26,31949.6,0,191.73,
7/28/2023,181909.81,0,2124.12,2528.83,
7/29/2023,194434.37,0,1773.63,98.19,
7/30/2023,160299.42,0,1710.73,95.91,
7/31/2023,255944.68,0,2727.18,88.28,
8/1/2023,177619.02,0,2093.39,3327.25,
8/2/2023,182572.33,0,1858.62,100.77,
8/3/2023,182790.78,33710.59,2509.76,0,
8/4/2023,170773.87,0,1868.98,2304.16,
8/5/2023,173120.3,0,1731.21,0,
8/6/2023,164588.66,0,1800.82,0,
8/7/2023,168456.88,0,2021.05,0,
8/8/2023,180988.74,0,1791.76,4180.4,
8/9/2023,177300.78,0,0,104.07,
8/10/2023,177744.09,34139.14,1825.06,0,
8/11/2023,175943.75,0,2595.53,2832.07,
8/12/2023,170164.38,0,1728.93,114.25,
8/13/2023,164218.36,0,2438.15,81.43,
8/14/2023,168663.29,0,1849.84,0,
8/15/2023,179888.25,0,1814.66,3314.86,
8/16/2023,185038.85,0,1855.12,0,
8/17/2023,170933.41,30008.82,0,334.68,
8/18/2023,221271.79,0,0,2310.5,
8/19/2023,162691.34,0,0,106.41,
8/20/2023,155608.64,0,0,94.23,
8/21/2023,161835.7,0,7107.7,0,
8/22/2023,158239.71,0,1814.28,2887.25,
8/23/2023,166981.39,0,0,0,
8/24/2023,166492.92,29564.08,3282.96,0,
8/25/2023,166033.06,0,1791.6,0,
8/26/2023,159885.73,0,1731.88,2878.09,
8/27/2023,148143.08,0,1701.51,0,
8/28/2023,160367.83,0,2344.34,0,
8/29/2023,189626.78,0,0,2495.96,
8/30/2023,182766.02,0,1758.36,432.02,
8/31/2023,157141.41,28926.37,1685.72,73.21,
9/1/2023,160345.68,0,1747.4,2201.51,
9/2/2023,146889.85,0,1740.33,80.46,
9/3/2023,139373.84,0,2548.05,71.46,
9/4/2023,150422.68,0,1633.76,58.78,
9/5/2023,157473.93,0,0,2947.18,
9/6/2023,170177.38,0,1591.72,63.89,
9/7/2023,168953.84,28249.41,2486.55,65.67,
9/8/2023,159374.38,0,1976.75,2184.5,
9/9/2023,165844.3,0,1862.4,68.06,
9/10/2023,147291.49,0,2243.97,62.99,
9/11/2023,145129.66,0,1539.99,56.68,
9/12/2023,178313.2,0,1834.14,2702.79,
9/13/2023,160735.34,0,0,0,
9/14/2023,151805.42,28443.87,1711.62,156.11,
9/15/2023,160655.46,0,1962.81,2124.7,
9/16/2023,153824.15,0,1683.89,89.05,
9/17/2023,143662.51,0,1504.13,77.3,
9/18/2023,152696.37,0,1935.99,74.78,
9/19/2023,164028.61,0,1754.9,2892.23,
9/20/2023,164911.78,0,0,75.5,
9/21/2023,159699.48,28200.36,1867.84,64.54,
9/22/2023,154523.3,0,1691.41,2020.58,
9/23/2023,144822.68,0,1748.27,0,
9/24/2023,145841.74,0,1682.69,143.51,
9/25/2023,143333.99,0,1663.49,126.7,
9/26/2023,163727.31,0,0,2742.54,
9/27/2023,156550.02,0,1840.21,66.14,
9/28/2023,158045.69,26640.12,2143.38,72.43,
9/29/2023,158287.89,0,1722.1,2083.81,
9/30/2023,159116.68,0,1860.66,65.64,
10/1/2023,157837.22,0,1822.92,61.67,
10/2/2023,166408.7,0,1817.9,57.64,
10/3/2023,178130.83,0,0,2911.56,
10/4/2023,164393.59,0,2087.07,69.12,
10/5/2023,150341.14,26939.82,1930.76,73.44,
10/6/2023,148857.65,0,2017.84,2220.91,
10/7/2023,146927.66,0,1861.66,76.62,
10/8/2023,146120.5,0,1616.54,71.44,
10/9/2023,137564.19,0,1721.3,62.96,
10/10/2023,140071.15,0,0,2663.86,
10/11/2023,140161.53,0,1551.81,65.35,
10/12/2023,140042.21,25469.54,1631.67,0,
10/13/2023,145296.08,0,2127.83,1963.84,
10/14/2023,143684.72,0,1602.33,0,
10/15/2023,133219.8,0,1366.07,0,
10/16/2023,146173.16,0,3195.88,0,
10/17/2023,166649.65,0,1442.39,2626,
10/18/2023,187709.89,0,0,0,
10/19/2023,146178.25,27033.23,1603.43,0,
10/20/2023,163006.59,0,1679.17,2080.38,
10/21/2023,163260.24,0,2181.84,0,
10/22/2023,151921.97,0,2076.91,0,
10/23/2023,165878.79,0,0,0,
10/24/2023,199350.46,0,0,3603.01,
10/25/2023,174245.49,0,4364.38,158.93,
10/26/2023,193254.37,29055.54,2753.02,86.82,
10/27/2023,184323.12,0,1707.66,2556.57,
10/28/2023,209187.73,0,0,83.77,
10/29/2023,165177.39,0,2029.58,115.37,
10/30/2023,169539.35,0,2118.85,75.14,
10/31/2023,192056.43,0,1961.6,3759.5,
11/1/2023,192046.82,0,2385.94,95.24,
11/2/2023,190686.65,33408.27,2204.98,94.33,
11/3/2023,177567.42,0,2067.27,2969.88,
11/4/2023,183342.25,0,0,0,
11/5/2023,178169.13,0,1942.6,0,
11/6/2023,192655.37,0,2047.52,0,
11/7/2023,190608.63,0,2334.01,4577.73,
11/8/2023,199974.72,0,1925.5,606.35,
11/9/2023,225793.45,40905.88,0,106.64,
11/10/2023,263769.87,0,2759.42,4089.11,
11/11/2023,217877.64,0,2300.57,154.35,
11/12/2023,207525.55,0,2395.13,126.8,
11/13/2023,216166.46,0,2411.01,113.51,
11/14/2023,235880.51,0,3018.72,5594.68,
11/15/2023,228699.07,0,0,123.95,
11/16/2023,205454.45,37942.72,2251.29,108.68,
11/17/2023,193653.1,0,3033.82,3734.18,
11/18/2023,199123.75,0,3852.96,117.88,
11/19/2023,187896.23,0,2384.1,118.94,
11/20/2023,197293.04,0,0,105.42,
11/21/2023,191344.78,0,2631.49,4242.37,
11/22/2023,233730.13,0,3026.16,111.01,
11/23/2023,227851,38562.19,2533.64,120.21,
11/24/2023,207293.59,0,0.42,3366.37,
11/25/2023,205665.56,0,2252.17,89.5,
11/26/2023,193968.91,0,2039.61,82.78,
11/27/2023,200759.11,0,2431.62,81.97,
11/28/2023,212192.51,0,2547.19,4421.99,
11/29/2023,229566.84,0,2153.45,83.44,
11/30/2023,225057.42,36997.39,2231.23,89.53,
12/1/2023,230668.68,0,1672.78,3692.89,
12/2/2023,229921.45,0,1746.19,102.5,
12/3/2023,217008.88,0,1239.32,106.94,
12/4/2023,238563.96,0,1227.29,114.94,
12/5/2023,260500.98,0,950.19,4876.8,
12/6/2023,258550.59,0,1482.59,139.24,
12/7/2023,268105.12,45752.33,1379.73,137.19,
12/8/2023,270533.27,0,1222.63,4156.42,
12/9/2023,257119.74,0,1143.3,0,
12/10/2023,225520.5,0,1009.01,201.59,
12/11/2023,236390.82,0,1037.54,134.85,
12/12/2023,249412.06,0,878.71,147.81,
12/13/2023,236212,0,854.18,7302.01,
12/14/2023,236198.04,42257.63,885.21,153.69,
12/15/2023,256635.69,0,1631.64,2218.89,0
12/16/2023,236710.85,0,923.33,130.07,0
12/17/2023,243426.24,0,820.79,137.12,0
12/18/2023,222938.16,0,851.25,148.83,0
12/19/2023,226782.76,0,1129.55,4704.36,0
12/20/2023,230077.17,0,990.09,188.59,0
12/21/2023,263980.46,44558.25,957.77,176.05,0
12/22/2023,235898.95,0,998.56,4062.01,0
12/23/2023,231163.81,0,944.8,205.29,0
12/24/2023,215576.05,0,961,135.11,0
12/25/2023,230001.42,0,1001.24,124.3,0
12/26/2023,205763.38,0,937.96,6481.76,0
12/27/2023,232761.91,0,1045.98,161.84,0
12/28/2023,256176.62,42962.22,951.45,231.8,0
12/29/2023,237594.42,0,1210.14,4845.98,0
12/30/2023,212798.93,0,1063.42,251.75,0
12/31/2023,208200.57,0,930.25,222.35,0
1/1/2024,209746.67,0,938.27,195.47,0
1/2/2024,219145.4,0,920.39,6060.74,0
1/3/2024,210735.87,0,877.68,125.98,0
1/4/2024,338840.31,40700.34,950.01,177.94,0
1/5/2024,223955.44,0,1027.08,4143.02,0
1/6/2024,207342.69,0,920.65,223.13,0
1/7/2024,197290.23,0,866.31,145.52,0
1/8/2024,223298.89,0,977.47,155.64,0
1/9/2024,233333.02,0,924.79,5146.99,0
1/10/2024,296659.41,0,2010.6,150.74,0
1/11/2024,295428.59,52769.01,1574.18,0,0
1/12/2024,240281.11,0,1252.88,4000.47,0
1/13/2024,257237.44,0,1111.37,0,0
1/14/2024,239073.65,0,1093.81,0,0
1/15/2024,242549.41,0,992.42,0,0
1/16/2024,269580.36,0,1099.7,5554.29,0
1/17/2024,257838.56,0,784.89,0,0
1/18/2024,244375.81,47114.44,899.08,0,0
1/19/2024,323188.56,0,1337.8,3651.47,0
1/20/2024,238234.46,0,1134.03,0,0
1/21/2024,223374.38,0,954.5,0,0
1/22/2024,211104.31,0,736.81,0,0
1/23/2024,242801.19,0,1033.73,4612.78,0
1/24/2024,208730.01,0,806.18,0,0
1/25/2024,214677.25,40170.03,1036.06,0,0
1/26/2024,234456.12,0,823.09,3797.56,0
1/27/2024,231696.6,0,982.97,0,0
1/28/2024,213657.97,0,807.35,0,0
1/29/2024,212371.99,0,947.7,0,0
1/30/2024,227561.08,0,952.94,8557.95,0
1/31/2024,230276.59,0,815.88,0,0
2/1/2024,232034.17,41522.97,1094.87,0,0
2/2/2024,223632.76,0,1025.24,4061.75,0
2/3/2024,233653.63,0,1117.54,0,0
2/4/2024,205100.5,0,982.84,0,0
2/5/2024,203534.85,0,892.05,0,0
2/6/2024,228884.47,0,912.63,6386.21,0
2/7/2024,242783.95,0,900.79,0,0
2/8/2024,268417,42183.35,970.66,0,0
2/9/2024,283891.09,0,1340.99,4647.37,0
2/10/2024,267668.51,0,1085.96,0,0
2/11/2024,246639.45,0,918.87,0,0
2/12/2024,261750.52,0,1016.56,0,0
2/13/2024,333320.26,0,1073.8,6206.39,0
2/14/2024,292713.68,0,1305.98,0,0
2/15/2024,275783.95,53217.84,996.9,0,0
2/16/2024,315878.27,0,1591.98,5144.76,0
2/17/2024,260404.29,0,968.21,0,0
2/18/2024,268717.21,0,1151.11,0,0
2/19/2024,287839.58,0,1338.04,0,0
2/20/2024,302681.98,0,1211.48,9460.52,0
2/21/2024,308243.25,0,1275.48,0,0
2/22/2024,309467.89,53320.09,990.55,0,0
2/23/2024,299172.42,0,1411.27,5360.14,0
2/24/2024,310362.17,0,1176.99,0,0
2/25/2024,293053.89,0,1204.25,0,0
2/26/2024,310822.52,0,1371.95,0,0
2/27/2024,337709.96,0,1653.01,2025.74,0
2/28/2024,346533.03,0,1396.25,0,0
2/29/2024,370748.39,61316.68,1265.05,0,0
3/1/2024,345090.56,0,2570.41,11782.11,0
3/2/2024,358980.98,0,2199.49,0,0
3/3/2024,344484.21,0,1325.36,0,0
3/4/2024,377788.65,0,1357.24,0,0
3/5/2024,411408.54,0,1651.75,8186.09,0
3/6/2024,473696.36,0,1777.09,0,0
3/7/2024,451214.25,89150.03,1572.69,0,0
3/8/2024,412482.06,0,1732.49,6607.99,0
3/9/2024,414103.5,0,1786.34,0,0
3/10/2024,397114.85,0,1609.28,0,0
3/11/2024,438488.19,0,1959.31,4401.52,0
3/12/2024,437856.47,0,5657.08,9351.26,0
3/13/2024,437705.78,0,1548.31,0,0
3/14/2024,400463.47,76846.9,1733.9,0,0
3/15/2024,412838.36,0,1460.14,6759.78,0
3/16/2024,335105.81,0,1351.32,0,0
3/17/2024,360221.61,0,1569.09,0,0
3/18/2024,328093.98,0,1295.83,0,0
3/19/2024,372166,0,1064.98,7070.66,0
3/20/2024,356793.64,0,1257.4,0,0
3/21/2024,354033.4,60364.78,1249.07,0,0
3/22/2024,317837.83,0,1214.03,5631.31,0
3/23/2024,329499.19,0,1397.32,0,0
3/24/2024,307068.56,0,1363.23,0,0
3/25/2024,328263.94,0,1737.13,0,0
3/26/2024,367999.62,0,1798.33,8012.93,0
3/27/2024,336625.25,0,1565.14,0,0
3/28/2024,335900.65,61770.2,1528.1,0,0
3/29/2024,342370.78,0,1415.7,5736.79,0
3/30/2024,323094.11,0,1117.5,0,0
3/31/2024,330118.15,0,1160.51,0,0
4/1/2024,316130.38,0,1238.7,0,0
