Date,Lido Finance ($),Frax Ether ($),StakeWise ($),StakeStone ($),Stader ($)
2021-01-07,2382.33,,,,
2021-01-08,0.00,,,,
2021-01-09,3154.41,,,,
2021-01-10,1573.30,,,,
2021-01-11,1392.29,,,,
2021-01-12,1739.38,,,,
2021-01-13,1884.98,,,,
2021-01-14,1999.19,,,,
2021-01-15,2391.42,,,,
2021-01-16,2647.79,,,,
2021-01-17,2715.10,,,,
2021-01-18,4128.57,,,,
2021-01-19,4638.95,,,,
2021-01-20,0.00,,,,
2021-01-21,4539.98,,,,
2021-01-22,10761.45,,,,
2021-01-23,5578.25,,,,
2021-01-24,6162.34,,,,
2021-01-25,6154.35,,,,
2021-01-26,6466.91,,,,
2021-01-27,6067.86,,,,
2021-01-28,6797.81,,,,
2021-01-29,7823.17,,,,
2021-01-30,8484.61,,,,
2021-01-31,8683.14,,,,
2021-02-01,11237.36,,,,
2021-02-02,19769.53,,,,
2021-02-03,18308.04,,,,
2021-02-04,23447.09,,,,
2021-02-05,28672.84,,,,
2021-02-06,28933.07,,,,
2021-02-07,28414.56,,,,
2021-02-08,30221.95,,,,
2021-02-09,25934.80,,,,
2021-02-10,28823.62,,,,
2021-02-11,32891.63,,,,
2021-02-12,33391.99,,,,
2021-02-13,33208.43,,,,
2021-02-14,37445.43,,,,
2021-02-15,40358.76,,,,
2021-02-16,38207.76,,,,
2021-02-17,47176.94,,,,
2021-02-18,55768.42,,,,
2021-02-19,60013.62,,,,
2021-02-20,60679.25,,,,
2021-02-21,65519.19,,,,
2021-02-22,58540.18,,,,
2021-02-23,0.00,,,,
2021-02-24,0.00,,,,
2021-02-25,158421.18,,,,
2021-02-26,54595.19,,,,
2021-02-27,57874.88,,,,
2021-02-28,54957.68,,,,
2021-03-01,62002.19,,,,
2021-03-02,58075.15,,,,
2021-03-03,61094.18,,,,
2021-03-04,59603.41,,,,
2021-03-05,58953.82,,,,
2021-03-06,64095.98,,,,
2021-03-07,63827.78,,,,
2021-03-08,69442.12,,,,
2021-03-09,71288.88,,,,
2021-03-10,0.00,,,,
2021-03-11,102832.78,,,,
2021-03-12,65029.33,,,,
2021-03-13,74992.42,,,,
2021-03-14,71126.43,,,,
2021-03-15,69273.56,,,,
2021-03-16,0.00,,,,
2021-03-17,0.00,,,,
2021-03-18,196787.36,,,,
2021-03-19,67731.44,,,,
2021-03-20,70622.56,,,,
2021-03-21,67254.45,,,,
2021-03-22,61576.67,,,,
2021-03-23,63685.72,,,,
2021-03-24,61117.62,,,,
2021-03-25,60713.05,,,,
2021-03-26,63533.85,,,,
2021-03-27,66172.60,,,,
2021-03-28,65065.84,,,,
2021-03-29,68396.95,,,,
2021-03-30,71908.39,,,,
2021-03-31,75760.40,,,,
2021-04-01,77618.19,,,,
2021-04-02,81705.51,,,,
2021-04-03,79178.79,,,,
2021-04-04,81940.71,,,,
2021-04-05,81831.36,,,,
2021-04-06,83075.42,,,,
2021-04-07,77101.36,,,,
2021-04-08,80318.66,,,,
2021-04-09,78146.45,,,,
2021-04-10,84663.69,,,,
2021-04-11,84690.28,,,,
2021-04-12,87330.74,,,,
2021-04-13,96761.86,,,,
2021-04-14,106430.50,,,,
2021-04-15,113900.46,,,,
2021-04-16,109684.64,,,,
2021-04-17,105367.08,,,,
2021-04-18,99720.80,,,,
2021-04-19,98015.99,,,,
2021-04-20,106628.67,,,,
2021-04-21,111184.16,,,,
2021-04-22,115654.05,,,,
2021-04-23,118105.57,,,,
2021-04-24,109769.89,,,,
2021-04-25,114881.55,,,,
2021-04-26,126628.45,,,,
2021-04-27,133474.69,,,,
2021-04-28,137420.42,,,,
2021-04-29,138240.50,,,,
2021-04-30,140649.41,,,,
2021-05-01,149045.74,,,,
2021-05-02,149499.00,,,,
2021-05-03,174131.79,,,,
2021-05-04,164767.54,,,,
2021-05-05,179056.24,,,,
2021-05-06,170218.41,,,,
2021-05-07,174865.72,,,,
2021-05-08,202057.36,,,,
2021-05-09,207229.95,,,,
2021-05-10,208342.16,,,,
2021-05-11,214039.76,,,,
2021-05-12,206483.27,,,,
2021-05-13,218557.59,,,,
2021-05-14,196316.18,,,,
2021-05-15,205095.34,,,,
2021-05-16,228571.31,,,,
2021-05-17,208744.57,,,,
2021-05-18,214555.37,,,,
2021-05-19,155148.41,,,,
2021-05-20,174445.29,,,,
2021-05-21,153873.68,,,,
2021-05-22,148085.68,,,,
2021-05-23,135300.46,,,,
2021-05-24,169026.70,,,,
2021-05-25,174174.57,,,,
2021-05-26,185161.75,,,,
2021-05-27,175697.54,,,,
2021-05-28,160950.57,,,,
2021-05-29,160905.55,,,,
2021-05-30,177433.38,,,,
2021-05-31,200976.17,,,,
2021-06-01,199021.38,,,,
2021-06-02,203841.88,,,,
2021-06-03,214373.08,,,,
2021-06-04,201882.03,,,,
2021-06-05,196871.16,,,,
2021-06-06,201408.22,,,,
2021-06-07,193061.75,,,,
2021-06-08,190128.90,,,,
2021-06-09,201871.34,,,,
2021-06-10,190806.24,,,,
2021-06-11,182806.66,,,,
2021-06-12,186443.03,,,,
2021-06-13,197576.73,,,,
2021-06-14,204348.94,,,,
2021-06-15,201135.95,,,,
2021-06-16,186612.44,,,,
2021-06-17,165425.42,,,,
2021-06-18,177497.26,,,,
2021-06-19,171864.98,,,,
2021-06-20,177979.97,,,,
2021-06-21,151040.02,,,,
2021-06-22,153650.98,,,,
2021-06-23,166780.28,,,,
2021-06-24,168789.80,,,,
2021-06-25,154456.77,,,,
2021-06-26,156942.32,,,,
2021-06-27,172547.85,,,,
2021-06-28,182130.54,,,,
2021-06-29,191260.50,,,,
2021-06-30,201166.74,,,,
2021-07-01,187286.60,,,,
2021-07-02,189388.96,,,,
2021-07-03,195737.59,,,,
2021-07-04,203672.14,,,,
2021-07-05,192710.51,,,,
2021-07-06,204149.08,,,,
2021-07-07,204691.79,,,,
2021-07-08,188814.66,,,,
2021-07-09,195239.57,,,,
2021-07-10,196858.77,,,,
2021-07-11,199888.91,,,,
2021-07-12,191069.95,,,,
2021-07-13,187650.26,,,,
2021-07-14,190848.69,,,,
2021-07-15,183744.80,,,,
2021-07-16,179834.25,,,,
2021-07-17,182105.04,,,,
2021-07-18,181115.92,,,,
2021-07-19,173610.24,,,,
2021-07-20,175680.16,,,,
2021-07-21,200635.52,,,,
2021-07-22,203044.74,,,,
2021-07-23,212890.77,,,,
2021-07-24,220138.13,,,,
2021-07-25,225981.78,,,,
2021-07-26,231670.99,,,,
2021-07-27,238704.49,,,,
2021-07-28,238453.69,,,,
2021-07-29,248165.80,,,,
2021-07-30,257856.31,,,,
2021-07-31,267900.65,,,,
2021-08-01,271103.17,,,,
2021-08-02,278444.57,,,,
2021-08-03,268698.49,,,,
2021-08-04,294495.10,,,,
2021-08-05,308838.25,,,,
2021-08-06,322768.52,,,,
2021-08-07,357390.77,,,,
2021-08-08,341727.72,,,,
2021-08-09,360647.63,,,,
2021-08-10,358080.63,,,,
2021-08-11,364341.61,,,,
2021-08-12,349802.37,,,,
2021-08-13,381331.09,,,,
2021-08-14,375228.82,,,,
2021-08-15,385243.79,,,,
2021-08-16,367577.62,,,,
2021-08-17,352107.37,,,,
2021-08-18,360178.04,,,,
2021-08-19,389342.14,,,,
2021-08-20,393416.86,,,,
2021-08-21,376220.04,,,,
2021-08-22,406170.52,,,,
2021-08-23,410297.48,,,,
2021-08-24,394136.72,,,,
2021-08-25,395728.13,,,,
2021-08-26,392379.20,,,,
2021-08-27,417746.60,,,,
2021-08-28,426370.30,,,,
2021-08-29,434457.49,,,,
2021-08-30,442666.58,,,,
2021-08-31,480619.60,,,,
2021-09-01,535978.12,,,,
2021-09-02,537939.63,,,,
2021-09-03,568878.45,,,,
2021-09-04,581517.36,,,,
2021-09-05,600203.97,,,,
2021-09-06,591474.12,,,,
2021-09-07,512085.93,,,,
2021-09-08,509465.45,,,,
2021-09-09,505266.61,,,,
2021-09-10,502416.20,,,,
2021-09-11,521369.86,,,,
2021-09-12,554133.21,,,,
2021-09-13,543380.90,,,,
2021-09-14,565735.22,,,,
2021-09-15,593972.58,,,,
2021-09-16,607172.91,,,,
2021-09-17,595755.17,,,,
2021-09-18,608654.59,,,,
2021-09-19,591471.98,,,,
2021-09-20,530027.35,,,,
2021-09-21,501700.50,,,,
2021-09-22,556151.98,,,,
2021-09-23,575262.30,,,,
2021-09-24,521076.05,,,,
2021-09-25,527993.39,,,,
2021-09-26,556981.27,,,,
2021-09-27,532549.95,,,,
2021-09-28,505858.97,,,,
2021-09-29,519076.22,,,,
2021-09-30,550084.46,,,,
2021-10-01,604174.61,,,,
2021-10-02,622542.87,,,,
2021-10-03,625877.48,,,,
2021-10-04,621892.26,,,,
2021-10-05,646304.71,,,,
2021-10-06,654235.70,,,,
2021-10-07,667128.87,,,,
2021-10-08,672030.32,,,,
2021-10-09,679594.13,,,,
2021-10-10,648527.95,,,,
2021-10-11,650136.73,,,,
2021-10-12,662934.65,,,,
2021-10-13,654984.38,,,,
2021-10-14,667079.88,,,,
2021-10-15,718731.49,,,,
2021-10-16,722045.96,,,,
2021-10-17,670755.47,,,,
2021-10-18,597957.93,,,,
2021-10-19,722335.01,,,,
2021-10-20,784470.73,,,,
2021-10-21,767237.72,,,,
2021-10-22,751361.49,,,,
2021-10-23,786494.16,,,,
2021-10-24,772818.72,,,,
2021-10-25,797522.32,,,,
2021-10-26,783007.13,,,,
2021-10-27,747968.72,,,,
2021-10-28,768694.30,,,,
2021-10-29,826516.62,,,,
2021-10-30,815005.19,,,,
2021-10-31,815614.84,,,,
2021-11-01,829776.07,,,,
2021-11-02,885065.61,,,,
2021-11-03,892267.83,,,,
2021-11-04,876267.31,,,,
2021-11-05,875787.27,,,,
2021-11-06,877710.35,,,,
2021-11-07,904201.88,,,,
2021-11-08,932535.19,,,,
2021-11-09,922861.80,,,,
2021-11-10,898888.26,,,,
2021-11-11,918108.19,,,,
2021-11-12,910933.64,,,,
2021-11-13,899909.84,,,,
2021-11-14,897720.29,,,,
2021-11-15,887920.70,,,,
2021-11-16,824917.08,,,,
2021-11-17,830112.24,,,,
2021-11-18,785680.02,,,,
2021-11-19,858995.74,,,,
2021-11-20,881587.32,,,,
2021-11-21,845156.68,,,,
2021-11-22,815346.56,,,,
2021-11-23,862832.89,,,,
2021-11-24,854903.70,,,,
2021-11-25,907250.18,,,,
2021-11-26,813749.52,,,,
2021-11-27,818629.12,,,,
2021-11-28,860890.02,,,,
2021-11-29,893359.38,,,,
2021-11-30,945593.60,,,,
2021-12-01,926133.25,,,,
2021-12-02,909247.74,,,,
2021-12-03,847337.56,,,,
2021-12-04,821200.92,,,,
2021-12-05,852903.34,,,,
2021-12-06,888246.28,,,,
2021-12-07,875895.15,,,,
2021-12-08,904197.54,,,,
2021-12-09,855756.78,,,,
2021-12-10,806457.48,,,,
2021-12-11,844706.38,,,,
2021-12-12,857378.92,,,,
2021-12-13,782235.12,,,,
2021-12-14,804063.88,,,,
2021-12-15,839412.67,,,,
2021-12-16,828134.40,,,,
2021-12-17,810652.47,,,,
2021-12-18,825751.90,,,,
2021-12-19,825806.50,,,,
2021-12-20,824649.43,,,,
2021-12-21,854807.90,,,,
2021-12-22,843376.46,,,,
2021-12-23,863576.21,,,,
2021-12-24,848644.70,,,,
2021-12-25,871728.09,,,,
2021-12-26,869252.66,,,,
2021-12-27,862401.74,,,,
2021-12-28,812555.27,,,,
2021-12-29,770565.71,,,,
2021-12-30,794193.17,,,,
2021-12-31,790972.15,,,,
2022-01-01,806142.17,,,,
2022-01-02,825961.19,,,,
2022-01-03,810688.19,,,,
2022-01-04,816691.63,,,,
2022-01-05,760285.75,,13699.49,,
2022-01-06,738926.81,,21087.06,,
2022-01-07,692109.92,,12369.95,,
2022-01-08,670261.19,,12093.66,,
2022-01-09,689246.28,,13652.08,,
2022-01-10,672729.92,,12434.04,,
2022-01-11,693953.18,,12896.47,,
2022-01-12,739006.22,,12811.66,,
2022-01-13,712246.51,,14295.18,,
2022-01-14,730442.91,,0.00,,
2022-01-15,734410.91,,13477.65,,
2022-01-16,736456.89,,22355.32,,
2022-01-17,700017.62,,15890.98,,
2022-01-18,693315.42,,0.00,,
2022-01-19,681814.64,,13421.75,,
2022-01-20,661355.55,,12543.41,,
2022-01-21,558769.61,,15481.85,,
2022-01-22,533286.69,,10314.11,,
2022-01-23,561049.05,,11509.40,,
2022-01-24,542821.18,,10135.42,,
2022-01-25,555030.33,,10485.29,,
2022-01-26,562386.49,,10809.51,,
2022-01-27,553981.09,,10614.50,,
2022-01-28,582271.26,,11101.23,,
2022-01-29,582611.56,,0.00,,
2022-01-30,595914.69,,26017.04,,
2022-01-31,622383.99,,14067.11,,
2022-02-01,638939.25,,12158.57,,
2022-02-02,614800.34,,12156.99,,
2022-02-03,617715.72,,13009.62,,
2022-02-04,680548.82,,13981.17,,
2022-02-05,696733.81,,14218.97,,
2022-02-06,709657.50,,14035.43,,
2022-02-07,718476.86,,14838.96,,
2022-02-08,727114.51,,15654.27,,
2022-02-09,755579.33,,17295.91,,
2022-02-10,715389.68,,16218.92,,
2022-02-11,681107.02,,15305.14,,
2022-02-12,684927.67,,15493.58,,
2022-02-13,676990.03,,14999.34,,
2022-02-14,693216.64,,0.00,,
2022-02-15,752074.78,,17153.72,,
2022-02-16,741232.70,,17656.47,,
2022-02-17,694667.32,,15100.28,,
2022-02-18,668788.64,,15390.54,,
2022-02-19,660765.14,,14418.99,,
2022-02-20,634642.08,,20047.05,,
2022-02-21,620514.93,,14007.52,,
2022-02-22,636312.45,,13516.70,,
2022-02-23,623393.94,,0.00,,
2022-02-24,627506.31,,29850.81,,
2022-02-25,677064.65,,0.00,,
2022-02-26,686643.93,,13901.94,,
2022-02-27,648341.68,,18073.23,,
2022-02-28,722961.78,,15305.93,,
2022-03-01,737468.90,,15331.91,,
2022-03-02,733274.09,,15979.29,,
2022-03-03,715882.05,,14363.40,,
2022-03-04,657234.21,,13159.59,,
2022-03-05,684741.64,,13564.53,,
2022-03-06,654776.82,,13310.34,,
2022-03-07,648208.87,,13054.71,,
2022-03-08,669672.24,,13722.99,,
2022-03-09,716701.38,,14532.25,,
2022-03-10,694413.59,,13666.80,,
2022-03-11,678592.67,,14314.77,,
2022-03-12,686934.89,,13458.39,,
2022-03-13,685447.64,,13307.36,,
2022-03-14,705906.06,,13439.80,,
2022-03-15,723459.92,,13110.45,,
2022-03-16,758101.26,,14126.28,,
2022-03-17,789223.02,,15911.47,,
2022-03-18,824849.38,,0.00,,
2022-03-19,831578.59,,0.00,,
2022-03-20,817347.34,,0.00,,
2022-03-21,844340.01,,62130.89,,
2022-03-22,877763.05,,16483.57,,
2022-03-23,898672.98,,16251.80,,
2022-03-24,935060.18,,16035.52,,
2022-03-25,935331.36,,22526.43,,
2022-03-26,960123.81,,16008.41,,
2022-03-27,1016347.37,,18442.02,,
2022-03-28,1041738.90,,16694.39,,
2022-03-29,1062339.38,,19041.11,,
2022-03-30,1067720.50,,18170.78,,
2022-03-31,1043408.78,,17020.58,,
2022-04-01,1115327.35,,0.00,,
2022-04-02,1123325.51,,17419.91,,
2022-04-03,1160024.49,,27076.67,,
2022-04-04,1169214.68,,18856.39,,
2022-04-05,1133968.17,,16713.25,,
2022-04-06,1067145.32,,15950.31,,
2022-04-07,1082104.43,,16323.07,,
2022-04-08,1073687.80,,15912.99,,
2022-04-09,1117764.14,,16171.29,,
2022-04-10,1096203.48,,16797.29,,
2022-04-11,1029538.71,,14547.36,,
2022-04-12,1055702.73,,15018.79,,
2022-04-13,1096387.23,,17017.36,,
2022-04-14,1064487.83,,15620.70,,
2022-04-15,1076913.58,,15395.09,,10.03
2022-04-16,1097265.72,,15435.73,,0.00
2022-04-17,1073096.76,,0.00,,0.00
2022-04-18,1102265.35,,14870.13,,33.47
2022-04-19,1122009.07,,30696.13,,0.00
2022-04-20,1128498.28,,17177.50,,81.28
2022-04-21,1105427.24,,19974.20,,0.00
2022-04-22,1095324.64,,19938.02,,0.00
2022-04-23,1091109.83,,19706.64,,0.00
2022-04-24,1101777.55,,20297.25,,0.00
2022-04-25,1143225.09,,22400.58,,203.01
2022-04-26,1074010.85,,20793.63,,0.00
2022-04-27,1100753.54,,19722.60,,291.31
2022-04-28,1124546.68,,20678.49,,0.00
2022-04-29,1090562.73,,18754.13,,740.65
2022-04-30,1073199.09,,19215.65,,0.00
2022-05-01,1106614.66,,19152.88,,0.00
2022-05-02,1121238.99,,0.00,,0.00
2022-05-03,1094087.07,,19009.81,,2096.59
2022-05-04,1162114.35,,20151.02,,0.00
2022-05-05,1090496.53,,18016.89,,2364.29
2022-05-06,1077763.10,,17434.50,,0.00
2022-05-07,1053443.15,,17080.40,,0.00
2022-05-08,1016700.64,,16833.54,,0.00
2022-05-09,901193.39,,14848.19,,742.02
2022-05-10,962985.62,,17059.25,,0.00
2022-05-11,854307.50,,14127.82,,0.00
2022-05-12,811143.89,,13993.19,,0.00
2022-05-13,830381.33,,13859.05,,0.00
2022-05-14,854366.24,,17942.29,,0.00
2022-05-15,906222.77,,15182.36,,0.00
2022-05-16,861535.35,,13443.22,,6279.40
2022-05-17,902241.44,,16655.96,,0.00
2022-05-18,828549.08,,14557.97,,0.00
2022-05-19,880528.90,,14586.81,,0.00
2022-05-20,848490.24,,13186.30,,3271.24
2022-05-21,862770.14,,13193.86,,0.00
2022-05-22,907138.96,,13878.52,,0.00
2022-05-23,872686.90,,12983.50,,0.00
2022-05-24,896403.87,,12989.51,,0.00
2022-05-25,880964.21,,13169.58,,0.00
2022-05-26,820598.82,,12088.99,,1829.88
2022-05-27,785523.61,,12435.23,,0.00
2022-05-28,825240.57,,12580.42,,0.00
2022-05-29,827884.19,,12441.79,,0.00
2022-05-30,915032.40,,13736.32,,0.00
2022-05-31,894120.41,,13494.08,,7723.96
2022-06-01,842646.41,,0.00,,0.00
2022-06-02,843013.44,,0.00,,0.00
2022-06-03,818860.21,,24483.48,,0.00
2022-06-04,829286.31,,22904.93,,0.00
2022-06-05,826652.23,,12814.71,,0.00
2022-06-06,855749.78,,12742.51,,6832.22
2022-06-07,832667.22,,12979.64,,0.00
2022-06-08,820344.40,,12252.70,,0.00
2022-06-09,822620.16,,11968.94,,0.00
2022-06-10,753108.01,,12344.85,,6584.40
2022-06-11,697593.65,,10558.26,,0.00
2022-06-12,654433.81,,10192.57,,0.00
2022-06-13,547730.95,,8334.74,,0.00
2022-06-14,545774.71,,8619.08,,0.00
2022-06-15,557565.74,,8767.45,,0.00
2022-06-16,475002.23,,7097.82,,6323.10
2022-06-17,485057.02,,7559.49,,0.00
2022-06-18,444697.89,,7091.33,,0.00
2022-06-19,498670.82,,7789.08,,0.00
2022-06-20,506619.98,,7247.84,,0.00
2022-06-21,504327.65,,7875.85,,0.00
2022-06-22,471951.63,,7198.02,,7759.67
2022-06-23,514660.57,,8135.54,,0.00
2022-06-24,556414.59,,8964.57,,0.00
2022-06-25,563445.32,,8629.90,,0.00
2022-06-26,543801.08,,9164.66,,0.00
2022-06-27,539170.38,,8724.60,,0.00
2022-06-28,517086.93,,8078.38,,6787.55
2022-06-29,497360.36,,8129.06,,0.00
2022-06-30,483954.83,,7344.82,,0.00
2022-07-01,477950.83,,0.00,,0.00
2022-07-02,484811.32,,7642.65,,0.00
2022-07-03,484258.82,,7676.30,,0.00
2022-07-04,521532.48,,8555.71,,0.00
2022-07-05,515575.07,,8145.65,,10144.18
2022-07-06,538763.86,,8326.90,,0.00
2022-07-07,567513.46,,8756.16,,0.00
2022-07-08,554485.90,,8826.97,,0.00
2022-07-09,555481.27,,8367.55,,0.00
2022-07-10,532156.75,,8374.90,,13341.54
2022-07-11,502763.99,,7908.08,,0.00
2022-07-12,470564.82,,7202.80,,0.00
2022-07-13,506247.23,,8008.14,,0.00
2022-07-14,539877.75,,8654.29,,6229.19
2022-07-15,557552.30,,9004.57,,3575.94
2022-07-16,619156.50,,9375.60,,0.00
2022-07-17,608914.51,,9113.83,,0.00
2022-07-18,723884.42,,11129.95,,0.00
2022-07-19,705356.38,,10979.61,,17947.98
2022-07-20,696242.86,,10228.68,,0.00
2022-07-21,715763.61,,11007.92,,4518.27
2022-07-22,702173.08,,10634.42,,0.00
2022-07-23,710909.54,,11192.77,,0.00
2022-07-24,732514.76,,11498.18,,0.00
2022-07-25,661114.77,,10567.18,,4312.63
2022-07-26,667063.54,,10920.19,,914.07
2022-07-27,744608.67,,11830.94,,1499.49
2022-07-28,791103.53,,12603.17,,0.00
2022-07-29,775477.75,,11820.96,,2345.11
2022-07-30,772977.58,,12333.20,,0.00
2022-07-31,768297.04,,11861.41,,0.00
2022-08-01,746913.96,,19047.17,,0.00
2022-08-02,746526.44,,11415.18,,5239.71
2022-08-03,742293.48,,0.00,,0.00
2022-08-04,734221.32,,11538.09,,0.00
2022-08-05,793643.35,,12699.12,,5367.13
2022-08-06,765383.96,,12061.00,,5253.85
2022-08-07,768881.89,,12554.91,,5389.34
2022-08-08,811091.02,,12784.36,,5413.54
2022-08-09,775004.36,,12422.37,,12531.60
2022-08-10,841461.45,,13436.89,,7993.02
2022-08-11,863066.87,,13407.57,,7876.94
2022-08-12,897244.03,,13701.95,,16561.36
2022-08-13,909221.22,,14692.79,,8787.78
2022-08-14,886173.22,,14223.37,,8858.59
2022-08-15,866465.12,,13482.12,,7781.95
2022-08-16,853015.71,,12846.40,,18900.44
2022-08-17,833781.40,,12679.34,,7942.05
2022-08-18,837393.16,,12843.73,,10061.04
2022-08-19,728102.85,,10696.68,,13307.48
2022-08-20,719139.79,,11038.89,,6166.19
2022-08-21,733576.01,,11786.05,,6463.62
2022-08-22,739238.57,,12077.28,,5804.65
2022-08-23,751578.33,,11765.26,,13847.28
2022-08-24,749684.72,,10896.16,,5836.44
2022-08-25,768891.74,,10934.85,,5957.77
2022-08-26,673735.09,,9827.96,,10696.36
2022-08-27,680028.47,,10218.93,,5562.56
2022-08-28,650250.25,,10446.40,,5603.49
2022-08-29,705721.06,,10716.06,,5669.29
2022-08-30,692615.84,,12187.07,,11924.36
2022-08-31,702721.90,,10856.81,,5758.54
2022-09-01,719261.64,,11347.91,,5830.27
2022-09-02,714108.08,,10993.77,,10829.18
2022-09-03,705368.29,,11054.23,,5859.83
2022-09-04,715362.45,,10734.16,,5791.86
2022-09-05,733840.69,,11286.23,,5692.32
2022-09-06,696920.73,,10747.97,,10924.10
2022-09-07,678840.36,,10512.94,,4676.51
2022-09-08,722674.02,,11187.79,,4898.26
2022-09-09,773108.76,,12213.73,,14086.23
2022-09-10,803293.49,,12664.53,,1510.67
2022-09-11,795391.07,,12647.31,,1606.61
2022-09-12,773022.77,,11992.06,,4826.92
2022-09-13,708631.31,,11563.72,,19614.87
2022-09-14,737391.98,,11389.62,,4628.16
2022-09-15,718609.66,,10232.43,,4534.84
2022-09-16,935780.29,,16871.76,,4620.38
2022-09-17,842138.24,,7088.61,,1468.74
2022-09-18,737604.21,,10177.57,,4828.93
2022-09-19,874184.53,,25309.94,,17615.61
2022-09-20,776684.29,,17480.32,,22511.09
2022-09-21,788873.51,,13509.52,,4606.73
2022-09-22,835997.52,,17953.32,,4706.59
2022-09-23,794721.36,,17003.85,,18687.67
2022-09-24,806077.13,,14285.55,,4741.45
2022-09-25,733543.54,,13473.03,,4625.46
2022-09-26,830705.55,,13629.57,,4558.49
2022-09-27,880881.34,,12762.21,,22376.99
2022-09-28,899123.36,,15338.60,,1400.18
2022-09-29,878061.68,,14125.53,,8506.07
2022-09-30,900686.93,,13354.79,,19584.79
2022-10-01,859732.91,,13104.19,,5128.61
2022-10-02,794011.68,,14644.83,,1606.49
2022-10-03,841122.11,,12136.40,,8566.00
2022-10-04,845006.94,,17518.94,,23189.65
2022-10-05,870895.63,,12803.02,,3657.39
2022-10-06,935998.50,0.00,11753.26,,3270.07
2022-10-07,824561.62,0.00,14142.75,,19485.69
2022-10-08,926309.32,0.00,14160.35,,0.00
2022-10-09,767293.13,0.00,11281.22,,0.00
2022-10-10,780646.27,0.00,14058.06,,0.00
2022-10-11,820248.88,0.00,11845.89,,20030.62
2022-10-12,772788.31,0.00,12765.12,,4064.38
2022-10-13,819274.70,1.29,10747.27,,8160.67
2022-10-14,982163.63,0.00,12229.71,,15269.80
2022-10-15,775249.79,0.00,11435.70,,12979.19
2022-10-16,797220.08,0.00,12125.60,,4456.45
2022-10-17,830481.07,0.00,12409.92,,1310.48
2022-10-18,954021.78,0.00,17731.48,,25986.79
2022-10-19,876305.73,0.00,12223.14,,1802.31
2022-10-20,1001457.01,1218.02,12682.27,,4575.67
2022-10-21,908281.07,0.00,0.00,,17168.44
2022-10-22,913076.66,0.00,16788.48,,1801.33
2022-10-23,847783.77,0.00,18883.53,,5043.71
2022-10-24,847702.14,0.00,18214.10,,1743.00
2022-10-25,919322.51,0.00,14108.28,,22782.95
2022-10-26,1196138.09,0.00,17035.75,,5372.56
2022-10-27,1101917.20,2619.02,14029.43,,2040.76
2022-10-28,1067368.89,0.00,17096.91,,18394.77
2022-10-29,1104291.11,0.00,15813.52,,4822.83
2022-10-30,1088270.42,0.00,16940.02,,2005.01
2022-10-31,1014558.49,0.00,20058.13,,2252.59
2022-11-01,1089401.55,0.00,14804.17,,22132.31
2022-11-02,1040632.90,0.00,15414.95,,2505.42
2022-11-03,1152025.27,2638.49,14937.66,,2834.63
2022-11-04,1328731.47,0.00,15382.73,,27599.73
2022-11-05,1122063.44,0.00,13378.55,,3062.96
2022-11-06,944650.35,0.00,13493.13,,2987.56
2022-11-07,1015317.78,0.00,17003.15,,2200.04
2022-11-08,1022928.25,0.00,16817.66,,25895.84
2022-11-09,6209.66,0.00,28206.12,,1604.16
2022-11-10,2320616.27,4908.53,73829.88,,2344.63
2022-11-11,7617.76,0.00,23639.30,,20758.29
2022-11-12,2239800.82,0.00,15616.81,,1737.66
2022-11-13,1602701.21,0.00,10289.02,,1512.27
2022-11-14,1634706.12,0.00,14797.06,,1705.62
2022-11-15,1645966.20,0.00,16247.30,,22340.88
2022-11-16,1532177.81,0.00,10708.30,,1399.92
2022-11-17,857496.33,6345.75,10881.30,,1726.75
2022-11-18,828025.50,0.00,11265.74,,15921.40
2022-11-19,759584.88,0.00,10142.99,,1136.74
2022-11-20,793164.14,0.00,10326.20,,1021.73
2022-11-21,771305.26,0.00,11459.91,,941.99
2022-11-22,808785.41,0.00,12282.66,,19751.86
2022-11-23,984071.30,0.00,12575.56,,1002.45
2022-11-24,761310.09,15009.48,18414.28,,1065.21
2022-11-25,759220.28,0.00,10618.63,,14868.47
2022-11-26,1206307.03,0.00,12104.25,,929.43
2022-11-27,701113.69,0.00,10493.95,,820.04
2022-11-28,773653.51,0.00,9782.94,,723.42
2022-11-29,769370.62,0.00,10280.40,,18330.47
2022-11-30,806715.40,0.00,12565.68,,0.00
2022-12-01,802797.82,17700.70,11420.88,,2354.67
2022-12-02,868858.55,0.00,14961.23,,16104.43
2022-12-03,746764.73,0.00,9556.29,,1101.70
2022-12-04,770807.44,0.00,10565.26,,1467.73
2022-12-05,739787.86,0.00,11716.72,,1098.17
2022-12-06,759264.96,0.00,10886.41,,20239.13
2022-12-07,766965.32,0.00,19761.23,,1093.79
2022-12-08,851060.14,26042.15,11403.34,,925.26
2022-12-09,793370.61,0.00,0.00,,15148.90
2022-12-10,752343.31,0.00,11853.56,,389.11
2022-12-11,701625.84,0.00,11093.18,,359.26
2022-12-12,795562.65,0.00,10454.29,,281.94
2022-12-13,833204.26,0.00,11694.93,,20059.02
2022-12-14,849866.94,0.00,14418.18,,305.77
2022-12-15,793135.51,42720.58,10618.78,,359.85
2022-12-16,778101.00,0.00,10179.11,,12204.80
2022-12-17,852457.54,0.00,10135.35,,636.76
2022-12-18,718999.03,0.00,12099.84,,366.95
2022-12-19,677965.71,0.00,9566.65,,314.78
2022-12-20,783104.64,0.00,10802.18,,16327.08
2022-12-21,729631.93,0.00,11489.69,,284.09
2022-12-22,778296.47,43123.37,10357.65,,271.79
2022-12-23,871784.26,0.00,10685.68,,12518.90
2022-12-24,705869.12,0.00,9819.89,,317.35
2022-12-25,661218.96,0.00,9766.37,,258.19
2022-12-26,727852.10,0.00,9577.59,,253.94
2022-12-27,715055.59,0.00,10626.26,,16720.92
2022-12-28,723739.37,0.00,10409.43,,278.84
2022-12-29,701966.77,41060.82,9535.78,,283.07
2022-12-30,699131.36,0.00,10086.11,,11953.39
2022-12-31,713769.20,0.00,10494.53,,321.83
2023-01-01,686635.02,0.00,10634.37,,408.90
2023-01-02,715813.61,0.00,10864.17,,340.93
2023-01-03,746045.19,0.00,10553.64,,16077.13
2023-01-04,812211.01,0.00,10483.08,,0.00
2023-01-05,921272.17,44582.99,11475.16,,0.00
2023-01-06,761796.68,0.00,11802.31,,12804.00
2023-01-07,765195.67,0.00,11183.35,,667.43
2023-01-08,739981.53,0.00,9804.19,,352.83
2023-01-09,933506.81,0.00,11286.08,,343.42
2023-01-10,845044.75,0.00,11992.21,,17030.05
2023-01-11,831306.53,0.00,0.00,,396.88
2023-01-12,1009943.76,50106.04,28873.06,,377.69
2023-01-13,1076196.28,0.00,18735.78,,13977.68
2023-01-14,1252231.21,0.00,24796.80,,0.00
2023-01-15,1005501.87,0.00,25622.56,,0.00
2023-01-16,1074281.25,0.00,15811.37,,0.00
2023-01-17,1063419.36,0.00,14326.64,,20177.20
2023-01-18,987944.05,0.00,20804.73,,0.00
2023-01-19,1160046.20,82993.42,14690.82,,1767.02
2023-01-20,1010775.76,0.00,14433.30,,14893.63
2023-01-21,1171351.84,0.00,15854.20,,0.00
2023-01-22,1022114.91,0.00,15271.05,,0.00
2023-01-23,1027158.89,0.00,17218.66,,0.00
2023-01-24,1091188.00,0.00,14797.90,,21083.58
2023-01-25,1215011.13,0.00,20385.89,,0.00
2023-01-26,1124657.64,88808.36,15306.57,,0.00
2023-01-27,1259678.09,0.00,13738.28,,17607.02
2023-01-28,1010600.85,0.00,14795.94,,0.00
2023-01-29,1022565.73,0.00,15808.20,,0.00
2023-01-30,1011561.79,0.00,13969.17,,376.05
2023-01-31,1062431.23,0.00,16553.77,,24065.14
2023-02-01,1078767.82,0.00,33708.28,,513.40
2023-02-02,1174022.21,101369.55,15650.36,,532.74
2023-02-03,1147292.84,0.00,18737.79,,21104.16
2023-02-04,1163295.55,0.00,14737.52,,658.30
2023-02-05,1055221.39,0.00,15313.14,,525.27
2023-02-06,1037062.13,0.00,13742.99,,646.47
2023-02-07,1169362.03,0.00,22195.32,,27769.31
2023-02-08,1188392.10,0.00,16610.44,,767.80
2023-02-09,1170873.79,99277.18,17022.54,,0.00
2023-02-10,1099846.78,0.00,0.00,,21455.15
2023-02-11,1037914.18,0.00,18746.80,,946.89
2023-02-12,949484.79,0.00,23778.26,,904.15
2023-02-13,1064405.05,0.00,13466.79,,848.86
2023-02-14,1051477.48,0.00,16037.47,,26828.63
2023-02-15,1542730.47,0.00,22539.62,,926.71
2023-02-16,1239038.64,124585.15,20880.42,,842.45
2023-02-17,1219781.40,0.00,16182.27,,25028.72
2023-02-18,1320942.74,0.00,15603.35,,1006.86
2023-02-19,1206315.09,0.00,16199.00,,896.11
2023-02-20,1195032.81,0.00,18273.81,,837.05
2023-02-21,1205217.88,0.00,16556.70,,31043.22
2023-02-22,1264825.61,0.00,26564.22,,946.09
2023-02-23,1199404.05,143819.34,16893.61,,5206.72
2023-02-24,1097787.25,0.00,13468.96,,20354.84
2023-02-25,1075836.48,0.00,12812.71,,1016.51
2023-02-26,1045268.67,0.00,13664.32,,1062.95
2023-02-27,1025821.05,0.00,13731.48,,884.60
2023-02-28,1155858.09,0.00,14991.15,,25444.72
2023-03-01,1168237.80,0.00,14243.10,,2025.63
2023-03-02,1254309.70,123833.90,16219.71,,1454.58
2023-03-03,1297585.47,0.00,18982.54,,19564.36
2023-03-04,1102260.12,0.00,15826.33,,1052.30
2023-03-05,1093049.35,0.00,15312.69,,997.38
2023-03-06,1064488.53,0.00,14226.73,,813.33
2023-03-07,1215198.67,0.00,13963.46,,25773.62
2023-03-08,1125063.30,0.00,12780.19,,928.74
2023-03-09,1039588.34,112963.72,19041.80,,922.46
2023-03-10,1235225.06,0.00,17187.70,,18523.15
2023-03-11,2320373.87,0.00,38528.02,,1044.66
2023-03-12,2496914.70,0.00,15410.18,,1045.20
2023-03-13,2139339.28,0.00,22988.66,,1403.90
2023-03-14,1474194.75,0.00,20281.57,,27878.94
2023-03-15,1439827.48,0.00,16748.17,,2204.63
2023-03-16,1426114.10,251913.45,20881.96,,1300.40
2023-03-17,1691224.99,0.00,18106.68,,22563.38
2023-03-18,1288098.44,0.00,14780.84,,1194.19
2023-03-19,1216213.25,0.00,15750.86,,1231.45
2023-03-20,2381519.10,0.00,22423.60,,1169.05
2023-03-21,1539664.31,0.00,0.00,,26959.81
2023-03-22,1195838.39,0.00,17688.89,,1249.44
2023-03-23,1367289.92,173532.51,18435.58,,1265.08
2023-03-24,1298106.24,0.00,15605.33,,19485.00
2023-03-25,1180853.58,0.00,14735.91,,1213.78
2023-03-26,1189101.39,0.00,18416.68,,1017.97
2023-03-27,1262155.39,0.00,14378.76,,844.45
2023-03-28,1515901.46,0.00,16698.06,,25095.68
2023-03-29,1312032.62,0.00,17379.31,,1081.25
2023-03-30,1397460.01,153192.17,16580.26,,1084.14
2023-03-31,1242952.84,0.00,21715.59,,1090.28
2023-04-01,1310324.67,0.00,15874.76,,1042.07
2023-04-02,1142073.40,0.00,15261.81,,1139.65
2023-04-03,1212538.66,0.00,15166.68,,1083.39
2023-04-04,1374998.80,0.00,19576.43,,53358.07
2023-04-05,1359597.76,0.00,16434.95,,1300.54
2023-04-06,1265798.94,168231.68,16737.67,,1119.57
2023-04-07,1282719.25,0.00,16120.75,,17302.85
2023-04-08,1186116.15,0.00,15727.55,,1321.46
2023-04-09,2627068.17,0.00,16139.87,,1146.99
2023-04-10,1227163.47,0.00,14382.04,,1145.40
2023-04-11,1370629.97,0.00,16064.01,,29123.55
2023-04-12,1372211.26,0.00,18014.50,,1084.38
2023-04-13,1311553.62,174545.91,18702.90,,0.00
2023-04-14,1733384.39,0.00,26314.16,,24824.93
2023-04-15,1584999.72,0.00,17090.84,,1248.46
2023-04-16,1372250.36,0.00,0.00,,1082.51
2023-04-17,1585787.72,0.00,20430.89,,1064.37
2023-04-18,1713331.04,0.00,36304.08,,29321.45
2023-04-19,1942640.53,0.00,36466.12,,2109.30
2023-04-20,1908625.83,188518.59,24949.51,,1244.90
2023-04-21,1655624.58,0.00,33644.39,,21430.70
2023-04-22,1468116.98,0.00,21062.28,,1437.79
2023-04-23,1498179.06,0.00,19169.96,,1340.00
2023-04-24,1454471.48,0.00,18457.05,,1293.31
2023-04-25,1530054.72,0.00,25135.07,,28726.69
2023-04-26,1424776.18,0.00,21724.46,,1870.92
2023-04-27,1640468.26,242106.11,26623.93,,1813.28
2023-04-28,1554353.96,0.00,20299.67,,22670.36
2023-04-29,1458978.80,0.00,23297.96,,1616.21
2023-04-30,1468070.48,0.00,21315.96,,1208.45
2023-05-01,1775495.69,0.00,27464.27,,941.92
2023-05-02,2003035.77,0.00,26923.65,,28522.46
2023-05-03,1958891.69,0.00,0.00,,990.52
2023-05-04,1905848.61,256964.88,32780.06,,916.30
2023-05-05,2119772.12,0.00,40695.51,,25405.99
2023-05-06,2742266.38,0.00,42185.33,,847.28
2023-05-07,2315745.65,0.00,28850.58,,1100.30
2023-05-08,2488100.80,0.00,44344.91,,933.10
2023-05-09,2096022.41,0.00,0.00,,30569.72
2023-05-10,2045334.69,0.00,34961.28,,1215.60
2023-05-11,2308064.33,387531.88,27719.19,,1186.77
2023-05-12,2352552.69,0.00,68229.22,,22837.53
2023-05-13,1808022.01,0.00,28507.28,,1053.35
2023-05-14,1557378.44,0.00,19164.97,,1255.25
2023-05-15,1579580.62,0.00,22695.97,,866.06
2023-05-16,1981382.57,0.00,27118.15,,29769.19
2023-05-17,1594277.70,0.00,22597.52,,1199.86
2023-05-18,1661914.16,297411.07,25318.56,,1079.60
2023-05-19,1756692.91,0.00,24064.24,,23373.04
2023-05-20,1491215.08,0.00,17197.08,,1135.06
2023-05-21,1461768.05,0.00,15936.39,,1016.74
2023-05-22,1541721.35,0.00,21582.32,,904.78
2023-05-23,1722509.49,0.00,22948.36,,30096.58
2023-05-24,1660995.80,0.00,19808.50,,1027.97
2023-05-25,1669089.81,257317.67,21103.42,,913.52
2023-05-26,1693766.29,0.00,22239.36,,3062.40
2023-05-27,1743451.61,0.00,17491.53,,991.84
2023-05-28,1518987.78,0.00,20982.79,,875.16
2023-05-29,1792072.18,0.00,23335.69,,634.44
2023-05-30,1681631.91,0.00,21380.93,,53382.60
2023-05-31,1682390.53,0.00,20610.60,,788.95
2023-06-01,1595118.90,260448.01,0.00,,895.48
2023-06-02,1759189.82,0.00,19480.54,,25019.50
2023-06-03,1515957.86,0.00,20431.35,,942.78
2023-06-04,1436006.98,0.00,17386.27,,866.61
2023-06-05,1424893.51,0.00,17719.77,,746.82
2023-06-06,1571151.82,0.00,22215.04,,28704.04
2023-06-07,1483199.87,0.00,19021.76,,983.19
2023-06-08,1456605.65,243376.76,19973.62,,867.41
2023-06-09,1487242.71,0.00,26218.04,,20103.87
2023-06-10,1634995.69,0.00,17746.25,,698.15
2023-06-11,1237364.46,0.00,17803.21,,690.40
2023-06-12,1289018.79,0.00,16146.63,,817.97
2023-06-13,1315233.11,0.00,16432.61,,22883.54
2023-06-14,1196761.99,0.00,21228.50,,826.08
2023-06-15,1346585.36,239337.47,17117.83,,800.31
2023-06-16,1293230.49,0.00,17519.50,,16003.03
2023-06-17,1369026.70,0.00,0.00,,919.19
2023-06-18,1308107.16,0.00,25629.86,,833.00
2023-06-19,1226223.62,0.00,17000.08,,727.49
2023-06-20,1430678.51,0.00,17632.64,,22206.97
2023-06-21,1499248.61,0.00,19272.84,,796.34
2023-06-22,1561990.60,272675.83,16358.06,,758.90
2023-06-23,1538987.42,0.00,30760.56,,18466.13
2023-06-24,1440736.50,0.00,17177.35,,777.50
2023-06-25,1373683.51,0.00,17557.96,,790.47
2023-06-26,1356397.81,0.00,14955.42,,706.06
2023-06-27,1448118.53,0.00,15906.60,,24430.20
2023-06-28,1521380.81,0.00,0.00,,748.22
2023-06-29,1530851.77,264660.21,20887.22,,725.38
2023-06-30,1732030.55,0.00,30834.52,,19086.05
2023-07-01,1730149.98,0.00,20439.26,,857.43
2023-07-02,1466918.42,0.00,16375.89,,888.63
2023-07-03,1559886.58,0.00,18322.35,,725.54
2023-07-04,1578672.93,0.00,16379.29,,690.44
2023-07-05,1491829.68,0.00,17631.21,,817.53
2023-07-06,1564060.74,283233.71,15983.41,,665.33
2023-07-07,1601422.96,0.00,22468.70,,718.36
2023-07-08,1587980.96,0.00,20968.21,,51520.70
2023-07-09,1478972.74,0.00,19930.33,,693.81
2023-07-10,1506224.61,0.00,20423.42,,706.31
2023-07-11,1603799.04,0.00,0.00,,22386.31
2023-07-12,1496623.49,0.00,16678.63,,745.97
2023-07-13,1648629.05,322453.31,23924.06,,770.71
2023-07-14,1741118.38,0.00,21247.17,,24365.25
2023-07-15,1554926.55,0.00,28126.73,,890.86
2023-07-16,1544038.21,0.00,18498.47,,727.49
2023-07-17,1660846.42,0.00,16829.33,,614.63
2023-07-18,1576435.99,0.00,24687.93,,30245.13
2023-07-19,1611630.28,0.00,17229.24,,771.78
2023-07-20,1683017.38,302795.59,21277.73,,0.00
2023-07-21,1687622.97,0.00,18467.37,,23999.71
2023-07-22,1621032.56,0.00,17306.45,,1057.96
2023-07-23,1539715.96,0.00,22022.84,,0.00
2023-07-24,1633812.83,0.00,18225.38,,1795.48
2023-07-25,1657760.48,0.00,18364.17,,29442.12
2023-07-26,1668272.60,0.00,17067.69,,0.00
2023-07-27,1643528.38,287546.39,0.00,,1725.61
2023-07-28,1637188.32,0.00,19117.07,,22759.44
2023-07-29,1749909.31,0.00,15962.70,,883.75
2023-07-30,1442694.76,0.00,15396.55,,863.22
2023-07-31,2303502.09,0.00,24544.62,,794.48
2023-08-01,1598571.20,0.00,18840.50,,29945.29
2023-08-02,1643151.01,0.00,16727.60,,906.90
2023-08-03,1645117.00,303395.34,22587.85,,0.00
2023-08-04,1536964.85,0.00,16820.80,,20737.42
2023-08-05,1558082.68,0.00,15580.89,,0.00
2023-08-06,1481297.96,0.00,16207.36,,0.00
2023-08-07,1516111.91,0.00,18189.44,,0.00
2023-08-08,1628898.64,0.00,16125.83,,37623.56
2023-08-09,1595707.00,0.00,0.00,,936.66
2023-08-10,1599696.77,307252.23,16425.50,,0.00
2023-08-11,1583493.74,0.00,23359.80,,25488.59
2023-08-12,1531479.39,0.00,15560.37,,1028.25
2023-08-13,1477965.22,0.00,21943.32,,732.89
2023-08-14,1517969.61,0.00,16648.53,,0.00
2023-08-15,1618994.27,0.00,16331.96,,29833.74
2023-08-16,1665349.62,0.00,16696.11,,0.00
2023-08-17,1538400.71,270079.36,0.00,,3012.11
2023-08-18,1991446.10,0.00,0.00,,20794.51
2023-08-19,1464222.02,0.00,0.00,,957.69
2023-08-20,1400477.72,0.00,0.00,,848.05
2023-08-21,1456521.31,0.00,63969.26,,0.00
2023-08-22,1424157.38,0.00,16328.53,,25985.22
2023-08-23,1502832.53,0.00,0.00,,0.00
2023-08-24,1498436.32,266076.72,29546.66,,0.00
2023-08-25,1494297.55,0.00,16124.38,,0.00
2023-08-26,1438971.58,0.00,15586.90,,25902.83
2023-08-27,1333287.71,0.00,15313.60,,0.00
2023-08-28,1443310.51,0.00,21099.10,,0.00
2023-08-29,1706640.99,0.00,0.00,,22463.61
2023-08-30,1644894.14,0.00,15825.27,,3888.14
2023-08-31,1414272.72,260337.37,15171.44,,658.91
2023-09-01,1443111.16,0.00,15726.59,,19813.55
2023-09-02,1322008.61,0.00,15662.93,,724.13
2023-09-03,1254364.59,0.00,22932.47,,643.16
2023-09-04,1353804.14,0.00,14703.85,,529.03
2023-09-05,1417265.40,0.00,0.00,,26524.60
2023-09-06,1531596.44,0.00,14325.48,,574.97
2023-09-07,1520584.55,254244.67,22378.92,,591.01
2023-09-08,1434369.41,0.00,17790.78,,19660.53
2023-09-09,1492598.73,0.00,16761.64,,612.56
2023-09-10,1325623.38,0.00,20195.72,,566.87
2023-09-11,1306166.96,0.00,13859.87,,510.10
2023-09-12,1604818.79,0.00,16507.27,,24325.07
2023-09-13,1446618.03,0.00,0.00,,0.00
2023-09-14,1366248.79,255994.87,15404.56,,1405.03
2023-09-15,1445899.13,0.00,17665.28,,19122.29
2023-09-16,1384417.32,0.00,15155.01,,801.44
2023-09-17,1292962.57,0.00,13537.16,,695.71
2023-09-18,1374267.32,0.00,17423.90,,672.99
2023-09-19,1476257.46,0.00,15794.12,,26030.10
2023-09-20,1484206.02,0.00,0.00,,679.47
2023-09-21,1437295.29,253803.21,16810.60,,580.89
2023-09-22,1390709.66,0.00,15222.69,,18185.22
2023-09-23,1303404.09,0.00,15734.43,,0.00
2023-09-24,1312575.70,0.00,15144.20,,1291.62
2023-09-25,1290005.89,0.00,14971.40,,1140.29
2023-09-26,1473545.76,0.00,0.00,,24682.88
2023-09-27,1408950.15,0.00,16561.86,,595.27
2023-09-28,1422411.17,239761.07,19290.44,,651.89
2023-09-29,1424591.05,0.00,15498.86,,18754.27
2023-09-30,1432050.14,0.00,16745.94,,590.75
2023-10-01,1420535.02,0.00,16406.25,,555.01
2023-10-02,1497678.27,0.00,16361.06,,518.74
2023-10-03,1603177.51,0.00,0.00,,26204.00
2023-10-04,1479542.33,0.00,18783.59,,622.07
2023-10-05,1353070.29,242458.37,17376.80,,660.92
2023-10-06,1339718.86,0.00,18160.57,,19988.22
2023-10-07,1322348.95,0.00,16754.93,,689.61
2023-10-08,1315084.54,0.00,14548.89,,642.94
2023-10-09,1238077.73,0.00,15491.72,,566.62
2023-10-10,1260640.38,0.00,0.00,,23974.73
2023-10-11,1261453.81,0.00,13966.33,,588.11
2023-10-12,1260379.89,229225.84,14684.99,,0.00
2023-10-13,1307664.72,0.00,19150.51,,17674.57
2023-10-14,1293162.47,0.00,14420.94,,0.00
2023-10-15,1198978.18,0.00,12294.62,,0.00
2023-10-16,1315558.46,0.00,28762.92,,0.00
2023-10-17,1499846.88,0.00,12981.50,,23634.02
2023-10-18,1689388.97,0.00,0.00,,0.00
2023-10-19,1315604.22,243299.05,14430.87,,0.00
2023-10-20,1467059.30,0.00,15112.53,,18723.38
2023-10-21,1469342.18,0.00,19636.56,,0.00
2023-10-22,1367297.74,0.00,18692.16,,0.00
2023-10-23,1492909.09,0.00,0.00,,0.00
2023-10-24,1794154.11,0.00,0.00,,32427.05
2023-10-25,1568209.40,0.00,39279.43,,1430.35
2023-10-26,1739289.34,261499.89,24777.18,,781.42
2023-10-27,1658908.06,0.00,15368.93,,23009.09
2023-10-28,1882689.58,0.00,0.00,,753.92
2023-10-29,1486596.50,0.00,18266.22,,1038.32
2023-10-30,1525854.15,0.00,19069.62,,676.23
2023-10-31,1728507.83,0.00,17654.40,,33835.53
2023-11-01,1728421.37,0.00,21473.44,,857.18
2023-11-02,1716179.87,300674.45,19844.79,,848.97
2023-11-03,1598106.79,0.00,18605.40,,26728.89
2023-11-04,1650080.27,0.00,0.00,,0.00
2023-11-05,1603522.14,0.00,17483.44,,0.00
2023-11-06,1733898.29,0.00,18427.68,,0.00
2023-11-07,1715477.65,0.00,21006.13,,41199.61
2023-11-08,1799772.45,0.00,17329.46,,5457.16
2023-11-09,2032141.04,368152.89,0.00,,959.74
2023-11-10,2373928.82,0.00,24834.77,,36802.00
2023-11-11,1960898.72,0.00,20705.12,,1389.14
2023-11-12,1867729.97,0.00,21556.14,,1141.19
2023-11-13,1945498.13,0.00,21699.11,,1021.55
2023-11-14,2122924.55,0.00,27168.45,,50352.13
2023-11-15,2058291.64,0.00,0.00,,1115.51
2023-11-16,1849090.09,341484.49,20261.59,,978.09
2023-11-17,1742877.94,0.00,27304.40,,33607.62
2023-11-18,1792113.74,0.00,34676.67,,1060.96
2023-11-19,1691066.07,0.00,21456.86,,1070.47
2023-11-20,1775637.32,0.00,0.00,,948.78
2023-11-21,1722103.02,0.00,23683.64,,38181.29
2023-11-22,2103571.17,0.00,27235.46,,999.06
2023-11-23,2050658.96,347059.69,22806.27,,1081.87
2023-11-24,1865642.29,0.00,8.06,,30297.33
2023-11-25,1850990.07,0.00,20273.35,,805.46
2023-11-26,1745720.22,0.00,18360.49,,745.01
2023-11-27,1806831.95,0.00,21888.93,,737.69
2023-11-28,1909732.62,0.00,22938.10,,39797.94
2023-11-29,2066101.52,0.00,19571.52,,750.93
2023-11-30,2025516.82,332976.51,20456.40,,805.78
2023-12-01,2076018.16,0.00,15435.43,,33236.04
2023-12-02,2069293.02,0.00,16116.48,,922.49
2023-12-03,1953079.94,0.00,11549.21,,962.45
2023-12-04,2147075.61,0.00,12332.60,,1034.49
2023-12-05,2344508.82,0.00,9305.88,,43891.24
2023-12-06,2326955.31,0.00,14457.24,,1253.13
2023-12-07,2412946.07,411770.98,14069.78,,1234.72
2023-12-08,2434799.39,0.00,13170.30,,37407.80
2023-12-09,2314077.64,0.00,12042.77,,0.00
2023-12-10,2029684.46,0.00,10780.06,,1814.32
2023-12-11,2127517.35,0.00,10834.63,,1213.61
2023-12-12,2244708.55,0.00,9435.90,,1330.29
2023-12-13,2125907.98,0.00,9147.11,,65718.10
2023-12-14,2125782.34,380318.65,9748.62,,1383.17
2023-12-15,2309721.17,0.00,17497.51,168.57,19970.03
2023-12-16,2130397.61,0.00,10255.95,156.57,1170.60
2023-12-17,2190836.13,0.00,9036.79,162.82,1234.06
2023-12-18,2006443.41,0.00,9557.07,147.95,1339.47
2023-12-19,2041044.88,0.00,13059.59,7041.80,42339.22
2023-12-20,2070694.55,0.00,12409.65,7103.51,1697.29
2023-12-21,2375824.12,401024.28,11773.50,8164.00,1584.42
2023-12-22,2123090.58,0.00,11890.58,7301.46,36558.12
2023-12-23,2080474.28,0.00,11640.66,16130.58,1847.57
2023-12-24,1940184.43,0.00,11389.89,15100.39,1216.02
2023-12-25,2070012.75,0.00,12426.90,15934.82,1118.69
2023-12-26,1851870.42,0.00,11292.43,14220.98,58335.81
2023-12-27,2094857.19,0.00,12967.04,27365.95,1456.52
2023-12-28,2305589.59,386660.02,11408.35,30107.46,2086.17
2023-12-29,2138349.76,0.00,14932.81,27902.37,43613.83
2023-12-30,1915190.40,0.00,13085.55,37547.31,2265.71
2023-12-31,1873805.17,0.00,11236.99,36694.27,2001.12
2024-01-01,1887720.07,0.00,11658.70,36978.08,1759.23
2024-01-02,1972308.62,0.00,11337.24,38652.14,54546.69
2024-01-03,1896622.84,0.00,10667.02,47243.32,1133.83
2024-01-04,3049562.79,366303.04,11629.57,76235.94,1601.49
2024-01-05,2015598.98,0.00,12271.37,50332.29,37287.22
2024-01-06,1866084.24,0.00,11934.21,46462.82,2008.13
2024-01-07,1775612.03,0.00,10597.05,44216.87,1309.69
2024-01-08,2009690.02,0.00,12047.88,50119.55,1400.73
2024-01-09,2099997.17,0.00,11407.61,52500.04,46322.91
2024-01-10,2669934.73,0.00,21555.81,78530.90,1356.67
2024-01-11,2658857.35,474921.10,22683.61,77829.35,0.00
2024-01-12,2162529.98,0.00,14607.02,63233.90,36004.27
2024-01-13,2315136.98,0.00,14615.24,67751.26,0.00
2024-01-14,2151662.88,0.00,13407.96,63015.25,0.00
2024-01-15,2182944.73,0.00,12425.37,63927.41,0.00
2024-01-16,2426223.28,0.00,13350.50,71133.23,49988.61
2024-01-17,2320547.06,0.00,10300.67,68171.91,0.00
2024-01-18,2199382.27,424029.96,10823.65,64454.83,0.00
2024-01-19,2908697.05,0.00,16296.35,85257.39,32863.23
2024-01-20,2144110.10,0.00,14636.93,62706.90,0.00
2024-01-21,2010369.45,0.00,12272.02,58771.04,0.00
2024-01-22,1899938.78,0.00,8152.83,55648.59,0.00
2024-01-23,2185210.67,0.00,13850.66,63989.94,41515.00
2024-01-24,1878570.10,0.00,8953.66,54885.20,0.00
2024-01-25,1932095.22,361530.23,13691.19,56436.95,0.00
2024-01-26,2110105.08,0.00,10160.76,61498.67,34178.08
2024-01-27,2085269.43,0.00,12353.56,60718.38,0.00
2024-01-28,1922921.71,0.00,9757.48,55924.87,0.00
2024-01-29,1911347.90,0.00,11709.57,55533.11,0.00
2024-01-30,2048049.69,0.00,12310.13,59423.23,77021.59
2024-01-31,2072489.29,0.00,9286.47,60167.75,0.00
2024-02-01,2088307.49,373706.74,13719.85,60494.81,0.00
2024-02-02,2012694.81,0.00,13530.72,58006.05,36555.73
2024-02-03,2102882.71,0.00,13927.06,60607.13,0.00
2024-02-04,1845904.50,0.00,12225.74,53281.83,0.00
2024-02-05,1831813.64,0.00,11110.22,53103.58,0.00
2024-02-06,2059960.19,0.00,11376.19,59424.76,57475.92
2024-02-07,2185055.53,0.00,11205.58,62813.41,0.00
2024-02-08,2415752.97,379650.16,12194.24,69271.97,0.00
2024-02-09,2555019.77,0.00,17192.41,72875.89,41826.37
2024-02-10,2409016.62,0.00,13852.92,68560.52,0.00
2024-02-11,2219755.04,0.00,11386.37,63040.66,0.00
2024-02-12,2355754.65,0.00,13155.95,66871.26,0.00
2024-02-13,2999882.37,0.00,12441.16,85001.19,55857.52
2024-02-14,2634423.12,0.00,17489.72,74399.74,0.00
2024-02-15,2482055.51,478960.54,11899.94,69723.59,0.00
2024-02-16,2842904.44,0.00,20735.21,79632.43,46302.80
2024-02-17,2343638.58,0.00,12078.82,65551.23,0.00
2024-02-18,2418454.92,0.00,14880.94,67661.17,0.00
2024-02-19,2590556.21,0.00,17530.01,72426.51,0.00
2024-02-20,2724137.82,0.00,14859.57,76257.12,85144.69
2024-02-21,2774189.23,0.00,16073.94,77586.70,0.00
2024-02-22,2785211.00,479880.77,12419.02,77786.84,0.00
2024-02-23,2692551.80,0.00,18509.53,75243.16,48241.27
2024-02-24,2793259.53,0.00,14373.64,78081.92,0.00
2024-02-25,2637485.00,0.00,15381.04,73734.01,0.00
2024-02-26,2797402.72,0.00,17436.89,78218.34,0.00
2024-02-27,3039389.60,0.00,21926.64,84889.82,18231.69
2024-02-28,3118797.28,0.00,16897.33,87254.17,0.00
2024-02-29,3336735.52,551850.16,16263.36,93150.35,0.00
2024-03-01,3105815.04,0.00,28162.03,86508.94,106039.02
2024-03-02,3230828.81,0.00,32722.32,89979.35,0.00
2024-03-03,3100357.91,0.00,17066.98,86462.39,0.00
2024-03-04,3400097.88,0.00,17191.06,94673.46,0.00
2024-03-05,3702676.83,0.00,20999.20,103223.64,73674.80
2024-03-06,4263267.20,0.00,23184.33,118995.67,0.00
2024-03-07,4060928.21,802350.28,19776.86,114013.53,0.00
2024-03-08,3712338.51,0.00,22372.17,103496.16,59471.94
2024-03-09,3726931.53,0.00,23520.83,103947.92,0.00
2024-03-10,3574033.67,0.00,19891.02,99615.70,0.00
2024-03-11,3946393.73,0.00,24671.91,109970.02,39613.65
2024-03-12,3940708.20,0.00,71461.28,110243.99,84161.34
2024-03-13,3939352.04,0.00,19935.67,110128.19,0.00
2024-03-14,3604171.25,691622.07,22599.62,100719.61,0.00
2024-03-15,3715545.25,0.00,19226.04,104199.57,60838.06
2024-03-16,3015952.28,0.00,16798.35,85728.18,0.00
2024-03-17,3241994.53,0.00,20082.11,91090.48,0.00
2024-03-18,2952845.84,0.00,17253.29,83159.99,0.00
2024-03-19,3349494.03,0.00,13207.11,94528.19,63635.94
2024-03-20,3211142.75,0.00,16765.06,90642.22,0.00
2024-03-21,3186300.61,543283.04,16103.85,90270.21,0.00
2024-03-22,2860540.48,0.00,15690.11,80811.42,50681.80
2024-03-23,2965492.75,0.00,17790.70,84441.51,0.00
2024-03-24,2763617.06,0.00,18186.84,78686.72,0.00
2024-03-25,2954375.44,0.00,20693.30,86004.74,0.00
2024-03-26,3311996.54,0.00,24224.60,94018.66,72116.39
2024-03-27,3029627.24,0.00,21094.96,-44912.85,0.00
2024-03-28,3023105.87,555931.77,19197.44,25461.21,0.00
2024-03-29,3081337.05,0.00,19001.12,33076.55,51631.10
2024-03-30,2907847.03,0.00,14661.68,51891.29,0.00
2024-03-31,2971063.38,0.00,14984.02,46389.02,0.00
2024-04-01,2845173.45,0.00,15964.15,43148.28,0.00