Date,Rocket Pool ($),Lido Finance ($),StaFi ($),Stride ($),Stader ($),Jito ($),Marinade ($),StakeWise ($),Ether.fi ($),Ankr ($),Meta Pool ($)
2018-07-19,1.01,,,,,,,,,,
2018-07-20,0.93,,,,,,,,,,
2018-07-21,0.98,,,,,,,,,,
2018-07-22,1.00,,,,,,,,,,
2018-07-23,0.95,,,,,,,,,,
2018-07-24,0.82,,,,,,,,,,
2018-07-25,0.84,,,,,,,,,,
2018-07-26,0.84,,,,,,,,,,
2018-07-27,0.76,,,,,,,,,,
2018-07-28,0.77,,,,,,,,,,
2018-07-29,0.70,,,,,,,,,,
2018-07-30,0.70,,,,,,,,,,
2018-07-31,0.70,,,,,,,,,,
2018-08-01,0.70,,,,,,,,,,
2018-08-02,0.62,,,,,,,,,,
2018-08-03,0.62,,,,,,,,,,
2018-08-04,0.62,,,,,,,,,,
2018-08-05,0.62,,,,,,,,,,
2018-08-06,0.62,,,,,,,,,,
2018-08-07,0.58,,,,,,,,,,
2018-08-08,0.53,,,,,,,,,,
2018-08-09,0.05,,,,,,,,,,
2018-08-10,0.36,,,,,,,,,,
2018-08-11,0.37,,,,,,,,,,
2018-08-12,0.37,,,,,,,,,,
2018-08-13,0.37,,,,,,,,,,
2018-08-14,0.37,,,,,,,,,,
2018-08-15,0.37,,,,,,,,,,
2018-08-16,0.56,,,,,,,,,,
2018-08-17,0.56,,,,,,,,,,
2018-08-18,0.56,,,,,,,,,,
2018-08-19,0.56,,,,,,,,,,
2018-08-20,0.56,,,,,,,,,,
2018-08-21,0.56,,,,,,,,,,
2018-08-22,0.56,,,,,,,,,,
2018-08-23,0.56,,,,,,,,,,
2018-08-24,0.22,,,,,,,,,,
2018-08-25,0.22,,,,,,,,,,
2018-08-26,0.38,,,,,,,,,,
2018-08-27,0.36,,,,,,,,,,
2018-08-28,0.01,,,,,,,,,,
2018-08-29,0.41,,,,,,,,,,
2018-08-30,0.40,,,,,,,,,,
2018-08-31,0.40,,,,,,,,,,
2018-09-01,0.40,,,,,,,,,,
2018-09-02,0.40,,,,,,,,,,
2018-09-03,0.40,,,,,,,,,,
2018-09-04,0.40,,,,,,,,,,
2018-09-05,0.42,,,,,,,,,,
2018-09-06,0.36,,,,,,,,,,
2018-09-07,0.36,,,,,,,,,,
2018-09-08,0.36,,,,,,,,,,
2018-09-09,0.29,,,,,,,,,,
2018-09-10,0.33,,,,,,,,,,
2018-09-11,0.33,,,,,,,,,,
2018-09-12,0.33,,,,,,,,,,
2018-09-13,0.33,,,,,,,,,,
2018-09-14,0.32,,,,,,,,,,
2018-09-15,0.32,,,,,,,,,,
2018-09-16,0.32,,,,,,,,,,
2018-09-17,0.32,,,,,,,,,,
2018-09-18,0.32,,,,,,,,,,
2018-09-19,0.32,,,,,,,,,,
2018-09-20,0.32,,,,,,,,,,
2018-09-21,0.32,,,,,,,,,,
2018-09-22,0.27,,,,,,,,,,
2018-09-23,0.27,,,,,,,,,,
2018-09-24,0.36,,,,,,,,,,
2018-09-25,0.37,,,,,,,,,,
2018-09-26,0.55,,,,,,,,,,
2018-09-27,0.42,,,,,,,,,,
2018-09-28,0.46,,,,,,,,,,
2018-09-29,0.22,,,,,,,,,,
2018-09-30,0.58,,,,,,,,,,
2018-10-01,0.58,,,,,,,,,,
2018-10-02,0.46,,,,,,,,,,
2018-10-03,0.45,,,,,,,,,,
2018-10-04,0.45,,,,,,,,,,
2018-10-05,0.45,,,,,,,,,,
2018-10-06,0.45,,,,,,,,,,
2018-10-07,0.45,,,,,,,,,,
2018-10-08,0.45,,,,,,,,,,
2018-10-09,0.45,,,,,,,,,,
2018-10-10,0.46,,,,,,,,,,
2018-10-11,0.45,,,,,,,,,,
2018-10-12,0.51,,,,,,,,,,
2018-10-13,0.38,,,,,,,,,,
2018-10-14,0.38,,,,,,,,,,
2018-10-15,0.43,,,,,,,,,,
2018-10-16,0.58,,,,,,,,,,
2018-10-17,0.50,,,,,,,,,,
2018-10-18,0.53,,,,,,,,,,
2018-10-19,0.55,,,,,,,,,,
2018-10-20,0.55,,,,,,,,,,
2018-10-21,0.59,,,,,,,,,,
2018-10-22,0.60,,,,,,,,,,
2018-10-23,0.60,,,,,,,,,,
2018-10-24,0.60,,,,,,,,,,
2018-10-25,0.61,,,,,,,,,,
2018-10-26,0.55,,,,,,,,,,
2018-10-27,0.61,,,,,,,,,,
2018-10-28,0.61,,,,,,,,,,
2018-10-29,0.61,,,,,,,,,,
2018-10-30,0.63,,,,,,,,,,
2018-10-31,0.72,,,,,,,,,,
2018-11-01,0.72,,,,,,,,,,
2018-11-02,0.64,,,,,,,,,,
2018-11-03,0.64,,,,,,,,,,
2018-11-04,0.64,,,,,,,,,,
2018-11-05,0.64,,,,,,,,,,
2018-11-06,0.72,,,,,,,,,,
2018-11-07,0.74,,,,,,,,,,
2018-11-08,0.74,,,,,,,,,,
2018-11-09,0.74,,,,,,,,,,
2018-11-10,0.74,,,,,,,,,,
2018-11-11,0.74,,,,,,,,,,
2018-11-12,0.74,,,,,,,,,,
2018-11-13,0.74,,,,,,,,,,
2018-11-14,0.52,,,,,,,,,,
2018-11-15,0.53,,,,,,,,,,
2018-11-16,0.53,,,,,,,,,,
2018-11-17,0.53,,,,,,,,,,
2018-11-18,0.06,,,,,,,,,,
2018-11-19,0.06,,,,,,,,,,
2018-11-20,0.06,,,,,,,,,,
2018-11-21,0.47,,,,,,,,,,
2018-11-22,0.47,,,,,,,,,,
2018-12-01,0.25,,,,,,,,,,
2018-12-02,0.38,,,,,,,,,,
2018-12-03,0.28,,,,,,,,,,
2018-12-04,0.26,,,,,,,,,,
2018-12-05,0.35,,,,,,,,,,
2018-12-06,0.34,,,,,,,,,,
2018-12-07,0.31,,,,,,,,,,
2018-12-08,0.29,,,,,,,,,,
2018-12-09,0.29,,,,,,,,,,
2018-12-10,0.33,,,,,,,,,,
2018-12-11,0.32,,,,,,,,,,
2018-12-13,0.19,,,,,,,,,,
2018-12-14,0.19,,,,,,,,,,
2018-12-15,0.24,,,,,,,,,,
2018-12-16,0.29,,,,,,,,,,
2018-12-17,0.28,,,,,,,,,,
2018-12-18,0.24,,,,,,,,,,
2018-12-19,0.35,,,,,,,,,,
2018-12-20,0.38,,,,,,,,,,
2018-12-21,0.41,,,,,,,,,,
2018-12-22,0.40,,,,,,,,,,
2018-12-23,0.05,,,,,,,,,,
2018-12-24,0.46,,,,,,,,,,
2018-12-25,0.04,,,,,,,,,,
2018-12-26,0.04,,,,,,,,,,
2018-12-28,0.44,,,,,,,,,,
2018-12-29,0.41,,,,,,,,,,
2019-01-01,0.48,,,,,,,,,,
2019-01-02,0.51,,,,,,,,,,
2019-01-03,0.51,,,,,,,,,,
2019-01-05,0.32,,,,,,,,,,
2019-01-06,0.32,,,,,,,,,,
2019-01-07,0.29,,,,,,,,,,
2019-01-08,0.29,,,,,,,,,,
2019-01-09,0.28,,,,,,,,,,
2019-01-10,0.28,,,,,,,,,,
2019-01-13,0.43,,,,,,,,,,
2019-01-14,0.43,,,,,,,,,,
2019-02-06,0.96,,,,,,,,,,
2019-02-07,0.34,,,,,,,,,,
2019-02-08,0.35,,,,,,,,,,
2019-02-09,0.35,,,,,,,,,,
2019-02-10,0.35,,,,,,,,,,
2019-02-12,0.24,,,,,,,,,,
2019-02-13,0.24,,,,,,,,,,
2019-02-17,0.32,,,,,,,,,,
2019-02-18,0.33,,,,,,,,,,
2019-02-19,0.26,,,,,,,,,,
2019-02-20,0.17,,,,,,,,,,
2019-02-21,0.17,,,,,,,,,,
2019-02-24,0.28,,,,,,,,,,
2019-02-25,0.30,,,,,,,,,,
2019-02-26,0.14,,,,,,,,,,
2019-02-27,0.22,,,,,,,,,,
2019-02-28,0.22,,,,,,,,,,
2019-03-02,0.23,,,,,,,,,,
2019-03-03,0.32,,,,,,,,,,
2019-03-04,0.13,,,,,,,,,,
2019-03-05,0.31,,,,,,,,,,
2019-03-06,0.31,,,,,,,,,,
2019-03-07,,,,,,,,,,0.01,
2019-03-08,,,,,,,,,,0.01,
2019-03-09,,,,,,,,,,0.01,
2019-03-10,,,,,,,,,,0.01,
2019-03-11,0.20,,,,,,,,,0.01,
2019-03-12,0.30,,,,,,,,,0.01,
2019-03-13,0.30,,,,,,,,,0.01,
2019-03-14,,,,,,,,,,0.01,
2019-03-15,,,,,,,,,,0.01,
2019-03-16,,,,,,,,,,0.01,
2019-03-17,,,,,,,,,,0.01,
2019-03-18,,,,,,,,,,0.01,
2019-03-19,,,,,,,,,,0.01,
2019-03-20,0.21,,,,,,,,,0.01,
2019-03-21,0.21,,,,,,,,,0.01,
2019-03-22,,,,,,,,,,0.01,
2019-03-23,0.17,,,,,,,,,0.01,
2019-03-24,0.17,,,,,,,,,0.01,
2019-03-25,,,,,,,,,,0.01,
2019-03-26,0.23,,,,,,,,,0.01,
2019-03-27,0.23,,,,,,,,,0.01,
2019-03-28,0.15,,,,,,,,,0.01,
2019-03-29,0.15,,,,,,,,,0.01,
2019-03-30,0.31,,,,,,,,,0.01,
2019-03-31,0.31,,,,,,,,,0.01,
2019-04-01,0.14,,,,,,,,,0.01,
2019-04-02,0.14,,,,,,,,,0.01,
2019-04-03,,,,,,,,,,0.01,
2019-04-04,,,,,,,,,,0.01,
2019-04-05,,,,,,,,,,0.01,
2019-04-06,,,,,,,,,,0.01,
2019-04-07,,,,,,,,,,0.01,
2019-04-08,0.32,,,,,,,,,0.01,
2019-04-09,0.34,,,,,,,,,0.01,
2019-04-10,0.33,,,,,,,,,0.01,
2019-04-11,0.34,,,,,,,,,0.01,
2019-04-12,0.17,,,,,,,,,0.01,
2019-04-13,0.17,,,,,,,,,0.01,
2019-04-14,,,,,,,,,,0.01,
2019-04-15,0.20,,,,,,,,,0.01,
2019-04-16,0.20,,,,,,,,,0.01,
2019-04-17,0.29,,,,,,,,,0.01,
2019-04-18,0.20,,,,,,,,,0.01,
2019-04-19,0.21,,,,,,,,,0.01,
2019-04-20,0.38,,,,,,,,,0.01,
2019-04-21,0.38,,,,,,,,,0.01,
2019-04-22,0.21,,,,,,,,,0.01,
2019-04-23,0.34,,,,,,,,,0.01,
2019-04-24,0.43,,,,,,,,,0.01,
2019-04-25,0.28,,,,,,,,,0.01,
2019-04-26,0.29,,,,,,,,,0.01,
2019-04-27,0.31,,,,,,,,,0.01,
2019-04-28,0.31,,,,,,,,,0.01,
2019-04-29,,,,,,,,,,0.01,
2019-04-30,,,,,,,,,,0.01,
2019-05-01,0.23,,,,,,,,,0.01,
2019-05-02,0.23,,,,,,,,,0.01,
2019-05-03,0.31,,,,,,,,,0.01,
2019-05-04,0.33,,,,,,,,,0.01,
2019-05-05,0.33,,,,,,,,,0.01,
2019-05-06,0.32,,,,,,,,,0.01,
2019-05-07,0.35,,,,,,,,,0.01,
2019-05-08,0.35,,,,,,,,,0.01,
2019-05-09,0.43,,,,,,,,,0.01,
2019-05-10,0.42,,,,,,,,,0.01,
2019-05-11,0.29,,,,,,,,,0.01,
2019-05-12,0.33,,,,,,,,,0.01,
2019-05-13,0.48,,,,,,,,,0.01,
2019-05-14,0.50,,,,,,,,,0.01,
2019-05-15,0.51,,,,,,,,,0.01,
2019-05-16,0.58,,,,,,,,,0.01,
2019-05-17,0.58,,,,,,,,,0.01,
2019-05-18,0.31,,,,,,,,,0.01,
2019-05-19,0.26,,,,,,,,,0.01,
2019-05-20,0.29,,,,,,,,,0.01,
2019-05-21,0.23,,,,,,,,,0.01,
2019-05-22,0.26,,,,,,,,,0.01,
2019-05-23,0.26,,,,,,,,,0.01,
2019-05-24,0.22,,,,,,,,,0.01,
2019-05-25,0.22,,,,,,,,,0.01,
2019-05-26,,,,,,,,,,0.01,
2019-05-27,,,,,,,,,,0.01,
2019-05-28,0.30,,,,,,,,,0.01,
2019-05-29,0.30,,,,,,,,,0.01,
2019-05-30,0.24,,,,,,,,,0.01,
2019-05-31,0.31,,,,,,,,,0.01,
2019-06-01,0.34,,,,,,,,,0.01,
2019-06-02,0.35,,,,,,,,,0.01,
2019-06-03,0.26,,,,,,,,,0.01,
2019-06-04,0.31,,,,,,,,,0.01,
2019-06-05,0.32,,,,,,,,,0.01,
2019-06-06,0.27,,,,,,,,,0.01,
2019-06-07,0.24,,,,,,,,,0.01,
2019-06-08,0.32,,,,,,,,,0.01,
2019-06-09,0.31,,,,,,,,,0.01,
2019-06-10,0.24,,,,,,,,,0.01,
2019-06-11,0.24,,,,,,,,,0.01,
2019-06-12,0.26,,,,,,,,,0.01,
2019-06-13,0.26,,,,,,,,,0.01,
2019-06-14,0.36,,,,,,,,,0.01,
2019-06-15,0.51,,,,,,,,,0.01,
2019-06-16,0.39,,,,,,,,,0.01,
2019-06-17,0.47,,,,,,,,,0.01,
2019-06-18,0.54,,,,,,,,,0.01,
2019-06-19,0.65,,,,,,,,,0.01,
2019-06-20,0.64,,,,,,,,,0.01,
2019-06-21,0.60,,,,,,,,,0.01,
2019-06-22,0.69,,,,,,,,,0.01,
2019-06-23,0.74,,,,,,,,,0.01,
2019-06-24,0.58,,,,,,,,,0.01,
2019-06-25,0.73,,,,,,,,,0.01,
2019-06-26,0.44,,,,,,,,,0.01,
2019-06-27,0.49,,,,,,,,,0.01,
2019-06-28,0.47,,,,,,,,,0.01,
2019-06-29,0.57,,,,,,,,,0.01,
2019-06-30,0.71,,,,,,,,,0.01,
2019-07-01,0.52,,,,,,,,,0.01,
2019-07-02,0.51,,,,,,,,,0.01,
2019-07-03,0.54,,,,,,,,,0.01,
2019-07-04,0.54,,,,,,,,,0.01,
2019-07-05,0.47,,,,,,,,,0.01,
2019-07-06,0.50,,,,,,,,,0.01,
2019-07-07,0.54,,,,,,,,,0.01,
2019-07-08,0.62,,,,,,,,,0.01,
2019-07-09,0.65,,,,,,,,,0.01,
2019-07-10,0.62,,,,,,,,,0.01,
2019-07-11,0.61,,,,,,,,,0.01,
2019-07-12,0.60,,,,,,,,,0.01,
2019-07-13,0.60,,,,,,,,,0.01,
2019-07-14,0.55,,,,,,,,,0.01,
2019-07-15,0.44,,,,,,,,,0.01,
2019-07-16,0.55,,,,,,,,,0.01,
2019-07-17,0.49,,,,,,,,,0.01,
2019-07-18,0.52,,,,,,,,,0.01,
2019-07-19,0.55,,,,,,,,,0.01,
2019-07-20,0.46,,,,,,,,,0.01,
2019-07-21,0.48,,,,,,,,,0.01,
2019-07-22,0.54,,,,,,,,,0.01,
2019-07-23,0.49,,,,,,,,,0.01,
2019-07-24,0.52,,,,,,,,,0.01,
2019-07-25,0.48,,,,,,,,,0.01,
2019-07-26,0.44,,,,,,,,,0.01,
2019-07-27,0.50,,,,,,,,,0.01,
2019-07-28,0.52,,,,,,,,,0.01,
2019-07-29,0.50,,,,,,,,,0.01,
2019-07-30,0.50,,,,,,,,,0.01,
2019-07-31,0.51,,,,,,,,,0.01,
2019-08-01,0.57,,,,,,,,,0.01,
2019-08-02,0.57,,,,,,,,,0.01,
2019-08-03,0.61,,,,,,,,,0.01,
2019-08-04,0.56,,,,,,,,,0.01,
2019-08-05,0.51,,,,,,,,,0.01,
2019-08-06,0.54,,,,,,,,,0.01,
2019-08-07,0.53,,,,,,,,,0.01,
2019-08-08,0.54,,,,,,,,,0.01,
2019-08-09,0.52,,,,,,,,,0.01,
2019-08-10,0.50,,,,,,,,,0.00,
2019-08-11,0.46,,,,,,,,,0.00,
2019-08-12,0.46,,,,,,,,,0.01,
2019-08-13,0.46,,,,,,,,,0.01,
2019-08-14,0.46,,,,,,,,,0.00,
2019-08-15,0.39,,,,,,,,,0.00,
2019-08-16,0.39,,,,,,,,,0.00,
2019-08-17,0.40,,,,,,,,,0.00,
2019-08-18,0.40,,,,,,,,,0.00,
2019-08-19,0.42,,,,,,,,,0.00,
2019-08-20,0.44,,,,,,,,,0.00,
2019-08-21,0.41,,,,,,,,,0.00,
2019-08-22,0.36,,,,,,,,,0.00,
2019-08-23,0.37,,,,,,,,,0.00,
2019-08-24,0.38,,,,,,,,,0.00,
2019-08-25,0.38,,,,,,,,,0.00,
2019-08-26,0.38,,,,,,,,,0.00,
2019-08-27,0.35,,,,,,,,,0.00,
2019-08-28,0.35,,,,,,,,,0.00,
2019-08-29,0.33,,,,,,,,,0.00,
2019-08-30,0.33,,,,,,,,,0.00,
2019-08-31,0.32,,,,,,,,,0.00,
2019-09-01,,,,,,,,,,0.00,
2019-09-02,,,,,,,,,,0.00,
2019-09-03,0.33,,,,,,,,,0.00,
2019-09-04,0.33,,,,,,,,,0.00,
2019-09-05,0.33,,,,,,,,,0.00,
2019-09-06,0.32,,,,,,,,,0.00,
2019-09-07,0.29,,,,,,,,,0.00,
2019-09-08,0.30,,,,,,,,,0.00,
2019-09-09,0.30,,,,,,,,,0.00,
2019-09-10,0.30,,,,,,,,,0.00,
2019-09-11,0.29,,,,,,,,,0.00,
2019-09-12,0.28,,,,,,,,,0.00,
2019-09-13,0.35,,,,,,,,,0.00,
2019-09-14,0.34,,,,,,,,,0.00,
2019-09-15,0.37,,,,,,,,,0.00,
2019-09-16,0.30,,,,,,,,,0.00,
2019-09-17,0.31,,,,,,,,,0.00,
2019-09-18,0.36,,,,,,,,,0.00,
2019-09-19,0.39,,,,,,,,,0.00,
2019-09-20,0.40,,,,,,,,,0.00,
2019-09-21,0.45,,,,,,,,,0.00,
2019-09-22,0.44,,,,,,,,,0.00,
2019-09-23,0.43,,,,,,,,,0.00,
2019-09-24,0.41,,,,,,,,,0.00,
2019-09-25,0.38,,,,,,,,,0.00,
2019-09-26,0.38,,,,,,,,,0.00,
2019-09-27,0.37,,,,,,,,,0.00,
2019-09-28,0.40,,,,,,,,,0.00,
2019-09-29,0.41,,,,,,,,,0.00,
2019-09-30,0.40,,,,,,,,,0.00,
2019-10-01,0.45,,,,,,,,,0.00,
2019-10-02,0.49,,,,,,,,,0.00,
2019-10-03,0.49,,,,,,,,,0.00,
2019-10-04,0.41,,,,,,,,,0.00,
2019-10-05,0.41,,,,,,,,,0.00,
2019-10-06,0.42,,,,,,,,,0.00,
2019-10-07,0.46,,,,,,,,,0.00,
2019-10-08,0.39,,,,,,,,,0.00,
2019-10-09,0.44,,,,,,,,,0.00,
2019-10-10,0.47,,,,,,,,,0.00,
2019-10-11,0.41,,,,,,,,,0.00,
2019-10-12,0.40,,,,,,,,,0.00,
2019-10-13,0.39,,,,,,,,,0.00,
2019-10-14,0.40,,,,,,,,,0.00,
2019-10-15,0.42,,,,,,,,,0.00,
2019-10-16,0.41,,,,,,,,,0.00,
2019-10-17,0.39,,,,,,,,,0.00,
2019-10-18,0.41,,,,,,,,,0.00,
2019-10-19,0.40,,,,,,,,,0.00,
2019-10-20,0.40,,,,,,,,,0.00,
2019-10-21,0.41,,,,,,,,,0.00,
2019-10-22,0.41,,,,,,,,,0.00,
2019-10-23,0.43,,,,,,,,,0.00,
2019-10-24,0.50,,,,,,,,,0.00,
2019-10-25,0.56,,,,,,,,,0.00,
2019-10-26,0.58,,,,,,,,,0.00,
2019-10-27,0.57,,,,,,,,,0.00,
2019-10-28,0.54,,,,,,,,,0.00,
2019-10-29,0.65,,,,,,,,,0.00,
2019-10-30,0.68,,,,,,,,,0.00,
2019-10-31,0.66,,,,,,,,,0.00,
2019-11-01,0.56,,,,,,,,,0.00,
2019-11-02,0.55,,,,,,,,,0.00,
2019-11-03,0.49,,,,,,,,,0.00,
2019-11-04,0.49,,,,,,,,,0.00,
2019-11-05,0.49,,,,,,,,,0.00,
2019-11-06,0.48,,,,,,,,,0.00,
2019-11-07,0.49,,,,,,,,,0.00,
2019-11-08,0.45,,,,,,,,,0.00,
2019-11-09,0.47,,,,,,,,,0.00,
2019-11-10,0.47,,,,,,,,,0.00,
2019-11-11,0.45,,,,,,,,,0.00,
2019-11-12,0.47,,,,,,,,,0.00,
2019-11-13,0.56,,,,,,,,,0.00,
2019-11-14,0.56,,,,,,,,,0.00,
2019-11-15,0.57,,,,,,,,,0.00,
2019-11-16,0.55,,,,,,,,,0.00,
2019-11-17,0.52,,,,,,,,,0.00,
2019-11-18,0.53,,,,,,,,,0.00,
2019-11-19,0.51,,,,,,,,,0.00,
2019-11-20,0.49,,,,,,,,,0.00,
2019-11-21,0.54,,,,,,,,,0.00,
2019-11-22,0.48,,,,,,,,,0.00,
2019-11-23,0.46,,,,,,,,,0.00,
2019-11-24,0.43,,,,,,,,,0.00,
2019-11-25,0.43,,,,,,,,,0.00,
2019-11-26,0.44,,,,,,,,,0.00,
2019-11-27,0.46,,,,,,,,,0.00,
2019-11-28,0.45,,,,,,,,,0.00,
2019-11-29,0.41,,,,,,,,,0.00,
2019-11-30,0.42,,,,,,,,,0.00,
2019-12-01,0.41,,,,,,,,,0.00,
2019-12-02,0.44,,,,,,,,,0.00,
2019-12-03,0.44,,,,,,,,,0.00,
2019-12-04,0.44,,,,,,,,,0.00,
2019-12-05,0.44,,,,,,,,,0.00,
2019-12-06,0.46,,,,,,,,,0.00,
2019-12-07,0.45,,,,,,,,,0.00,
2019-12-08,0.44,,,,,,,,,0.00,
2019-12-09,0.45,,,,,,,,,0.00,
2019-12-10,0.44,,,,,,,,,0.00,
2019-12-11,0.44,,,,,,,,,0.00,
2019-12-12,0.42,,,,,,,,,0.00,
2019-12-13,0.43,,,,,,,,,0.00,
2019-12-14,0.37,,,,,,,,,0.00,
2019-12-15,0.42,,,,,,,,,0.00,
2019-12-16,0.44,,,,,,,,,0.00,
2019-12-17,0.39,,,,,,,,,0.00,
2019-12-18,0.31,,,,,,,,,0.00,
2019-12-19,0.36,,,,,,,,,0.00,
2019-12-20,0.34,,,,,,,,,0.00,
2019-12-21,0.34,,,,,,,,,0.00,
2019-12-22,0.36,,,,,,,,,0.00,
2019-12-23,0.37,,,,,,,,,0.00,
2019-12-24,0.37,,,,,,,,,0.00,
2019-12-25,0.33,,,,,,,,,0.00,
2019-12-26,0.33,,,,,,,,,0.00,
2019-12-27,0.32,,,,,,,,,0.00,
2019-12-28,0.35,,,,,,,,,0.00,
2019-12-29,0.36,,,,,,,,,0.00,
2019-12-30,0.38,,,,,,,,,0.00,
2019-12-31,0.40,,,,,,,,,0.00,
2020-01-01,0.37,,,,,,,,,0.00,
2020-01-02,0.38,,,,,,,,,0.00,
2020-01-03,0.37,,,,,,,,,0.00,
2020-01-04,0.39,,,,,,,,,0.00,
2020-01-05,0.41,,,,,,,,,0.00,
2020-01-06,0.42,,,,,,,,,0.00,
2020-01-07,0.48,,,,,,,,,0.00,
2020-01-08,0.50,,,,,,,,,0.00,
2020-01-09,0.47,,,,,,,,,0.00,
2020-01-10,0.46,,,,,,,,,0.00,
2020-01-11,0.54,,,,,,,,,0.00,
2020-01-12,0.47,,,,,,,,,0.00,
2020-01-13,0.46,,,,,,,,,0.00,
2020-01-14,0.48,,,,,,,,,0.00,
2020-01-15,0.54,,,,,,,,,0.00,
2020-01-16,0.59,,,,,,,,,0.00,
2020-01-17,0.57,,,,,,,,,0.00,
2020-01-18,0.60,,,,,,,,,0.00,
2020-01-19,0.56,,,,,,,,,0.00,
2020-01-20,0.53,,,,,,,,,0.00,
2020-01-21,0.52,,,,,,,,,0.00,
2020-01-22,0.53,,,,,,,,,0.00,
2020-01-23,0.52,,,,,,,,,0.00,
2020-01-24,0.50,,,,,,,,,0.00,
2020-01-25,0.51,,,,,,,,,0.00,
2020-01-26,0.50,,,,,,,,,0.00,
2020-01-27,0.52,,,,,,,,,0.00,
2020-01-28,0.40,,,,,,,,,0.00,
2020-01-29,0.42,,,,,,,,,0.00,
2020-01-30,0.42,,,,,,,,,0.00,
2020-01-31,0.52,,,,,,,,,0.00,
2020-02-01,0.52,,,,,,,,,0.00,
2020-02-02,0.55,,,,,,,,,0.00,
2020-02-03,0.59,,,,,,,,,0.00,
2020-02-04,0.56,,,,,,,,,0.00,
2020-02-05,0.54,,,,,,,,,0.00,
2020-02-06,0.56,,,,,,,,,0.00,
2020-02-07,0.59,,,,,,,,,0.00,
2020-02-08,0.60,,,,,,,,,0.00,
2020-02-09,0.59,,,,,,,,,0.00,
2020-02-10,0.66,,,,,,,,,0.00,
2020-02-11,0.59,,,,,,,,,0.00,
2020-02-12,0.64,,,,,,,,,0.00,
2020-02-13,0.73,,,,,,,,,0.00,
2020-02-14,0.77,,,,,,,,,0.00,
2020-02-15,0.86,,,,,,,,,0.00,
2020-02-16,0.71,,,,,,,,,0.00,
2020-02-17,0.73,,,,,,,,,0.00,
2020-02-18,0.75,,,,,,,,,0.00,
2020-02-19,0.79,,,,,,,,,0.00,
2020-02-20,0.72,,,,,,,,,0.00,
2020-02-21,0.71,,,,,,,,,0.00,
2020-02-22,0.76,,,,,,,,,0.00,
2020-02-23,0.78,,,,,,,,,0.00,
2020-02-24,0.81,,,,,,,,,0.00,
2020-02-25,0.73,,,,,,,,,0.00,
2020-02-26,0.69,,,,,,,,,0.00,
2020-02-27,0.59,,,,,,,,,0.00,
2020-02-28,0.61,,,,,,,,,0.00,
2020-02-29,0.59,,,,,,,,,0.00,
2020-03-01,0.47,,,,,,,,,0.00,
2020-03-02,0.46,,,,,,,,,0.00,
2020-03-03,0.50,,,,,,,,,0.00,
2020-03-04,0.48,,,,,,,,,0.00,
2020-03-05,0.49,,,,,,,,,0.00,
2020-03-06,0.54,,,,,,,,,0.00,
2020-03-07,0.58,,,,,,,,,0.00,
2020-03-08,0.58,,,,,,,,,0.00,
2020-03-09,0.49,,,,,,,,,0.00,
2020-03-10,0.48,,,,,,,,,0.00,
2020-03-11,0.49,,,,,,,,,0.00,
2020-03-12,0.46,,,,,,,,,0.00,
2020-03-13,0.30,,,,,,,,,0.00,
2020-03-14,0.33,,,,,,,,,0.00,
2020-03-15,0.31,,,,,,,,,0.00,
2020-03-16,0.31,,,,,,,,,0.00,
2020-03-17,0.28,,,,,,,,,0.00,
2020-03-18,0.33,,,,,,,,,0.00,
2020-03-19,0.31,,,,,,,,,0.00,
2020-03-20,0.37,,,,,,,,,0.00,
2020-03-21,0.34,,,,,,,,,0.00,
2020-03-22,0.35,,,,,,,,,0.00,
2020-03-23,0.32,,,,,,,,,0.00,
2020-03-24,0.36,,,,,,,,,0.00,
2020-03-25,0.38,,,,,,,,,0.00,
2020-03-26,0.37,,,,,,,,,0.00,
2020-03-27,0.37,,,,,,,,,0.00,
2020-03-28,0.35,,,,,,,,,0.00,
2020-03-29,0.36,,,,,,,,,0.00,
2020-03-30,0.35,,,,,,,,,0.00,
2020-03-31,0.38,,,,,,,,,0.00,
2020-04-01,0.39,,,,,,,,,0.00,
2020-04-02,0.41,,,,,,,,,0.00,
2020-04-03,0.42,,,,,,,,,0.00,
2020-04-04,0.42,,,,,,,,,0.00,
2020-04-05,0.43,,,,,,,,,0.00,
2020-04-06,0.43,,,,,,,,,0.00,
2020-04-07,0.49,,,,,,,,,0.00,
2020-04-08,0.47,,,,,,,,,0.00,
2020-04-09,0.48,,,,,,,,,0.00,
2020-04-10,0.47,,,,,,,,,0.00,
2020-04-11,0.46,,,,,,,,,0.00,
2020-04-12,0.45,,,,,,,,,0.00,
2020-04-13,0.45,,,,,,,,,0.00,
2020-04-14,0.47,,,,,,,,,0.00,
2020-04-15,0.50,,,,,,,,,0.00,
2020-04-16,0.49,,,,,,,,,0.00,
2020-04-17,0.56,,,,,,,,,0.00,
2020-04-18,0.60,,,,,,,,,0.00,
2020-04-19,0.68,,,,,,,,,0.00,
2020-04-20,0.66,,,,,,,,,0.00,
2020-04-21,0.61,,,,,,,,,0.00,
2020-04-22,0.61,,,,,,,,,0.00,
2020-04-23,0.66,,,,,,,,,0.00,
2020-04-24,0.69,,,,,,,,,0.00,
2020-04-25,0.73,,,,,,,,,0.00,
2020-04-26,0.75,,,,,,,,,0.00,
2020-04-27,0.97,,,,,,,,,0.00,
2020-04-28,0.85,,,,,,,,,0.00,
2020-04-29,0.80,,,,,,,,,0.00,
2020-04-30,0.84,,,,,,,,,0.00,
2020-05-01,0.97,,,,,,,,,0.00,
2020-05-02,1.18,,,,,,,,,0.00,
2020-05-03,1.26,,,,,,,,,0.00,
2020-05-04,1.26,,,,,,,,,0.00,
2020-05-05,1.28,,,,,,,,,0.00,
2020-05-06,1.34,,,,,,,,,0.00,
2020-05-07,1.36,,,,,,,,,0.00,
2020-05-08,1.61,,,,,,,,,0.00,
2020-05-09,2.08,,,,,,,,,0.00,
2020-05-10,2.31,,,,,,,,,0.00,
2020-05-11,3.18,,,,,,,,,0.00,
2020-05-12,2.93,,,,,,,,,0.00,
2020-05-13,1.87,,,,,,,,,0.00,
2020-05-14,2.51,,,,,,,,,0.00,
2020-05-15,2.39,,,,,,,,,0.00,
2020-05-16,2.30,,,,,,,,,0.00,
2020-05-17,2.00,,,,,,,,,0.00,
2020-05-18,2.28,,,,,,,,,0.00,
2020-05-19,2.12,,,,,,,,,0.00,
2020-05-20,2.02,,,,,,,,,0.00,
2020-05-21,2.04,,,,,,,,,0.00,
2020-05-22,1.99,,,,,,,,,0.00,
2020-05-23,2.24,,,,,,,,,0.00,
2020-05-24,2.06,,,,,,,,,0.00,
2020-05-25,2.27,,,,,,,,,0.00,
2020-05-26,2.21,,,,,,,,,0.00,
2020-05-27,2.23,,,,,,,,,0.00,
2020-05-28,2.32,,,,,,,,,0.00,
2020-05-29,3.21,,,,,,,,,0.00,
2020-05-30,2.29,,,,,,,,,0.00,
2020-05-31,2.85,,,,,,,,,0.00,
2020-06-01,2.64,,,,,,,,,0.00,
2020-06-02,2.65,,,,,,,,,0.00,
2020-06-03,2.41,,,,,,,,,0.00,
2020-06-04,2.53,,,,,,,,,0.00,
2020-06-05,2.41,,,,,,,,,0.00,
2020-06-06,2.51,,,,,,,,,0.00,
2020-06-07,2.28,,,,,,,,,0.00,
2020-06-08,2.35,,,,,,,,,0.00,
2020-06-09,2.29,,,,,,,,,0.00,
2020-06-10,2.18,,,,,,,,,0.00,
2020-06-11,2.21,,,,,,,,,0.00,
2020-06-12,2.13,,,,,,,,,0.00,
2020-06-13,2.12,,,,,,,,,0.00,
2020-06-14,2.25,,,,,,,,,0.00,
2020-06-15,2.16,,,,,,,,,0.00,
2020-06-16,1.89,,,,,,,,,0.00,
2020-06-17,1.97,,,,,,,,,0.00,
2020-06-18,1.75,,,,,,,,,0.00,
2020-06-19,1.72,,,,,,,,,0.00,
2020-06-20,1.84,,,,,,,,,0.00,
2020-06-21,1.72,,,,,,,,,0.00,
2020-06-22,1.82,,,,,,,,,0.00,
2020-06-23,1.88,,,,,,,,,0.00,
2020-06-24,1.97,,,,,,,,,0.00,
2020-06-25,1.83,,,,,,,,,0.00,
2020-06-26,1.81,,,,,,,,,0.00,
2020-06-27,1.92,,,,,,,,,0.00,
2020-06-28,1.75,,,,,,,,,0.00,
2020-06-29,1.80,,,,,,,,,0.00,
2020-06-30,1.80,,,,,,,,,0.00,
2020-07-01,1.74,,,,,,,,,0.00,
2020-07-02,1.81,,,,,,,,,0.00,
2020-07-03,1.84,,,,,,,,,0.00,
2020-07-04,1.82,,,,,,,,,0.00,
2020-07-05,1.87,,,,,,,,,0.00,
2020-07-06,1.91,,,,,,,,,0.00,
2020-07-07,2.09,,,,,,,,,0.00,
2020-07-08,2.13,,,,,,,,,0.00,
2020-07-09,2.14,,,,,,,,,0.00,
2020-07-10,2.05,,,,,,,,,0.00,
2020-07-11,1.83,,,,,,,,,0.00,
2020-07-12,1.84,,,,,,,,,0.00,
2020-07-13,1.87,,,,,,,,,0.00,
2020-07-14,1.82,,,,,,,,,0.00,
2020-07-15,1.89,,,,,,,,,0.01,
2020-07-16,1.89,,,,,,,,,0.01,
2020-07-17,1.84,,,,,,,,,0.01,
2020-07-18,1.85,,,,,,,,,0.01,
2020-07-19,1.87,,,,,,,,,0.01,
2020-07-20,1.90,,,,,,,,,0.01,
2020-07-21,1.94,,,,,,,,,0.01,
2020-07-22,1.98,,,,,,,,,0.01,
2020-07-23,2.12,,,,,,,,,0.01,
2020-07-24,2.26,,,,,,,,,0.01,
2020-07-25,2.75,,,,,,,,,0.01,
2020-07-26,3.17,,,,,,,,,0.01,
2020-07-27,2.88,,,,,,,,,0.01,
2020-07-28,3.00,,,,,,,,,0.01,
2020-07-29,2.83,,,,,,,,,0.01,
2020-07-30,2.83,,,,,,,,,0.01,
2020-07-31,2.90,,,,,,,,,0.01,
2020-08-01,3.06,,,,,,,,,0.01,
2020-08-02,3.04,,,,,,,,,0.01,
2020-08-03,3.22,,,,,,,,,0.01,
2020-08-04,3.41,,,,,,,,,0.01,
2020-08-05,3.39,,,,,,,,,0.01,
2020-08-06,3.26,,,,,,,,,0.01,
2020-08-07,3.16,,,,,,,,,0.01,
2020-08-08,3.25,,,,,,,,,0.01,
2020-08-09,3.19,,,,,,,,,0.01,
2020-08-10,3.14,,,,,,,,,0.01,
2020-08-11,3.23,,,,,,,,,0.02,
2020-08-12,3.04,,,,,,,,,0.01,
2020-08-13,3.06,,,,,,,,,0.01,
2020-08-14,3.15,,,,,,,,,0.01,
2020-08-15,3.47,,,,,,,,,0.01,
2020-08-16,3.69,,,,,,,,,0.01,
2020-08-17,3.59,,,,,,,,,0.01,
2020-08-18,3.43,,,,,,,,,0.01,
2020-08-19,3.34,,,,,,,,,0.01,
2020-08-20,3.38,,,,,,,,,0.01,
2020-08-21,3.36,,,,,,,,,0.01,
2020-08-22,3.19,,,,,,,,,0.01,
2020-08-23,3.15,,,,,,,,,0.01,
2020-08-24,2.90,,,,,,,,,0.01,
2020-08-25,2.94,,,,,,,,,0.01,
2020-08-26,2.76,,,,,,,,,0.01,
2020-08-27,2.69,,,,,,,,,0.01,
2020-08-28,2.63,,,,,,,,,0.01,
2020-08-29,2.88,,,,,,,,,0.01,
2020-08-30,3.15,,,,,,,,,0.01,
2020-08-31,3.24,,,,,,,,,0.01,
2020-09-01,3.64,,,,,,,,,0.01,
2020-09-02,3.83,,,,,,,,,0.01,
2020-09-03,3.14,,,,,,,,,0.01,
2020-09-04,2.92,,,,,,,,,0.01,
2020-09-05,2.64,,,,,,,,,0.01,
2020-09-06,2.08,,,,,,,,,0.01,
2020-09-07,2.25,,,,,,,,,0.01,
2020-09-08,2.17,,,,,,,,,0.01,
2020-09-09,2.20,,,,,,,,,0.01,
2020-09-10,2.27,,,,,,,,,0.01,
2020-09-11,2.44,,1.88,,,,,,,0.01,
2020-09-12,1.99,,1.88,,,,,,,0.01,
2020-09-13,1.95,,2.28,,,,,,,0.01,
2020-09-14,1.88,,2.10,,,,,,,0.01,
2020-09-15,1.95,,2.46,,,,,,,0.01,
2020-09-16,2.03,,2.14,,,,,,,0.01,
2020-09-17,2.19,,2.00,,,,,,,0.01,
2020-09-18,2.60,,2.02,,,,,,,0.01,
2020-09-19,2.70,,1.74,,,,,,,0.01,
2020-09-20,2.71,,1.85,,,,,,,0.01,
2020-09-21,2.68,,1.75,,,,,,,0.01,
2020-09-22,2.09,,1.37,,,,,,,0.01,
2020-09-23,2.15,,1.33,,,,,,,0.01,
2020-09-24,2.05,,1.42,,,,,,,0.00,
2020-09-25,2.15,,1.50,,,,,,,0.01,
2020-09-26,1.99,,1.43,,,,,,,0.01,
2020-09-27,2.10,,1.39,,,,,,,0.01,
2020-09-28,2.12,,1.33,,,,,,,0.01,
2020-09-29,2.18,,1.28,,,,,,,0.01,
2020-09-30,2.13,,1.09,,,,,,,0.01,
2020-10-01,2.91,,1.14,,,,,,,0.01,
2020-10-02,2.97,,1.14,,,,,,,0.01,
2020-10-03,2.89,,1.04,,,,,,,0.01,
2020-10-04,2.62,,1.01,,,,,,,0.01,
2020-10-05,2.63,,0.84,,,,,,,0.01,
2020-10-06,2.64,,0.90,,,,,,,0.01,
2020-10-07,2.31,,0.83,,,,,,,0.01,
2020-10-08,2.26,,0.78,,,,,,,0.01,
2020-10-09,2.44,,0.74,,,,,,,0.01,
2020-10-10,2.50,,0.79,,,,,,,0.01,
2020-10-11,2.50,,0.81,,,,,,,0.01,
2020-10-12,2.92,,0.84,,,,,,,0.01,
2020-10-13,2.96,,0.82,,,,,,,0.01,
2020-10-14,2.68,,0.83,,,,,,,0.01,
2020-10-15,2.57,,0.85,,,,,,,0.01,
2020-10-16,2.65,,0.84,,,,,,,0.01,
2020-10-17,2.54,,0.79,,,,,,,0.01,
2020-10-18,2.57,,0.80,,,,,,,0.01,
2020-10-19,2.67,,0.82,,,,,,,0.01,
2020-10-20,2.67,,0.77,,,,,,,0.01,
2020-10-21,2.67,,0.75,,,,,,,0.01,
2020-10-22,3.11,,0.69,,,,,,,0.01,
2020-10-23,3.77,,0.67,,,,,,,0.01,
2020-10-24,3.39,,0.61,,,,,,,0.01,
2020-10-25,3.54,,0.60,,,,,,,0.01,
2020-10-26,3.68,,0.55,,,,,,,0.01,
2020-10-27,3.44,,0.57,,,,,,,0.01,
2020-10-28,3.36,,0.49,,,,,,,0.01,
2020-10-29,3.14,,0.58,,,,,,,0.01,
2020-10-30,2.94,,0.60,,,,,,,0.01,
2020-10-31,2.78,,0.77,,,,,,,0.01,
2020-11-01,2.83,,0.87,,,,,,,0.01,
2020-11-02,3.00,,0.92,,,,,,,0.01,
2020-11-03,2.84,,0.72,,,,,,,0.01,
2020-11-04,2.85,,0.73,,,,,,,0.01,
2020-11-05,3.30,,0.66,,,,,,,0.01,
2020-11-06,3.65,,0.69,,,,,,,0.01,
2020-11-07,4.15,,0.73,,,,,,,0.01,
2020-11-08,3.56,,0.68,,,,,,,0.01,
2020-11-09,3.90,,0.69,,,,,,,0.01,
2020-11-10,3.98,,0.69,,,,,,,0.01,
2020-11-11,3.90,,0.80,,,,,,,0.01,
2020-11-12,3.71,,0.91,,,,,,,0.01,
2020-11-13,3.69,,1.07,,,,,,,0.01,
2020-11-14,3.66,,0.88,,,,,,,0.01,
2020-11-15,3.07,,0.81,,,,,,,0.01,
2020-11-16,3.23,,0.67,,,,,,,0.01,
2020-11-17,3.03,,0.92,,,,,,,0.01,
2020-11-18,3.40,,0.76,,,,,,,0.01,
2020-11-19,3.24,,0.79,,,,,,,0.01,
2020-11-20,3.21,,0.81,,,,,,,0.01,
2020-11-21,3.16,,0.77,,,,,,,0.01,
2020-11-22,3.20,,0.75,,,,,,,0.01,
2020-11-23,3.09,,0.77,,,,,,,0.01,
2020-11-24,3.23,,0.79,,,,,,,0.01,
2020-11-25,3.55,,0.83,,,,,,,0.01,
2020-11-26,3.12,,0.85,,,,,,,0.01,
2020-11-27,2.95,,0.74,,,,,,,0.01,
2020-11-28,3.13,,0.75,,,,,,,0.01,
2020-11-29,3.14,,0.74,,,,,,,0.01,
2020-11-30,3.16,,0.75,,,,,,,0.01,
2020-12-01,3.41,,0.80,,,,,,,0.01,
2020-12-02,3.33,,0.79,,,,,,,0.01,
2020-12-03,2.91,,0.78,,,,,,,0.01,
2020-12-04,3.00,,0.82,,,,,,,0.01,
2020-12-05,2.67,,0.79,,,,,,,0.01,
2020-12-06,2.70,,0.77,,,,,,,0.01,
2020-12-07,2.67,,0.76,,,,,,,0.01,
2020-12-08,2.51,,0.79,,,,,,,0.01,
2020-12-09,2.21,,0.76,,,,,,,0.01,
2020-12-10,2.29,,0.80,,,,,,,0.01,
2020-12-11,2.33,,0.78,,,,,,,0.01,
2020-12-12,2.28,,0.81,,,,,,,0.01,
2020-12-13,2.57,,0.82,,,,,,,0.01,
2020-12-14,2.60,,0.80,,,,,,,0.01,
2020-12-15,2.58,,0.79,,,,,,,0.01,
2020-12-16,2.59,,0.73,,,,,,,0.01,
2020-12-17,2.81,,0.75,,,,,,,0.01,
2020-12-18,2.72,,0.75,,,,,,,0.01,
2020-12-19,2.73,,0.72,,,,,,,0.01,
2020-12-20,2.79,,0.70,,,,,,,0.01,
2020-12-21,2.66,,0.65,,,,,,,0.01,
2020-12-22,2.44,,0.62,,,,,,,0.01,
2020-12-23,2.36,,0.60,,,,,,,0.01,
2020-12-24,2.21,,0.50,,,,,,,0.01,
2020-12-25,2.22,,0.60,,,,,,,0.01,
2020-12-26,2.35,,0.56,,,,,,,0.01,
2020-12-27,2.19,,0.53,,,,,,,0.01,
2020-12-28,2.27,,0.53,,,,,,,0.01,
2020-12-29,2.37,,0.51,,,,,,,0.01,
2020-12-30,2.29,,0.52,,,,,,,0.01,
2020-12-31,2.26,,0.55,,,,,,,0.01,
2021-01-01,2.29,,0.60,,,,,,,0.01,
2021-01-02,2.25,,0.66,,,,,,,0.01,
2021-01-03,2.31,,0.80,,,,,,,0.01,
2021-01-04,2.97,,0.70,,,,,,,0.01,
2021-01-05,2.83,1.82,0.71,,,,,,,0.01,
2021-01-06,2.75,1.77,0.78,,,,,,,0.01,
2021-01-07,3.11,1.43,0.89,,,,,,,0.01,
2021-01-08,3.07,1.50,0.81,,,,,,,0.01,
2021-01-09,4.19,0.84,0.83,,,,,,,0.01,
2021-01-10,3.87,0.99,0.79,,,,,,,0.01,
2021-01-11,3.66,0.88,0.77,,,,,,,0.01,
2021-01-12,3.03,0.83,0.71,,,,,,,0.01,
2021-01-13,2.98,1.08,0.76,,,,,,,0.01,
2021-01-14,3.12,1.08,0.80,,,,,,,0.01,
2021-01-15,3.52,0.95,0.92,,,,,,,0.01,
2021-01-16,3.20,0.88,0.88,,,,,,,0.01,
2021-01-17,3.52,0.78,1.08,,,,,,,0.01,
2021-01-18,3.55,0.79,1.21,,,,,,,0.01,
2021-01-19,3.55,0.86,1.39,,,,,,,0.01,
2021-01-20,3.75,0.79,1.12,,,,,,,0.01,
2021-01-21,3.66,0.61,1.18,,,,,,,0.01,
2021-01-22,2.98,0.64,1.10,,,,,,,0.01,
2021-01-23,3.46,0.77,1.25,,,,,,,0.01,
2021-01-24,3.49,1.38,1.29,,,,,,,0.01,
2021-01-25,3.90,1.05,1.24,,,,,,,0.01,
2021-01-26,3.70,1.89,1.19,,,,,,,0.01,
2021-01-27,3.99,1.54,1.25,,,,,,,0.01,
2021-01-28,3.62,1.39,1.20,,,,,,,0.01,
2021-01-29,4.18,1.42,1.36,,,,,,,0.01,
2021-01-30,4.29,1.39,1.18,,,,,,,0.01,
2021-01-31,4.33,1.95,1.20,,,,,,,0.01,
2021-02-01,4.27,2.98,1.34,,,,,,,0.01,
2021-02-02,4.37,2.83,1.39,,,,,,,0.01,
2021-02-03,4.55,3.05,1.40,,,,,,,0.01,
2021-02-04,4.62,2.64,1.47,,,,,,,0.01,
2021-02-05,4.28,2.92,1.38,,,,,,,0.02,
2021-02-06,4.71,2.69,1.44,,,,,,,0.02,
2021-02-07,4.12,2.56,1.43,,,,,,,0.02,
2021-02-08,4.29,2.68,1.36,,,,,,,0.02,
2021-02-09,4.70,2.46,1.38,,,,,,,0.02,
2021-02-10,4.83,2.19,1.39,,,,,,,0.02,
2021-02-11,5.41,2.26,1.35,,,,,,,0.02,
2021-02-12,6.95,2.34,1.60,,,,,,,0.02,
2021-02-13,7.70,2.42,1.93,,,,,,,0.02,
2021-02-14,10.28,2.47,2.30,,,,,,,0.02,
2021-02-15,9.24,2.54,2.20,,,,,,,0.03,
2021-02-16,8.38,2.58,2.39,,,,,,,0.03,
2021-02-17,8.31,2.16,2.76,,,,,,,0.03,
2021-02-18,9.87,2.12,2.41,,,,,,,0.03,
2021-02-19,11.23,1.73,2.45,,,,,,,0.03,
2021-02-20,9.93,1.54,2.23,,,,,,,0.03,
2021-02-21,9.47,1.54,2.18,,,,,,,0.03,
2021-02-22,11.70,1.43,2.27,,,,,,,0.03,
2021-02-23,11.01,1.10,2.10,,,,,,,0.03,
2021-02-24,8.76,1.06,1.65,,,,,,,0.02,
2021-02-25,9.92,0.95,2.37,,,,,,,0.03,
2021-02-26,10.24,0.92,2.58,,,,,,,0.03,
2021-02-27,9.24,0.92,2.53,,,,,,,0.03,
2021-02-28,8.56,0.83,2.79,,,,,,,0.03,
2021-03-01,7.64,0.83,2.79,,,,,,,0.03,
2021-03-02,9.76,0.88,3.46,,,,,,,0.03,
2021-03-03,9.96,0.82,3.48,,,,,,,0.03,
2021-03-04,10.37,0.67,3.31,,,,,,,0.03,
2021-03-05,9.62,0.79,3.07,,,,,,,0.04,
2021-03-06,9.63,0.79,2.92,,,,,,,0.03,
2021-03-07,11.13,0.72,2.76,,,,,,,0.03,
2021-03-08,11.67,0.77,2.80,,,,,,,0.04,
2021-03-09,11.53,0.78,2.76,,,,,,,0.04,
2021-03-10,11.47,0.69,2.98,,,,,,,0.04,
2021-03-11,11.70,0.65,2.98,,,,,,,0.04,
2021-03-12,11.44,0.62,2.83,,,,,,,0.05,
2021-03-13,12.63,0.64,3.37,,,,,,,0.06,
2021-03-14,15.53,0.61,3.67,,,,,,,0.07,
2021-03-15,16.01,0.59,3.77,,,,,,,0.07,
2021-03-16,15.48,0.66,3.91,,,,,,,0.07,
2021-03-17,16.90,0.67,3.50,,,,,,,0.07,
2021-03-18,16.29,0.61,3.69,,,,,,,0.07,
2021-03-19,16.18,0.59,3.70,,,,,,,0.07,
2021-03-20,16.05,0.63,4.63,,,,,,,0.08,
2021-03-21,15.66,0.56,4.23,,,,,,,0.07,
2021-03-22,15.07,0.54,3.97,,,,,,,0.08,
2021-03-23,13.78,0.59,4.19,,,,,,,0.07,
2021-03-24,13.20,0.57,4.13,,,,,,,0.10,
2021-03-25,13.22,0.56,3.76,,,,,,,0.09,
2021-03-26,12.89,0.55,3.49,,,,,,,0.12,
2021-03-27,13.69,0.65,3.76,,,,,,,0.14,
2021-03-28,13.63,0.64,3.92,,,,,,,0.20,
2021-03-29,13.60,0.65,3.98,,,,,,,0.17,
2021-03-30,14.42,0.96,4.26,,,,,,,0.17,
2021-03-31,14.97,1.12,4.01,,,,,,,0.17,
2021-04-01,15.39,1.19,3.83,,,,,,,0.16,
2021-04-02,15.81,1.28,3.69,,,,,,,0.17,
2021-04-03,16.56,1.48,3.64,,,,,,,0.17,
2021-04-04,14.34,1.54,3.77,,,,,,,0.16,
2021-04-05,14.27,1.28,3.81,,,,,,,0.17,
2021-04-06,15.62,1.18,3.69,,,,,,,0.17,
2021-04-07,17.04,1.15,3.55,,,,,,,0.16,
2021-04-08,15.35,1.19,3.34,,,,,,,0.14,
2021-04-09,16.02,1.23,3.62,,,,,,,0.16,
2021-04-10,16.67,1.42,3.83,,,,,,,0.16,
2021-04-11,17.21,1.30,3.61,,,,,,,0.15,
2021-04-12,18.39,1.11,3.63,,,,,,,0.15,
2021-04-13,18.43,1.21,3.50,,,,,,,0.17,
2021-04-14,20.05,0.99,3.39,,,,,,,0.17,
2021-04-15,19.41,1.00,3.28,,,,,,,0.16,
2021-04-16,20.18,1.16,3.47,,,,,,,0.18,
2021-04-17,18.35,1.10,3.22,,,,,,,0.20,
2021-04-18,17.98,0.95,3.18,,,,,,,0.20,
2021-04-19,17.28,0.91,2.80,,,,,,,0.18,
2021-04-20,16.36,0.99,2.51,,,,,,,0.16,
2021-04-21,17.25,0.95,2.47,,,,,,,0.16,
2021-04-22,17.61,0.91,2.27,,,,,,,0.15,
2021-04-23,17.26,0.88,2.08,,,,,,,0.13,
2021-04-24,16.39,0.89,1.85,,,,,,,0.14,
2021-04-25,16.50,0.98,1.71,,,,,,,0.13,
2021-04-26,16.86,0.98,1.76,,,,,0.45,,0.13,
2021-04-27,18.82,1.40,2.21,,,,,0.22,,0.14,
2021-04-28,18.31,1.87,2.43,,,,,0.18,,0.15,
2021-04-29,19.11,1.93,2.26,,,,,0.23,,0.18,
2021-04-30,19.45,2.86,2.36,,,,,0.23,,0.17,
2021-05-01,18.68,2.69,3.18,,,,,0.21,,0.18,
2021-05-02,18.94,2.30,3.71,,,,,0.18,,0.18,
2021-05-03,18.99,2.45,3.33,,,,,0.18,,0.17,
2021-05-04,20.53,2.14,3.07,,,,,0.17,,0.17,
2021-05-05,19.13,3.01,2.78,,,,,0.24,,0.15,
2021-05-06,20.55,3.56,3.00,,,,,0.24,,0.17,
2021-05-07,20.41,3.79,3.16,,,,,0.23,,0.16,
2021-05-08,20.41,5.23,2.84,,,,,0.19,,0.17,
2021-05-09,23.32,4.84,2.80,,,,,0.17,,0.16,
2021-05-10,22.29,4.65,2.73,,,,,0.17,,0.16,
2021-05-11,22.97,4.70,2.33,,,,,0.18,,0.15,
2021-05-12,23.29,3.90,2.84,,,,,0.15,,0.16,
2021-05-13,22.60,4.03,2.31,,,,,0.16,,0.14,
2021-05-14,21.47,4.16,2.30,,,,,0.17,,0.14,
2021-05-15,23.78,3.73,2.59,,,,,0.13,,0.15,
2021-05-16,21.83,3.49,2.45,,,,,0.14,,0.14,
2021-05-17,20.41,3.07,2.33,,,,,0.10,,0.14,
2021-05-18,19.00,4.12,2.10,,,,,0.10,,0.13,
2021-05-19,20.46,2.33,2.04,,,,,0.09,,0.15,
2021-05-20,14.41,3.20,1.39,,,,,0.10,,0.11,
2021-05-21,16.38,2.24,1.49,,,,,0.09,,0.12,
2021-05-22,14.29,1.92,2.33,,,,,0.07,,0.12,
2021-05-23,14.00,1.71,1.79,,,,,0.06,,0.11,
2021-05-24,11.32,2.39,1.26,,,,,0.07,,0.10,
2021-05-25,14.41,2.68,1.53,,,,,0.06,,0.11,
2021-05-26,15.43,2.60,1.41,,,,,0.05,,0.11,
2021-05-27,16.42,2.28,1.48,,,,,0.06,,0.12,
2021-05-28,16.60,1.80,1.43,,,,,0.05,,0.11,
2021-05-29,14.15,1.71,1.25,,,,,0.05,,0.10,
2021-05-30,13.71,1.92,1.15,,,,,0.05,,0.10,
2021-05-31,14.35,2.34,1.25,,,,,0.05,,0.10,
2021-06-01,15.93,2.17,1.34,,,,,0.05,,0.11,
2021-06-02,15.80,2.34,1.30,,,,,0.05,,0.11,
2021-06-03,15.81,2.40,1.46,,,,,0.05,,0.11,
2021-06-04,16.47,2.24,1.51,,,,,0.05,,0.11,
2021-06-05,13.70,2.29,1.36,,,,,0.07,,0.10,
2021-06-06,13.83,2.14,1.27,,,,,0.06,,0.10,
2021-06-07,14.48,2.45,1.34,,,,,0.06,,0.10,
2021-06-08,13.58,2.66,1.24,,,,,0.06,,0.10,
2021-06-09,12.39,2.85,1.17,,,,,0.05,,0.09,
2021-06-10,13.14,2.80,1.34,,,,,0.04,,0.10,
2021-06-11,12.42,2.29,1.19,,,,,0.04,,0.09,
2021-06-12,11.91,2.26,1.28,,,,,0.04,,0.08,
2021-06-13,11.32,2.37,1.23,,,,,0.04,,0.09,
2021-06-14,11.50,2.47,1.29,,,,,0.06,,0.09,
2021-06-15,11.54,2.31,1.30,,,,,0.07,,0.09,
2021-06-16,11.67,2.01,1.26,,,,,0.06,,0.09,
2021-06-17,10.35,2.11,1.20,,,,,0.06,,0.08,
2021-06-18,10.68,1.93,1.19,,,,,0.04,,0.08,
2021-06-19,10.07,1.96,1.08,,,,,0.04,,0.07,
2021-06-20,9.90,1.96,1.12,,,,,0.05,,0.07,
2021-06-21,10.19,1.42,1.11,,,,,0.04,,0.07,
2021-06-22,7.96,1.45,0.82,,,,,0.04,,0.06,
2021-06-23,8.02,1.65,0.72,,,,,0.03,,0.05,
2021-06-24,9.18,1.73,0.74,,,,,0.04,,0.08,
2021-06-25,9.11,1.47,0.74,,,,,0.04,,0.08,
2021-06-26,8.36,1.47,0.65,,,,,0.03,,0.07,
2021-06-27,7.49,1.62,0.62,,,,,0.04,,0.07,
2021-06-28,8.00,1.68,0.70,,,,,0.04,,0.07,
2021-06-29,8.58,1.71,0.70,,,,,0.03,,0.07,
2021-06-30,9.36,1.67,0.75,,,,,0.03,,0.08,
2021-07-01,9.69,1.57,0.73,,,,,0.03,,0.08,
2021-07-02,8.68,1.53,0.72,,,,,0.03,,0.08,
2021-07-03,8.72,1.62,0.71,,,,,0.03,,0.07,
2021-07-04,9.02,1.71,0.72,,,,,0.03,,0.08,
2021-07-05,9.98,1.58,0.75,,,,,0.04,,0.08,
2021-07-06,9.92,1.97,0.73,,,,,0.04,,0.07,
2021-07-07,10.31,2.11,0.77,,,,,0.05,,0.07,
2021-07-08,10.78,1.94,0.79,,,,,0.04,,0.08,
2021-07-09,9.94,1.99,0.71,,,,,0.03,,0.07,
2021-07-10,10.08,1.95,0.72,,,,,0.03,,0.07,
2021-07-11,10.16,1.91,0.70,,,,,,,0.07,
2021-07-12,10.34,1.75,0.76,,,,,,,0.07,
2021-07-13,10.49,1.61,0.72,,,,,,,0.07,
2021-07-14,11.07,1.58,0.70,,,,,,,0.07,
2021-07-15,11.18,1.58,0.76,,,,,,,0.07,
2021-07-16,10.73,1.50,0.88,,,,,,,0.07,
2021-07-17,10.29,1.46,0.76,,,,,,,0.06,
2021-07-18,10.16,1.49,0.72,,,,,,,0.06,
2021-07-19,10.32,1.38,0.77,,,,,,,0.06,
2021-07-20,9.87,1.42,0.67,,,,,,,0.06,
2021-07-21,9.29,1.82,0.61,,,,,,,0.06,
2021-07-22,10.40,1.85,0.69,,,,,,,0.06,
2021-07-23,10.92,1.89,0.71,,,,,,,0.06,
2021-07-24,11.02,1.84,0.72,,,,,,,0.06,
2021-07-25,11.32,1.85,0.75,,,,,,,0.06,
2021-07-26,11.42,1.89,0.85,,,,,,,0.06,
2021-07-27,11.88,1.90,0.78,,,,,,,0.07,
2021-07-28,12.21,1.94,0.81,,,,,,,0.08,
2021-07-29,12.15,2.17,0.80,,,,,,,0.08,
2021-07-30,12.40,2.62,0.78,,,,,,,0.08,
2021-07-31,13.17,3.55,0.82,,,,,,,0.08,
2021-08-01,13.76,3.85,0.97,,,,,,,0.08,
2021-08-02,14.17,3.74,0.87,,,,,,,0.10,
2021-08-03,14.56,3.56,0.91,,,,,,,0.10,
2021-08-04,14.22,4.47,0.90,,,,,,,0.10,
2021-08-05,15.82,5.18,0.92,,,,,,,0.10,
2021-08-06,16.68,4.96,1.97,,,,,,,0.10,
2021-08-07,17.09,5.10,2.76,,,,,0.07,,0.10,
2021-08-08,19.10,4.47,2.96,,,,,,,0.10,
2021-08-09,18.49,5.13,2.41,,,,,,,0.09,
2021-08-10,17.88,4.99,2.29,,,,,0.08,,0.10,
2021-08-11,17.44,4.82,2.32,,,,,0.08,,0.10,
2021-08-12,18.27,4.40,2.25,,,,,,,0.10,
2021-08-13,17.14,4.96,2.36,,,,,0.11,,0.09,
2021-08-14,19.11,4.97,2.29,,,,,0.09,,0.10,
2021-08-15,17.68,4.88,2.17,,,,,0.13,,0.10,
2021-08-16,18.94,4.28,2.21,,,,,0.12,,0.11,
2021-08-17,18.26,3.74,2.14,,,,,0.12,,0.10,
2021-08-18,18.23,5.23,2.07,,,,,0.12,,0.10,
2021-08-19,17.45,6.26,2.21,,,,,0.11,,0.10,
2021-08-20,19.04,6.35,2.18,,,,,0.11,,0.10,
2021-08-21,18.27,6.42,2.24,,,,,0.08,,0.10,
2021-08-22,18.25,5.61,2.17,,,,,0.12,,0.10,
2021-08-23,18.97,5.83,2.30,,,,,0.12,,0.10,
2021-08-24,18.96,5.40,2.35,,,,,0.11,,0.11,
2021-08-25,17.57,5.87,2.11,,,,,0.08,,0.10,
2021-08-26,17.91,5.48,2.22,,,,,0.07,,0.10,
2021-08-27,17.27,6.05,2.13,,,,,0.08,,0.11,
2021-08-28,17.89,5.92,2.26,,,,,0.08,,0.11,
2021-08-29,17.92,5.88,2.37,,,,,0.08,,0.11,
2021-08-30,17.86,4.97,2.35,,,,,0.09,,0.11,
2021-08-31,17.74,5.13,2.13,,,,,0.09,,0.10,
2021-09-01,18.90,5.55,2.13,,,,,0.11,,0.10,
2021-09-02,19.99,5.30,2.19,,,,,0.10,,0.11,
2021-09-03,19.04,5.39,2.16,,,,,0.11,,0.11,
2021-09-04,21.28,4.84,2.17,,,,,0.11,,0.11,
2021-09-05,20.87,4.78,2.21,,,,,0.11,,0.12,
2021-09-06,21.43,4.56,2.41,,,,,0.11,,0.12,
2021-09-07,22.77,4.25,2.36,,,,,0.09,,0.12,
2021-09-08,18.36,5.01,1.82,,,,,0.08,,0.10,
2021-09-09,19.18,6.01,1.75,,,,,0.10,,0.10,
2021-09-10,22.07,5.60,1.77,,,,,0.10,,0.10,
2021-09-11,20.59,5.92,1.56,,,,,0.10,,0.10,
2021-09-12,26.85,5.58,1.59,,,,,0.10,,0.10,
2021-09-13,28.19,5.39,1.69,,,,,0.10,,0.10,
2021-09-14,27.16,5.84,1.54,,,,,0.10,,0.10,
2021-09-15,30.97,5.25,1.60,,,,,0.11,,0.10,
2021-09-16,32.65,5.80,1.72,,,,,0.11,,0.10,
2021-09-17,33.46,5.41,1.69,,,,,0.10,,0.10,
2021-09-18,32.04,5.65,1.60,,,,,0.10,,0.10,
2021-09-19,33.37,5.67,1.75,,,,,0.10,,0.10,
2021-09-20,34.60,4.96,1.78,,,,,,,0.09,
2021-09-21,30.62,4.57,1.52,,,,,0.10,,0.08,
2021-09-22,28.21,5.42,1.36,,,,,,,0.08,
2021-09-23,31.78,5.11,1.54,,,,,0.12,,0.09,
2021-09-24,33.19,4.93,1.55,,,,,0.11,,0.09,
2021-09-25,31.08,4.82,1.42,,,,,0.09,,0.08,
2021-09-26,31.41,5.26,1.37,,,,,,,0.08,
2021-09-27,31.95,4.58,1.37,,,,,,,0.08,
2021-09-28,31.33,4.71,1.39,,,,,,,0.08,
2021-09-29,30.03,4.64,1.39,,,,,,,0.07,
2021-09-30,30.55,4.93,1.40,,,,,,,0.08,
2021-10-01,31.73,5.36,1.42,,,,,,,0.08,
2021-10-02,34.98,5.14,1.51,,,,,,,0.09,
2021-10-03,35.87,4.77,1.54,,,,,,,0.09,
2021-10-04,37.05,4.23,1.55,,,,,,,0.09,
2021-10-05,33.73,4.33,1.52,,,,,0.07,,0.08,
2021-10-06,32.63,4.21,1.57,,,,,0.10,,0.09,
2021-10-07,33.71,4.13,1.51,,,,1.38,0.10,,0.09,
2021-10-08,35.94,3.97,1.56,,,,1.38,0.10,,0.09,
2021-10-09,35.49,3.93,1.69,,,,1.64,0.10,,0.09,
2021-10-10,35.54,3.81,1.71,,,,1.54,0.09,,0.09,
2021-10-11,33.25,3.76,1.75,,,,1.23,0.08,,0.09,
2021-10-12,33.19,3.53,1.67,,,,1.18,0.11,,0.09,
2021-10-13,29.67,3.73,1.61,,,,1.08,0.13,,0.09,
2021-10-14,30.57,4.12,1.60,,,,0.88,0.12,,0.09,
2021-10-15,31.86,4.02,1.67,,,,0.65,0.10,,0.09,
2021-10-16,32.37,3.69,1.75,,,,1.52,0.10,,0.09,
2021-10-17,32.37,3.49,1.78,,,,1.57,0.12,,0.09,
2021-10-18,32.25,3.29,1.71,,,,1.33,0.12,,0.09,
2021-10-19,31.36,3.31,1.73,,,,1.01,,,0.10,
2021-10-20,31.60,3.80,1.71,,,,0.73,,,0.10,
2021-10-21,33.83,3.47,1.81,,,,0.63,,,0.10,
2021-10-22,33.26,3.50,1.82,,,,0.63,,,0.09,
2021-10-23,32.62,3.62,1.81,,,,0.57,,,0.09,
2021-10-24,35.20,3.47,1.82,,,,0.55,,,0.09,
2021-10-25,34.12,3.30,1.80,,,,0.56,,,0.09,
2021-10-26,35.41,3.52,1.84,,,,0.63,,,0.09,
2021-10-27,34.01,3.24,1.79,,,,0.80,,,0.09,
2021-10-28,32.34,3.33,1.53,,,,0.76,,,0.08,
2021-10-29,34.02,3.53,1.57,,,,0.75,,,0.09,
2021-10-30,33.90,3.43,1.64,,,,0.76,,,0.09,
2021-10-31,34.34,3.29,1.60,,,,0.73,,,0.10,
2021-11-01,34.60,3.16,1.68,,,,0.67,,,0.12,
2021-11-02,35.72,3.01,1.65,,,,0.72,,,0.12,
2021-11-03,49.42,2.74,1.75,,,,0.88,,,0.14,
2021-11-04,50.12,2.57,1.78,,,,1.05,,,0.13,
2021-11-05,51.38,3.30,1.77,,,,1.09,,,0.12,
2021-11-06,53.97,4.05,1.74,,,,1.08,,,0.13,
2021-11-07,54.79,4.12,1.73,,,,1.17,,,0.13,
2021-11-08,56.69,4.10,1.77,,,,1.21,,,0.13,
2021-11-09,59.39,4.12,1.80,,,,1.29,,,0.13,
2021-11-10,53.74,4.30,1.82,,,,1.16,,,0.13,
2021-11-11,52.24,4.25,1.72,,,,1.09,,,0.12,
2021-11-12,53.33,4.42,1.75,,,,0.99,,,0.12,
2021-11-13,52.20,5.50,1.71,,,,1.00,,,0.13,
2021-11-14,51.94,5.18,1.71,,,,1.08,,,0.13,
2021-11-15,51.17,4.26,1.71,,,,1.04,,,0.14,
2021-11-16,50.41,3.74,1.71,,,,1.03,,,0.14,
2021-11-17,46.63,3.82,1.54,,,,0.93,,,0.13,
2021-11-18,46.87,3.80,1.54,,,,0.86,,,0.13,
2021-11-19,43.02,5.03,1.46,,,,0.62,,,0.12,
2021-11-20,46.65,4.79,1.51,,,,0.65,,,0.13,
2021-11-21,48.57,4.30,1.62,,,,0.64,,,0.13,
2021-11-22,47.75,3.75,1.76,,,,0.65,,,0.13,
2021-11-23,45.11,3.67,1.91,,,,0.83,,,0.13,
2021-11-24,47.57,3.73,1.78,,,,0.83,,,0.13,
2021-11-25,47.40,3.85,1.66,,,,0.75,,,0.12,
2021-11-26,50.92,3.68,1.78,,,,0.73,,,0.13,
2021-11-27,44.04,3.41,1.59,,,,0.73,,,0.18,
2021-11-28,44.77,3.90,1.77,,,,0.71,,,0.17,
2021-11-29,47.45,4.25,1.77,,,,0.71,,,0.16,
2021-11-30,48.92,4.19,1.70,,,,0.79,0.15,,0.16,
2021-12-01,51.48,3.64,1.66,,,,0.78,0.12,,0.15,
2021-12-02,50.94,3.36,1.68,,,,0.81,0.13,,0.15,
2021-12-03,49.64,3.21,1.65,,,,0.79,0.12,,0.15,
2021-12-04,45.82,3.06,1.69,,,,0.70,0.11,,0.14,
2021-12-05,45.59,4.22,1.35,,,,0.63,0.09,,0.11,
2021-12-06,46.55,3.83,1.21,,,,0.57,0.10,,0.11,
2021-12-07,48.77,3.55,1.28,,,,0.56,0.11,,0.11,
2021-12-08,49.95,3.76,1.27,,,,0.55,0.10,,0.11,
2021-12-09,51.89,3.18,1.36,,,,0.55,0.10,,0.12,
2021-12-10,48.18,3.21,1.23,,,,0.51,0.10,,0.11,
2021-12-11,46.94,3.00,1.16,,,,0.41,0.10,,0.10,
2021-12-12,47.80,3.07,1.23,,,,0.40,0.09,,0.11,
2021-12-13,49.15,2.49,1.25,,,,0.36,0.08,,0.11,
2021-12-14,45.47,2.93,1.10,,,,0.32,0.12,,0.10,
2021-12-15,44.82,2.99,1.11,,,,0.30,0.13,,0.10,
2021-12-16,46.43,3.41,1.14,,,,0.33,0.12,,0.10,
2021-12-17,45.68,3.18,1.13,,,,0.33,0.13,,0.10,
2021-12-18,44.68,3.03,1.10,,,,0.31,0.13,,0.10,
2021-12-19,46.35,2.81,1.23,,,,0.32,0.12,,0.10,
2021-12-20,46.10,2.86,1.17,,,,0.30,0.12,,0.10,
2021-12-21,46.25,2.99,1.16,,,,0.29,0.13,,0.10,
2021-12-22,46.02,3.08,1.23,,,,0.29,0.13,,0.11,
2021-12-23,45.76,3.03,1.20,,,,0.29,0.14,,0.11,
2021-12-24,46.50,2.86,1.24,,,,0.29,0.15,,0.12,
2021-12-25,45.91,2.87,1.22,,,,0.29,0.15,,0.11,
2021-12-26,46.68,2.67,1.28,,,,0.28,0.14,,0.11,
2021-12-27,46.60,2.91,1.28,,,,0.27,0.13,,0.11,
2021-12-28,45.78,3.00,1.31,,,,0.27,0.13,,0.12,
2021-12-29,43.44,2.60,1.21,,,,0.24,0.12,,0.10,
2021-12-30,41.52,3.00,1.13,,,,0.23,0.13,,0.10,
2021-12-31,40.98,3.09,1.15,,,,0.23,0.13,,0.10,
2022-01-01,41.74,3.66,1.15,,,,0.23,0.13,,0.10,
2022-01-02,42.71,3.73,1.18,,,,0.23,0.13,,0.10,
2022-01-03,44.11,3.31,1.19,,,,0.23,0.13,,0.11,
2022-01-04,43.64,3.29,1.18,,,,0.21,0.13,,0.11,
2022-01-05,45.34,3.29,1.18,,,,0.21,0.12,,0.11,
2022-01-06,41.62,2.95,1.12,,,,0.19,0.12,,0.10,
2022-01-07,40.78,2.66,1.09,,,,0.19,0.11,,0.10,
2022-01-08,37.68,2.67,1.03,,,,0.20,0.11,,0.09,
2022-01-09,35.43,2.88,1.00,,,,0.19,0.12,,0.09,
2022-01-10,36.55,2.66,1.01,,,,0.20,0.12,,0.09,
2022-01-11,35.30,2.98,0.98,,,,0.21,0.12,,0.09,
2022-01-12,37.19,2.89,1.01,,,,0.22,0.13,,0.09,
2022-01-13,38.47,2.63,1.05,,,,0.23,0.12,,0.10,
2022-01-14,37.83,2.53,0.99,,,,0.23,0.17,,0.09,
2022-01-15,38.74,2.52,1.04,,,,0.23,0.18,,0.09,
2022-01-16,39.92,2.48,1.04,,,,0.22,0.23,,0.09,
2022-01-17,39.78,2.16,1.04,,,,0.21,0.19,,0.09,
2022-01-18,38.23,2.38,0.99,,,,0.20,0.18,,0.09,
2022-01-19,37.31,2.20,0.98,,,,0.23,0.18,,0.09,
2022-01-20,37.19,2.14,0.94,,,,0.24,0.17,,0.09,
2022-01-21,35.92,2.00,0.91,,,,0.23,0.15,,0.08,
2022-01-22,30.37,1.73,0.73,,,,0.22,0.12,,0.07,
2022-01-23,27.87,1.69,0.68,,,,0.21,0.13,,0.06,
2022-01-24,30.04,1.74,0.72,,,,0.19,0.13,,0.07,
2022-01-25,27.14,1.71,0.69,,,,0.16,0.12,,0.06,
2022-01-26,27.76,1.67,0.68,,,,0.15,0.13,,0.06,
2022-01-27,26.98,1.83,0.71,,,,0.19,0.14,,0.07,
2022-01-28,27.13,1.73,0.73,,,,0.17,0.14,,0.07,
2022-01-29,28.09,1.76,0.75,,,,0.16,0.15,,0.07,
2022-01-30,28.88,1.85,0.74,,,,0.17,0.17,,0.07,
2022-01-31,28.90,2.02,0.71,,,,0.16,0.14,,0.08,
2022-02-01,29.92,2.04,0.72,,,,0.17,0.15,,0.08,
2022-02-02,31.18,2.12,0.72,,,,0.17,0.18,,0.08,
2022-02-03,29.84,1.99,0.73,,,,0.17,0.17,,0.07,
2022-02-04,30.19,2.05,0.74,,,,0.17,0.17,,0.08,
2022-02-05,34.25,2.06,0.81,,,,0.18,0.18,,0.08,
2022-02-06,34.07,2.15,0.79,,,,0.17,0.17,,0.09,
2022-02-07,34.45,2.17,0.80,,,,0.17,0.17,,0.09,
2022-02-08,35.35,2.12,0.84,,,,0.18,0.15,,0.09,
2022-02-09,35.26,2.00,0.83,,,,0.17,0.15,,0.09,
2022-02-10,36.55,1.72,0.86,,,,0.18,0.14,,0.09,
2022-02-11,34.90,1.61,0.98,,,,0.18,0.13,,0.08,
2022-02-12,33.19,1.63,0.82,,,,0.17,0.11,,0.08,
2022-02-13,33.02,1.50,0.77,,,,0.16,0.11,,0.08,
2022-02-14,32.48,1.55,0.75,,,,0.15,0.11,,0.08,
2022-02-15,33.18,1.77,0.74,,,,0.16,0.12,,0.08,
2022-02-16,35.68,1.85,0.79,,,,0.16,0.11,,0.08,
2022-02-17,34.74,1.64,0.77,,,,0.17,0.11,,0.08,
2022-02-18,31.85,1.53,0.70,,,,0.16,0.11,,0.07,
2022-02-19,30.67,1.49,0.69,,,,0.15,0.11,,0.07,
2022-02-20,30.37,1.32,0.70,,,,0.15,0.11,,0.07,
2022-02-21,28.49,1.37,0.66,,,,0.14,0.10,,0.07,
2022-02-22,26.15,1.70,0.60,,,,0.13,0.10,,0.06,
2022-02-23,25.67,1.53,0.63,,,,0.13,0.10,,0.06,
2022-02-24,25.97,1.47,0.59,,,,0.13,0.10,,0.06,
2022-02-25,24.21,1.65,0.56,,,,0.12,0.10,,0.06,
2022-02-26,27.13,1.63,0.58,,,,0.12,0.10,,0.07,
2022-02-27,28.80,1.65,0.60,,,,0.12,0.10,,0.07,
2022-02-28,27.25,1.99,0.56,,,,0.11,0.10,,0.06,
2022-03-01,30.29,2.11,0.62,,,,0.12,0.11,,0.07,
2022-03-02,30.18,2.05,0.64,,,,0.10,0.12,,0.08,
2022-03-03,29.75,2.17,0.64,,,,0.10,0.12,,0.07,
2022-03-04,28.85,2.24,0.60,,,,0.09,0.11,,0.07,
2022-03-05,26.91,2.28,0.60,,,,0.08,0.11,,0.06,
2022-03-06,27.54,2.04,0.62,,,,0.09,0.11,,0.07,
2022-03-07,26.58,2.01,0.62,,,,0.08,0.10,,0.07,
2022-03-08,24.82,1.96,0.59,,,,0.07,0.10,,0.07,
2022-03-09,26.11,2.38,0.61,,,,0.08,0.11,,0.08,
2022-03-10,28.19,2.27,0.62,,,,0.08,0.10,,0.08,
2022-03-11,26.87,2.23,0.61,,,,0.07,0.10,,0.08,
2022-03-12,27.26,2.39,0.61,,,,0.06,0.10,,0.07,0.04
2022-03-13,27.86,2.44,0.62,,,,0.05,0.10,,0.07,0.04
2022-03-14,27.49,2.30,0.58,,,,0.06,0.10,,0.07,0.04
2022-03-15,27.96,2.67,0.59,,5.88,,0.06,0.10,,0.07,0.04
2022-03-16,28.48,3.11,0.59,,5.88,,0.07,0.11,,0.07,0.04
2022-03-17,30.36,2.83,0.63,,4.86,,0.07,0.11,,0.07,0.05
2022-03-18,29.17,3.17,0.62,,4.83,,0.08,0.11,,0.07,0.05
2022-03-19,31.60,3.60,0.62,,4.83,,0.08,0.11,,0.07,0.05
2022-03-20,32.02,2.99,0.66,,4.76,,0.08,0.10,,0.07,0.05
2022-03-21,31.41,3.42,0.64,,4.60,,0.08,0.12,,0.08,0.04
2022-03-22,31.76,3.56,0.66,,4.39,,0.08,0.11,,0.07,0.05
2022-03-23,32.63,3.45,0.74,,4.24,,0.08,0.12,,0.08,0.04
2022-03-24,33.06,3.58,0.70,,4.17,,0.09,0.12,,0.08,0.05
2022-03-25,33.93,3.42,0.71,,4.23,,0.10,0.13,,0.08,0.05
2022-03-26,34.14,3.24,0.70,,4.45,,0.10,0.13,,0.08,0.05
2022-03-27,34.18,3.60,0.72,,4.36,,0.10,0.14,,0.09,0.05
2022-03-28,36.11,3.81,0.75,,4.66,,0.10,0.16,,0.09,0.05
2022-03-29,36.09,3.86,0.75,,4.97,,0.10,0.17,,0.08,0.06
2022-03-30,36.99,3.79,0.76,,4.73,,0.11,0.17,,0.09,0.07
2022-03-31,36.87,3.57,0.76,,4.74,,0.13,0.14,,0.09,0.07
2022-04-01,35.89,4.24,0.72,,4.82,,0.13,0.16,,0.09,0.06
2022-04-02,36.93,4.39,0.82,,4.71,,0.16,0.16,,0.09,0.06
2022-04-03,37.48,4.83,0.80,,4.93,,0.14,0.16,,0.10,0.07
2022-04-04,37.84,4.92,0.82,,5.89,,0.14,0.17,,0.10,0.08
2022-04-05,37.70,4.28,0.85,,6.16,,0.19,0.16,,0.09,0.09
2022-04-06,36.96,3.60,0.81,,8.93,,0.18,0.15,,0.09,0.09
2022-04-07,34.62,3.77,0.69,,7.18,,0.15,0.15,,0.08,0.08
2022-04-08,34.84,3.31,0.76,,6.91,,0.16,0.15,,0.08,0.08
2022-04-09,34.51,3.45,0.69,,6.17,,0.16,0.15,,0.08,0.08
2022-04-10,35.14,3.42,0.70,,6.17,,0.16,0.14,,0.08,0.09
2022-04-11,34.79,2.97,0.68,,5.46,,0.18,0.13,,0.08,0.07
2022-04-12,30.96,2.97,0.64,,4.97,,0.16,0.13,,0.07,0.07
2022-04-13,32.38,3.40,0.66,,5.19,,0.17,0.13,,0.08,0.07
2022-04-14,33.48,2.88,0.68,,5.23,,0.17,0.13,,0.08,0.09
2022-04-15,33.17,3.04,0.65,,5.80,,0.16,0.13,,0.08,0.08
2022-04-16,33.53,3.01,0.66,,5.05,,0.17,0.13,,0.08,0.07
2022-04-17,33.42,2.77,0.66,,4.97,,0.17,0.12,,0.08,0.07
2022-04-18,33.27,2.91,0.63,,4.70,,0.17,0.12,,0.07,0.07
2022-04-19,33.33,2.94,0.63,,4.78,,0.19,0.13,,0.07,0.07
2022-04-20,33.96,2.87,0.65,,4.93,,0.26,0.12,,0.08,0.08
2022-04-21,34.20,2.72,0.64,,4.77,,0.27,0.12,,0.08,0.08
2022-04-22,32.98,2.75,0.66,,4.58,,0.31,0.12,,0.08,0.08
2022-04-23,31.80,2.76,0.64,,4.64,,0.30,0.12,,0.08,0.07
2022-04-24,32.36,3.05,0.63,,4.51,,0.30,0.12,,0.08,0.07
2022-04-25,32.31,3.30,0.63,,4.44,,0.30,0.10,,0.07,0.06
2022-04-26,33.11,2.96,0.63,,4.20,,0.30,0.09,,0.07,0.06
2022-04-27,30.68,3.22,0.60,,3.95,,0.27,0.10,,0.07,0.05
2022-04-28,31.97,3.59,0.62,,3.96,,0.29,0.09,,0.07,0.05
2022-04-29,32.40,3.15,0.62,,3.79,,0.29,0.09,,0.07,0.05
2022-04-30,30.81,2.89,0.59,,3.40,,0.28,0.09,,0.07,0.05
2022-05-01,29.70,2.88,0.52,,3.31,,0.25,0.09,,0.06,0.04
2022-05-02,30.95,2.80,0.54,,3.15,,0.27,0.09,,0.06,0.05
2022-05-03,31.39,2.73,0.55,,3.19,,0.25,0.08,,0.06,0.05
2022-05-04,30.57,3.08,0.54,,3.09,,0.25,0.10,,0.06,0.05
2022-05-05,32.32,2.78,0.57,,3.34,,0.25,0.09,,0.07,0.05
2022-05-06,30.15,2.76,0.52,,3.14,,0.23,0.10,,0.06,0.04
2022-05-07,29.60,2.71,0.51,,3.16,,0.21,0.11,,0.06,0.04
2022-05-08,29.15,2.79,0.48,,3.12,,0.20,0.10,,0.06,0.03
2022-05-09,27.67,1.96,0.46,,3.12,,0.19,0.09,,0.05,0.04
2022-05-10,24.54,1.96,0.38,,2.45,,0.15,0.10,,0.05,0.03
2022-05-11,25.26,1.55,0.37,,2.21,,0.15,0.09,,0.05,0.03
2022-05-12,22.44,1.41,0.22,,1.12,,0.12,0.08,,0.03,0.02
2022-05-13,18.06,1.45,0.23,,0.90,,0.12,0.09,,0.03,0.01
2022-05-14,18.42,1.48,0.25,,1.24,,0.14,0.09,,0.04,0.01
2022-05-15,19.83,1.48,0.25,,1.14,,0.15,0.10,,0.04,0.01
2022-05-16,21.10,1.44,0.38,,1.20,,0.15,0.10,,0.04,0.01
2022-05-17,20.18,1.53,0.32,,1.18,,0.15,0.10,,0.04,0.01
2022-05-18,21.18,1.37,0.34,,1.28,,0.15,0.10,,0.04,0.01
2022-05-19,19.29,1.42,0.32,,1.24,,0.16,0.16,,0.04,0.01
2022-05-20,19.81,1.33,0.34,,1.28,,0.18,0.17,,0.04,0.01
2022-05-21,19.56,1.33,0.33,,1.25,,0.14,0.15,,0.04,0.01
2022-05-22,19.82,1.32,0.33,,1.15,,0.14,0.16,,0.04,0.01
2022-05-23,20.30,1.17,0.32,,1.14,,0.14,0.17,,0.04,0.01
2022-05-24,19.65,1.10,0.29,,1.16,,0.13,0.18,,0.04,0.01
2022-05-25,19.85,1.08,0.30,,1.15,,0.12,0.16,,0.04,0.01
2022-05-26,19.32,1.00,0.35,,1.12,,0.12,0.15,,0.04,0.01
2022-05-27,17.52,1.08,0.33,,1.06,,0.10,0.14,,0.04,0.01
2022-05-28,15.36,1.04,0.29,,1.05,,0.09,0.13,,0.04,0.01
2022-05-29,16.49,1.17,0.32,,1.01,,0.10,0.13,,0.04,0.01
2022-05-30,16.74,1.22,0.34,,0.88,,0.10,0.14,,0.04,0.01
2022-05-31,18.55,1.05,0.36,,0.88,,0.10,0.14,,0.04,0.01
2022-06-01,18.47,1.03,0.35,,0.90,,0.10,0.13,,0.04,0.01
2022-06-02,16.96,1.03,0.33,,0.89,,0.10,0.13,,0.04,0.01
2022-06-03,17.69,1.00,0.33,,0.88,,0.09,0.11,,0.04,0.01
2022-06-04,16.73,1.03,0.34,,0.84,,0.09,0.11,,0.04,0.01
2022-06-05,16.91,1.04,0.33,,0.88,,0.08,0.10,,0.04,0.01
2022-06-06,16.41,1.07,0.33,,0.89,,0.08,0.10,,0.04,0.01
2022-06-07,16.65,1.06,0.35,,0.92,,0.09,0.12,,0.04,0.01
2022-06-08,15.76,1.01,0.36,,0.96,,0.09,0.12,,0.04,0.01
2022-06-09,16.09,1.03,0.35,,0.83,,0.08,0.10,,0.04,0.01
2022-06-10,15.93,1.00,0.38,,0.82,,0.11,0.09,,0.04,0.01
2022-06-11,14.33,0.84,0.37,,0.75,,0.10,0.08,,0.03,0.01
2022-06-12,12.95,0.79,0.33,,0.69,,0.09,0.07,,0.03,0.01
2022-06-13,11.42,0.60,0.31,,0.68,,0.08,0.06,,0.03,
2022-06-14,9.61,0.63,0.30,,0.65,,0.07,0.06,,0.03,
2022-06-15,9.42,0.63,0.34,,0.62,,0.07,0.05,,0.03,
2022-06-16,10.03,0.53,0.34,,0.61,,0.08,0.05,,0.03,
2022-06-17,8.82,0.58,0.33,,0.61,,0.07,0.05,,0.03,
2022-06-18,8.94,0.47,0.33,,0.53,,0.07,0.04,,0.03,
2022-06-19,8.03,0.52,0.30,,0.48,,0.07,0.04,,0.03,
2022-06-20,9.07,0.51,0.33,,0.46,,0.08,0.05,,0.03,
2022-06-21,9.44,0.54,0.32,,0.45,,0.08,0.04,,0.03,
2022-06-22,9.79,0.51,0.32,,0.46,,0.08,0.04,,0.03,
2022-06-23,9.14,0.55,0.32,,0.45,,0.08,0.05,,0.03,
2022-06-24,9.88,0.64,0.33,,0.46,,0.09,0.05,,0.03,
2022-06-25,11.21,0.65,0.34,,0.46,,0.09,0.05,,0.03,
2022-06-26,11.76,0.61,0.35,,0.47,,0.09,0.05,,0.03,
2022-06-27,11.46,0.57,0.33,,0.48,,0.08,0.05,,0.03,
2022-06-28,11.36,0.52,0.33,,0.50,,0.07,0.05,,0.03,
2022-06-29,10.52,0.50,0.31,,0.49,,0.06,0.05,,0.03,
2022-06-30,10.35,0.45,0.31,,0.64,,0.07,0.05,,0.03,
2022-07-01,10.35,0.45,0.31,,0.71,,0.07,0.05,,0.03,
2022-07-02,10.60,0.47,0.31,,0.56,,0.07,0.05,,0.03,
2022-07-03,10.82,0.51,0.31,,0.52,,0.07,0.05,,0.03,
2022-07-04,10.92,0.55,0.32,,0.50,,0.07,0.05,,0.03,
2022-07-05,11.53,0.56,0.32,,0.49,,0.07,0.05,,0.03,
2022-07-06,11.13,0.63,0.31,,0.49,,0.07,0.06,,0.03,
2022-07-07,11.57,0.67,0.34,,0.50,,0.07,0.06,,0.03,
2022-07-08,12.07,0.74,0.34,,0.50,,0.07,0.06,,0.03,0.01
2022-07-09,12.09,0.69,0.35,,0.49,,0.07,0.06,,0.03,0.01
2022-07-10,12.36,0.64,0.35,,0.49,,0.07,0.06,,0.03,0.01
2022-07-11,11.72,0.62,0.35,,0.46,,0.06,0.05,,0.03,0.01
2022-07-12,11.03,0.64,0.33,,0.43,,0.05,0.05,,0.03,0.00
2022-07-13,10.64,0.94,0.32,,0.42,,0.05,0.05,,0.03,0.00
2022-07-14,11.44,0.91,0.34,,0.43,,0.07,0.06,,0.03,0.00
2022-07-15,12.33,1.14,0.35,,0.43,,0.07,0.06,,0.03,0.01
2022-07-16,13.02,1.38,0.38,,0.43,,0.06,0.07,,0.03,0.01
2022-07-17,14.16,1.63,0.36,,0.42,,0.05,0.07,,0.03,0.01
2022-07-18,15.33,1.54,0.37,,0.44,,0.05,0.08,,0.03,0.01
2022-07-19,17.93,1.51,0.39,,0.44,,0.05,0.09,,0.03,0.01
2022-07-20,17.96,1.57,0.39,,0.45,,0.05,0.09,,0.03,0.01
2022-07-21,17.60,1.61,0.38,,0.44,,0.05,0.09,,0.03,0.01
2022-07-22,18.40,1.52,0.40,,0.46,,0.05,0.09,,0.03,0.01
2022-07-23,17.39,1.60,0.39,,0.46,,0.05,0.09,,0.03,0.01
2022-07-24,17.70,1.63,0.40,,0.44,,0.05,0.09,,0.03,0.01
2022-07-25,18.84,1.46,0.39,,0.46,,0.05,0.08,,0.03,0.01
2022-07-26,16.98,1.45,0.38,,0.45,,0.05,0.08,,0.03,0.01
2022-07-27,16.95,1.93,0.38,,0.45,,0.04,0.10,,0.03,0.00
2022-07-28,19.66,2.25,0.40,,0.44,,0.06,0.12,,0.03,0.01
2022-07-29,21.19,2.44,0.42,,0.45,,0.06,0.12,,0.03,0.01
2022-07-30,21.59,2.34,0.45,,0.45,,0.05,0.13,,0.03,0.01
2022-07-31,21.28,2.16,0.43,,0.45,,0.05,0.13,,0.03,0.01
2022-08-01,22.11,2.08,0.43,,0.44,,0.05,0.15,,0.03,0.01
2022-08-02,25.16,2.30,0.42,,0.47,,0.05,0.16,,0.03,0.01
2022-08-03,26.21,2.59,0.42,,0.48,,0.05,0.22,,0.03,0.01
2022-08-04,27.56,2.43,0.43,,0.60,,0.04,0.19,,0.03,0.01
2022-08-05,26.44,2.68,0.43,,0.66,,0.04,0.21,,0.03,0.01
2022-08-06,29.25,2.60,0.43,,0.83,,0.04,0.23,,0.03,0.01
2022-08-07,28.95,2.46,0.43,,0.68,,0.04,0.21,,0.03,0.01
2022-08-08,29.19,2.38,0.43,,0.67,,0.04,0.23,,0.03,0.01
2022-08-09,30.35,2.27,0.44,,0.67,,0.04,0.18,,0.03,0.01
2022-08-10,27.58,2.72,0.42,,0.71,,0.04,0.22,,0.03,0.01
2022-08-11,29.51,2.64,0.43,,0.67,,0.04,0.19,,0.04,0.01
2022-08-12,28.62,2.81,0.43,,0.66,,0.04,0.18,,0.05,0.01
2022-08-13,28.40,2.93,0.44,,0.70,,0.04,0.19,,0.05,0.01
2022-08-14,29.16,2.67,0.44,,0.66,,0.04,0.17,,0.05,0.01
2022-08-15,27.32,2.73,0.42,,0.62,,0.04,0.18,,0.05,0.01
2022-08-16,25.65,2.57,0.42,,0.56,,0.04,0.18,,0.05,0.01
2022-08-17,26.25,2.47,0.42,,0.51,,0.04,0.16,,0.05,0.01
2022-08-18,27.42,2.23,0.40,,0.49,,0.04,0.17,,0.05,0.01
2022-08-19,27.60,1.85,0.38,,0.49,,0.04,0.14,,0.05,0.01
2022-08-20,23.10,1.85,0.33,,0.43,,0.03,0.12,,0.04,0.00
2022-08-21,21.88,2.16,0.34,,0.44,,0.03,0.13,,0.04,0.00
2022-08-22,24.35,2.19,0.35,,0.46,,0.04,0.13,,0.04,0.00
2022-08-23,23.93,2.14,0.34,,0.45,,0.03,0.14,,0.04,0.00
2022-08-24,24.76,2.17,0.36,,0.51,,0.03,0.14,,0.04,0.00
2022-08-25,25.32,2.01,0.35,,0.50,,0.03,0.15,,0.04,0.00
2022-08-26,25.80,1.73,0.34,,0.48,,0.03,0.11,,0.04,0.00
2022-08-27,22.53,1.63,0.32,,0.43,,0.03,0.11,,0.04,0.00
2022-08-28,22.18,1.59,0.33,,0.42,,0.03,0.10,,0.04,0.00
2022-08-29,20.76,1.89,0.31,,0.41,,0.03,0.11,,0.04,0.00
2022-08-30,23.08,1.78,0.33,,0.42,,0.03,0.11,,0.04,0.00
2022-08-31,23.67,1.98,0.33,,0.41,,0.03,0.11,,0.04,0.00
2022-09-01,23.44,2.09,0.33,,0.43,,0.03,0.11,,0.04,0.00
2022-09-02,24.21,2.18,0.33,,0.42,,0.04,0.12,,0.04,0.01
2022-09-03,23.84,2.01,0.33,,0.42,,0.04,0.12,,0.03,0.00
2022-09-04,23.66,2.06,0.33,,0.41,,0.04,0.12,,0.03,0.01
2022-09-05,24.18,2.04,0.33,,0.41,,0.05,0.12,,0.04,0.01
2022-09-06,24.90,1.85,0.33,,0.41,,0.04,0.12,,0.04,0.01
2022-09-07,24.56,1.95,0.32,,0.36,,0.04,0.12,,0.03,0.01
2022-09-08,25.68,1.88,0.33,,0.32,,0.04,0.12,,0.03,0.01
2022-09-09,30.31,2.06,0.33,,0.31,,0.04,0.13,,0.04,0.01
2022-09-10,32.95,2.12,0.35,,0.33,,0.04,0.13,,0.04,0.01
2022-09-11,34.27,2.08,0.36,,0.34,,0.04,0.14,,0.04,0.01
2022-09-12,34.28,1.99,0.37,,0.35,,0.04,0.13,,0.04,0.01
2022-09-13,31.69,1.82,0.37,,0.34,,0.04,0.12,,0.04,0.01
2022-09-14,29.36,1.82,0.34,1.69,0.33,,0.04,0.12,,0.03,0.01
2022-09-15,30.84,1.70,0.34,1.69,0.32,,0.04,0.10,,0.03,0.01
2022-09-16,25.60,1.78,0.34,1.68,0.33,,0.05,0.10,,0.03,0.01
2022-09-17,25.91,1.91,0.34,1.73,0.33,,0.05,0.10,,0.03,0.01
2022-09-18,26.60,1.69,0.35,1.67,0.36,,0.06,0.09,,0.03,0.01
2022-09-19,24.64,1.82,0.32,1.54,0.33,,0.05,0.09,,0.03,0.01
2022-09-20,25.53,1.78,0.33,1.40,0.36,,0.06,0.08,,0.03,0.01
2022-09-21,24.74,1.81,0.32,1.06,0.36,,0.06,0.08,,0.03,0.01
2022-09-22,23.46,1.80,0.32,1.10,0.39,,0.06,0.08,,0.03,0.01
2022-09-23,24.42,1.76,0.33,1.10,0.40,,0.06,0.08,,0.03,0.01
2022-09-24,24.40,1.68,0.33,0.98,0.37,,0.07,0.08,,0.03,0.00
2022-09-25,24.22,1.58,0.33,0.93,0.37,,0.08,0.08,,0.03,0.01
2022-09-26,23.58,1.63,0.32,1.01,0.36,,0.07,0.08,,0.03,0.00
2022-09-27,24.23,1.59,0.32,0.93,0.35,,0.06,0.08,,0.03,0.00
2022-09-28,24.46,1.62,0.31,0.91,0.36,,0.07,0.08,,0.03,0.00
2022-09-29,25.05,1.60,0.32,0.73,0.36,,0.07,0.08,,0.03,0.00
2022-09-30,24.52,1.57,0.33,0.77,0.36,,0.07,0.08,,0.03,0.00
2022-10-01,24.52,1.51,0.32,0.79,0.36,,0.07,0.08,,0.03,0.00
2022-10-02,24.38,1.44,0.31,0.84,0.36,,0.07,0.07,,0.03,0.00
2022-10-03,23.57,1.54,0.32,0.79,0.36,,0.06,0.09,,0.03,0.00
2022-10-04,24.31,1.58,0.33,0.92,0.34,,0.05,0.10,,0.03,0.00
2022-10-05,24.93,1.52,0.33,0.95,0.36,,0.05,0.10,,0.03,0.00
2022-10-06,25.04,1.49,0.33,0.93,0.35,,0.06,0.10,,0.03,0.00
2022-10-07,25.12,1.48,0.32,0.86,0.33,,0.06,0.10,,0.03,0.00
2022-10-08,24.68,1.47,0.32,0.76,0.34,,0.06,0.10,,0.03,0.00
2022-10-09,24.44,1.46,0.32,0.76,0.34,,0.06,0.10,,0.03,0.00
2022-10-10,24.79,1.32,0.32,0.73,0.35,,0.05,0.10,,0.03,0.00
2022-10-11,22.59,1.32,0.32,0.69,0.34,,0.05,0.09,,0.03,0.00
2022-10-12,21.66,1.26,0.31,0.67,0.29,,0.05,0.09,,0.03,0.00
2022-10-13,21.99,1.26,0.32,0.66,0.29,,0.05,0.09,,0.03,0.00
2022-10-14,21.65,1.29,0.31,0.66,0.27,,0.05,0.09,,0.03,0.00
2022-10-15,22.09,1.34,0.32,0.66,0.28,,0.05,0.09,,0.03,0.00
2022-10-16,21.98,1.35,0.34,0.57,0.28,,0.05,0.09,,0.03,0.00
2022-10-17,22.63,1.54,0.34,0.58,0.29,,0.00,0.09,,0.03,0.00
2022-10-18,22.87,1.47,0.33,0.55,0.29,,0.06,0.09,,0.03,0.00
2022-10-19,22.28,1.39,0.34,0.50,0.28,,0.05,0.09,,0.03,0.00
2022-10-20,22.09,1.50,0.34,0.48,0.27,,0.05,0.09,,0.03,0.00
2022-10-21,21.51,1.54,0.35,0.45,0.27,,0.08,0.09,,0.03,0.00
2022-10-22,21.28,1.51,0.35,0.45,0.26,,0.07,0.09,,0.03,0.00
2022-10-23,21.87,1.54,0.37,0.44,0.26,,0.05,0.09,,0.03,0.00
2022-10-24,22.68,1.52,0.37,0.43,0.26,,0.08,0.09,,0.03,0.00
2022-10-25,22.19,1.64,0.36,0.43,0.24,,0.08,0.10,,0.03,0.00
2022-10-26,23.76,1.71,0.39,0.49,0.25,,0.07,0.10,,0.03,0.00
2022-10-27,25.44,1.63,0.38,0.50,0.34,,0.08,0.10,,0.03,0.00
2022-10-28,24.79,1.68,0.38,0.49,0.27,,0.08,0.10,,0.03,0.00
2022-10-29,24.53,1.63,0.37,0.56,0.26,,0.08,0.11,,0.03,0.00
2022-10-30,24.54,1.56,0.38,0.45,0.27,,0.08,0.11,,0.03,0.00
2022-10-31,24.76,1.52,0.37,0.45,0.39,,0.08,0.10,,0.03,0.00
2022-11-01,21.08,1.49,0.37,0.49,0.49,,0.08,0.10,,0.03,0.00
2022-11-02,23.73,1.53,0.37,0.48,0.42,,0.08,0.11,,0.03,0.00
2022-11-03,21.61,1.61,0.36,0.46,0.46,,0.08,0.13,,0.03,0.00
2022-11-04,21.47,1.75,0.36,0.50,0.41,,0.26,0.14,,0.03,0.00
2022-11-05,21.45,1.70,0.38,0.62,0.42,,0.28,0.15,,0.03,0.00
2022-11-06,21.19,1.58,0.38,0.62,0.50,,0.24,0.13,,0.03,0.00
2022-11-07,21.20,1.67,0.37,0.56,0.55,,0.20,0.13,,0.03,0.00
2022-11-08,21.48,1.29,0.37,0.56,0.51,,0.18,0.09,,0.03,0.00
2022-11-09,18.53,0.92,0.31,0.46,0.44,,0.12,0.08,,0.02,0.00
2022-11-10,13.32,1.20,0.23,0.37,0.33,,0.09,0.10,,0.02,0.00
2022-11-11,15.97,1.17,0.28,0.43,0.44,,0.20,0.09,,0.02,0.00
2022-11-12,15.41,1.09,0.27,0.38,0.41,,0.16,0.09,,0.02,0.00
2022-11-13,15.42,1.06,0.27,0.36,0.40,,0.15,0.08,,0.02,0.00
2022-11-14,16.08,1.12,0.26,0.32,0.39,,0.15,0.09,,0.02,0.00
2022-11-15,16.08,1.20,0.27,0.32,0.41,,0.13,0.09,,0.02,0.00
2022-11-16,16.93,1.21,0.27,0.31,0.39,,0.13,0.09,,0.02,0.00
2022-11-17,15.86,1.23,0.27,0.28,0.36,,0.12,0.09,,0.02,0.00
2022-11-18,16.18,1.23,0.28,0.28,0.36,,0.13,0.09,,0.02,0.00
2022-11-19,16.47,1.20,0.27,0.30,0.35,,0.12,0.09,,0.02,0.00
2022-11-20,16.54,1.10,0.28,0.31,0.36,,0.12,0.08,,0.02,0.00
2022-11-21,15.86,1.10,0.27,0.26,0.37,,0.11,0.08,,0.02,0.00
2022-11-22,15.20,1.12,0.26,0.28,0.36,,0.10,0.08,,0.02,0.00
2022-11-23,15.99,1.16,0.27,0.29,0.38,,0.13,0.10,,0.02,0.00
2022-11-24,16.69,1.13,0.28,0.38,0.39,,0.13,0.10,,0.02,0.00
2022-11-25,16.93,1.11,0.28,0.35,0.40,,0.11,0.10,,0.02,0.00
2022-11-26,17.21,1.09,0.28,0.36,0.42,,0.11,0.11,,0.02,0.00
2022-11-27,16.93,1.07,0.29,0.38,0.42,,0.11,0.10,,0.02,0.00
2022-11-28,17.12,1.07,0.30,0.36,0.45,,0.11,0.10,,0.02,0.00
2022-11-29,16.99,1.10,0.29,0.33,0.43,,0.10,0.10,,0.02,0.00
2022-11-30,18.22,1.14,0.30,0.36,0.42,,0.11,0.11,,0.02,0.00
2022-12-01,19.58,1.10,0.31,0.37,0.41,,0.11,0.10,,0.02,0.00
2022-12-02,19.55,1.12,0.30,0.37,0.39,,0.10,0.10,,0.02,0.00
2022-12-03,20.81,1.09,0.31,0.42,0.37,,0.10,0.10,,0.02,0.00
2022-12-04,20.23,1.11,0.31,0.44,0.30,,0.10,0.10,,0.02,0.00
2022-12-05,20.59,1.08,0.31,0.50,0.33,,0.10,0.10,,0.02,0.00
2022-12-06,19.92,1.07,0.31,0.46,0.34,,0.10,0.10,,0.02,0.00
2022-12-07,20.14,1.01,0.31,0.58,0.32,,0.10,0.09,,0.02,0.00
2022-12-08,19.60,1.05,0.30,0.52,0.33,,0.10,0.10,,0.02,0.00
2022-12-09,20.44,1.04,0.30,0.50,0.32,,0.09,0.09,,0.02,0.00
2022-12-10,19.78,1.03,0.30,0.44,0.32,,0.09,0.09,,0.02,0.00
2022-12-11,20.13,1.03,0.30,0.46,0.33,,0.09,0.09,,0.02,0.00
2022-12-12,20.12,1.06,0.30,0.40,0.33,,0.09,0.09,,0.02,0.00
2022-12-13,20.00,1.12,0.29,0.37,0.32,,0.08,0.09,,0.02,0.00
2022-12-14,20.94,1.14,0.29,0.37,0.33,,0.08,0.09,,0.02,0.00
2022-12-15,20.75,1.13,0.29,0.36,0.32,,0.08,0.09,,0.02,0.00
2022-12-16,20.21,1.01,0.28,0.33,0.31,,0.08,0.08,,0.02,0.00
2022-12-17,18.81,1.00,0.25,0.29,0.30,,0.07,0.08,,0.02,0.00
2022-12-18,18.51,0.98,0.25,0.30,0.30,,0.07,0.08,,0.02,0.00
2022-12-19,19.43,0.96,0.25,0.29,0.29,,0.07,0.08,,0.02,0.00
2022-12-20,18.55,0.99,0.23,0.26,0.28,,0.06,0.08,,0.02,0.00
2022-12-21,19.72,0.94,0.24,0.25,0.28,,0.06,0.08,,0.02,0.00
2022-12-22,19.34,0.89,0.24,0.22,0.28,,0.06,0.08,,0.02,0.00
2022-12-23,19.68,0.94,0.24,0.21,0.28,,0.06,0.07,,0.02,0.00
2022-12-24,19.56,0.95,0.28,0.21,0.27,,0.06,0.08,,0.02,0.00
2022-12-25,20.02,0.97,0.25,0.21,0.27,,0.06,0.08,,0.02,0.00
2022-12-26,19.82,1.04,0.24,0.20,0.26,,0.06,0.08,,0.02,0.00
2022-12-27,19.58,1.01,0.25,0.21,0.36,,0.06,0.07,,0.02,0.00
2022-12-28,19.98,0.95,0.26,0.30,0.30,,0.06,0.07,,0.02,0.00
2022-12-29,19.29,0.96,0.25,0.18,0.27,,0.06,0.08,,0.02,0.00
2022-12-30,19.40,0.96,0.25,0.20,0.27,,0.06,0.07,,0.02,0.00
2022-12-31,19.78,0.95,0.25,0.20,0.27,,0.06,0.07,,0.02,0.00
2023-01-01,19.86,1.08,0.25,0.18,0.27,,0.06,0.09,,0.02,0.00
2023-01-02,20.63,1.21,0.25,0.19,0.27,,0.06,0.13,,0.02,0.00
2023-01-03,21.35,1.20,0.31,0.19,0.32,,0.06,0.11,,0.02,0.00
2023-01-04,21.02,1.38,0.28,0.18,0.31,,0.06,0.13,,0.02,0.00
2023-01-05,22.79,1.35,0.30,0.18,0.42,,0.06,0.12,,0.02,0.00
2023-01-06,22.10,1.53,0.36,0.18,0.46,,0.06,0.13,,0.02,0.00
2023-01-07,22.50,1.48,0.33,0.19,0.45,,0.06,0.14,,0.02,0.00
2023-01-08,22.85,1.97,0.33,0.24,0.47,,0.06,0.15,,0.02,0.00
2023-01-09,24.00,1.94,0.41,0.26,0.64,,0.06,0.15,,0.02,0.00
2023-01-10,25.05,1.92,0.40,0.35,0.64,,0.06,0.15,,0.02,0.00
2023-01-11,25.01,1.89,0.42,0.30,0.79,,0.06,0.15,,0.02,0.00
2023-01-12,26.75,2.06,0.41,0.30,0.86,,0.06,0.16,,0.02,0.00
2023-01-13,27.64,2.11,0.44,0.30,0.84,,0.06,0.17,,0.02,0.00
2023-01-14,28.12,2.15,0.49,0.34,0.81,,0.06,0.17,,0.02,0.00
2023-01-15,31.14,2.22,0.46,0.36,0.75,,0.06,0.16,,0.02,0.00
2023-01-16,32.02,2.12,0.46,0.35,0.81,,0.08,0.16,,0.02,0.00
2023-01-17,32.04,2.01,0.44,0.35,0.78,,0.07,0.14,,0.02,0.00
2023-01-18,32.14,1.97,0.46,0.37,0.76,,0.07,0.15,,0.02,0.00
2023-01-19,32.22,1.97,0.43,0.37,0.90,,0.06,0.16,,0.02,0.00
2023-01-20,32.37,2.34,0.46,0.33,0.94,,0.06,0.20,,0.02,0.00
2023-01-21,37.67,2.39,0.49,0.34,1.19,,0.06,0.19,,0.02,0.00
2023-01-22,35.49,2.22,0.47,0.29,1.20,,0.06,0.19,,0.02,0.00
2023-01-23,34.51,2.53,0.45,0.49,1.23,,0.06,0.19,,0.02,0.00
2023-01-24,37.17,2.37,0.46,0.29,1.51,,0.06,0.17,,0.03,0.00
2023-01-25,36.68,2.54,0.45,0.27,1.23,,0.06,0.16,,0.03,0.00
2023-01-26,40.19,2.32,0.45,0.30,1.35,,0.06,0.16,,0.03,0.00
2023-01-27,38.92,2.41,0.44,0.30,1.22,,0.06,0.15,,0.03,0.00
2023-01-28,39.51,2.24,0.44,0.31,1.24,,0.06,0.15,,0.03,0.00
2023-01-29,37.94,2.33,0.43,0.30,1.32,,0.06,0.16,,0.03,0.00
2023-01-30,40.07,2.07,0.45,0.34,1.27,,0.06,0.14,,0.03,0.00
2023-01-31,37.67,2.20,0.41,0.29,1.16,,0.06,0.14,,0.03,0.00
2023-02-01,38.23,2.30,0.40,0.30,1.13,,0.06,0.16,,0.03,0.00
2023-02-02,39.91,2.27,0.43,0.33,1.24,,0.07,0.16,,0.03,0.00
2023-02-03,41.88,2.36,0.43,0.34,1.20,,0.07,0.15,,0.03,0.00
2023-02-04,40.97,2.21,0.43,0.37,1.25,,0.07,0.15,,0.03,0.00
2023-02-05,40.68,2.05,0.44,0.36,1.19,,0.07,0.15,,0.03,0.00
2023-02-06,39.07,2.21,0.43,0.37,1.29,,0.07,0.16,,0.03,0.00
2023-02-07,40.64,2.59,0.70,0.46,1.54,,0.06,0.19,,0.03,0.00
2023-02-08,43.05,2.56,0.73,0.49,1.60,,0.07,0.18,,0.03,0.00
2023-02-09,41.07,2.63,0.69,0.45,1.46,,0.06,0.17,,0.03,0.00
2023-02-10,49.27,2.28,0.73,0.47,1.39,,0.06,0.16,,0.03,0.01
2023-02-11,45.62,2.39,0.58,0.50,1.21,,0.06,0.17,,0.03,0.02
2023-02-12,46.35,2.50,0.59,0.53,1.25,,0.06,0.17,,0.03,0.02
2023-02-13,46.61,2.39,0.57,0.55,1.24,,0.06,0.16,,0.03,0.02
2023-02-14,41.51,2.56,0.55,0.48,1.09,,0.06,0.17,,0.03,0.02
2023-02-15,42.79,2.85,0.56,0.54,1.14,,0.06,0.17,,0.03,0.02
2023-02-16,47.07,2.60,0.62,0.57,1.28,,0.06,0.17,,0.03,0.02
2023-02-17,47.33,3.01,0.58,0.54,1.21,,0.06,0.18,,0.03,0.01
2023-02-18,52.07,3.28,0.62,0.47,1.32,,0.06,0.18,,0.03,0.01
2023-02-19,53.60,2.93,0.79,0.48,1.37,,0.06,0.17,,0.03,0.01
2023-02-20,51.28,2.92,0.67,0.48,1.36,,0.06,0.18,,0.03,0.01
2023-02-21,49.83,2.79,0.66,0.50,1.43,,0.06,0.17,,0.03,0.01
2023-02-22,47.80,2.94,0.67,0.48,1.29,,0.06,0.17,,0.05,0.01
2023-02-23,49.52,2.97,0.74,0.46,1.19,,0.06,0.17,,0.05,0.01
2023-02-24,49.91,2.87,0.72,0.48,1.19,,0.06,0.16,,0.05,0.01
2023-02-25,46.65,2.93,0.67,0.47,1.10,,0.06,0.16,,0.04,0.01
2023-02-26,47.49,3.11,0.73,0.47,1.09,,0.06,0.17,,0.04,0.01
2023-02-27,49.76,3.28,0.80,0.46,1.33,,0.07,0.19,,0.04,0.01
2023-02-28,48.31,2.99,0.80,0.43,1.31,,0.06,0.19,,0.04,0.01
2023-03-01,46.53,3.02,0.72,0.41,1.25,,0.06,0.18,,0.04,0.01
2023-03-02,46.74,3.03,0.74,0.41,1.29,,0.06,0.18,,0.04,0.01
2023-03-03,44.27,2.81,0.70,0.41,1.34,,0.05,0.17,,0.04,0.01
2023-03-04,41.10,2.54,0.63,0.41,1.18,,0.05,0.17,,0.04,0.01
2023-03-05,39.18,2.61,0.61,0.45,1.19,,0.05,0.18,,0.03,0.00
2023-03-06,40.20,2.59,0.61,0.47,1.19,,0.05,0.17,,0.03,0.00
2023-03-07,38.87,2.54,0.61,0.49,1.15,,0.05,0.17,,0.03,0.00
2023-03-08,36.83,2.36,0.57,0.63,1.12,,0.05,0.16,,0.03,0.00
2023-03-09,36.98,2.28,0.53,0.54,1.09,,0.05,0.14,,0.03,0.00
2023-03-10,36.54,2.32,0.49,0.52,0.87,,0.05,0.15,,0.03,0.01
2023-03-11,35.43,2.15,0.47,0.61,0.83,,0.05,0.15,,0.03,0.01
2023-03-12,34.13,2.46,0.45,0.58,0.84,,0.05,0.16,,0.03,0.01
2023-03-13,37.22,2.67,0.52,0.55,1.02,,0.05,0.17,,0.03,0.01
2023-03-14,42.83,2.77,0.55,0.67,1.05,,0.05,0.17,,0.03,0.01
2023-03-15,43.10,2.32,0.57,0.67,1.14,,0.05,0.16,,0.04,0.01
2023-03-16,38.86,2.40,0.52,0.64,1.13,,0.05,0.16,,0.04,0.01
2023-03-17,41.40,2.57,0.54,0.73,1.16,,0.05,0.16,,0.04,0.01
2023-03-18,43.15,2.47,0.56,0.90,1.21,,0.06,0.16,,0.04,0.01
2023-03-19,42.38,2.49,0.57,0.84,1.20,,0.05,0.16,,0.04,0.01
2023-03-20,43.18,2.31,0.58,0.80,1.18,,0.05,0.16,,0.04,0.01
2023-03-21,40.98,2.39,0.54,0.71,1.12,,0.05,0.16,,0.03,0.01
2023-03-22,41.04,2.38,0.55,0.74,1.16,,0.05,0.15,,0.04,0.01
2023-03-23,38.69,2.32,0.51,0.73,1.12,,0.05,0.15,,0.03,0.01
2023-03-24,40.28,2.14,0.52,0.88,1.11,,0.05,0.15,,0.04,0.01
2023-03-25,38.13,2.03,0.49,0.92,0.96,,0.05,0.15,,0.03,0.01
2023-03-26,38.87,2.17,0.51,0.95,1.03,,0.05,0.15,,0.03,0.01
2023-03-27,42.20,2.10,0.57,0.90,1.08,,0.05,0.14,,0.03,0.01
2023-03-28,40.27,2.33,0.52,0.89,1.07,,0.04,0.15,,0.03,0.01
2023-03-29,45.63,2.40,0.57,1.16,1.05,,0.04,0.15,,0.03,0.01
2023-03-30,45.74,2.32,0.56,1.11,1.07,,0.04,0.15,,0.03,0.01
2023-03-31,43.01,2.45,0.54,1.09,1.12,,0.04,0.16,,0.03,0.01
2023-04-01,44.13,2.40,0.57,0.99,1.18,,0.04,0.15,,0.03,0.01
2023-04-02,44.72,2.32,0.55,0.96,1.13,,0.04,0.14,,0.04,0.01
2023-04-03,43.67,2.40,0.53,0.92,1.11,,0.04,0.14,,0.04,0.01
2023-04-04,43.32,2.56,0.53,0.89,1.17,,0.04,0.15,,0.03,0.01
2023-04-05,46.60,2.59,0.55,0.94,1.35,,0.04,0.17,,0.04,0.01
2023-04-06,47.16,2.59,0.57,0.98,1.63,,0.04,0.16,,0.04,0.01
2023-04-07,45.86,2.49,0.56,1.06,1.78,,0.04,0.16,,0.04,0.01
2023-04-08,44.96,2.37,0.55,1.20,1.74,,0.04,0.16,,0.04,0.01
2023-04-09,45.20,2.34,0.56,1.11,1.54,,0.04,0.16,,0.04,0.01
2023-04-10,44.86,2.46,0.55,1.10,1.40,,0.04,0.16,,0.04,0.01
2023-04-11,47.24,2.33,0.57,1.29,1.38,,0.04,0.15,,0.04,0.01
2023-04-12,43.50,2.33,0.55,1.30,1.41,,0.05,0.15,,0.04,0.01
2023-04-13,42.78,2.45,0.53,1.45,1.36,,0.05,0.17,,0.04,0.01
2023-04-14,46.07,2.64,0.55,1.94,1.34,,0.05,0.18,,0.04,0.01
2023-04-15,51.07,2.51,0.56,2.30,1.53,,0.04,0.18,,0.04,0.01
2023-04-16,51.83,2.58,0.57,2.41,1.45,,0.04,0.18,,0.04,0.01
2023-04-17,59.06,2.49,0.57,2.52,1.40,,0.05,0.17,,0.04,0.01
2023-04-18,55.25,2.53,0.55,2.32,1.34,,0.05,0.17,,0.04,0.01
2023-04-19,56.14,2.24,0.57,2.17,1.29,,0.05,0.15,,0.04,0.01
2023-04-20,50.99,2.13,0.52,1.94,1.11,,0.04,0.15,,0.03,0.01
2023-04-21,47.16,2.05,0.48,1.83,1.08,,0.04,0.14,,0.03,0.01
2023-04-22,44.28,2.10,0.46,1.90,1.14,,0.04,0.14,,0.03,0.01
2023-04-23,46.93,2.07,0.47,1.87,1.15,,0.04,0.14,,0.03,0.01
2023-04-24,46.41,2.08,0.45,1.92,1.06,,0.04,0.14,,0.03,0.01
2023-04-25,46.06,2.16,0.46,1.86,1.10,,0.04,0.14,,0.03,0.01
2023-04-26,47.00,2.06,0.45,1.60,1.12,,0.04,0.14,,0.03,0.00
2023-04-27,46.90,2.14,0.44,1.68,1.09,,0.04,0.14,,0.03,0.00
2023-04-28,47.43,2.09,0.45,1.75,1.06,,0.04,0.13,,0.03,0.01
2023-04-29,46.21,2.10,0.46,1.58,1.01,,0.04,0.14,,0.03,0.01
2023-04-30,47.12,2.03,0.46,1.63,1.07,,0.04,0.13,,0.03,0.01
2023-05-01,46.77,1.98,0.44,1.44,1.07,,0.04,0.13,,0.03,0.00
2023-05-02,46.51,2.01,0.42,1.45,1.00,,0.04,0.13,,0.03,0.00
2023-05-03,48.66,2.04,0.43,1.76,1.06,,0.04,0.14,,0.03,0.01
2023-05-04,52.09,1.92,0.42,1.47,1.04,,0.04,0.13,,0.03,0.01
2023-05-05,49.79,1.94,0.41,1.40,1.03,,0.04,0.14,,0.03,0.01
2023-05-06,50.92,1.83,0.41,1.38,0.99,,0.04,0.12,,0.03,0.01
2023-05-07,48.47,1.82,0.37,1.29,1.03,,0.04,0.12,,0.03,0.01
2023-05-08,49.24,1.83,0.37,1.32,1.01,,0.04,0.11,,0.03,0.01
2023-05-09,47.25,1.85,0.33,1.30,0.97,,0.03,0.10,,0.03,0.00
2023-05-10,47.54,1.88,0.34,1.52,0.95,,0.03,0.10,,0.03,0.01
2023-05-11,46.98,1.65,0.34,1.51,0.97,,0.03,0.10,,0.03,0.00
2023-05-12,44.97,1.89,0.33,1.45,0.91,,0.03,0.10,,0.03,0.01
2023-05-13,46.77,1.89,0.34,1.45,0.93,,0.03,0.10,,0.03,0.01
2023-05-14,49.91,1.95,0.36,1.38,0.92,,0.03,0.10,,0.03,0.01
2023-05-15,51.60,2.14,0.35,1.50,0.93,,0.03,0.10,,0.03,0.00
2023-05-16,52.09,2.20,0.36,1.42,0.93,,0.03,0.11,,0.03,0.00
2023-05-17,49.86,2.39,0.37,1.47,0.97,,0.03,0.10,,0.03,0.00
2023-05-18,50.57,2.14,0.37,1.45,0.95,,0.03,0.10,,0.03,0.00
2023-05-19,49.64,2.18,0.36,1.46,0.93,,0.03,0.10,,0.03,0.00
2023-05-20,49.20,2.14,0.36,1.45,0.93,,0.03,0.10,,0.03,0.00
2023-05-21,49.44,2.07,0.36,1.42,0.92,,0.03,0.10,,0.03,0.00
2023-05-22,49.39,2.03,0.34,1.42,0.91,,0.03,0.09,,0.03,0.00
2023-05-23,47.66,2.05,0.35,1.33,0.97,,0.03,0.10,,0.03,0.00
2023-05-24,48.67,2.06,0.35,1.32,0.99,,0.03,0.09,,0.03,0.00
2023-05-25,46.29,2.02,0.34,1.33,0.99,,0.03,0.09,,0.02,0.00
2023-05-26,46.50,1.99,0.36,1.25,0.98,,0.03,0.10,,0.03,0.00
2023-05-27,47.13,1.96,0.35,1.25,0.97,,0.03,0.09,,0.03,0.00
2023-05-28,47.34,2.10,0.35,1.19,0.97,,0.03,0.10,,0.03,0.00
2023-05-29,49.54,2.17,0.35,1.28,1.01,,0.03,0.09,,0.03,0.00
2023-05-30,49.19,2.16,0.35,1.22,1.04,,0.03,0.09,,0.03,0.00
2023-05-31,49.36,2.09,0.36,1.22,1.06,,0.03,0.09,,0.03,0.00
2023-06-01,48.66,2.07,0.34,1.13,0.99,,0.03,0.09,,0.03,0.00
2023-06-02,48.79,2.31,0.34,1.08,0.97,,0.03,0.09,,0.03,0.00
2023-06-03,49.30,2.31,0.35,1.20,0.96,,0.03,0.09,,0.03,0.00
2023-06-04,48.91,2.29,0.35,1.20,0.96,,0.08,0.08,,0.03,0.00
2023-06-05,49.47,2.21,0.35,1.19,0.88,,0.09,0.08,,0.03,0.00
2023-06-06,47.39,2.39,0.31,1.07,0.89,,0.08,0.08,,0.02,0.00
2023-06-07,48.80,2.27,0.38,1.30,0.98,,0.08,0.08,,0.02,0.00
2023-06-08,47.12,2.16,0.32,1.27,0.98,,0.07,0.08,,0.02,0.00
2023-06-09,47.13,2.16,0.33,1.37,0.96,,0.06,0.08,,0.02,0.00
2023-06-10,47.50,1.82,0.32,1.42,0.94,,0.07,0.06,,0.02,0.00
2023-06-11,43.94,1.82,0.27,1.23,0.90,,0.06,0.06,,0.02,0.00
2023-06-12,44.08,1.79,0.27,1.19,0.90,,0.06,0.06,,0.02,0.00
2023-06-13,41.28,1.77,0.28,1.22,0.88,,0.05,0.06,,0.02,0.00
2023-06-14,41.13,1.67,0.28,1.12,0.88,,0.05,0.06,,0.02,0.00
2023-06-15,39.11,1.68,0.27,1.09,0.76,,0.05,0.06,,0.02,0.00
2023-06-16,39.98,1.75,0.27,1.07,0.77,,0.05,0.06,,0.02,0.00
2023-06-17,41.01,1.79,0.30,1.10,0.77,,0.05,0.06,,0.02,0.00
2023-06-18,41.22,1.71,0.29,1.21,0.78,,0.05,0.07,,0.02,0.00
2023-06-19,41.02,1.78,0.27,1.19,0.77,,0.05,0.07,,0.02,0.00
2023-06-20,40.55,1.86,0.28,1.22,0.79,,0.05,0.07,,0.02,0.00
2023-06-21,41.72,1.96,0.28,1.20,0.80,,0.05,0.07,,0.02,0.00
2023-06-22,41.06,1.89,0.29,1.24,0.82,,0.05,0.08,,0.02,0.00
2023-06-23,40.97,1.92,0.30,1.28,0.86,,0.08,0.08,,0.02,0.00
2023-06-24,40.63,1.82,0.30,1.28,0.85,,0.06,0.08,,0.02,0.00
2023-06-25,38.41,1.95,0.29,1.17,0.83,,0.07,0.08,,0.03,0.00
2023-06-26,38.71,1.92,0.30,1.16,0.83,,0.06,0.08,,0.03,0.00
2023-06-27,37.52,1.96,0.29,1.15,0.82,,0.06,0.08,,0.02,0.00
2023-06-28,38.01,1.86,0.30,1.18,0.81,,0.06,0.08,,0.02,0.00
2023-06-29,36.67,1.87,0.28,1.00,0.81,,0.06,0.08,,0.02,0.00
2023-06-30,37.31,2.06,0.28,1.09,0.80,,0.07,0.08,,0.02,0.00
2023-07-01,38.56,2.14,0.29,1.15,0.83,,0.06,0.08,,0.02,0.00
2023-07-02,37.67,2.13,0.30,1.19,0.87,,0.06,0.08,,0.02,0.00
2023-07-03,37.88,2.23,0.30,1.15,1.04,,0.07,0.08,,0.02,0.00
2023-07-04,39.15,2.17,0.31,1.18,1.12,,0.06,0.08,,0.02,0.00
2023-07-05,38.60,2.06,0.32,1.13,1.16,,0.07,0.08,,0.03,0.00
2023-07-06,38.28,1.92,0.31,1.10,1.22,,0.06,0.07,,0.02,0.00
2023-07-07,37.03,1.92,0.33,1.09,1.19,,0.07,0.08,,0.02,0.00
2023-07-08,36.32,1.94,0.31,1.07,1.13,,0.07,0.08,,0.02,0.00
2023-07-09,36.14,1.93,0.31,1.05,1.05,,0.07,0.08,,0.02,0.00
2023-07-10,36.12,1.97,0.31,1.03,1.04,,0.07,0.08,,0.02,0.00
2023-07-11,35.70,1.91,0.31,1.00,0.99,,0.06,0.08,,0.02,0.00
2023-07-12,36.43,1.88,0.31,1.02,0.91,,0.06,0.08,,0.02,0.01
2023-07-13,35.84,2.28,0.31,1.01,0.93,,0.06,0.08,,0.02,0.01
2023-07-14,38.04,2.36,0.33,1.12,0.90,,0.06,0.08,,0.03,0.01
2023-07-15,36.70,2.32,0.32,1.08,0.88,,0.07,0.08,,0.03,0.01
2023-07-16,36.32,2.17,0.33,1.06,0.85,,0.07,0.08,,0.03,0.01
2023-07-17,35.77,2.07,0.31,1.01,0.83,,0.07,0.08,,0.03,0.01
2023-07-18,34.76,2.02,0.32,1.01,0.90,,0.06,0.09,,0.03,0.01
2023-07-19,33.88,2.08,0.31,1.00,0.92,,0.06,0.09,,0.02,0.01
2023-07-20,32.59,2.06,0.31,1.02,0.86,,0.07,0.10,,0.03,0.01
2023-07-21,30.14,2.02,0.30,1.00,0.82,,0.06,0.10,,0.02,0.01
2023-07-22,30.90,1.99,0.30,0.97,0.81,,0.06,0.10,,0.03,0.01
2023-07-23,30.60,2.04,0.29,0.90,0.80,,0.06,0.10,,0.03,0.00
2023-07-24,31.99,1.98,0.29,0.90,0.80,,0.06,0.10,,0.03,0.00
2023-07-25,29.69,1.97,0.27,0.87,0.80,,0.06,0.09,,0.02,0.00
2023-07-26,29.66,1.93,0.28,0.90,0.78,,0.06,0.10,,0.02,0.00
2023-07-27,29.54,1.90,0.28,0.89,0.78,,0.06,0.09,,0.03,0.00
2023-07-28,29.84,1.94,0.28,0.90,0.78,,0.06,0.10,,0.03,0.00
2023-07-29,29.42,1.95,0.28,0.92,0.79,,0.06,0.10,,0.03,0.00
2023-07-30,29.44,1.87,0.29,0.91,0.78,,0.06,0.09,,0.03,0.00
2023-07-31,29.43,1.85,0.28,0.88,0.78,,0.06,0.09,,0.03,0.00
2023-08-01,29.23,1.94,0.28,0.87,0.78,,0.05,0.09,,0.03,0.00
2023-08-02,29.88,1.85,0.28,0.89,0.78,,0.05,0.09,,0.03,0.00
2023-08-03,28.84,1.87,0.27,0.86,0.78,,0.05,0.09,,0.02,0.00
2023-08-04,28.23,1.84,0.27,0.86,0.78,,0.05,0.09,,0.02,0.00
2023-08-05,28.00,1.85,0.26,0.85,0.78,,0.05,0.09,,0.02,0.00
2023-08-06,27.87,1.82,0.27,0.85,0.78,,0.05,0.10,,0.02,0.00
2023-08-07,28.01,1.84,0.27,0.84,0.78,,0.05,0.10,,0.02,0.00
2023-08-08,26.84,1.87,0.27,0.85,0.78,,0.05,0.09,,0.02,0.00
2023-08-09,25.19,1.88,0.28,0.84,0.76,,0.05,0.09,,0.02,0.00
2023-08-10,27.40,1.86,0.28,0.83,0.75,,0.05,0.09,,0.02,0.00
2023-08-11,28.60,1.86,0.28,0.84,0.75,,0.05,0.09,,0.02,0.00
2023-08-12,27.26,1.84,0.28,0.85,0.75,,0.05,0.09,,0.02,0.00
2023-08-13,27.51,1.81,0.28,0.94,0.75,,0.05,0.08,,0.02,0.00
2023-08-14,26.71,1.84,0.29,0.95,0.75,,0.05,0.09,,0.02,0.00
2023-08-15,27.08,1.72,0.29,0.95,0.75,,0.05,0.08,,0.02,0.00
2023-08-16,26.40,1.68,0.28,0.92,0.75,,0.05,0.08,,0.02,0.00
2023-08-17,27.39,1.64,0.26,0.80,0.75,,0.04,0.08,,0.02,0.00
2023-08-18,25.69,1.63,0.24,0.80,0.72,,0.04,0.08,,0.02,0.00
2023-08-19,24.61,1.65,0.24,0.79,0.70,,0.04,0.08,,0.02,0.00
2023-08-20,25.14,1.67,0.25,0.77,0.69,,0.04,0.08,,0.02,0.00
2023-08-21,25.10,1.62,0.25,0.74,0.67,,0.04,0.08,,0.02,0.00
2023-08-22,24.88,1.62,0.24,0.71,0.67,,0.04,0.07,,0.02,0.00
2023-08-23,23.80,1.70,0.24,0.66,0.66,,0.04,0.07,,0.02,0.00
2023-08-24,24.59,1.64,0.24,0.67,0.68,,0.05,0.07,,0.02,0.00
2023-08-25,24.01,1.54,0.24,0.70,0.69,,0.04,0.07,,0.02,0.00
2023-08-26,23.54,1.60,0.24,0.79,0.69,,0.04,0.07,,0.02,0.00
2023-08-27,22.83,1.59,0.24,0.72,0.69,,0.04,0.07,,0.02,0.00
2023-08-28,22.97,1.58,0.24,0.74,0.67,,0.04,0.07,,0.02,0.00
2023-08-29,22.93,1.67,0.24,0.73,0.67,,0.05,0.08,,0.02,0.00
2023-08-30,23.97,1.64,0.24,0.78,0.66,,0.05,0.07,,0.02,0.00
2023-08-31,23.86,1.56,0.24,0.76,0.66,,0.05,0.07,,0.02,0.00
2023-09-01,22.43,1.54,0.24,0.74,0.65,,0.04,0.07,,0.02,0.00
2023-09-02,22.19,1.52,0.23,0.71,0.62,,0.04,0.07,,0.02,0.00
2023-09-03,22.07,1.53,0.24,0.70,0.63,,0.04,0.07,,0.02,0.00
2023-09-04,21.99,1.55,0.24,0.70,0.61,,0.04,0.07,,0.02,0.00
2023-09-05,23.92,1.56,0.24,0.71,0.61,,0.04,0.07,,0.02,0.00
2023-09-06,23.18,1.59,0.26,0.71,0.60,,0.04,0.07,,0.02,0.00
2023-09-07,22.99,1.61,0.25,0.70,0.61,,0.04,0.07,,0.02,0.00
2023-09-08,23.65,1.55,0.25,0.74,0.62,,0.05,0.07,,0.02,0.00
2023-09-09,23.24,1.52,0.26,0.70,0.62,,0.04,0.07,,0.02,0.00
2023-09-10,23.42,1.49,0.25,0.70,0.62,,0.04,0.07,,0.02,0.00
2023-09-11,22.93,1.45,0.24,0.69,0.62,,0.04,0.06,,0.02,0.00
2023-09-12,21.55,1.46,0.23,0.64,0.61,,0.04,0.06,,0.02,0.00
2023-09-13,22.11,1.49,0.23,0.84,0.60,,0.04,0.07,,0.02,0.00
2023-09-14,21.89,1.50,0.23,0.83,0.60,,0.04,0.07,,0.02,0.00
2023-09-15,22.15,1.53,0.24,0.89,0.60,,0.04,0.07,,0.02,0.00
2023-09-16,22.29,1.54,0.24,0.87,0.60,,0.04,0.07,,0.02,0.00
2023-09-17,23.03,1.51,0.26,0.83,0.59,,0.04,0.06,,0.02,0.00
2023-09-18,22.57,1.55,0.27,0.81,0.59,,0.04,0.07,,0.02,0.00
2023-09-19,22.59,1.58,0.25,0.83,0.59,,0.04,0.07,,0.02,0.00
2023-09-20,22.46,1.57,0.27,0.83,0.59,,0.04,0.07,,0.02,0.00
2023-09-21,21.83,1.49,0.27,0.77,0.59,,0.04,0.06,,0.02,0.00
2023-09-22,20.95,1.49,0.26,0.75,0.61,,0.04,0.06,,0.02,0.00
2023-09-23,21.09,1.50,0.32,0.79,0.60,,0.04,0.06,,0.02,0.00
2023-09-24,21.55,1.46,0.30,0.82,0.60,,0.04,0.06,,0.02,0.00
2023-09-25,21.29,1.48,0.29,0.79,0.60,,0.04,0.06,,0.02,0.00
2023-09-26,21.71,1.46,0.28,0.77,0.61,,0.04,0.06,,0.02,0.00
2023-09-27,21.59,1.47,0.29,0.80,0.58,,0.04,0.06,,0.02,0.00
2023-09-28,21.91,1.59,0.31,0.79,0.58,,0.04,0.07,,0.02,0.00
2023-09-29,22.02,1.64,0.29,0.82,0.57,,0.04,0.07,,0.02,0.00
2023-09-30,21.79,1.71,0.29,0.81,0.57,,0.04,0.07,,0.02,0.00
2023-10-01,21.98,1.69,0.28,0.82,0.58,,0.04,0.07,,0.02,0.00
2023-10-02,23.13,1.56,0.29,0.84,0.58,,0.04,0.07,,0.02,0.00
2023-10-03,22.00,1.57,0.28,0.79,0.58,,0.04,0.07,,0.02,0.00
2023-10-04,21.26,1.60,0.28,0.76,0.57,,0.04,0.07,,0.02,0.00
2023-10-05,21.03,1.54,0.28,0.78,0.56,,0.04,0.06,,0.02,0.00
2023-10-06,20.29,1.57,0.27,0.70,0.50,,0.04,0.06,,0.02,0.00
2023-10-07,20.44,1.57,0.28,0.65,0.60,,0.04,0.06,,0.02,0.00
2023-10-08,20.18,1.59,0.27,0.67,0.61,,0.04,0.06,,0.02,0.00
2023-10-09,20.11,1.53,0.27,0.66,0.60,,0.04,0.06,,0.02,0.00
2023-10-10,19.44,1.54,0.26,0.62,0.59,,0.04,0.06,,0.02,0.00
2023-10-11,19.34,1.52,0.25,0.53,0.59,,0.04,0.06,,0.02,0.00
2023-10-12,19.38,1.51,0.25,0.52,0.59,,0.04,0.06,,0.02,0.00
2023-10-13,18.38,1.56,0.24,0.56,0.58,,0.04,0.06,,0.02,0.00
2023-10-14,17.55,1.60,0.25,0.55,0.58,,0.04,0.06,,0.02,0.00
2023-10-15,20.31,1.61,0.25,0.55,0.58,,0.04,0.06,,0.02,0.00
2023-10-16,19.51,1.60,0.25,0.54,0.58,,0.04,0.06,,0.02,0.00
2023-10-17,19.32,1.54,0.27,0.55,0.58,,0.04,0.06,,0.02,0.00
2023-10-18,19.04,1.50,0.26,0.56,0.57,,0.04,0.06,,0.02,0.00
2023-10-19,18.97,1.47,0.26,0.54,0.57,,0.04,0.06,,0.02,0.00
2023-10-20,18.39,1.53,0.25,0.48,0.57,,0.04,0.06,,0.02,0.00
2023-10-21,19.41,1.64,0.26,0.44,0.56,,0.04,0.06,,0.02,0.00
2023-10-22,19.27,1.71,0.27,0.46,0.56,,0.04,0.06,,0.02,0.00
2023-10-23,19.58,1.80,0.26,0.45,0.56,,0.04,0.06,,0.02,0.00
2023-10-24,22.72,1.85,0.27,0.49,0.57,,0.05,0.06,,0.02,0.00
2023-10-25,22.93,1.87,0.28,0.48,0.59,,0.06,0.06,,0.02,0.00
2023-10-26,25.36,1.86,0.27,0.44,0.60,,0.06,0.06,,0.02,0.00
2023-10-27,24.58,1.82,0.28,0.46,0.62,,0.07,0.06,,0.02,0.00
2023-10-28,23.96,1.78,0.28,0.47,0.62,,0.06,0.06,,0.02,0.00
2023-10-29,23.24,1.83,0.28,0.49,0.62,,0.06,0.06,,0.02,0.00
2023-10-30,23.69,1.84,0.29,0.51,0.66,,0.07,0.06,,0.02,0.00
2023-10-31,23.59,1.82,0.29,0.57,0.67,,0.08,0.06,,0.02,0.00
2023-11-01,23.35,1.88,0.28,0.58,0.67,,0.11,0.06,,0.02,0.00
2023-11-02,23.89,1.76,0.29,0.61,0.67,,0.17,0.06,,0.02,0.00
2023-11-03,23.26,1.91,0.29,0.70,0.69,,0.16,0.07,,0.02,0.00
2023-11-04,23.61,2.04,0.29,0.71,0.68,,0.13,0.07,,0.02,0.00
2023-11-05,24.12,2.03,0.30,0.77,0.67,,0.16,0.07,,0.02,0.00
2023-11-06,25.39,2.03,0.31,0.86,0.67,,0.14,0.07,,0.02,0.00
2023-11-07,25.61,1.97,0.32,1.06,0.69,,0.13,0.08,,0.02,0.00
2023-11-08,26.07,1.94,0.31,0.92,0.70,,0.15,0.08,,0.02,0.00
2023-11-09,26.70,2.32,0.32,0.88,0.70,,0.18,0.09,,0.03,0.00
2023-11-10,32.59,2.30,0.34,0.88,0.73,,0.20,0.09,,0.03,0.00
2023-11-11,31.90,2.23,0.34,1.02,0.80,,0.22,0.09,,0.03,0.00
2023-11-12,31.03,2.26,0.34,1.18,0.83,,0.19,0.08,,0.03,0.00
2023-11-13,30.82,2.24,0.35,1.31,0.84,,0.18,0.08,,0.03,0.00
2023-11-14,30.20,2.38,0.34,1.34,0.81,,0.16,0.07,,0.03,0.00
2023-11-15,28.47,2.44,0.34,1.25,0.77,,0.18,0.08,,0.03,0.00
2023-11-16,29.75,2.25,0.35,1.58,0.77,,0.21,0.07,,0.03,0.00
2023-11-17,27.93,2.19,0.32,1.33,0.75,,0.18,0.08,,0.03,0.00
2023-11-18,27.59,2.24,0.33,1.57,0.75,,0.19,0.08,,0.03,0.00
2023-11-19,27.91,2.35,0.33,1.52,0.73,,0.19,0.09,,0.03,0.00
2023-11-20,28.15,2.42,0.33,1.39,0.73,,0.19,0.09,,0.03,0.00
2023-11-21,27.83,2.21,0.33,1.19,0.72,,0.19,0.09,,0.03,0.00
2023-11-22,25.78,2.61,0.29,1.15,0.72,,0.17,0.09,,0.02,0.00
2023-11-23,28.75,2.49,0.31,1.35,0.73,,0.18,0.09,,0.02,0.00
2023-11-24,28.41,2.50,0.31,1.33,0.72,,0.19,0.09,,0.02,0.00
2023-11-25,28.44,2.49,0.32,1.43,0.73,,0.23,0.10,,0.02,0.00
2023-11-26,28.67,2.51,0.33,1.46,0.69,,0.24,0.10,,0.03,0.00
2023-11-27,27.47,2.35,0.33,1.54,0.69,,0.22,0.10,,0.03,0.00
2023-11-28,26.95,2.33,0.32,1.37,0.68,,0.20,0.10,,0.02,0.00
2023-11-29,27.63,2.23,0.33,1.38,0.66,,0.24,0.10,,0.02,0.00
2023-11-30,27.21,2.35,0.32,1.46,0.65,,0.25,0.09,,0.02,0.00
2023-12-01,27.02,2.38,0.33,1.46,0.64,,0.25,0.09,,0.03,0.00
2023-12-02,27.17,2.44,0.34,1.51,0.62,,0.26,0.09,,0.03,0.00
2023-12-03,28.13,2.44,0.34,1.51,0.62,,0.24,0.10,,0.03,0.00
2023-12-04,29.67,2.37,0.33,1.51,0.62,,0.23,0.09,,0.03,0.00
2023-12-05,31.46,2.40,0.34,1.76,0.64,,0.24,0.09,,0.03,0.00
2023-12-06,31.04,2.30,0.35,2.19,0.68,,0.23,0.08,,0.03,0.00
2023-12-07,29.16,2.50,0.34,1.88,0.65,2.43,0.22,0.09,,0.03,0.00
2023-12-08,30.72,2.42,0.36,1.92,0.71,2.43,0.34,0.09,,0.03,0.00
2023-12-09,31.31,2.32,0.37,2.06,0.72,3.46,0.47,0.09,,0.03,0.00
2023-12-10,30.48,2.39,0.38,1.94,0.71,3.34,0.46,0.09,,0.03,0.01
2023-12-11,30.55,2.28,0.37,2.02,0.70,3.45,0.48,0.08,,0.03,0.01
2023-12-12,28.08,2.24,0.35,2.01,0.68,2.99,0.38,0.08,,0.03,0.01
2023-12-13,27.72,2.35,0.35,2.10,0.68,2.94,0.35,0.08,,0.03,0.00
2023-12-14,27.77,2.38,0.35,2.08,0.64,2.83,0.36,0.08,,0.03,0.01
2023-12-15,28.19,2.15,0.35,2.39,0.64,3.37,0.41,0.07,,0.03,0.01
2023-12-16,26.79,2.15,0.33,2.33,0.62,2.83,0.34,0.07,,0.03,0.01
2023-12-17,27.32,2.08,0.34,2.71,0.62,2.92,0.34,0.06,,0.03,0.01
2023-12-18,26.78,2.11,0.33,2.23,0.62,2.71,0.31,0.07,,0.03,0.01
2023-12-19,26.68,2.06,0.33,2.05,0.65,2.50,0.32,0.07,,0.03,0.01
2023-12-20,26.04,2.09,0.34,2.19,0.71,2.38,0.31,0.07,,0.03,0.01
2023-12-21,26.80,2.18,0.36,3.08,0.73,2.65,0.31,0.07,,0.03,0.01
2023-12-22,27.28,2.42,0.37,3.59,0.74,2.80,0.32,0.07,,0.03,0.01
2023-12-23,28.97,2.36,0.39,3.09,0.75,2.61,0.31,0.07,,0.03,0.01
2023-12-24,28.08,2.42,0.38,3.14,0.74,2.63,0.32,0.07,,0.03,0.01
2023-12-25,27.62,2.55,0.40,3.05,0.75,2.45,0.33,0.07,,0.03,0.01
2023-12-26,29.08,2.42,0.45,2.91,0.76,2.77,0.36,0.06,,0.03,0.02
2023-12-27,28.78,2.86,0.44,2.67,0.76,2.52,0.34,0.07,,0.03,0.02
2023-12-28,32.55,2.72,0.46,2.88,0.84,2.45,0.32,0.07,,0.03,0.02
2023-12-29,31.34,2.90,0.43,2.88,0.95,2.33,0.34,0.06,,0.03,0.02
2023-12-30,31.28,2.75,0.41,2.92,1.06,2.24,0.34,0.06,,0.03,0.01
2023-12-31,30.44,2.63,0.41,3.02,1.08,2.21,0.33,0.06,,0.03,0.01
2024-01-01,30.08,2.92,0.41,2.81,1.07,1.88,0.32,0.07,,0.03,0.00
2024-01-02,31.10,2.86,0.44,2.79,1.11,2.00,0.33,0.07,,0.03,0.01
2024-01-03,30.39,3.07,0.43,3.03,1.14,1.93,0.31,0.06,,0.03,0.01
2024-01-04,28.26,3.14,0.40,2.82,1.12,1.55,0.29,0.06,,0.03,0.01
2024-01-05,28.45,3.57,0.41,3.50,1.29,1.62,0.29,0.05,,0.03,0.01
2024-01-06,30.06,3.07,0.41,3.28,1.30,1.57,0.27,0.05,,0.03,0.01
2024-01-07,29.19,2.95,0.40,3.39,1.24,1.75,0.26,0.05,,0.03,0.01
2024-01-08,27.71,3.14,0.37,3.35,1.17,1.55,0.24,0.05,,0.02,0.00
2024-01-09,28.52,3.63,0.37,3.79,1.13,1.69,0.28,0.05,,0.03,
2024-01-10,29.34,3.79,0.35,3.65,1.15,1.57,0.27,0.07,,0.02,0.01
2024-01-11,35.86,3.67,0.40,3.95,1.25,1.96,0.28,0.06,,0.03,0.01
2024-01-12,36.53,3.47,0.42,3.75,1.30,2.09,0.27,0.06,,0.03,0.01
2024-01-13,34.35,3.37,0.40,3.15,1.22,1.97,0.24,0.06,,0.02,0.01
2024-01-14,35.02,3.25,0.40,3.46,1.19,2.47,0.26,0.06,,0.03,0.01
2024-01-15,33.39,3.26,0.39,3.27,1.18,2.53,0.25,0.06,,0.02,0.01
2024-01-16,34.05,3.45,0.40,3.33,1.16,2.37,0.25,0.06,,0.02,0.01
2024-01-17,35.53,3.15,0.41,3.38,1.16,2.58,0.25,0.06,,0.03,0.01
2024-01-18,33.66,3.02,0.41,3.43,1.13,2.57,0.27,0.05,,0.03,0.01
2024-01-19,31.16,2.93,0.39,3.34,1.10,2.16,0.24,0.05,,0.02,0.01
2024-01-20,30.09,2.88,0.40,3.36,1.05,2.24,0.24,0.05,,0.02,0.01
2024-01-21,30.48,2.88,0.40,3.16,1.00,2.19,0.24,0.05,,0.02,0.00
2024-01-22,30.11,2.71,0.48,2.92,1.01,2.11,0.24,0.05,,0.02,0.01
2024-01-23,28.97,2.67,0.40,2.93,0.96,2.00,0.22,0.05,,0.02,0.01
2024-01-24,27.58,2.86,0.38,3.34,0.93,1.94,0.22,0.05,,0.02,0.01
2024-01-25,28.45,2.97,0.38,3.39,0.93,1.96,0.24,0.05,,0.02,0.01
2024-01-26,28.21,3.05,0.39,3.26,1.04,1.88,0.24,0.05,,0.02,0.01
2024-01-27,29.59,3.05,0.39,3.78,1.05,2.10,0.24,0.05,,0.02,0.01
2024-01-28,29.77,3.15,0.40,3.52,1.05,2.09,0.24,0.05,,0.02,0.01
2024-01-29,29.16,3.14,0.38,3.59,1.09,1.99,0.25,0.05,,0.02,0.01
2024-01-30,29.60,3.02,0.41,3.85,1.12,2.08,0.26,0.06,,0.02,0.01
2024-01-31,29.81,2.84,0.39,3.79,1.16,2.17,0.27,0.06,,0.02,0.01
2024-02-01,28.65,2.81,0.39,3.60,1.16,1.91,0.25,0.06,,0.02,0.01
2024-02-02,28.67,2.84,0.41,3.78,1.14,1.89,0.25,0.05,,0.02,
2024-02-03,28.12,2.73,0.40,3.88,1.14,1.96,0.24,0.05,,0.02,0.01
2024-02-04,27.58,2.68,0.43,4.39,1.12,1.89,0.24,0.06,,0.02,0.01
2024-02-05,27.64,2.69,0.41,4.13,1.11,1.83,0.24,0.06,,0.02,0.01
2024-02-06,27.43,2.79,0.41,5.54,1.11,1.80,0.23,0.06,,0.02,0.01
2024-02-07,28.48,2.92,0.41,7.06,1.10,1.77,0.23,0.07,,0.02,0.01
2024-02-08,28.84,2.91,0.41,6.58,1.10,1.86,0.24,0.07,,0.02,0.01
2024-02-09,29.30,3.00,0.41,6.56,1.08,1.84,0.27,0.07,,0.02,0.01
2024-02-10,30.30,2.96,0.43,6.32,1.04,1.97,0.26,0.07,,0.02,0.01
2024-02-11,29.22,2.90,0.42,6.77,1.03,1.94,0.26,0.07,,0.02,0.01
2024-02-12,28.51,3.13,0.41,6.19,1.06,2.01,0.26,0.08,,0.02,0.01
2024-02-13,29.12,3.11,0.42,6.15,1.02,2.08,0.27,0.08,,0.03,0.01
2024-02-14,29.52,3.27,0.42,5.96,1.01,2.16,0.26,0.08,,0.02,0.01
2024-02-15,31.92,3.20,0.43,5.90,0.96,2.23,0.27,0.08,,0.03,0.01
2024-02-16,32.30,3.25,0.44,5.49,0.97,2.19,0.26,0.08,,0.03,0.01
2024-02-17,31.96,3.15,0.46,4.90,0.93,2.25,0.25,0.08,,0.03,0.01
2024-02-18,30.83,3.32,0.44,5.32,0.92,2.17,0.25,0.08,,0.03,0.01
2024-02-19,30.34,3.40,0.46,5.11,0.93,2.36,0.25,0.08,,0.03,0.01
2024-02-20,30.36,3.23,0.45,5.07,0.94,2.38,0.26,0.08,,0.03,0.01
2024-02-21,29.57,3.08,0.44,4.80,0.94,2.23,0.25,0.07,,0.03,0.01
2024-02-22,27.85,3.01,0.44,4.53,0.94,2.08,0.24,0.07,,0.03,0.01
2024-02-23,27.84,3.09,0.44,4.75,0.98,2.09,0.23,0.07,,0.03,0.01
2024-02-24,27.60,3.28,0.43,4.74,1.03,2.00,0.23,0.06,,0.03,0.01
2024-02-25,28.78,3.40,0.44,4.91,1.03,2.10,0.23,0.06,,0.03,0.01
2024-02-26,30.61,3.65,0.45,4.81,1.04,2.12,0.24,0.07,,0.03,0.01
2024-02-27,31.25,3.48,0.45,5.18,1.08,2.23,0.24,0.06,,0.03,0.01
2024-02-28,30.93,3.43,0.46,4.51,1.04,2.40,0.22,0.06,,0.03,0.01
2024-02-29,31.69,3.37,0.47,4.71,1.06,2.27,0.23,0.06,,0.03,0.01
2024-03-01,31.18,3.36,0.48,4.27,1.03,2.49,0.25,0.06,,0.04,0.01
2024-03-02,30.72,3.39,0.49,4.61,1.07,2.53,0.26,0.06,,0.04,0.01
2024-03-03,31.28,3.39,0.54,4.59,1.08,2.54,0.27,0.06,,0.04,0.01
2024-03-04,31.93,3.29,0.56,4.44,1.10,2.79,0.26,0.06,,0.04,0.01
2024-03-05,31.81,3.10,0.55,4.43,1.08,2.82,0.25,0.06,,0.04,0.01
2024-03-06,32.60,3.34,0.57,4.27,1.08,2.60,0.24,0.06,,0.04,0.01
2024-03-07,35.53,3.43,0.88,4.62,1.11,2.64,0.24,0.06,,0.04,0.02
2024-03-08,35.11,3.38,0.75,4.53,1.13,2.92,0.27,0.06,,0.05,0.02
2024-03-09,34.82,3.40,0.72,4.27,1.10,2.78,0.33,0.06,,0.05,0.02
2024-03-10,34.75,3.29,0.72,4.35,1.11,2.89,0.31,0.06,,0.05,0.02
2024-03-11,34.57,3.39,0.68,4.28,1.09,2.80,0.29,0.06,,0.05,0.02
2024-03-12,37.46,3.26,0.68,4.70,1.13,2.80,0.29,0.06,,0.05,0.01
2024-03-13,36.89,3.45,0.71,4.46,1.13,2.85,0.29,0.06,,0.06,0.01
2024-03-14,38.14,3.20,0.70,5.02,1.17,2.89,0.35,0.06,,0.06,0.01
2024-03-15,35.59,2.96,0.75,4.66,1.12,3.01,0.34,0.05,,0.06,0.01
2024-03-16,31.74,2.69,0.73,4.37,1.12,3.21,0.34,0.04,,0.05,0.01
2024-03-17,28.99,2.75,0.67,4.18,1.07,3.33,0.33,0.04,,0.05,0.01
2024-03-18,29.30,2.50,0.68,4.60,1.09,3.54,0.37,0.04,3.14,0.05,0.01
2024-03-19,29.73,2.29,0.62,4.32,1.05,3.56,0.36,0.04,3.02,0.05,0.01
2024-03-20,26.86,2.57,0.59,4.01,1.03,3.19,0.31,0.04,4.17,0.04,0.01
2024-03-21,29.00,2.88,0.65,4.35,1.04,3.27,0.34,0.04,3.80,0.05,0.01
2024-03-22,32.15,2.75,0.67,4.48,1.01,2.98,0.32,0.04,3.65,0.04,0.01
2024-03-23,30.67,2.91,0.78,4.03,1.00,2.82,0.30,0.04,4.21,0.04,0.01
2024-03-24,30.66,3.12,0.70,3.72,1.01,2.82,0.30,0.04,4.00,0.04,0.01
2024-03-25,31.67,3.31,0.73,3.76,1.01,3.01,0.31,0.04,4.46,0.04,0.01
2024-03-26,32.62,3.16,0.78,3.67,1.01,3.13,0.29,0.04,5.48,0.05,0.02
2024-03-27,31.98,3.00,0.78,3.56,1.00,3.16,0.29,0.04,7.83,0.06,0.02
2024-03-28,31.65,2.86,0.72,3.53,1.02,3.03,0.28,0.04,6.99,0.06,0.02
2024-03-29,32.15,2.81,0.99,3.30,1.03,3.13,0.31,0.04,6.71,0.06,0.02
2024-03-30,30.19,2.80,0.86,3.17,1.02,3.25,0.30,0.04,6.40,0.05,0.02
2024-03-31,28.93,2.95,0.88,3.17,1.02,3.18,0.30,0.04,6.53,0.05,0.02
2024-04-01,30.25,2.84,0.86,3.14,1.02,4.08,0.31,0.04,5.75,0.06,0.02