Date,Lido_Finance,Rocket_Pool,Marinade,StakeWise,Ankr,StaFi
11/3/2021,6612911126,440783.32,1637198056,177012647.9,242663613.4,74277310.11
11/4/2021,6552643646,435457.85,1800534274,174949645.8,239870142.2,73341251.29
11/5/2021,6469075570,715630.45,1801378554,172574210.1,236633049.5,72323956.1
11/6/2021,6536488700,722110.89,1754903230,174210141.9,239010579.4,73030831.61
11/7/2021,6689814976,738005.12,1868957871,178074648.2,244342885.5,74881897.02
11/8/2021,6929489699,763222.67,1843287036,184217560.1,252968724.4,76020878.39
11/9/2021,6870498162,3174780.61,1878988153,182500474.7,250558221.5,75291517.17
11/10/2021,6761861936,5178137.11,1798421296,180110628.3,245393767.1,73715471.44
11/11/2021,6925559930,5297967.4,1739620669,184422613.9,251434437.2,75435929.66
11/12/2021,6849347761,5233972.38,1789871623,182270550.1,248785194.1,75443662.01
11/13/2021,6812258395,5196508.29,1767299860,182238212.3,247048499.8,74421145.69
11/14/2021,6795427970,5174660.51,1819806697,181695908,246351726.2,74132734.4
11/15/2021,6744819198,13915557.57,1687717214,180211362.9,244353986.7,73452408.66
11/16/2021,6240496342,12844491.66,1667187860,166397358.3,225594905.4,68027902.84
11/17/2021,6348147579,13029020.47,1565603328,168819332.3,228857316,68952316.05
11/18/2021,5927236725,12147930.73,1557374772,157574085.6,213404777.1,64163669.17
11/19/2021,6383337979,13066355.88,1442832183,169530160.5,229545356,68936606.46
11/20/2021,6555221859,13394679.12,1589413015,175241694.1,235511505,70608663.02
11/21/2021,6366542196,12981459.13,1576980320,169885379.3,228278104.8,68412680.07
11/22/2021,6122238055,48649644.87,1697393715,163094662.6,219161896.6,65500106.39
11/23/2021,6487666221,72732958.38,1600951757,172652378.3,231991157.3,69255121.73
11/24/2021,6392016539,75674745.39,1615883434,169955195.2,228324895.9,68197162.28
11/25/2021,6796241989,83674538.84,1500594233,180168102,242123696.5,72256252.05
11/26/2021,6071586560,77536273.44,1498403772,160992068.6,216183649.2,63230628.33
11/27/2021,6149025313,81998337.8,1396536225,162948037.6,218863306.6,63998751.31
11/28/2021,6470994309,93475189.3,1317374254,171079131.2,229736124.3,66823135.64
11/29/2021,6711560507,104289465.5,1389679829,177394127,238169110.5,69329914.59
11/30/2021,7023314803,120931574.7,1472276960,185561727.3,248429993.5,72301219.17
12/1/2021,6945314822,122472147.8,1525624632,183271460.1,245288565.3,71382964.16
12/2/2021,6850394005,124575964.3,1672104942,180655702.4,241714180.5,70339085.65
12/3/2021,6461076151,126222119.1,1716533788,169524612.8,226299434.5,65938686.81
12/4/2021,6319142275,125535889.7,1556131764,166143260.1,221099425.6,64031316.85
12/5/2021,6445153767,130855395.9,1432562287,169450228.4,225047098.2,65168236.83
12/6/2021,6693454382,139658551.1,1464326769,176059763.5,233499044.7,67619519.81
12/7/2021,6672189402,165029649.6,1456438362,174875424.8,230788816.3,65306209.24
12/8/2021,6881059629,183942920.2,1419085308,181692303.5,237475730.4,65866991.52
12/9/2021,6409194562,180312815.6,1456662035,169212075.4,220937157.9,61291009.35
12/10/2021,6084625182,185661043.8,1373167094,161324950.4,209435590.1,58098551.88
12/11/2021,6372991349,199688680.3,1289168432,168863452.8,219069868.4,60823868.37
12/12/2021,6490200554,212831565.8,1295974935,171293802,222284994.7,63593921.71
12/13/2021,5947624126,198770184,1293769448,156697641,203304628.9,58124437.12
12/14/2021,6074858241,207361100.4,1215321817,159986628.8,207421766.2,59059913.25
12/15/2021,6326587266,217512186.2,1240055534,166453081.7,215776494.3,61148918.33
12/16/2021,6246098365,215810949.5,1386052681,164333082.4,212715086.3,60278538.37
12/17/2021,6124694669,214228452.4,1357833983,160877941.4,208252148.8,59012084.86
12/18/2021,6253669851,226795805.3,1370131466,164155810.9,212469506.2,60206590.13
12/19/2021,6204631867,230872688.1,1427073203,164446784.4,210532914,59748394.35
12/20/2021,6297525518,237890582.7,1406079796,166002307.2,211771521.8,61921584.12
12/21/2021,6429549186,248927008.1,1345132070,169488942.1,216009983,63046117.36
12/22/2021,6381518537,249862704.6,1419312779,168324899.9,214206145,62507415.97
12/23/2021,6566739148,258417327.8,1406226004,173203149.5,220190501.9,64253708.95
12/24/2021,6533399267,256414166,1518617386,172567021.7,217502198.8,63465691.6
12/25/2021,6621128953,261425952.3,1527861366,174736129.6,220195698.6,64159643.39
12/26/2021,6591117738,264921967.1,1531493898,173748878.9,218764233.6,63688808.24
12/27/2021,6554635531,264586657.6,1570162142,172531353,217338693.6,63135974.1
12/28/2021,6190468021,252133150.1,1541106922,162743798.7,205050014.9,59552447.31
12/29/2021,5877615322,243056929.3,1432232066,154454816,194575452.7,56092370.7
12/30/2021,6034208184,251354447.8,1380680274,158389500.4,199545986.1,57289599.13
12/31/2021,5993868757,255837753.2,1389810854,157192114.3,198057821.4,56834870.96
1/1/2022,6123619242,264668603.4,1383770154,160535120.8,202130955.2,57949764.72
1/2/2022,6284066157,271823545.3,1455609407,163906246.4,206285674.1,60034216.56
1/3/2022,6180840129,270532559.8,1459147250,161052503.5,202586247.7,58818458.75
1/4/2022,6300355872,275384285.4,1385459254,162449668.9,204238032.8,59292526.18
1/5/2022,5892024800,257932022.6,1385797698,151838492.3,190825318.6,55385017.32
1/6/2022,5679989682,249227954.5,1287850697,146127315,183658646.7,52987544.82
1/7/2022,5332094688,233446217.6,1208523415,137823262.5,171880011.4,49234888.12
1/8/2022,5157728957,229220408.8,1072555604,133142819.6,166041472,47516948.01
1/9/2022,5285486074,235310379.6,1182224572,136300068.8,169942599.7,48632902.56
1/10/2022,5171612208,230015857,1148487805,133601133,165976455.1,47525956.49
1/11/2022,5438549736,241605926,1108577041,140228737.2,174190371,49877941.95
1/12/2022,5686266931,253779105.3,1082518218,146461464.3,181893256.7,52034049.19
1/13/2022,5476169612,244617546,1171232255,140809334,174818872.8,50006573.45
1/14/2022,5578826544,252711200,1105800228,143887101.1,177959390.9,50905182.27
1/15/2022,5641777009,256502382.4,1093581671,146152162.2,179730461.5,46348591.48
1/16/2022,5673919651,260382779.7,1105539256,148073127.2,180572522,46639262.01
1/17/2022,5444038126,251716625.1,1099831505,143438433.9,173065779.3,44898850.42
1/18/2022,5379515957,250535172.2,1063548566,144415397.2,170719860,45820088.9
1/19/2022,5263483548,246814789.1,1066115164,141964097.9,166835923.1,44776618.69
1/20/2022,5097851017,239419432.1,1008016316,137429255.7,161448112.2,43330599.44
1/21/2022,4366631478,205084184.9,981254813.8,119432846.8,137963257,37027565.98
1/22/2022,4136155853,193250257.8,828172469.5,112392569.6,129589411.2,33919786.12
1/23/2022,4387267215,206544769.3,699104525.4,118792113.2,136869185.7,35825253.48
1/24/2022,4324415882,199511677.2,680205044.1,114379702.1,131646093.5,34456200.46
1/25/2022,4354384912,201170430.2,659999608.1,115094088,132429253.6,35929184.69
1/26/2022,4371140390,203073075.8,684525111.7,115473885.6,132832464.8,36006113.95
1/27/2022,4321536789,200523148.2,668872229,113719270.6,130758288.1,35322659.07
1/28/2022,4545230469,211485290.7,645903470.4,119585684,137374703.3,37035476.12
1/29/2022,4646746190,216572287,664668521.8,122561295.5,139963838.4,37715497.83
1/30/2022,4671200118,217831769.2,692426190.7,123010078.4,140400814.8,37832287.02
1/31/2022,4837013720,227090574.8,656028846.1,127426135.6,145257087.4,39182002.12
2/1/2022,5018157160,236217881.5,721877899.2,139193383.9,150523847.9,40602043.8
2/2/2022,4835485300,229069280.8,793729561.2,135262699,144928469.5,39205105.84
2/3/2022,4831598857,229733331.6,707874365.6,134984450.5,144595173.7,40374853.31
2/4/2022,5326041684,253268717.6,705511607,148683567.4,159230007.3,44421015.11
2/5/2022,5497351008,260110233.4,778730591.2,152151756.3,162802301.8,45951785.79
2/6/2022,5595770422,265249962.6,793301130.6,154620780.9,165404813.6,46726343.76
2/7/2022,5744347396,272122686.4,819484738.7,158352589,169386508.2,47848497.73
2/8/2022,5721006134,272158415,829282154.4,164919175.4,168414885.5,47573591.48
2/9/2022,5972750019,286244791.9,806379308.8,171550978.5,174947272.6,49418296.85
2/10/2022,5663202430,272270292.5,812752331.1,162317316.1,165392670,46717624.06
2/11/2022,5427078020,261091933.6,755798203.6,155607079.1,157710289.7,44523112.33
2/12/2022,5429181820,264216128.7,682160035.7,155620964.2,157476269.6,44450791.58
2/13/2022,5366830784,261051082,685051392.2,153340054.2,154988448,44708085.3
2/14/2022,5489321541,267964974,670504838.9,157297358.5,158376918.4,46245165.01
2/15/2022,5972797247,292142291.3,692540208.5,170671199.1,171823129.3,49506635.3
2/16/2022,5869828185,291063215.1,755339263.5,167506616.2,168601618,48584949.68
2/17/2022,5451378708,269994060,704794182.2,155019973.4,155969741.6,44942963.61
2/18/2022,5283493629,261160552.1,649807333.3,149555716.4,150454328.5,43353074.06
2/19/2022,5252730612,259003616.9,649634881.9,148268394.3,149109799.8,42965865.61
2/20/2022,5006221207,250347514.2,661443908.5,141126788.1,141898490.5,40950508.3
2/21/2022,4901892168,245128508.7,657642032.1,138091257.9,138800312.7,39385942.08
2/22/2022,5039445640,252618084.9,608285284.6,142210270.3,142514581.4,39956508.94
2/23/2022,5086875214,248420054.8,633704478.9,139308463.5,139707308.1,39122297.28
2/24/2022,5118986043,252441000.2,613760805.8,140116208.6,140331960.3,39297218.9
2/25/2022,5461744339,276194861,645206935.2,149382490.2,149404434.3,41837400.32
2/26/2022,5505280466,281719063.5,677000879.1,150327366.1,150323740.3,42099363.02
2/27/2022,5212483465,267811486,654268450.8,142644099.9,141693212,39682314.69
2/28/2022,5836766160,298599613.5,622254439.6,158648716.5,157718922.7,43908656.78
3/1/2022,5985832420,309249912.3,716882353,161441873.2,160435557.4,46097528.34
3/2/2022,6001351770,309231051.3,715413432.3,160739880.7,159544043,44916713.43
3/3/2022,5825673775,302032536.2,737390587.5,154441891.3,153257703.3,43146510.22
3/4/2022,5440727565,281304144.1,702613042.9,142744635.5,141633828.5,39527313.28
3/5/2022,5558698702,287280577.3,638637204.2,147441011.5,144044676.6,40303316.02
3/6/2022,5365255439,277213385.6,662203494.3,141113511.2,137814822,38555018.7
3/7/2022,5282176000,276830585,629198168.4,138131125.6,134886311.2,37736597.03
3/8/2022,5525785854,287830203.4,606441972.9,142798617,139323195.8,38977525.86
3/9/2022,5947652286,308036037.5,604700828.5,151957215.2,147944723.7,41381860.64
3/10/2022,5783879730,315578065.1,641827161.2,144986364.9,141140337.6,39331144.96
3/11/2022,5744670813,328450496.7,588998072.6,142547662.2,138677360.7,38741914.34
3/12/2022,5782975503,340079614.8,595894715,143877028.5,138869351.8,38859211.63
3/13/2022,5701527431,336482204.9,599109673.5,141054050.5,136117793.5,38089007.13
3/14/2022,5911942859,348311843.1,580430356.3,145200739,140125680.4,39202800.25
3/15/2022,6516254534,354958663.5,592620415.6,147131364.6,142040410.4,39714188.71
3/16/2022,7082206187,381458922,626814156.5,155569587.8,150173373.4,41016907.56
3/17/2022,7275768864,394901133.4,631707238,158157657.2,152519292.8,41567113.9
3/18/2022,7650012657,421997891.4,634286826.1,165559290.8,159524633.1,43475339.9
3/19/2022,7972934079,437615528.1,664068718.2,165857171,159753807.9,43624872.15
3/20/2022,7812333000,429576672.9,661456934.4,160737164.4,154814676.4,42289201.75
3/21/2022,7914279258,439722341.7,637930600.7,162760229.9,156569810.6,43539608.46
3/22/2022,8162670685,463197325.6,633044064.1,167362052.5,160970407.4,44961193.37
3/23/2022,8433424878,475434172,641814879.9,170858787.3,164278055.6,45910548.71
3/24/2022,8642222355,487701901.5,673880306,174802824.9,168005348,46951342.38
3/25/2022,8690396296,489948554.4,727813785,175113316.3,168231187.4,47014456.22
3/26/2022,8838591750,496927397.2,697407360.5,177969641.6,170250528.9,48458003.48
3/27/2022,9266759933,520998245.3,725238780.3,188122004.8,178280733.6,51222565.64
3/28/2022,9410742638,527843996.2,762389561.4,190773309.8,180520419.3,51891045.51
3/29/2022,9646216041,539257085.4,758605287.4,197115214,184349118,52651505.7
3/30/2022,9721622931,536639548.4,777540557.4,219791650.7,183138190.2,52320986.46
3/31/2022,9665322224,520772679.3,859155637.1,213692133.9,177544278.8,50722862.67
4/1/2022,10296530324,549064128.3,886420562,245896912.4,187050877.1,53966942.93
4/2/2022,10374547011,549185033.2,962440170.6,245187983.5,186494773,54348199.23
4/3/2022,10722722327,562546388.2,952795077.3,250927774.4,190764102.4,55230803.75
4/4/2022,10799276482,562983057.8,971075490.9,250851113.1,190689945.5,55207319.57
4/5/2022,10475037462,544949783.3,940393911.7,243425838.5,184357611.8,53364168.55
4/6/2022,9850338027,508187503.1,908184642.2,231278169.9,171475289.8,49654159.28
4/7/2022,10136774498,519202464,781815245.2,236673457.4,174984321.6,50669853.19
4/8/2022,10090874013,514338354.4,823309414.3,236300449.4,172866289.3,50044526.34
4/9/2022,10417711794,527065179.8,779614760.7,241959568.3,176792647.6,51181201.05
4/10/2022,10284806540,518952978.8,792177966.8,237561101.2,173418601.4,50191179.23
4/11/2022,9636158819,485144446.5,803165012.2,220813317.5,161546694,46755193.4
4/12/2022,9822714529,495392775.1,715619281.5,225256217.9,164280540.4,47541491.03
4/13/2022,10179600346,510871910.7,731944691.1,231851669.2,169115475.8,48968514.94
4/14/2022,10008885758,494996945.1,753662536.2,224552044.4,163668276.5,47223771.53
4/15/2022,10256176866,498767976.2,717260151.6,226601336.9,164850741.8,47567478.17
4/16/2022,10368993417,503881558.2,724317612.2,228887206.4,165939029.6,47868169.08
4/17/2022,10188210997,493596110.1,732295438.4,223845025.2,162141724.3,44810202.15
4/18/2022,10429716581,504777532.2,721278474.7,228857598.7,165398979,47169563
4/19/2022,10682184099,514517922.8,733638791.7,233040743.3,168399749.3,48358655.46
4/20/2022,10624208377,511514671.7,784683752.6,230978837.6,166787408.7,47887523.59
4/21/2022,10409470166,498035739.8,762389726.2,224623115.7,162490865.7,46571829.47
4/22/2022,10437177755,495074562.3,729776889.5,223123224.9,161584592.7,46197183.13
4/23/2022,10394659039,491421906.6,731540414.6,221336704.8,160362378.8,45667328.37
4/24/2022,10340077121,488557237.9,730068593.1,220325395.4,159533227.7,45375610.74
4/25/2022,10690698457,504553940.7,703756949,229595273.9,164897056.8,46748791.14
4/26/2022,10094917506,471731891.6,719701885.6,214517093.4,154053036.9,44131812.79
4/27/2022,10541205434,486350312.7,684118833,221117714.6,158666468.9,45408051.22
4/28/2022,10840220429,494707327.4,711468880.9,224726131,161284337.2,45932068.62
4/29/2022,10480115201,474864515.8,710427672.4,215477019.4,154631190.7,43592751.49
4/30/2022,10241685119,462501734.6,675684922.1,211604491.3,150427736.8,43082740.71
5/1/2022,10726554416,477896722.3,611349757.4,218408295.6,155603186.4,44516807.25
5/2/2022,10922501085,483553374.2,644931171.9,220665699.8,157279438.4,45017814.72
5/3/2022,11058493038,471717833.9,622924055.5,215047103.1,153378730.8,43857919.08
5/4/2022,11752249432,500419462.9,606643692.6,228103482.9,162136635.8,46360096.69
5/5/2022,11024581877,468408182.2,653919523.6,213049008.3,151269526.2,43239889.94
5/6/2022,10938465394,461503575.5,606292112.9,209305023.2,148550506.2,42407395.35
5/7/2022,10767203620,452423648.1,591847726.4,204747939.6,145237147.8,41437668.87
5/8/2022,10313181881,434053839.1,565828985.5,196308192.3,139015351.1,39010526.27
5/9/2022,9187253330,381997062,542673704.4,173402012,122276523.6,34298162.92
5/10/2022,9750731526,405119900.3,461073067.1,183785965.1,129265009.4,36235864.8
5/11/2022,8636326755,358593123.8,488612182.7,162975186.6,114413266.2,32020572.85
5/12/2022,8186588366,338443564.6,369216685.5,153903730.9,107952211,30220203.92
5/13/2022,8425589457,349299953.9,323951552.6,158430223.9,111059885,31153574.59
5/14/2022,8610703341,358111062.7,351480487.2,161972982.6,113546448.2,31960373.36
5/15/2022,8983199147,374602879.2,364427796.4,169140682.2,118489842.1,33511723.44
5/16/2022,8475947517,354327389.3,405587470.1,159781991.4,111769329.7,31501789.28
5/17/2022,8773253009,368393537,368904980,165309738.5,115741233.4,32591801.81
5/18/2022,8026157647,338184541.9,389241613.8,151435446.2,105948023.1,29769408.87
5/19/2022,8453537664,356944847.3,338172608.1,159239554.2,111591154.9,31558305.95
5/20/2022,8230956969,348055300,350289065.6,155219170.6,108656202.3,30716953.01
5/21/2022,8298824771,351350679.1,347960078.6,158075314.8,109547871.5,30959271.85
5/22/2022,8596352840,364421997,354995755.8,163739656.2,113461233,32014370.85
5/23/2022,8285573774,351928372.4,362831446.7,158007380.3,109345654,30853655.15
5/24/2022,8321675054,353970722.9,340664776.1,158635007,109786479.3,30979944.92
5/25/2022,8169761386,353932779.8,339571126.2,155868273.8,107758892.4,30404583.77
5/26/2022,7542405705,327201091.7,326035667.5,144104303,99488470.53,28110707.83
5/27/2022,7255881777,315577336.6,300894052.2,138592627.8,95728860.95,27008426.64
5/28/2022,7543215607,328483514,277199576.6,143951013.6,99562963.13,28075518.41
5/29/2022,7636106395,332447582.5,293474073.4,145629513.6,100766826.5,28409376.11
5/30/2022,8413604828,366677349.9,295993433.3,160559172.5,111022419.1,31296248.44
5/31/2022,8184528829,357457706.2,310563667.7,156269802,107983893.4,30435059.77
6/1/2022,7661103813,335156070.9,296999954.8,146338691.5,101067139.3,28481742.43
6/2/2022,7727339687,337940727.6,257248943.2,147484972.1,101891922.6,28713400.89
6/3/2022,7488852142,328518404.1,263162414.3,143002575.9,98728134.04,27821087.72
6/4/2022,7602819248,333853779,247056571.4,145186863.3,100211110.3,28238613.6
6/5/2022,7609897260,340275362.9,253918818.7,145441760.1,100300961.4,28259358.12
6/6/2022,7849294769,351261509.6,247990318.3,149986212,103434006.7,29142079.97
6/7/2022,7656972048,342816464,282956674.2,146290985.4,100935101.7,28341173.17
6/8/2022,7569640932,338991191.2,265870030.7,144732828.6,99763528.22,28015561.54
6/9/2022,7556468465,339410201.6,259192927.6,144494518.4,99554313.98,27963674.45
6/10/2022,7018223655,315347676.4,265491814.9,134292556.5,92439842.73,25963667.63
6/11/2022,6454320529,290217634.2,250999914.3,123566780.5,85010834.63,23858164.85
6/12/2022,6057481897,272562360.1,225118318.4,116084424.1,79773485.72,22383613.64
6/13/2022,5102942360,229841996.8,200273045.3,97684679.38,67180860.06,18419987.29
6/14/2022,5113270917,230435138,181984267.4,97845267.27,67310189.91,18282468.49
6/15/2022,5238192250,236101178.3,192863486.6,100168594.2,68942703.56,18718750.8
6/16/2022,4502970006,203678179.5,222890534.7,86958460.51,59246772.58,16296275.25
6/17/2022,4594429371,208163553.9,190594300.3,88666089.98,60434012.73,16602992.28
6/18/2022,4212342316,190884492.1,199330231.2,81479963.2,55405036.04,15159674.5
6/19/2022,4776311595,216868017.8,200942098.6,92449350.43,62848726.24,17284572.24
6/20/2022,4777741557,217507383.5,210669791.7,92463838.89,62858329.03,17341412.13
6/21/2022,4764154795,216949253.4,255934854.8,92201041.23,62668627.5,17290845.01
6/22/2022,4448925992,202529743.6,269376660.7,86073577.59,58484999.97,16237363.3
6/23/2022,4847191520,220662693.2,258956273.8,93704470.46,63689593.19,17720603.55
6/24/2022,5191975713,236369493.8,286077271,100321957.4,68190326.55,18986986.39
6/25/2022,5270315186,240153654.2,313516234.2,101789393.7,69218156.75,19236591.01
6/26/2022,5075905672,231495859.1,316950280.4,98135501.44,66657739.12,18496205.22
6/27/2022,5049072628,230763535.1,295254221.6,97572899.69,66404868.92,18395414.32
6/28/2022,4847716861,221651312.3,286741466.9,93748124.9,63744062.66,17749416.81
6/29/2022,4660866252,213646160.2,267023693.5,90374624.87,61281240.13,16698332.44
6/30/2022,4525398683,208049775.7,248339422.6,87640076.94,59490565.68,16317068.07
7/1/2022,4496949650,208000499.9,256362146.6,87121842.4,59099506.44,16159196.76
7/2/2022,4525801683,213129072.3,245207117.3,87645133.36,59466984.53,16238143.2
7/3/2022,4555545469,214656574.7,244286484.9,88232723.45,59855409.31,16363523.22
7/4/2022,4888844848,230695574.2,252508464.3,94605102.1,64227933.44,17558119.04
7/5/2022,4812047732,227174706.2,276740911.2,93189791.31,63197236.07,17292739.16
7/6/2022,5047466863,238454416.4,260812434.2,97683725.1,66285210.27,18214191.43
7/7/2022,5261954051,248691360.2,279485933.7,101741131.3,69086807.51,19005103.21
7/8/2022,5164376428,244204342.1,288204368.3,99908588.64,67776737.6,18636692.29
7/9/2022,5176834915,244846861.5,287954557.3,100108965.5,67938308.26,18679780.64
7/10/2022,4962794982,234795777.9,283977756.4,95959899.59,65119491.59,17904420.24
7/11/2022,4664608215,220804695.1,274622597.1,90264298.45,61211307.93,16824150.25
7/12/2022,4412344574,209088405.7,252771120.9,85366318,57889734.65,15921027.45
7/13/2022,4745359478,224906423.6,248815686.4,91668323.96,62230278.65,17113996.24
7/14/2022,5078538146,240757919.4,263356875,98118278.93,66574654.43,18344175.79
7/15/2022,5242936888,249094585.4,280622564.9,101312540.2,68719618.67,18934357.62
7/16/2022,5778658825,274737647.3,280180122.1,111549119.6,75736800.04,20347661.68
7/17/2022,5703027783,271273244.2,306298005.8,110145957.5,74727421.93,20075445.54
7/18/2022,6753972642,321589507.3,294806370.7,130268678.7,88448361.78,23834918.31
7/19/2022,6578223555,313465246.6,339213065.5,126972045.8,86137843.24,23225855.36
7/20/2022,6483117323,309675531.5,340235888.8,125166851.4,84896677.28,22889485.72
7/21/2022,6720073507,321574124.9,319637427.6,129620706.2,87966736.7,23766143.48
7/22/2022,6558243968,314157608.8,343275616.4,126300124,85696131.8,23232536.6
7/23/2022,6633659705,317501207.1,327292219.5,127537777.9,86583457.41,23515032.59
7/24/2022,6827118903,327205817.1,321391970.7,131319601.2,89110193.38,24251154.4
7/25/2022,6162424181,295681793.3,325937461.6,118597499.8,80424635.52,21887524.95
7/26/2022,6210527603,298285242.8,311823382.2,119376464.3,81070028.56,22059613.17
7/27/2022,7013514459,337187353.7,287536578.9,134745145.9,91535649.17,24905584.07
7/28/2022,7386490011,361986395.2,320366809,141926694.6,96396480.03,26288778.49
7/29/2022,7372126043,361943508.7,342853281.2,141693124.6,96182224.18,26238520.52
7/30/2022,7269083728,357396567.5,334736794.2,139699740.7,94816854.45,25764494.29
7/31/2022,7194554490,354244968.1,349389505.7,138262655.3,93823890.72,25503744.6
8/1/2022,6991436736,344495350.7,340985867.5,134398176.6,91158661.76,24734599.39
8/2/2022,6985064328,345986044.6,334720681.9,134291412.3,91058670.72,24707007.12
8/3/2022,6949074745,344473232.7,312481509.6,133561471.2,90564944.02,24411946.67
8/4/2022,6888489180,342467809.2,312419031.3,132305529.4,89769104.56,24194746.02
8/5/2022,7460536608,371328927.2,311860003,143284902.3,97227982.04,26194480.85
8/6/2022,7245037507,361133242.4,327057171,139195594.8,94391903.93,25433403.69
8/7/2022,7287786673,364009837.2,320064264.2,139942823.3,94930643.79,25576538.33
8/8/2022,7633044230,381771725,324078617,146568993.3,99404837.48,26856841.58
8/9/2022,7317655586,366214035.4,335165783.9,140490593.7,95278964.75,25742918.16
8/10/2022,7947324451,398058569.7,314260471.5,152704104.5,103457095.7,27938693.02
8/11/2022,8087114397,405425733.5,328295930.7,155286737.9,105272563,28318781.33
8/12/2022,8417296700,422426732,329561934.4,161479591.6,109545376.4,29424014.57
8/13/2022,8525474839,428105473.8,358854200,163601328.8,110893259.4,29463368.59
8/14/2022,8329194586,418639267.1,355177268.9,159835792.1,108440598.4,28803743.5
8/15/2022,8154650255,410081252.1,340103142.5,156464811.6,106201696.7,28198219.13
8/16/2022,8073518612,406274026.2,338952783.6,154835366.5,105168353.1,27911641.64
8/17/2022,7888730866,396989191.7,337725044.9,151331825.7,102761603.2,27277431.81
8/18/2022,7940455829,399799884,326013250.4,153223221.4,103481526.8,27469978.01
8/19/2022,6924161140,348730751.7,309123484.2,133742836.2,90197294.56,23929853.87
8/20/2022,6782096838,341921834.3,296127894.7,130616663.7,88322768.91,23431486.45
8/21/2022,6969491360,351716839.5,274387216.1,134145080.9,90747088.53,23574326.55
8/22/2022,6999518264,354272868.1,282791458.2,134602201.9,91126370.38,23671285.13
8/23/2022,7171325640,363061282.5,273964307.9,137716527.4,93351646.07,24247816.23
8/24/2022,7136092659,361336120.9,274659698.1,137078461.5,92865979.93,24118402.95
8/25/2022,7307874743,370652602.7,276110033.4,140332941.9,95093014.55,24696790.41
8/26/2022,6494350581,329687275.3,272731281.6,124812912.1,84448629.29,22971564.63
8/27/2022,6434801118,326813531.1,249238014.6,123576878,83626955.78,22747131.26
8/28/2022,6153687566,312660354.3,246175855.2,118341854,79966496.13,21749326.72
8/29/2022,6709989644,341176457.6,237390620.5,128852954.6,87196190.57,23771137.63
8/30/2022,6588148486,335049779.9,253002172.4,126500533.3,85593680.07,23062109.83
8/31/2022,6709825965,341222507.6,250586029.7,128814023.6,87165665.06,23459341.37
9/1/2022,6846026360,348152326.5,244375277.4,131273287.3,88897024.35,23925310.95
9/2/2022,6807937391,348918296.6,236890543.7,130565738.9,88381080.16,23783424.24
9/3/2022,6740299966,345868115.6,235708265.6,129157994,87470207.37,23530581.08
9/4/2022,6823661591,350802575.3,233206596.2,130721083.8,88530491.91,23814749.47
9/5/2022,7002817517,360588121.5,245063332.2,134111154.6,90866671.13,24440350.84
9/6/2022,6742635520,347842235,249151678.2,129208403.1,87478723.17,23524735.93
9/7/2022,7051770635,364085300.6,242839802.4,134989602.6,91488205.72,24643475.97
9/8/2022,7073395377,365261702,254492388,135448716.3,91751724.84,24645616.44
9/9/2022,7448126065,385345185.9,267958881.9,142577947.9,96589876.47,25944970.93
9/10/2022,7714730586,400180852,270517532.1,147627078.1,100022572.7,26876647.83
9/11/2022,7643869872,399884362.5,273273090.7,146266855.1,99108917.68,26502114.94
9/12/2022,7434364116,389553063,270184352.6,142186441.2,96316260.35,25733140.1
9/13/2022,6820627434,359907773.2,292070656.8,130383661,88353933.5,23686683.25
9/14/2022,7088307017,374105110.3,258634487.2,135317982.2,91815183.71,24832346.3
9/15/2022,6381781072,338006298,265514598.6,121894021.5,82614033.24,22357697.09
9/16/2022,6222373042,331048256.1,259435582.8,118903524.3,80487282.87,21829387.27
9/17/2022,6386575723,347691327,256901463.2,121823692.1,82520981.71,22517148.57
9/18/2022,5805737137,318699526.8,264660576.3,110755504,74961977.32,20642269.9
9/19/2022,5987774016,330625099.7,247041438,114184333.3,77262231.88,21265938.17
9/20/2022,5768729911,321272247.3,252873724.9,109853657.3,74309956.35,20451886
9/21/2022,5445398084,305264027.2,246711726.9,103617453.8,70064857.38,19272796.59
9/22/2022,5800345088,328871544.8,240187728.9,110115082,74490126.57,20488959.32
9/23/2022,5814626054,332260367.1,251629073.4,110341773.7,74617731.25,20522595.79
9/24/2022,5775070611,331821566.2,264651058,109425326.4,74009061.66,20349283.35
9/25/2022,5672361449,328638077.3,263727891.8,107368231.3,72616052.88,19966266.32
9/26/2022,5890152040,344997517.8,252507074.8,110988507.1,75105490.99,20650765.85
9/27/2022,5859643244,344195803.6,268984928.9,110324559.4,74626787.23,20518777.6
9/28/2022,5894902928,348546582.5,257944098,110818253.9,75050324.63,20632857.12
9/29/2022,5903581502,355316016.6,259699666.2,110850614.4,75111352.75,20685060.49
9/30/2022,5870297240,363048067.7,266980568.2,110231843.7,74617351.18,20629664.57
10/1/2022,5794486424,359307242.4,258991456.9,108860525.8,73589985.7,20348898.5
10/2/2022,5653181975,351097131,257178633.3,106126855.3,71724343.45,19884527.46
10/3/2022,5861208251,364128552.9,253723875.1,109895530.6,74300008.96,20599082.59
10/4/2022,6037012719,376149389.6,259858030.7,113081020.3,76494958.61,21207623.3
10/5/2022,6002621371,374810312.2,271412514.8,112790424.8,75985615.38,21066224.37
10/6/2022,6004084139,375397932.7,268912970.8,112793449.5,75949554.8,21045518.12
10/7/2022,5919251881,370133179.7,267217912.7,111072959.2,74775693.45,20426237.39
10/8/2022,5850650675,366687407.1,263983417.2,109798295,73875513.01,20180337.98
10/9/2022,5903930870,370538204.5,260506983.3,110702496.6,74463305.61,20340903.41
10/10/2022,5755931826,361528389,262869892.5,107917244.8,72567875.78,19556876.43
10/11/2022,5702236868,359627503.6,252661342.6,106888461.4,71874074.2,19356882.91
10/12/2022,5771637975,365755816.7,249518733.2,108137245.4,72709860.64,19581974.09
10/13/2022,5756481332,365002299.9,240105431.9,107949102.5,72478003.47,19615415.6
10/14/2022,5789989248,367360294.7,234730735.7,108891127.3,72855590.36,19159905.6
10/15/2022,5694566554,361939946.8,230242448.4,107279960.6,71618821.08,18873673.21
10/16/2022,5839609655,371985832,218340608.1,110010037.2,73408092.56,19458806.01
10/17/2022,5955511077,380829937.5,220483199.2,112165048.3,74829013.2,19800327.97
10/18/2022,5870237580,374958026.1,229643579.5,110473607.2,73651458.43,19486310.56
10/19/2022,5756730152,369132786.4,208693248.6,108326992.3,72193617.42,19119071.91
10/20/2022,5753251578,369165728,218319205.2,108222212.4,72127771.6,19111202.05
10/21/2022,5837680719,374295654,214999576.5,109900328.2,73105660.56,19370306.6
10/22/2022,5915082883,379395080.6,211569472.1,111117166.3,73806169.15,19743565.18
10/23/2022,6152600608,396193840.8,214394543,115490333.5,76720795.15,19826403.85
10/24/2022,6068358904,390810262.5,225043729.6,114039422.7,75603291.05,20798731.32
10/25/2022,6589528427,424670679.3,210199738.4,123844759,82072339.02,22553129.22
10/26/2022,7119596739,456788469.5,239076871.2,132853438.7,88095322.08,24173479.69
10/27/2022,6901240718,441396600.5,240842091.2,128381189.7,85052935.83,23338437.06
10/28/2022,7132852024,454064327.4,235884274.4,131984045.6,87427538.22,23943675.92
10/29/2022,7494835286,474185144.8,242604847.7,137631041.3,91148911.48,24986059.45
10/30/2022,7395271958,466945729,252078830.5,135169742.5,89502759.86,24540048.99
10/31/2022,7334040869,462439984,251189634.8,134391411.6,88725631.7,24282061.45
11/1/2022,7385117576,464117851.9,248486460.5,134657893.6,88980457.73,24349101.86
11/2/2022,7148300736,447386652.9,248116798.9,129839600.6,85728361.17,23458555.62
11/3/2022,7211516866,451811573,237667508,130746276,86292769.39,23610903.63
11/4/2022,7749604154,484897913,241938541.5,140175520.7,92523331.63,25317960.7
11/5/2022,7695147370,480696373.3,268139802.2,139052396.8,91672773.81,24963800.67
11/6/2022,7435440195,464196890.5,285889906.6,134336663.3,88497428.16,24099108.86
11/7/2022,7435423289,463341176.3,254220772.3,134160220.6,88309366.56,24044269.45
11/8/2022,6327330491,394416942.8,231213701.3,114231690.2,75127468.44,20267405.99
11/9/2022,6270395306,327495757.2,178426903.8,94847517.36,62326569.47,16356483.17
11/10/2022,6175800370,384829051,115793326.7,111362024.2,73174552.18,19983379.09
11/11/2022,6139535164,381554194.3,126200065.9,110328218.3,72426714.22,19768582.23
11/12/2022,5958614477,374449600.5,114565384.9,108136065.9,70725662.96,18242022.35
11/13/2022,5795176685,365370907.1,102411565.1,105221916.6,68759122.53,18264460.59
11/14/2022,5903155365,373362659.9,88546670.07,107180487.2,69971758.75,18586572.7
11/15/2022,5964348132,377332186.1,97876621.98,108261766.9,70596225.88,18956795.44
11/16/2022,5796100752,367562780.4,96206926.79,105183155.9,68535669.91,18294720.5
11/17/2022,5724822340,363727076.2,96939123.03,103924678,67642194.67,18056059.17
11/18/2022,5797540312,369770595.6,93108188.58,105159855.7,68434007.03,18269910.21
11/19/2022,5820649436,371819410.5,88526315.88,105638821.7,68662024.82,18326892.96
11/20/2022,5464185215,350147079.3,86744954.43,99109790.33,64413158.09,17904114.2
11/21/2022,5298778236,339837594.8,82926575.42,96104527.91,62418940.1,17151355.1
11/22/2022,5447144026,350346106.3,78026608.26,98619964.36,64108660.9,17616673.31
11/23/2022,5681039955,366379419,85093512.99,102810491.2,66827552.01,17970175.54
11/24/2022,5772748801,373761843.6,95578507.03,104533243.1,67893177.58,18223848.13
11/25/2022,5749614457,372783766.2,96338681.68,104136076.6,67604679.14,17801779.24
11/26/2022,5790590495,375374071.8,95638338.29,104871349.2,68054038.83,17934422.51
11/27/2022,5738959042,372299545.2,95510567.8,104003150.1,67420385.92,17796567.95
11/28/2022,5611125016,364200350.2,94963923.27,101646778.2,65886022.68,17400227.16
11/29/2022,5854818675,380684323,90033923.3,106038224.9,68734087.43,18294008.85
11/30/2022,6239212165,406226458.9,93736025.16,113667309.2,73188444.52,19479575.39
12/1/2022,6138290759,401654624.2,96080700,111865373.6,71968944.72,19265167.7
12/2/2022,6229442138,409033456.8,93764629.18,113500171.9,72994397.52,19543225.1
12/3/2022,5969207892,392255057.8,93366999.63,108851367.1,69922353.82,18720966.28
12/4/2022,6165974387,405750370.9,92747569.61,112590067.5,72196620.05,19300696.59
12/5/2022,6071280080,400974220,95964675.84,110864033.5,71070881.98,18998761.58
12/6/2022,6138495271,407793951.2,92081521.06,112049923.9,71833280.28,19202258.13
12/7/2022,5942174580,396943540.9,94178305.78,108886319.9,69499727.09,18578139.71
12/8/2022,6179497947,412905005.7,89724607.62,113208872.7,72251334.11,19314612.73
12/9/2022,6096011982,408100582.5,90727988.44,111653158.7,71248039.8,19090938.86
12/10/2022,6112982662,411804446.8,90430442.14,111953319.2,71434992.49,19141035.35
12/11/2022,6105453553,411476892,89931154.57,111789707.2,71336069.4,19111098.84
12/12/2022,6163956637,415591822,88944997.84,112807067.5,71992837.63,19287057.38
12/13/2022,6381476280,431136305,87593050.76,116750254.3,74488041.81,19915094.19
12/14/2022,6324666337,428043987.2,91745568.11,115742579,73790777.01,19727823.09
12/15/2022,6123845702,414786632.7,93601520.44,112049133.6,71414581.52,19092563.25
12/16/2022,5651054054,383134932.2,93002143.66,103405428.5,65881435.67,17613292.35
12/17/2022,5765916153,391024888.8,81364963.14,105404864.7,67133409.91,17987942.26
12/18/2022,5734645588,389065690.1,82144290.92,104785827.1,66713795.6,17875194.07
12/19/2022,5667375599,384919593.2,82485163.43,103841810.5,65925937.94,17638864.74
12/20/2022,5905748913,401345631.3,79943636.48,108130675.3,68672566.07,18458286.16
12/21/2022,5894559066,400700421.6,81126517.89,107884518.1,68508992.21,18464114.22
12/22/2022,5903227272,402081311.1,80982114.66,108198444.6,68578875.66,18578003.55
12/23/2022,5929660953,403972103.1,76813512.58,108609859.7,68854755.13,18643170.57
12/24/2022,5940479980,405663261,78294719.17,108812528.6,68956400.61,18670710.32
12/25/2022,5918896916,404462388.2,75767270.73,108415149.2,68686067.6,18597546.92
12/26/2022,5980450319,408738500.9,75148197.05,109569657.6,69375847.39,18784232.79
12/27/2022,5896039384,403434810.6,74770806.4,107998958.4,68376937.45,18513775.65
12/28/2022,5786991441,395993535.4,73440458.88,106184172.1,67070620.72,18160079.03
12/29/2022,5853613240,401233719.8,65300415.79,107534260,67796000.94,18356322.1
12/30/2022,5841377104,401826347.4,65954028.87,107288071.8,67637540.73,18377308.48
12/31/2022,5828144636,401062798.8,65050796.77,107018215.6,67463945.78,18330152.26
1/1/2023,5857187097,404234239.2,64387254.18,107548325.2,67784082.58,18518113.32
1/2/2023,5925633902,409349223.2,64900716.71,108744597.7,68498514.41,18959299.36
1/3/2023,5928280425,409971319.1,73587476.37,108751924.7,68511610.78,18960436.98
1/4/2023,6125145870,424338123,87552448.69,112436360.4,70764982.2,19404704.56
1/5/2023,6119824107,428457665.9,85213146.99,112326460.4,70690003.84,19499664.14
1/6/2023,6203214770,437469304.5,87443030.43,113864466.6,71634024.77,19760071.39
1/7/2023,6177647733,436768643.5,86607348.64,113378888.7,71300843.77,19761054.24
1/8/2023,6317846967,447070050.6,85425013.41,115871279.8,72881323.29,20186516.59
1/9/2023,6464230661,458047783.9,97821193.44,118858710,74540007.56,20497643.21
1/10/2023,6546213202,464023451.7,108564928.1,120362304.1,75401138.94,21489694.46
1/11/2023,6810326667,483217438.3,105673359.5,125148274.1,78397262.09,22340662.88
1/12/2023,6943263029,495463298.7,111559444.2,128389059.1,79891645.02,22993699.67
1/13/2023,7126878417,509002179.7,108381508.7,131897542.9,81969823.49,23659859.22
1/14/2023,7610880461,544964184.5,127891586.5,140737181.7,87474395.64,25240846.26
1/15/2023,7631028582,548980577.8,154086022.1,141088583.1,87656390.11,25057876.18
1/16/2023,7751608132,558278475.7,150479622.1,143401625.1,88926001.85,25490035.26
1/17/2023,7719110534,559477625,147876629.5,142742886,88544906.02,25425520.94
1/18/2023,7441577233,541597120.7,145129845.3,137625969.7,85324729.67,24500858.11
1/19/2023,7679925758,557845175.2,131525630.5,141359645.6,87641849.23,25203965.42
1/20/2023,8198572178,596744417.1,134628624.5,150754302.5,93503460.63,26868972.93
1/21/2023,8048382976,590694934.3,159624363.8,148183894.6,91724746.12,26359634.28
1/22/2023,8082032987,597076846.4,158158104.1,148938260.8,92067555.22,26565319.54
1/23/2023,8069577030,596885774.8,154186840.2,148662028.1,91869495.18,26487074.78
1/24/2023,7816081990,572892658.9,152733085.9,142250563.5,87817350.02,25436496.79
1/25/2023,8154269469,599110142.5,144410737.5,148318802.4,91549864.82,26507610.37
1/26/2023,8070710443,595125450.8,156189720.4,146680684,90463070.68,26215415.99
1/27/2023,8053876153,595791017.9,151182986.5,146299377.2,90183557.71,26050393.28
1/28/2023,7938635408,587924853.5,155371362.2,144183205.1,88840449.73,25708741.33
1/29/2023,8320401107,617924300.9,152707187.7,151212435.7,93078690.56,26938863.71
1/30/2023,7916858869,588118356.5,165103241.3,143880666.6,88407852.13,25521281.32
1/31/2023,8031464638,596776503.7,151071802.2,145879730.6,89538728.75,25758824.75
2/1/2023,8319939006,618020500.4,151095499.3,150959146.5,92624481.15,26859692.2
2/2/2023,8333869755,619552842.5,162103835.3,151188037.8,92713390.62,27020825.21
2/3/2023,8459044564,629506228.9,154327824.6,153195352.8,93948050.72,27380247.32
2/4/2023,8483237060,633887700.5,156043798.9,153514627.9,94037276.26,27406254.14
2/5/2023,8323230212,622017828.3,153172983.2,150723250.3,92235261.38,26809472.47
2/6/2023,8261538139,617743407,147227232.9,149458611,91345507.98,26771366.58
2/7/2023,8568484740,641227591.3,143905813.1,154977939.2,94661349.51,27711376.96
2/8/2023,8461505106,633213501,152184842.4,152965954.6,93237642.05,27093102.13
2/9/2023,7933871530,594350963,146585057.2,143326843.5,87355658.68,25487144.32
2/10/2023,7786485497,585550483.4,129417693.7,140537740.9,85648845.1,25094422.34
2/11/2023,7918045552,602114349.2,129988937.4,142927463.8,87019577.33,25491716.4
2/12/2023,7810048872,595432775.7,131959840.9,140662192.7,85598696.29,24956632.44
2/13/2023,7783147364,598816694,134380707.5,140023699.7,85273171.21,24820498.81
2/14/2023,8057061946,620922102.9,132828514.2,144953161.7,88186429.22,25665853.5
2/15/2023,8676916078,668350761.3,137626092.6,155626028.6,94762651.84,27461453.67
2/16/2023,8512517205,654299575.7,150644884.2,152301125.2,92696786.36,26899956.84
2/17/2023,8836084774,680357864.8,143401164.9,157422297.8,95828532.73,27842180.56
2/18/2023,8831221135,682634946.2,147419874.3,158228316.8,95721025.11,27799057.55
2/19/2023,8776662817,680403415.4,148772168.8,157210860,94994266.87,27521581.63
2/20/2023,8912182349,692721008.6,155096479.2,159346051.7,96220496.18,28012587.51
2/21/2023,8698916436,674947522.3,166586087.7,155217121.7,93696798.51,27273068.09
2/22/2023,8642704270,672822096.4,156920573.4,154048121.2,92963565.45,27149433.46
2/23/2023,8700357015,676281056.8,153135135.6,154792855.4,93368742.34,27555932.73
2/24/2023,8472703510,662409386,151874766.1,150739023.7,90879240.8,26887320.45
2/25/2023,8659473699,659186695.7,147734692,149806898.4,90264045.43,26708266.21
2/26/2023,9083307023,680187113.3,142376997.2,154148124.5,92868014.78,27494170.14
2/27/2023,9214093500,677340920.7,143947914.1,153683944.8,92379516.41,27464873.12
2/28/2023,9197299044,667556018.7,144591952.9,151214048.8,90827739.42,27196769.71
3/1/2023,9560942710,694689707.7,137810727.6,156894114.8,94243896.6,28233830.19
3/2/2023,9492727914,690043373.1,143344782.5,155273009.8,93248552.53,27979748.39
3/3/2023,9053793520,659090329.1,139916121.3,147897943.8,88759069.79,26673888.28
3/4/2023,9037582193,658346765.5,137423447.6,147581945.7,88578015.05,26634964.61
3/5/2023,9037995024,658398490.6,135826467.1,147443840.5,88471601,26637998.71
3/6/2023,9058910982,659815332,133765143.4,147725943.4,88608110.16,26679103.72
3/7/2023,9053154587,659499668.1,132287943.5,147526029.4,88469255.31,26812665.21
3/8/2023,8883414297,648096576,129731837.6,144711354.7,86729004.72,26369585.14
3/9/2023,8388457672,613215159.7,119001473.8,136051028.3,81512059.57,24674133.01
3/10/2023,8355552292,610466974,110120424.7,136034754,81043173.82,24518889.74
3/11/2023,8662390552,632423414.2,117163430.8,140969183.8,83999440.68,25364509.53
3/12/2023,9305261326,679223911.6,115304182.5,151276259.1,90150429.55,27223144.59
3/13/2023,9814207481,717196382.5,130694213.5,159405551,95039862.1,28729370.69
3/14/2023,9972036554,728706615.4,130452282.8,162264426.2,96496182.56,29263221.14
3/15/2023,9694325750,714906381.8,132240304.9,158085499.2,93773733.19,28408677.28
3/16/2023,9826885832,724698407.3,122604160.7,160082224.7,94941621.06,28758603.55
3/17/2023,10512620514,775016340.7,124464711.4,171139696,101499724.5,30745032.98
3/18/2023,10340455049,763521047,140761565.8,168265562.9,99762800.03,30217449.97
3/19/2023,10492763797,774873614.8,137347570.8,170570392.7,101183561.4,30621095.34
3/20/2023,10212591667,757510431.4,138547598.1,165975622.3,98349501.52,29759283.87
3/21/2023,10640610985,788662010.9,142541509.7,172590628.6,102284316.6,30916230.02
3/22/2023,10244925303,759040702.9,139297976.4,166123055,98411171.36,29707129.48
3/23/2023,10726224124,794288582.3,136392830,173742398.3,102953324.2,31128251.69
3/24/2023,10339117609,765100647.1,140403726.4,167372614.7,99099868,29991583.24
3/25/2023,10309526482,762928475,131541370.6,166762982,98751236.13,29861027.44
3/26/2023,10509398983,777634681.5,129438069.3,169862437.7,100621788.8,30425636.18
3/27/2023,10160381257,752913404,131880866.6,164310961.8,97225740.73,29398315.18
3/28/2023,10514074223,778272084.2,125661562.3,169833113.2,100507180.8,30260763.63
3/29/2023,10633263470,786653891,130058427.7,171744297.1,101551338.2,30572947.87
3/30/2023,10646724540,787721427.8,133729569.6,171956679.3,101641249.4,30598821.01
3/31/2023,10828273791,801379730.8,129139455.5,174875089,103299326,31143011.39
4/1/2023,10833767885,802880610.2,135142705.6,174688901.5,103179596.6,31106196.8
4/2/2023,10682810938,791874740,133555260.9,172225920.7,101699426.4,30656695.24
4/3/2023,10781493185,799097762.1,130530248.8,173683332.4,102583694.6,30922871.63
4/4/2023,11148501648,826431175.4,130019381,179425745.4,105950945.2,32006408.47
4/5/2023,11393954132,844648522,135369708.3,183312905.3,108255726.5,32801895.41
4/6/2023,11168294280,827959594.6,132647103.3,179648172.3,106049844.1,32251348.92
4/7/2023,11140418154,825693960.3,128178617.1,179131801.8,105746147.3,32172230.62
4/8/2023,11057230100,820627424.7,130636476.5,177669374.4,104855489.4,32109430.62
4/9/2023,11129066956,826175302.1,128520882.6,178714974.5,105459842.6,32263045.93
4/10/2023,11409301884,849000658.3,130194465.6,183096725.1,108086035.2,33100930.96
4/11/2023,11321282623,842694734.6,134059812.5,181563780.1,107217142.9,32835362.77
4/12/2023,11494121228,855475042.3,145716761.7,184198191.4,105932261.7,34095300.11
4/13/2023,12031706786,897247104.3,152936964.1,192756348.8,100676345.9,35203707.17
4/14/2023,12607494746,939075633,155991037,201791279.7,103754012.9,36931416.68
4/15/2023,12602199873,937242228.3,157256933.7,201413642.1,102785630.5,36492916.58
4/16/2023,12783499217,950951049,155375010.6,204030388.4,102935902.6,36355321.3
4/17/2023,12577560892,934352925.7,160424075.4,199935211.7,99966076.21,35288633.37
4/18/2023,12811846975,1010783161,156846118.7,202756601.4,100973168.6,35624549.1
4/19/2023,11781448597,963498985.8,158778314.6,186001927.7,92356807.7,32692758.56
4/20/2023,11902996470,984769916.5,147734724.5,187151483,91876493.49,32908245.97
4/21/2023,11354360063,990679468.3,143657030.4,178434191.3,87491340.8,31575514.6
4/22/2023,11555489878,1026845268,136084570.6,180993153.6,88328500.55,31959973.4
4/23/2023,11486447463,1028350057,138833815.5,179794166.9,87550979.29,31829012.6
4/24/2023,11394286473,1030511069,138622287.8,178097260.6,86140747.17,31293537.93
4/25/2023,11585678146,1067968970,136636571.9,180628249.6,87364899.15,31758169.35
4/26/2023,11598406467,1089627089,137613792.6,181309500.7,87313224.18,31646733
4/27/2023,11876935833,1131608373,141139260.2,186124020.4,89488978.89,32017722.33
4/28/2023,11829187401,1139625615,109113554.8,184698135.3,88768878.18,31698878.94
4/29/2023,11930887773,1163833589,113380562.5,186047713.6,88207898.3,31873900.84
4/30/2023,11729536129,1152716887,112541215.2,182789925.6,86580452.98,31239927.92
5/1/2023,11496933030,1129163260,111332419.9,179143499.8,85072291.97,30609010.99
5/2/2023,11753375006,1154565978,107223962,182904992.7,87195000.87,31199893.67
5/3/2023,12021155291,1176231824,106519673.8,185644313.5,88843018.37,31608424.57
5/4/2023,11883943119,1165753098,108595215.7,183262137.8,87517257.14,31145307.82
5/5/2023,12675000611,1234597975,105846794,194891494.7,92998915.32,33349224.57
5/6/2023,12093263902,1176111555,112123981.4,185839369.4,88444547.63,31687407.44
5/7/2023,11966844132,1162069523,106980551.2,183478059.6,87286709.05,31215093.73
5/8/2023,11907353827,1148026986,105934536.3,180070527,86113757.57,30902498.04
5/9/2023,11933087210,1152374687,100020016.8,179750496,85567980.34,30765129.35
5/10/2023,11957280815,1151138812,101004123.8,179364730,84238878.46,30463587.55
5/11/2023,11718966144,1125525904,101417873,174950394.2,82229839.17,29792271.34
5/12/2023,11998023806,1148705551,99967046.71,175459843,82659353.78,29940902.27
5/13/2023,12001294880,1159696238,104345335.7,175287062.8,82088295.13,29773765.44
5/14/2023,12047301246,1171160575,103664263.9,176624669.3,82140547.68,29756878.77
5/15/2023,12257545906,1183638539,99429422.15,178899436.8,83179489.29,30040275.55
5/16/2023,12346946498,1189472972,105024770,179078695.7,83378181.88,30058281.03
5/17/2023,11600572036,1220731543,103498015.3,179026909.3,84289844.26,29987166.04
5/18/2023,11551502210,1212268326,105261502,177394703.7,83270979.13,29620924.19
5/19/2023,11704280748,1225406802,102423932.2,178492831.2,83047896.56,29720387.7
5/20/2023,11792942639,1235039213,101928852.1,179105453.2,83182039.9,29608861.34
5/21/2023,11787019845,1235771665,102619338,177773295.5,82550396.95,29354359.11
5/22/2023,11947055242,1242304082,98509547.07,178642787.5,83097933.62,29565612.27
5/23/2023,12430150409,1272064244,98820614.21,182385241.5,85321349.83,29859776.99
5/24/2023,12121410876,1238019276,100319263.9,177343709.6,82830579.31,28969531.64
5/25/2023,12181679282,1243335504,96773160.95,177735179.6,82908683.54,29001119.4
5/26/2023,12411531606,1263473282,98485651.49,180068123.9,83973028.45,29504949.69
5/27/2023,12528334986,1273791005,99299411.19,180453920.2,83905345.86,29478793.18
5/28/2023,13133271613,1333966202,105542285.3,188352723.1,87214450.07,30660725.63
5/29/2023,13045898784,1326752159,106481774.5,186732037.1,86402671.38,30379860.13
5/30/2023,13195869868,1333576737,105708107.4,187661188,86426942.27,30442912
5/31/2023,13106313621,1320880586,115496735.3,184946376.8,85135110.11,30072061.98
6/1/2023,13070322764,1316722426,112786239.1,183756094.1,84389166.35,29722696.2
6/2/2023,13510484435,1352184871,111529255.4,188175884,86447036.38,30263014.03
6/3/2023,13465704117,1344744556,116578418.5,186730317.2,85891804.33,29918085.11
6/4/2023,13450632861,1346423000,116367700.8,186541604.1,85751358.64,28841978.18
6/5/2023,12902213858,1299943816,121219538.7,178918456.6,82255537.84,27494095.13
6/6/2023,13436316062,1354477392,110235196.2,185721208,85423556.17,28368362.35
6/7/2023,13164071758,1329343282,116842574.2,181139506.2,83239731.85,27468870.47
6/8/2023,13320431750,1343167845,107140347.7,182925536.8,83973327.07,27513075.62
6/9/2023,13257999739,1343601348,107598371.9,182216772.9,83819608.75,27275531.96
6/10/2023,12643181020,1284210946,103040002.4,173880445.2,79955357.95,25841726.74
6/11/2023,12644703578,1282421968,94394210.7,173754499.2,80208815.49,25651224.89
6/12/2023,12583801974,1277154198,93819691.58,172632562.7,79734842.43,25331369.71
6/13/2023,12559398198,1277402787,94458592.68,172136674.7,79386974.95,25073469.93
6/14/2023,11952337986,1217078378,94457592.02,163783272.6,75560280.04,23678849.32
6/15/2023,12078215491,1234210695,92995534.23,165297159.5,76478816.62,23742094.76
6/16/2023,12482761333,1274346880,93550570.81,170374126.5,77754798.75,24314207.68
6/17/2023,12581966311,1284721465,96659467.31,171635409.9,78299570.05,24313268.95
6/18/2023,12545513982,1280657690,98837767.69,170922796.2,78423206.36,24042824.37
6/19/2023,12723596438,1294212435,95661221.39,172401647.4,79739139.56,24090856.69
6/20/2023,13162377025,1342950756,102629866.6,178091930,82350019.55,24713667.68
6/21/2023,13951130202,1417798862,105833403.6,188334418.4,87062464.74,25943607.84
6/22/2023,13802463175,1404731466,111875588.5,186295385,86674377.08,25462113.84
6/23/2023,14046126114,1420333271,105491216.3,188410363.9,87354214.32,25554210.37
6/24/2023,13939037572,1408078789,110957842.3,186923187.1,86698764.46,25162831.71
6/25/2023,14143342115,1426996778,106993727.1,189219266.7,87930030.04,25290799.34
6/26/2023,13842709215,1396126118,108308102.9,185030603.6,86395533.6,24555460.44
6/27/2023,14121183480,1423238175,104143230.9,188281915.6,87849471.01,25898906.96
6/28/2023,13697443422,1382752258,104433150.6,182464005.8,85094358.46,25264467.48
6/29/2023,13903348241,1400816339,102800717,184760179.2,86703307.01,25774052.14
6/30/2023,14519417836,1463927147,118020469.1,192782000.5,90908955.14,27548654.6
7/1/2023,14548177324,1458098629,121957156.9,192161494.8,90940167.78,27216040.71
7/2/2023,14679492833,1482434973,118020932.4,193383450.7,91529845.92,27704682.57
7/3/2023,14819902289,1496484981,125007056.2,195211731.7,92327083.96,28227115.54
7/4/2023,14722122592,1483441170,125341629.7,194230173,91800949.57,27850000.37
7/5/2023,14523464597,1461935916,119491855.1,191421230.5,86087820.6,27266253.81
7/6/2023,14118969760,1416748138,124920966.6,185583300.8,83377201.39,26231475.64
7/7/2023,14280952096,1429759393,130274776.2,187179788.8,84092504.23,26283268.01
7/8/2023,14261990433,1426669695,140429525.4,186842498,83859763.47,26036900.98
7/9/2023,14257014839,1428908206,142423571.4,187010865.6,83801954.78,25850279.71
7/10/2023,14395067403,1444775329,137239269,188750389.9,84577873.32,25913639.15
7/11/2023,14422544753,1448645615,138374551.8,188649155.5,85098936.96,25725354.18
7/12/2023,14376572603,1444588002,142955599.8,188073322.1,84289666.6,25459171.49
7/13/2023,15487383685,1547025740,140903260.6,201219602.2,90268174.75,27055626.89
7/14/2023,15051137531,1495744312,190618353.9,195006469.5,87282346.25,25974330.71
7/15/2023,15027049111,1497904784,176952995.3,194737417.5,87219870.64,25705731.16
7/16/2023,14977110247,1491560942,178040077.5,193834870.2,87237449.09,25410722
7/17/2023,14916734254,1484525168,179444511.4,193164877.2,86046010.11,25102599.79
7/18/2023,14790967658,1474985434,174085620.6,191681490.9,85344156.98,24717687.75
7/19/2023,14747292854,1469228848,167193045,190993692.6,84818444.28,24436439.78
7/20/2023,14798228333,1474000642,170938566.3,191508690.6,84388061.74,24320646.92
7/21/2023,14810167613,1489276709,163416108.1,191431676.7,76629579.43,24124013.31
7/22/2023,14604429417,1458245747,167558957.5,188800046,75458930.46,23601908.17
7/23/2023,14788799470,1477811880,157933713.4,191930179.1,76284889.05,23683899.58
7/24/2023,14545445830,1453551405,160355455,188314488,74791117.21,23056717.19
7/25/2023,14643886423,1458661868,143790779.8,189183706,73628989.72,22971761.52
7/26/2023,14761790705,1468977374,151234661.8,190624743.8,74135740.08,22952874.85
7/27/2023,14721839644,1459907484,160451569,189409284.9,73670668.04,22632957.4
7/28/2023,14899252267,1472753343,164378816.3,191076336.2,74346666.32,22663385.3
7/29/2023,14973174562,1478357873,162316201.6,191717211.9,74542159.32,22555334.94
7/30/2023,14840422922,1463509449,163380785.1,189803673.7,73395323.05,22153871.89
7/31/2023,14798059534,1458450172,159416756.3,189120761.5,73505892.24,21900462.96
8/1/2023,14936172065,1467113548,155668102.5,190697153.7,73701312.46,21915176.14
8/2/2023,14729778649,1443950584,156412688,187789996.9,72470604.22,21375371.03
8/3/2023,14700418857,1441041555,150308680.2,187424784.7,72290531.32,21155684.07
8/4/2023,14620605170,1433877110,146258820.3,188984920.4,71934204.52,20867142.65
8/5/2023,14746671450,1442519789,146571464.7,190018148,72264319.99,21040959.3
8/6/2023,14678203282,1434852203,146595889.8,189173614.4,71917894.25,20797829.78
8/7/2023,14674811364,1429293151,149424316,189071639.6,71673542.49,20647627.66
8/8/2023,14920988884,1447524176,150932784.6,192235919.4,72875192.52,20815805.62
8/9/2023,14955147134,1448185050,159023042.5,191920275.2,71066910.75,20609110.35
8/10/2023,14944609179,1445431309,157546457.1,191592927.2,70920137.88,20418320.67
8/11/2023,14974233648,1442408523,160502403.1,191318223.5,70754679.87,20211581.16
8/12/2023,15039146388,1445645081,160317339.1,191499169,70785543.14,20206194.93
8/13/2023,14954728031,1434204670,161449786.7,191665484.4,70352240.05,19961318.15
8/14/2023,15032647459,1440614629,157499394.2,192312766.5,70608025.29,20033281.97
8/15/2023,14939390514,1428291193,163805855.5,190681600.5,69977281.72,19858657.14
8/16/2023,14777542491,1412008012,155504095.5,188353711.8,69103264.33,19614583.39
8/17/2023,13806800189,1318865114,149714837.6,175727006,56600821.26,18113386.55
8/18/2023,13638717013,1301441703,143457829.1,173290068.8,55801051.89,17702148.6
8/19/2023,13751711110,1310282936,141554436.6,174244567.9,56084524.86,17634256.59
8/20/2023,13890645845,1322239120,144097348.4,175733622,56518651.06,17626664.42
8/21/2023,13846029804,1311081791,141853263,174154984.4,55981733.99,17306904.18
8/22/2023,13629127216,1284400123,139225777.2,170451373.1,54865839.91,16789969.41
8/23/2023,14058913033,1331623800,112405578,175296946.9,56341919,17108076.13
8/24/2023,13929773016,1321867237,118953971.4,173415041.8,55720597.42,16761615.33
8/25/2023,13868402556,1311869739,114230977.5,174562091.9,55215896.71,16477294.58
8/26/2023,13879637581,1312159989,110584611.5,174283234.9,54207486.01,16297061.25
8/27/2023,13981617360,1325255941,109442502.4,175598901.6,54572732.62,16256575.51
8/28/2023,13946198184,1322360930,111731947.1,175118399.2,54319588.96,16062520.38
8/29/2023,14742787850,1382796942,110691788.6,183018561.7,56729863.47,16628196.46
8/30/2023,14595969362,1369441100,117011902,180723356,55497000.22,16251250.02
8/31/2023,14104910900,1326524604,111695177.7,174532180.1,52578241.84,15535355.97
9/1/2023,13966441702,1313424358,105661410.2,172788467,52057003.84,15227531.8
9/2/2023,14046059546,1321064805,103275443.7,173628224.2,52169384.13,15146055.37
9/3/2023,14031987307,1321030435,103673125.5,173515005.4,52102034.41,14974271.34
9/4/2023,14019567289,1326561368,104323936.7,172995980.7,51843360.3,14774145.59
9/5/2023,14066139090,1330211120,103508940.6,173306294,51985261.82,14648280.98
9/6/2023,14066088639,1330852391,107761430.5,173380333,51398404.6,14496049.6
9/7/2023,14219274838,1335604978,103907508.5,174827049.1,51816272.4,14590404.71
9/8/2023,14141224055,1328787899,105768370.3,173816097.2,51490059.98,14504488.45
9/9/2023,14134602437,1327324774,103194363.4,173776481.5,51442145.28,14490802.67
9/10/2023,13980285748,1312957219,103225602.4,171804123,50878969.02,14330557.52
9/11/2023,13408303974,1258562496,95893699.95,164657853.8,48545609.27,13728195.88
9/12/2023,13810044863,1294511257,94898999.36,169206099.7,49848352.73,14114758.64
9/13/2023,13935798590,1305322989,96249135.19,170718783.9,50286547.54,14210643.05
9/14/2023,14115352556,1318249792,99622144.53,172808445,50846702.92,14381974.27
9/15/2023,14273093754,1331248449,100900351.7,174468902.9,51340268.68,14520921.4
9/16/2023,14212599353,1322912698,102319022.4,173820904.9,51125474.26,14460156.92
9/17/2023,14088774108,1313335171,101010303,172224189.3,50683692.91,14337109.71
9/18/2023,14275634301,1327285640,99113522.09,174059157.4,51125286.57,14283639.78
9/19/2023,14333899020,1333993306,104546072.1,174759627.3,51264964.76,14719404.42
9/20/2023,14194337741,1319810513,105939407.8,172740465.7,50646643.66,14390738.93
9/21/2023,13863204702,1289543107,107295445.3,168678763.7,49495806.09,13901645.82
9/22/2023,13936899773,1295257545,103177466.7,169665614.8,49748984.48,13832153.39
9/23/2023,13960727805,1295741849,103361209.7,169592065.2,49741448.83,13693815.37
9/24/2023,13854798377,1285735644,103553204.3,168106077.3,49312415.38,13545115.44
9/25/2023,13946669465,1295982912,101624834.1,169173636.4,49636941.37,13632708.62
9/26/2023,13966782491,1296431766,102000841.2,169424280.8,49680471.79,13649359.11
9/27/2023,14033812290,1300486661,107908576.2,170067074.2,49857490.64,13697431.52
9/28/2023,14518258618,1344429526,107811385.9,175916453.1,51587071.29,14172514.84
9/29/2023,14672579456,1355899318,111461772.1,177372014.6,52016459.45,14306148.81
9/30/2023,14784249563,1361911467,113586522.7,178190331.4,52244336.11,14369018.19
10/1/2023,15265116964,1408763603,118470515.3,184079952.1,53975457.24,14852241.14
10/2/2023,14677961714,1355245045,132239433.1,176965359.7,50428869.74,14325628.46
10/3/2023,14656872349,1351099294,130316954.1,176331565.9,50270598.2,14280685.14
10/4/2023,14595957018,1344224920,129736411.5,175627991.4,50005297.32,14204681.5
10/5/2023,14292151854,1317172540,127714109.4,171935979.6,48940486.23,13877419.79
10/6/2023,14582679014,1346212195,126316728,175369599.3,49869580.65,14157845.12
10/7/2023,14485236103,1340561133,129780867.9,174253717,49538765.11,14063195.5
10/8/2023,14470313373,1339615652,127745972.7,174048491.9,49485050.92,14047793.77
10/9/2023,14013453113,1299086815,131252922.2,168550456.7,47889800.65,13532597.85
10/10/2023,13885381825,1287921501,124436573.4,166999984.2,47432127.57,13406118.23
10/11/2023,13861505747,1287145833,124302412.7,166842704.9,47336080.57,13384501.9
10/12/2023,13631834716,1261065004,122871201.1,164143974.8,46547671.13,13160405.17
10/13/2023,13760434223,1272551770,119932507.8,165671574,46946890.99,13282871.8
10/14/2023,13791147108,1281343359,122487462.2,166053605.3,47556073.7,13196153.6
10/15/2023,13804651920,1282655822,120587474.7,166235887.6,47643288.51,13208899.43
10/16/2023,14205866549,1318494966,122783940.4,170630998.6,48898105.94,13425487.16
10/17/2023,13887189087,1289489779,133915106.2,166882894.2,47768869.83,13124027.72
10/18/2023,13873101224,1289407017,133703476.9,166719417.6,47729510.28,13113005.29
10/19/2023,13919548876,1293053609,131315450.6,167833829.7,47906308.04,13011397.59
10/20/2023,14256332240,1321646155,140003869.3,171892299,49077302.53,13324966.75
10/21/2023,14470131225,1339994988,224212469.4,174407908.9,49786998.63,13506693.83
10/22/2023,14749773676,1362054647,244897692.9,177894165.7,50668095.56,13611566.24
10/23/2023,15632395543,1449464921,240911882.2,189043544.1,53867315.84,14468722.15
10/24/2023,15726591296,1464990376,266342572.8,190858739.5,54456365.11,14625978.96
10/25/2023,15740366227,1463122293,253709019.5,191240332,54508814.42,14473542.36
10/26/2023,15931679522,1477221262,274219326.9,192951630.1,55036908.81,14614154.39
10/27/2023,15730325060,1459971565,275091665.8,190599830.4,81063872.79,14316929.21
10/28/2023,15698987957,1456848509,270300162.3,190501716.7,54267858.03,14283515.33
10/29/2023,15890058388,1474089590,268174630.2,192784992.6,54891851.94,14453117.82
10/30/2023,16020814015,1467140381,277221441.9,194559954.5,55334582.84,14545093.1
10/31/2023,16078521016,1473302436,317459683.6,194152498,55488178.15,14583734.23
11/1/2023,16365031442,1500748152,332153984.2,197421724.1,56474295.71,14843126.34
11/2/2023,15978623608,1464092459,365287345.5,192750009.8,54083054.01,14476593.53
11/3/2023,16232455676,1492241564,354175130,196206154.5,54997825.92,14721313.47
11/4/2023,16546111245,1520546754,370675722.6,199048135.5,55796045.91,14790741.58
11/5/2023,16957615637,1551957462,368171085,202738347,56945471.65,14914076.9
11/6/2023,17036484589,1553710569,356107993.8,203490502.2,56988323.93,14929756.83
11/7/2023,16965782442,1544353478,369471321.6,203715630,56610160.98,14831727.77
11/8/2023,17037183981,1550920258,384011707.5,204207249.6,56762442.65,14707025.69
11/9/2023,19096168586,1740458503,387457356.6,228583175.4,63481221.67,16275188.25
11/10/2023,18762782014,1708785428,414312182.7,224472199.2,62376165.56,15993339.68
11/11/2023,18488908317,1678661869,515647648.3,221107454.8,61481415.09,15664901.91
11/12/2023,18417413949,1671987397,521337908.8,220440248.6,61034132.22,15591638.9
11/13/2023,18551031507,1688111724,512907564.5,222552041.8,61491751.27,15515743.2
11/14/2023,17878339076,1640401905,486775819,215613828.1,59219817.88,14760408.9
11/15/2023,18522889883,1703221664,521163266.4,221721918.8,51748484.51,15132671.98
11/16/2023,17623618716,1625374677,598119679.7,211813230.2,51324347.28,14243400.35
11/17/2023,17662852393,1626206201,528568776.4,211903499.1,49090821.99,14051330.13
11/18/2023,17692868948,1629179563,535282070.9,213335985.6,49120809.16,13884101.74
11/19/2023,18159880877,1669164067,532652760,218320267.9,50247267,14212804.17
11/20/2023,18335403885,1683397582,554999100,220669272.1,50468038.77,14142754.34
11/21/2023,17599567970,1613145046,523950102.2,212218202.9,48342428.72,13546803.1
11/22/2023,18928081411,1718238654,485565826.3,226188265.8,51413417.2,14240909.53
11/23/2023,19001623643,1715452078,536302394.8,226240478.8,51311056.5,14212342.61
11/24/2023,19185767776,1731617136,529050678.2,228300697.8,51713017.29,14324768.88
11/25/2023,19113631623,1722924457,533362362.6,227111022.5,51362525.67,14232077.31
11/26/2023,19122888616,1722253983,550428166.5,226978556.5,51305896.23,14230907.25
11/27/2023,18766675318,1687591847,544308345.4,222400056.7,50282234.75,13930253.86
11/28/2023,18999742756,1708603710,521943542.9,217909609.8,50676676.96,14098286.27
11/29/2023,18853598092,1692980796,556493642.1,212046906.2,50214560.69,13969376.15
11/30/2023,19113767280,1710283986,569398747,212653264.3,50805277.03,14122444.14
12/1/2023,19476920420,1740467350,567959426,216739929.4,51694506.05,14370575.93
12/2/2023,20179282081,1804027486,577873348.3,224636789.4,53523684.28,14893659.94
12/3/2023,20492693952,1831029609,618422963.3,227718034.4,54271336.67,15108465.14
12/4/2023,20906761636,1866973266,613421224.7,231716255.3,55315983.79,15403276.15
12/5/2023,21350800413,1908156488,601256489.5,236372534.1,56557478.94,15751512.69
12/6/2023,20764899510,1855460654,606016345.1,237126568.8,55190106.74,15163377.89
12/7/2023,21828098257,1956797056,613027067.3,252350358.8,58060708.15,15800285.99
12/8/2023,21883406648,1961857313,686941397.5,237403701.7,58177566.73,15825673.86
12/9/2023,21674997406,1948587346,774524591.7,235849938,57658972.77,15462286.6
12/10/2023,21822252334,1963850476,752544061.9,237568783.6,58048792.73,15347459.83
12/11/2023,20594754888,1853285202,788463502.9,224213521.7,54791839.02,14279292.99
12/12/2023,20408391302,1836371517,756126845.8,222249515.3,54259403.08,14408834.84
12/13/2023,20996924031,1888066986,736340827.9,228385097.9,55813972.38,14425189.02
12/14/2023,21483701280,1938473656,767442802.5,233296093.7,57112740,14544770.45
12/15/2023,20579655615,1864710759,818004170.9,223380018.2,54713054.78,13728934.64
12/16/2023,20592649735,1869998509,791041925.7,217402527.5,54873889.19,13767865.71
12/17/2023,20271586454,1864686779,790374799.3,215079449,54313925.04,13422034.35
12/18/2023,20375946885,1873692974,767906698.3,227550032.6,54614485.31,13284431.88
12/19/2023,20023753500,1840368966,796224103.8,212907316.1,53693149.97,13260986.16
12/20/2023,20192579435,1854988922,789135322.1,213549843.5,54041178.13,12965512.65
12/21/2023,20593735465,1892053298,887725315.3,218704171.5,55310121.35,13013002.79
12/22/2023,21393212768,1965286333,1025369823,227268444.4,57386886.08,13302225.29
12/23/2023,21243823740,1954486336,1058009129,222434744.1,56403678.44,12994879.31
12/24/2023,20724445332,1935919502,1179412302,218057324.2,55328928.47,12532692.31
12/25/2023,20801902991,1949073704,1215085153,218970592.4,54309584.63,12588174.9
12/26/2023,20373974519,1912081927,1302391340,214487720.2,52954716.16,12123246.24
12/27/2023,21858827945,2041128218,1191181696,229020554.9,56407289.15,12715135.76
12/28/2023,21614371351,2012775995,1159130332,225717900.1,55683442.31,12332559.13
12/29/2023,21122585308,1966589009,1078405966,221194066.5,54446788.82,11839565.22
12/30/2023,21243184213,1967691940,1167149650,221529522.6,54354278.2,11630334.17
12/31/2023,21118537151,1948724763,1132412675,221105807.1,53995685.61,11340934.38
1/1/2024,21794799689,2015663260,1134758604,228004841.2,55564266.49,11476255.09
1/2/2024,21856188983,2021744506,1219336344,228968985.8,55788781.87,11471100.86
1/3/2024,20531852763,1890594244,1169151285,214013134.1,52214367.99,10526443.13
1/4/2024,21133587468,1945468866,1086771507,221162422.1,53768434.74,10627696.7
1/5/2024,21089955851,1935506272,1113721883,220278320.2,53582199.65,10597841.82
1/6/2024,20836246176,1913021727,1059289485,217502152.3,52928196.66,10056929.21
1/7/2024,20652585129,1896050263,1018232970,215275380.9,52463904.69,9946262.26
1/8/2024,21715524411,1995604535,957332023.2,226079308.2,55172269.55,10241610.13
1/9/2024,21745740281,2010778013,1032608330,226589549.2,55544598.23,10055241.08
1/10/2024,24147835262,2220824815,1052475163,250017172.1,61321384.18,11105616.22
1/11/2024,24537975822,2251813305,1078211382,253445662.1,62160400.06,10799425.84
1/12/2024,23566019299,2168511013,1051153331,243647346,59722465.44,10370946.78
1/13/2024,24128243694,2219443726,960172634.3,249639749.3,61106553.25,10461640.45
1/14/2024,23183958414,2132724153,992657460.7,240597600.9,58809011.4,10052502.8
1/15/2024,23531486007,2180072346,996189566.9,243584272.6,59688918.78,9926357.44
1/16/2024,24240985194,2245624255,987600109.2,250424132.8,61203431.63,10261623.17
1/17/2024,23588004377,2190150704,1035918279,245210929.1,59692203.81,10017133.52
1/18/2024,23049508562,2136636540,1061561655,239155364.9,58275545.03,9774899.19
1/19/2024,23288275330,2147683540,983320451.8,241208530.8,58819899.43,9635371.42
1/20/2024,23136467326,2129518931,967459199.1,239644099.7,58133878.36,9565219.7
1/21/2024,23018170433,2115773527,959351875.4,239004617.3,57833175.5,9287810.54
1/22/2024,21689462194,1993715315,946911268.8,225359576.8,54445021.62,8550948.47
1/23/2024,20961024752,1928099038,875507920.7,217888652.7,51686953.88,8073597.41
1/24/2024,20972997692,1927155003,882477944.4,217330480.7,51629423.12,7859328.93
1/25/2024,20822549231,1912543968,932816285.4,216063427.2,51233003.27,7735369.2
1/26/2024,21330294849,1952499835,909882183.3,221394548.9,52349249.33,7902839.05
1/27/2024,21354875846,1953194743,969337049.5,221208671.9,52351545.12,7902716.31
1/28/2024,21271378623,1942008330,981442352,220077248.7,52069067.01,7866510.29
1/29/2024,21829897329,1990980991,1004321658,226067226.1,52374828.42,8016958.96
1/30/2024,22140334125,2016072139,1064340785,229850285.4,53083481.63,8125237.97
1/31/2024,21571737364,1963274675,1057374342,223000186,51614130.15,7911863.45
2/1/2024,21778520053,1976959498,1011190187,224437085.2,51994221.85,7969679.78
2/2/2024,21951752196,1984756463,1041217455,224999932.3,52146850.67,7994568.61
2/3/2024,21862684677,1977308080,1064604216,224349609.8,51915187.86,7962198.96
2/4/2024,21789011150,1970955563,1020166729,223897506.5,51736424.52,7686306.31
2/5/2024,21864269752,1977519102,993825617.8,225714027.3,51924739.19,7594668.07
2/6/2024,22648235993,2045758877,1005236501,236522279.9,53800615.16,7859371.19
2/7/2024,23162711723,2086961621,1021325244,241326902.7,54958104.7,8019153.61
2/8/2024,23249088281,2089590739,1073062716,241580228.1,54410349.43,8030151.52
2/9/2024,24035049657,2147593133,1093374328,245161299.5,55956838.08,8255199.03
2/10/2024,24149911472,2153244532,1143044861,245640328.7,56121399.52,8275691.62
2/11/2024,24265906586,2160122839,1158646183,246976977.6,56287662.35,8416481.78
2/12/2024,25635968871,2278611572,1158323858,261509381.1,59411503.79,8642299.93
2/13/2024,25627558427,2269710906,1222006945,261757609,59213128.89,8375662.46
2/14/2024,26991106896,2384381970,1201742946,274572197.4,62180013.47,8746210
2/15/2024,27607913545,2430401733,1257287490,278675556.9,63138973.85,8647973.19
2/16/2024,27476003428,2410620681,1264242609,276749055.5,62594858.21,8523196.83
2/17/2024,27335326984,2399275813,1237119409,273206251,62229048.26,8373458.24
2/18/2024,28213372554,2480230475,1222986566,283576426.5,64229021.45,8641871.97
2/19/2024,28962006738,2542020682,1257537033,290537663.5,65756809.83,8862423.8
2/20/2024,29598414913,2594996134,1249418259,297331368.4,66991702.04,9053831.8
2/21/2024,29210363352,2543230331,1209246688,293525868.8,66017885.39,8935909.13
2/22/2024,29318613006,2542597008,1167666692,294231109.4,66163903.12,8794431.28
2/23/2024,28790921648,2489386671,1143918981,289358337.3,63819876.73,8637570.92
2/24/2024,29423380914,2543022444,1121533334,296488811.8,65216007.25,8827987.73
2/25/2024,30596048650,2641978270,1155398795,309428463.4,67813609.22,9179793.43
2/26/2024,31321100370,2704556592,1155677622,316485013.3,69395119.55,9396520.13
2/27/2024,31963928530,2753859264,1229265942,322748265.7,70803817.44,9580072.88
2/28/2024,33249242053,2865449714,1212633662,336620331.6,73703570.23,9963344.05
2/29/2024,32935455718,2828434916,1331727715,333115918.7,72865458.91,9772441.74
3/1/2024,33977789353,2907502715,1387976223,343357529.5,74977201.08,10063876.81
3/2/2024,33785761655,2889304078,1349241969,341195538.8,74527479.36,10005808.19
3/3/2024,34384876428,2938113607,1340945449,346788149.8,75740557.43,10184093.56
3/4/2024,35980780656,3071926508,1386799933,328500501.2,78922401.01,10649126.89
3/5/2024,35262267910,3010433320,1381659235,321892924.2,77323042.72,10423233.92
3/6/2024,37722163286,3221639154,1316646927,343825306.6,82560386.98,11159584
3/7/2024,38222293937,3261741701,1350889597,348316784.9,83422659.38,11291641.15
3/8/2024,38470365703,3268773187,1426007238,350408463.4,83955838.84,11358247.1
3/9/2024,38658897804,3274982192,1430822279,352140885.6,84371312.82,11414187.66
3/10/2024,38357885846,3239172035,1434074877,349047702.6,83611779.51,11313598.41
3/11/2024,40183808002,3379623909,1407683191,367096789.3,87599605.38,11853657.03
3/12/2024,39277416497,3300844915,1460770916,358856885.7,85557451.56,11583776.67
3/13/2024,39598532487,3326131503,1553995471,361724821.7,86281783.76,11675662.9
3/14/2024,38381760969,3225155939,1699758468,350073854.8,83481724.33,11317286.99
3/15/2024,36963591434,3106649536,1851445049,336762146.8,80431907.82,10921097.46
3/16/2024,34561876546,2922940213,1903476889,317033982.4,75723054.96,10203568.53
3/17/2024,35769313123,3018317553,1939913057,328340891.4,78358921.54,10477055.16
3/18/2024,34593892633,2918095487,2079393659,317739004.6,75793354.12,9996474.51
3/19/2024,31075371009,2618908101,2014478474,285439175.5,68060566.62,8979532.88
3/20/2024,34491876238,2903332611,1773781910,316113279.7,75553627.16,9968626.68
3/21/2024,34269663454,2879690922,1908776012,314066695.6,75049777.97,9904713.61
3/22/2024,32623175760,2740123294,1771572738,299000852.9,71354451,9330732.94
3/23/2024,32759731237,2754630878,1730118396,300574008.2,71543362.65,9380134.51
3/24/2024,33828964124,2839747135,1765944292,310813675.2,73945391.61,9696310.82
3/25/2024,34976210880,2952660487,1848666257,353711366.3,76932005.27,9996968.97
3/26/2024,34904788085,2934771007,1925942356,352915414.8,76685937.25,9976051.97
3/27/2024,34044783484,2857172054,1913946032,344496696.1,74443275.83,9730927.65
3/28/2024,34700820225,2908625947,1873287266,351261810.3,75868361.27,9919381.7
3/29/2024,34194670821,2863728296,1930386205,346230133.7,74708622.36,9727713.39
3/30/2024,34137760988,2858028940,1957994982,344793467.2,74577736.57,9640622.26
3/31/2024,35427735277,2965327752,1996874936,357083340.9,77402094.99,10005704.91
4/1/2024,33966638928,2860751516,2041421011,344117511.9,72172821.31,9636552.83
