Date,Lido Finance ($),Rocket Pool ($)
12/17/2020,365.57,
12/18/2020,399.33,
12/19/2020,399.7,
12/20/2020,398.23,
12/21/2020,396.66,
12/22/2020,397.06,
12/23/2020,396.43,
12/24/2020,398.07,
12/25/2020,398.56,
12/26/2020,398.33,
12/27/2020,401.2,
12/28/2020,402.41,
12/29/2020,404.25,
12/30/2020,405.25,
12/31/2020,403.51,
1/1/2021,403.47,
1/2/2021,405.03,
1/3/2021,416.35,
1/4/2021,417.14,
1/5/2021,653552278.2,
1/6/2021,635321448.3,
1/7/2021,512418720.8,
1/8/2021,540470965.8,
1/9/2021,303519429.9,
1/10/2021,356374257.5,
1/11/2021,316412925.3,
1/12/2021,298445263.9,
1/13/2021,382853605.2,
1/14/2021,384149354.1,
1/15/2021,337857218.1,
1/16/2021,312492447.8,
1/17/2021,274910130.9,
1/18/2021,279013285.2,
1/19/2021,305448929.4,
1/20/2021,278330579.9,
1/21/2021,214820566.9,
1/22/2021,225110749.7,
1/23/2021,274438653.2,
1/24/2021,489773633.6,
1/25/2021,371923608.2,
1/26/2021,670779709.9,
1/27/2021,545798022.5,
1/28/2021,490908624.1,
1/29/2021,502868801,
1/30/2021,492177707.4,
1/31/2021,691571840,
2/1/2021,1054595165,
2/2/2021,1001800316,
2/3/2021,1081293104,
2/4/2021,934472510.5,
2/5/2021,1035353692,
2/6/2021,953470985.1,
2/7/2021,905807420.9,
2/8/2021,949962555.8,
2/9/2021,869905883.9,
2/10/2021,776770086,
2/11/2021,790942964.2,
2/12/2021,818658288.9,
2/13/2021,844121124.1,
2/14/2021,864128737.1,
2/15/2021,886636375.2,
2/16/2021,900755486.8,
2/17/2021,755744688.7,
2/18/2021,739920753.1,
2/19/2021,605658001.8,
2/20/2021,537378865.6,
2/21/2021,538485997.1,
2/22/2021,499789589.5,
2/23/2021,383567196.3,
2/24/2021,369116201.9,
2/25/2021,332118906,
2/26/2021,322674534.3,
2/27/2021,319609287.6,
2/28/2021,288272319.9,
3/1/2021,291206304.4,
3/2/2021,306045167.1,
3/3/2021,286265950.4,
3/4/2021,234135128.9,
3/5/2021,275828385.9,
3/6/2021,276712589.7,
3/7/2021,250289177.7,
3/8/2021,269191559.1,
3/9/2021,272697203.6,
3/10/2021,240048729.9,
3/11/2021,222026913.4,
3/12/2021,212218017.5,
3/13/2021,220027431.2,
3/14/2021,208265625.5,
3/15/2021,204620728.7,
3/16/2021,225553082.4,
3/17/2021,229588466.1,
3/18/2021,209483179.5,
3/19/2021,204054773.8,
3/20/2021,215067429.1,
3/21/2021,193735476.9,
3/22/2021,184175483.1,
3/23/2021,201773732.5,
3/24/2021,194716505.3,
3/25/2021,192680647.2,
3/26/2021,187807593.8,
3/27/2021,223644632.7,
3/28/2021,220277800.2,
3/29/2021,223168238.7,
3/30/2021,331440314.2,
3/31/2021,385283557.2,
4/1/2021,408538002.6,
4/2/2021,440099788.7,
4/3/2021,509130896.5,
4/4/2021,529904928.8,
4/5/2021,440959252.2,
4/6/2021,405390232.6,
4/7/2021,393458529.9,
4/8/2021,409230088.1,
4/9/2021,423397198.4,
4/10/2021,482201932.6,
4/11/2021,438904514.5,
4/12/2021,376037537,
4/13/2021,409425426,
4/14/2021,336677508.7,
4/15/2021,339318229.8,
4/16/2021,392196909.6,
4/17/2021,373151473.6,
4/18/2021,320838980.1,
4/19/2021,308928350.9,
4/20/2021,335689781.9,
4/21/2021,320138529.1,
4/22/2021,307058154.5,
4/23/2021,297011148.9,
4/24/2021,300440193.4,
4/25/2021,330496428.7,
4/26/2021,331568120.2,
4/27/2021,474619885.4,
4/28/2021,631414133,
4/29/2021,651723191.1,
4/30/2021,969153156.2,
5/1/2021,909637435.2,
5/2/2021,551653475,
5/3/2021,349410275.8,
5/4/2021,310488291.8,
5/5/2021,486728809.8,
5/6/2021,563109738.6,
5/7/2021,599128974.5,
5/8/2021,809406955.6,
5/9/2021,755548421.6,
5/10/2021,736850021.8,
5/11/2021,747710294.6,
5/12/2021,627904882.7,
5/13/2021,644993472.8,
5/14/2021,655701644.5,
5/15/2021,587322131.2,
5/16/2021,552859464.5,
5/17/2021,489796413,
5/18/2021,634901072.9,
5/19/2021,371086419.7,
5/20/2021,496837460.1,
5/21/2021,357522603.3,
5/22/2021,311059794.6,
5/23/2021,279025685.9,
5/24/2021,383452508.1,
5/25/2021,423167198.5,
5/26/2021,416494527.6,
5/27/2021,369870463.9,
5/28/2021,298108882.1,
5/29/2021,282876204.8,
5/30/2021,313965787.2,
5/31/2021,377620633.2,
6/1/2021,353344708.5,
6/2/2021,611043230.4,
6/3/2021,628581391.8,
6/4/2021,587135392.6,
6/5/2021,596927308.1,
6/6/2021,563551134,
6/7/2021,632765801,
6/8/2021,681208114.9,
6/9/2021,727416623.5,
6/10/2021,703204256.1,
6/11/2021,582478484,
6/12/2021,575280470.8,
6/13/2021,603541472.1,
6/14/2021,628175696.8,
6/15/2021,591188326.7,
6/16/2021,517540994.4,
6/17/2021,540941810.4,
6/18/2021,496200189.9,
6/19/2021,502718826.2,
6/20/2021,504073738.3,
6/21/2021,371584028.3,
6/22/2021,377044586.9,
6/23/2021,424853902.1,
6/24/2021,443813961.5,
6/25/2021,380509149.7,
6/26/2021,380054227.7,
6/27/2021,417905843.4,
6/28/2021,434509756.6,
6/29/2021,443707670.5,
6/30/2021,437282875.9,
7/1/2021,409054236.7,
7/2/2021,402790385.9,
7/3/2021,423167658.9,
7/4/2021,446955739,
7/5/2021,414001273.9,
7/6/2021,507821477.5,
7/7/2021,540222749.5,
7/8/2021,496856353,
7/9/2021,509394705.1,
7/10/2021,498255662.1,
7/11/2021,490457414.3,
7/12/2021,451452853.8,
7/13/2021,409409460.3,
7/14/2021,403275897.5,
7/15/2021,403358569,
7/16/2021,382858194.3,
7/17/2021,374580790.1,
7/18/2021,380966449.8,
7/19/2021,355778317.3,
7/20/2021,363940079.8,
7/21/2021,459509248.3,
7/22/2021,467587001.7,
7/23/2021,478791667.6,
7/24/2021,466917985.3,
7/25/2021,469712632,
7/26/2021,479721746.7,
7/27/2021,483868783.6,
7/28/2021,494021003.6,
7/29/2021,546926173.2,
7/30/2021,652572161.9,
7/31/2021,865808897.9,
8/1/2021,933020204.1,
8/2/2021,910487517.6,
8/3/2021,866465217.9,
8/4/2021,1080310556,
8/5/2021,1242907168,
8/6/2021,1175411691,
8/7/2021,1213647966,
8/8/2021,1068135739,
8/9/2021,1219328259,
8/10/2021,1188445679,
8/11/2021,1149999019,
8/12/2021,1052381894,
8/13/2021,1185163039,
8/14/2021,1185152809,
8/15/2021,1165956250,
8/16/2021,1027451717,
8/17/2021,904551877.6,
8/18/2021,1237466880,
8/19/2021,1472442765,
8/20/2021,1488021980,
8/21/2021,1501298021,
8/22/2021,1322386891,
8/23/2021,1371979514,
8/24/2021,1273489270,
8/25/2021,1380259718,
8/26/2021,1290524181,
8/27/2021,1419662672,
8/28/2021,1389555123,
8/29/2021,1380491109,
8/30/2021,1177671559,
8/31/2021,1217831610,
9/1/2021,1319876947,
9/2/2021,1263704477,
9/3/2021,1268935447,
9/4/2021,1146216508,
9/5/2021,1133816412,
9/6/2021,1086983233,
9/7/2021,1007461136,
9/8/2021,1174751019,
9/9/2021,1393535047,
9/10/2021,1275965597,
9/11/2021,1346820444,
9/12/2021,1276070597,
9/13/2021,1233028221,
9/14/2021,1332098858,
9/15/2021,1208815424,
9/16/2021,1326883276,
9/17/2021,1230009844,
9/18/2021,1282528534,
9/19/2021,1285838152,
9/20/2021,1126010220,
9/21/2021,1037351633,
9/22/2021,1225496706,
9/23/2021,1162012075,
9/24/2021,1117155190,
9/25/2021,1093615810,
9/26/2021,1190320226,
9/27/2021,1042792550,
9/28/2021,1066777004,
9/29/2021,1053025724,
9/30/2021,1117936119,
10/1/2021,1216398680,
10/2/2021,1171975794,
10/3/2021,1092826795,
10/4/2021,977803376.4,
10/5/2021,1001169731,
10/6/2021,976706776.1,
10/7/2021,960942011.2,
10/8/2021,907964630.4,
10/9/2021,900203759.9,
10/10/2021,872686356.3,
10/11/2021,863271896.3,
10/12/2021,814347469.2,
10/13/2021,858900312.8,
10/14/2021,943852799,
10/15/2021,924062217.9,
10/16/2021,854953333.5,
10/17/2021,813371484.5,
10/18/2021,768604157.5,
10/19/2021,776611469.5,
10/20/2021,883759893.3,
10/21/2021,812705757.8,
10/22/2021,817429243.8,
10/23/2021,846833342.8,
10/24/2021,813691436,
10/25/2021,780142640.2,
10/26/2021,824338321.7,
10/27/2021,761587524.5,
10/28/2021,788592144.3,
10/29/2021,833443422.3,
10/30/2021,811068417.4,
10/31/2021,780157964.9,
11/1/2021,753769537.7,
11/2/2021,728576886.4,
11/3/2021,672012846.6,
11/4/2021,635462211.5,
11/5/2021,771902903,
11/6/2021,927286379.4,
11/7/2021,942881581.4,
11/8/2021,943774997.5,
11/9/2021,946706478.6,
11/10/2021,980122512,
11/11/2021,973677718.9,
11/12/2021,1005291962,
11/13/2021,1223519831,
11/14/2021,1157545745,
11/15/2021,969903390.3,
11/16/2021,856342793.3,
11/17/2021,872949342,
11/18/2021,862930613.5,
11/19/2021,1121133118,
11/20/2021,1074914457,
11/21/2021,970553877.1,
11/22/2021,854882380.6,
11/23/2021,844097932.8,
11/24/2021,854407295.4,
11/25/2021,884743166.5,
11/26/2021,839842977.1,
11/27/2021,785183006.6,
11/28/2021,889229217.5,
11/29/2021,965748956.5,
11/30/2021,957613971.7,
12/1/2021,843638895.4,
12/2/2021,785678741.9,
12/3/2021,749455504.9,
12/4/2021,715124773.8,
12/5/2021,953097346.3,
12/6/2021,878341174.4,
12/7/2021,819716462.3,
12/8/2021,864790155.2,
12/9/2021,741168506.8,
12/10/2021,728383928,
12/11/2021,690905912.4,
12/12/2021,706601251.4,
12/13/2021,582516760.4,
12/14/2021,672360632.7,
12/15/2021,686963575.9,
12/16/2021,768864051,
12/17/2021,722268618.8,
12/18/2021,693115647.5,
12/19/2021,649577708.1,
12/20/2021,660830912.5,
12/21/2021,687878259.1,
12/22/2021,704067464.6,
12/23/2021,696347498.3,
12/24/2021,662135791.6,
12/25/2021,664788531,
12/26/2021,626097934,
12/27/2021,672504422.9,
12/28/2021,684237826.6,
12/29/2021,600043843.6,
12/30/2021,682771724.5,
12/31/2021,699751042.2,
1/1/2022,814048292.3,
1/2/2022,830251770.8,
1/3/2022,744890805.5,
1/4/2022,741651417.8,
1/5/2022,735279585.5,
1/6/2022,665224983.4,
1/7/2022,594285609.4,
1/8/2022,592798087.4,
1/9/2022,635864508.9,
1/10/2022,590405649,
1/11/2022,657936436.8,
1/12/2022,642671000.3,
1/13/2022,587778444,
1/14/2022,569632409.4,
1/15/2022,568234673.4,
1/16/2022,560266432,
1/17/2022,495322637.6,
1/18/2022,536051356.7,
1/19/2022,500336294.8,
1/20/2022,486441720,
1/21/2022,449113288.8,
1/22/2022,393073175.2,
1/23/2022,388071478.7,
1/24/2022,395147041.6,
1/25/2022,389539610.5,
1/26/2022,382281339.4,
1/27/2022,411039429.4,
1/28/2022,395618461.8,
1/29/2022,401384755.2,
1/30/2022,419722368.5,
1/31/2022,455209777.2,
2/1/2022,460808177.9,
2/2/2022,473801012.4,
2/3/2022,447081581.3,
2/4/2022,465744724.2,
2/5/2022,468539586.2,
2/6/2022,486649582.6,
2/7/2022,486937306.1,
2/8/2022,475034450.1,
2/9/2022,455880456.1,
2/10/2022,397664575.2,
2/11/2022,373843748,
2/12/2022,378559454.7,
2/13/2022,352846369.5,
2/14/2022,362122479.4,
2/15/2022,410833543.6,
2/16/2022,423296296.8,
2/17/2022,378819325.6,
2/18/2022,355475669.1,
2/19/2022,346777062.6,
2/20/2022,311209922.2,
2/21/2022,318574474.4,
2/22/2022,383460971.3,
2/23/2022,348957245.3,
2/24/2022,338715072,
2/25/2022,375480042.5,
2/26/2022,372813569.1,
2/27/2022,373273375.1,
2/28/2022,444743516.9,
3/1/2022,468205932.9,
3/2/2022,455828025.7,
3/3/2022,475759053.5,
3/4/2022,482249690,
3/5/2022,491532789.6,
3/6/2022,443805480.1,
3/7/2022,435260181,
3/8/2022,426559227.4,
3/9/2022,502625248.5,
3/10/2022,480621810.8,
3/11/2022,471586554.9,
3/12/2022,501476308.9,
3/13/2022,508715271.2,
3/14/2022,486102001.9,
3/15/2022,553749492,
3/16/2022,638589984.5,
3/17/2022,586118418.9,
3/18/2022,649047676.4,
3/19/2022,727380981.6,
3/20/2022,614283799.1,
3/21/2022,694435148.2,
3/22/2022,721843104.7,
3/23/2022,703846749.6,
3/24/2022,728091671,
3/25/2022,698289659.4,
3/26/2022,666721279.9,
3/27/2022,734965347,
3/28/2022,774398219.1,
3/29/2022,784623593.9,
3/30/2022,771329304.6,
3/31/2022,729303660.2,
4/1/2022,856048658.5,
4/2/2022,882343761.3,
4/3/2022,962412244.4,
4/4/2022,979489690.3,
4/5/2022,853824463,
4/6/2022,725423524.4,
4/7/2022,757250629.6,
4/8/2022,667544036.1,
4/9/2022,695312028.8,
4/10/2022,687131231,
4/11/2022,599887395.8,
4/12/2022,602056661.5,
4/13/2022,679189097.8,
4/14/2022,585855147.4,
4/15/2022,613141325.6,
4/16/2022,608118620.4,
4/17/2022,562340937.8,
4/18/2022,588310664.7,
4/19/2022,593770805.2,
4/20/2022,580656680.1,
4/21/2022,552543457.1,
4/22/2022,556244694.9,
4/23/2022,557843353.5,
4/24/2022,608220153.6,
4/25/2022,654923541.6,
4/26/2022,589733923.3,
4/27/2022,636290358.8,
4/28/2022,702278692,
4/29/2022,618524530.3,
4/30/2022,571844206.2,
5/1/2022,570970595.4,
5/2/2022,558670262,
5/3/2022,543411480.8,
5/4/2022,609723122.4,
5/5/2022,553017859.9,
5/6/2022,547820273,
5/7/2022,537131007,
5/8/2022,548248093.6,
5/9/2022,391978194.7,
5/10/2022,395845776.3,
5/11/2022,317329355,
5/12/2022,290200262.7,
5/13/2022,298376781.6,
5/14/2022,304048307.4,
5/15/2022,305451075.7,
5/16/2022,294087946.7,
5/17/2022,312373765.8,
5/18/2022,280110744.4,
5/19/2022,291081349.9,
5/20/2022,271459746.7,
5/21/2022,271003877.9,
5/22/2022,272248151.3,
5/23/2022,245150412.6,
5/24/2022,232577505.3,
5/25/2022,229109837.2,
5/26/2022,211793369.2,
5/27/2022,223124437.6,
5/28/2022,217703854.9,
5/29/2022,240960825.3,
5/30/2022,252776903.9,
5/31/2022,222580304.7,
6/1/2022,216889160.8,
6/2/2022,217054619.4,
6/3/2022,211410642.6,
6/4/2022,216561510.1,
6/5/2022,218308395.7,
6/6/2022,224618847.1,
6/7/2022,218884547.5,
6/8/2022,209481046.7,
6/9/2022,212864407.1,
6/10/2022,205103886.4,
6/11/2022,175130418.8,
6/12/2022,164390501.3,
6/13/2022,127936214.4,
6/14/2022,132734598.8,
6/15/2022,134260918.3,
6/16/2022,112860939.5,
6/17/2022,121723054.4,
6/18/2022,100607047.7,
6/19/2022,112092645.3,
6/20/2022,111703865.2,
6/21/2022,115709746.1,
6/22/2022,108731455.8,
6/23/2022,117992964.4,
6/24/2022,133558312.3,
6/25/2022,136508978.9,
6/26/2022,129377728.4,
6/27/2022,122213711.1,
6/28/2022,112999269.8,
6/29/2022,108666537.2,
6/30/2022,99945132.64,
7/1/2022,100078383.3,
7/2/2022,103335077.3,
7/3/2022,108773623.1,
7/4/2022,117251169.9,
7/5/2022,119410456.5,
7/6/2022,130494927,
7/7/2022,137702585.3,
7/8/2022,147583373.6,
7/9/2022,139746976.2,
7/10/2022,130762692.2,
7/11/2022,125650019.1,
7/12/2022,127195617.7,
7/13/2022,177651904.8,
7/14/2022,173832635.8,
7/15/2022,212070981.7,
7/16/2022,252966306.3,
7/17/2022,291484158.5,
7/18/2022,283558848.1,
7/19/2022,278802399.8,
7/20/2022,287755447.7,
7/21/2022,294794509.6,
7/22/2022,279040658.6,
7/23/2022,292294952.2,
7/24/2022,298404172.9,
7/25/2022,267087281.4,
7/26/2022,265775225,
7/27/2022,347739080.8,
7/28/2022,400071978.1,
7/29/2022,429454253.3,
7/30/2022,414232188.8,
7/31/2022,384651562.5,
8/1/2022,371043790.8,
8/2/2022,405276316.4,
8/3/2022,450644289.3,
8/4/2022,425890717.2,
8/5/2022,461975381,
8/6/2022,447138930.1,
8/7/2022,425910168.7,
8/8/2022,416189851.6,
8/9/2022,396500498.3,
8/10/2022,470659900.1,
8/11/2022,456089513.5,
8/12/2022,485594629.5,
8/13/2022,504379741,
8/14/2022,462837203.4,
8/15/2022,470645147.9,
8/16/2022,446594074.8,
8/17/2022,430019569.9,
8/18/2022,393184671.4,
8/19/2022,308142393.8,
8/20/2022,307256209.6,
8/21/2022,352414974,
8/22/2022,356952416.9,
8/23/2022,351663405.8,
8/24/2022,355483063.9,
8/25/2022,354793657.6,8.48
8/26/2022,308790198.3,7.53
8/27/2022,293990873.1,7.46
8/28/2022,286657740.4,7.13
8/29/2022,332835209.7,7.77
8/30/2022,317330689.9,7.63
8/31/2022,346925348.8,318.61
9/1/2022,362883940.3,190.6
9/2/2022,373015173.5,126977.71
9/3/2022,348073209.1,126213.92
9/4/2022,350433158.2,39320.99
9/5/2022,348276256.5,40486.63
9/6/2022,320460201.2,39512.82
9/7/2022,337109420.8,41393.21
9/8/2022,326820240.7,49538.5
9/9/2022,354138569.5,53707.46
9/10/2022,364262119.1,56608.83
9/11/2022,359107085.6,55624.5
9/12/2022,344753988.2,219344.16
9/13/2022,321145004.4,201383.08
9/14/2022,322044032,211352.59
9/15/2022,301019267,177936.73
9/16/2022,311417585.8,177267.7
9/17/2022,330149495.4,182936.63
9/18/2022,296572432.7,77997.27
9/19/2022,315525476.8,81184.22
9/20/2022,309419034.2,78984.98
9/21/2022,311312302.3,73996.07
9/22/2022,311390035.4,77635.6
9/23/2022,306882009.5,77792.46
9/24/2022,294610131.3,77169.41
9/25/2022,279514713,75181.93
9/26/2022,288490309.4,77496.35
9/27/2022,283256818.8,77218.95
9/28/2022,287458299.8,78910.36
9/29/2022,283810179.6,78409.11
9/30/2022,280041759.9,77822.15
10/1/2022,271443868,76981.96
10/2/2022,261075802.1,74913.81
10/3/2022,275040768.2,118261.39
10/4/2022,281585704.5,120825.41
10/5/2022,274022384.2,121966.66
10/6/2022,266965354.9,119779.12
10/7/2022,263524449,118314.98
10/8/2022,261232301.9,117484.55
10/9/2022,259766111.5,118109.17
10/10/2022,239071500.7,109397.97
10/11/2022,239630065.5,105426.93
10/12/2022,231992325.2,106687.31
10/13/2022,231206166.7,104981.89
10/14/2022,235392665.2,107288.7
10/15/2022,242627577.1,106286.45
10/16/2022,243895956.9,30700.24
10/17/2022,270699526.3,31078.39
10/18/2022,260661207.3,30338.19
10/19/2022,249575223.2,30141.59
10/20/2022,263702585.2,29491.86
10/21/2022,261787165.6,29292.76
10/22/2022,258891555,29717.38
10/23/2022,263089141.8,30955.13
10/24/2022,260405679.4,30395.38
10/25/2022,279643006,32253.88
10/26/2022,292094739.1,34763.36
10/27/2022,279271906,163998.83
10/28/2022,286085642.4,163221.96
10/29/2022,281217661.6,167107.14
10/30/2022,270124457.4,166352.91
10/31/2022,265464060.2,365800.15
11/1/2022,258732887.5,1008808.98
11/2/2022,262970207,991784.34
11/3/2022,274665288.8,1038860.2
11/4/2022,293094567.2,1189950.32
11/5/2022,285453007.3,1157957.94
11/6/2022,269312585.1,1134436.42
11/7/2022,280610201.7,1151716.64
11/8/2022,224804709.8,883546.77
11/9/2022,170545274,703688.08
11/10/2022,210892808.4,894654.05
11/11/2022,207759199.6,869911
11/12/2022,195760718.5,810596.89
11/13/2022,190628269.8,745788.95
11/14/2022,199823048.3,764117.87
11/15/2022,210922785.4,781116.99
11/16/2022,211481518.1,745447.16
11/17/2022,213904309.8,738714.91
11/18/2022,210571592.2,756341.07
11/19/2022,206664003,768623.88
11/20/2022,192715139.5,709476.76
11/21/2022,192050721.6,700058.36
11/22/2022,195479400.6,718272.81
11/23/2022,201059265,771088.33
11/24/2022,198521560,775927.75
11/25/2022,195602922.5,763834.01
11/26/2022,192356104,755102.42
11/27/2022,190549099.5,739460.43
11/28/2022,189926696,680068.75
11/29/2022,194565091.6,1128663.25
11/30/2022,201425109.9,1227461.93
12/1/2022,195683056.9,1256562.56
12/2/2022,198563716.7,1334304.27
12/3/2022,193109572.1,1265035
12/4/2022,194507918.6,1303296.79
12/5/2022,190050346.4,1266765.32
12/6/2022,188918399.6,1294370.96
12/7/2022,180622754.2,1243301.71
12/8/2022,186449525.5,1300896.14
12/9/2022,185221919.3,1280093.89
12/10/2022,183446933.7,1272096.99
12/11/2022,183887425.1,1254548.4
12/12/2022,188230462,1223628.2
12/13/2022,197158823.2,1300878.1
12/14/2022,198792723.6,1295731.25
12/15/2022,197640764.3,1223933.89
12/16/2022,179118260.3,1113019.56
12/17/2022,177798872.5,1126602.75
12/18/2022,175968095.7,1114520.09
12/19/2022,170233008.8,1072682.69
12/20/2022,175395614.7,1147913.02
12/21/2022,168998514.9,1134337.64
12/22/2022,163396791.8,1129845.99
12/23/2022,169446206.2,1091825.02
12/24/2022,170895728.4,1081929.64
12/25/2022,173936702.8,1081257.8
12/26/2022,182964805.4,1095443
12/27/2022,178914735,1084733.86
12/28/2022,170415905.5,1040470.42
12/29/2022,172415903.6,1057927.57
12/30/2022,172333892.9,1060657.15
12/31/2022,170614699.4,1064976.84
1/1/2023,187647360.7,1108623.08
1/2/2023,202530148.1,1140528.11
1/3/2023,200544170.9,1131146.38
1/4/2023,224297343.3,1208571.58
1/5/2023,220147732.8,1186233.29
1/6/2023,243368183.3,1750429.91
1/7/2023,237543148.5,1764608.58
1/8/2023,300193961.1,1919979.43
1/9/2023,296201523.8,1916067.49
1/10/2023,295023314.8,1911865.22
1/11/2023,292304951.2,2001689.65
1/12/2023,314166684.3,2103959.52
1/13/2023,321042357,2259842.65
1/14/2023,328849218.6,2442807.23
1/15/2023,337447516.6,2539407.11
1/16/2023,326160100.1,2534934.55
1/17/2023,312173304.3,2469176.26
1/18/2023,305046914.8,2516894.08
1/19/2023,306181572.9,2550600.87
1/20/2023,356107668.8,2996768.41
1/21/2023,361542526.2,2922484.04
1/22/2023,339246261.1,2795545.07
1/23/2023,379098298,3178538.72
1/24/2023,356608861.4,3083089.43
1/25/2023,379874766.7,4163315.28
1/26/2023,352354943.8,4007885.5
1/27/2023,362177533.1,4051518.56
1/28/2023,340626898.7,3942379.72
1/29/2023,353996051,4177976.46
1/30/2023,318846650.8,3860808.73
1/31/2023,336636914.7,3925542.09
2/1/2023,349972437.4,4300954.09
2/2/2023,342931187.7,4469783.89
2/3/2023,355625244.4,4577569.39
2/4/2023,336756148.3,4508546.93
2/5/2023,315420299.5,4389281.13
2/6/2023,335715596,4351984.78
2/7/2023,383210928.2,4542714.1
2/8/2023,378815441.3,4283756.44
2/9/2023,385992865.7,4666332.07
2/10/2023,341442705.5,4509851.3
2/11/2023,355197806.2,4599683.9
2/12/2023,367996097.4,4512441.54
2/13/2023,353973834.9,4078261.29
2/14/2023,377257712.4,4229082.25
2/15/2023,415324813.9,4691316.83
2/16/2023,383930351.4,4578764.27
2/17/2023,436648547,4927351.44
2/18/2023,469886174.3,4980362.58
2/19/2023,425621611,4691091.34
2/20/2023,425619480.5,4656023.26
2/21/2023,408063320.4,4442900.81
2/22/2023,426174359.7,4538493.53
2/23/2023,430427515.1,4630772.09
2/24/2023,417069303.9,4536196.25
2/25/2023,424032795,4430600.71
2/26/2023,447979077.4,4702135.97
2/27/2023,468369710.4,5842936.26
2/28/2023,430634358.3,5512554.76
3/1/2023,435893938.5,5655596.06
3/2/2023,436120680.9,5371343.13
3/3/2023,406123262.3,5012865.3
3/4/2023,371044939.6,4713372.58
3/5/2023,379749220.7,4771677.89
3/6/2023,375068526,4746152.42
3/7/2023,369710846.6,4523519.97
3/8/2023,346316106.5,4307593.45
3/9/2023,334462684.4,4205527.42
3/10/2023,339249597.2,4141988.49
3/11/2023,318284424.9,3874478.12
3/12/2023,358666129.2,4333061.92
3/13/2023,386579624.7,4861497.35
3/14/2023,400245906.1,4983301.42
3/15/2023,343799123.8,4550671.46
3/16/2023,354675572.7,4668071.08
3/17/2023,375908139.9,4996031.94
3/18/2023,363686316.4,4840790.25
3/19/2023,366368588.6,4844118.74
3/20/2023,343416225.1,4503624.71
3/21/2023,353109805.1,4987369.2
3/22/2023,349179676.6,4757540.06
3/23/2023,344354502.4,4861831.2
3/24/2023,319088466.7,4625996.85
3/25/2023,305568522.8,4594215.52
3/26/2023,322754667.5,4855776.13
3/27/2023,311984911.4,4538544.73
3/28/2023,340261110.1,5097172.74
3/29/2023,349077623.4,5093428.59
3/30/2023,340055468.1,4889879.09
3/31/2023,354721289.5,4970095.91
4/1/2023,347719968,4987371.14
4/2/2023,338315370.8,4909612.08
4/3/2023,348293344.1,4740950.96
4/4/2023,366635083.3,5040569.36
4/5/2023,369192631.8,5130041.33
4/6/2023,368521096.8,5002807.71
4/7/2023,355783977.6,4941406.36
4/8/2023,341440200.1,4911880.65
4/9/2023,338212104.1,4939065.57
4/10/2023,352875641.1,5055148.21
4/11/2023,336307239.8,4776978.19
4/12/2023,337417891.9,4767840.22
4/13/2023,353285627.2,5047117.82
4/14/2023,377581622.9,5500820.79
4/15/2023,362713613.9,5562485.13
4/16/2023,369889969.4,6153248.02
4/17/2023,358218474.4,5717315.76
4/18/2023,363548830.5,6276071.1
4/19/2023,326183284.1,5739460.68
4/20/2023,312306041.3,5374405.1
4/21/2023,301423895.3,5113408.96
4/22/2023,307384385.3,5269721.92
4/23/2023,303315250.1,5219871.45
4/24/2023,304580982.5,5104665
4/25/2023,311569323.2,5185183.21
4/26/2023,300864728.8,5187929.91
4/27/2023,310919712.8,5261891.93
4/28/2023,305686230,5012366.96
4/29/2023,306920256.9,5113529.92
4/30/2023,295062667,5019419.94
5/1/2023,287563527.5,5002935.39
5/2/2023,292407936.1,5157791.48
5/3/2023,296392689,5472383.03
5/4/2023,282689057.9,5210689.94
5/5/2023,288177234.1,5406582.55
5/6/2023,273213318.2,5124533.71
5/7/2023,271485933.8,5069268.92
5/8/2023,270472769.9,4897222.54
5/9/2023,273689102.9,4902208.96
5/10/2023,276211228.6,4892854.9
5/11/2023,249826860.5,4707432.27
5/12/2023,277037324.3,5213764.84
5/13/2023,276869805.3,5409632.22
5/14/2023,282747199.5,5606502.65
5/15/2023,303968360.2,5590782.82
5/16/2023,311013274.9,5399699.07
5/17/2023,331201490.1,5480414.04
5/18/2023,303493165.2,5360689.57
5/19/2023,308851593.3,5306371.93
5/20/2023,304175126,5355773.95
5/21/2023,296577268.3,5321021.83
5/22/2023,292451138.5,5184152.65
5/23/2023,295917370.9,5276234.04
5/24/2023,295613360.2,5059973.85
5/25/2023,290604867.6,5058146.86
5/26/2023,288720149.2,5117562.27
5/27/2023,284869185.3,5110484.09
5/28/2023,302288526.2,5183402.35
5/29/2023,310017025.6,5132347.35
5/30/2023,308553110.2,5121738.35
5/31/2023,300885221.4,5028381.86
6/1/2023,298169486.3,4991222
6/2/2023,325664656.5,5104768.67
6/3/2023,325499556.1,5061087.65
6/4/2023,323457163.1,5075120.38
6/5/2023,311816339.4,4876215.5
6/6/2023,333788592.7,5048403.18
6/7/2023,319943674.2,4884962.33
6/8/2023,308277241.6,4889909.01
6/9/2023,307357806.9,4860185.99
6/10/2023,267932970.8,4561593.68
6/11/2023,266919973.2,4436830.73
6/12/2023,264018322.4,4052165.45
6/13/2023,261141292.1,4390380.13
6/14/2023,248026704.5,4189223.2
6/15/2023,249867311,4257624.8
6/16/2023,259093252.2,4393507.5
6/17/2023,263535915.8,4416681.27
6/18/2023,254128509.8,4338124.41
6/19/2023,262878486.5,4340574.59
6/20/2023,274086450.7,4482177.05
6/21/2023,287859680.6,4458948.24
6/22/2023,280077432.2,4419029.92
6/23/2023,284282671.3,4405013.61
6/24/2023,272580760.7,4169598.7
6/25/2023,287054406.3,4046355.91
6/26/2023,283202838.2,3935766.38
6/27/2023,295396216.2,4000377.86
6/28/2023,282036205.6,3871761.02
6/29/2023,283747834,3919625.56
6/30/2023,306640490,4080945.07
7/1/2023,315176801.6,4040348.14
7/2/2023,313631074.3,3952040.69
7/3/2023,317765319.2,4011613.12
7/4/2023,310646316.2,3975904.79
7/5/2023,298244900.3,3927463.71
7/6/2023,281124559.6,3789698.54
7/7/2023,281081533.6,3748095.65
7/8/2023,283258075.8,3734662.66
7/9/2023,281838831.5,3713549.44
7/10/2023,286972549.3,3908722.88
7/11/2023,280810075.8,3927434.65
7/12/2023,278991657.1,3874282.59
7/13/2023,327855304.9,4137905.95
7/14/2023,334617624.4,3964774.41
7/15/2023,330357463,3928959.78
7/16/2023,313247422.2,3878130.64
7/17/2023,302673217.1,3795286.75
7/18/2023,295803246.1,3717074.33
7/19/2023,303030820,3679557.14
7/20/2023,300904182.2,3395362.43
7/21/2023,297035736.2,3304452.04
7/22/2023,292887316.9,3273976.92
7/23/2023,299161091.9,3374317.71
7/24/2023,290991585.4,3059127.55
7/25/2023,289773183.6,3054117.27
7/26/2023,286664925,3061742.98
7/27/2023,282252891.7,3058789.81
7/28/2023,287316599.9,3042848.03
7/29/2023,288982565.7,3050644.4
7/30/2023,279736901.3,3012353.51
7/31/2023,276905075.1,2999627.7
8/1/2023,288070610.7,3076943.58
8/2/2023,276775987.5,3014741.26
8/3/2023,278468473.9,2960466.12
8/4/2023,274914156,2936512.83
8/5/2023,276703203.5,2951580.41
8/6/2023,273450756.3,2806417.02
8/7/2023,275374010.5,2739972.23
8/8/2023,279884877.2,2365800.67
8/9/2023,281438778.7,2598706.01
8/10/2023,278629294.7,2722122.75
8/11/2023,278249146.4,2624269.32
8/12/2023,276610409.6,2642129.9
8/13/2023,273451389,2585164.65
8/14/2023,276777696.5,2621508.43
8/15/2023,263380296.9,2555328.56
8/16/2023,258062930.5,2606920.21
8/17/2023,249473309.7,2465862.76
8/18/2023,247366369.7,2365540.99
8/19/2023,249595225.8,2406819.69
8/20/2023,252739196.2,2410222.43
8/21/2023,245299265.6,2269856.64
8/22/2023,244522986.5,2182540.74
8/23/2023,255168433.1,2260293.62
8/24/2023,247594425.6,2215927.77
8/25/2023,236834411.8,2174555.71
8/26/2023,242592707.3,2129826.64
8/27/2023,241048544,2147525.88
8/28/2023,238684232,2144632.39
8/29/2023,251377558.1,2237259.93
8/30/2023,247402210,1873020.11
8/31/2023,236984524.4,1787091.05
9/1/2023,233552445.7,1763078.59
9/2/2023,231609021.4,1763593.82
9/3/2023,232662502.5,1713857.36
9/4/2023,234932509.2,2103211.31
9/5/2023,237025752.2,2067131.98
9/6/2023,239647983.2,2050272.22
9/7/2023,242398641.6,2089014.16
9/8/2023,234037834.6,2067237.05
9/9/2023,231604083.3,2069600.3
9/10/2023,227073748,2031535.79
9/11/2023,220899846.1,1920518.38
9/12/2023,223580932.1,1967823.97
9/13/2023,227489802.1,1966236.21
9/14/2023,229340686.2,1973873.43
9/15/2023,232681101.1,1989298.31
9/16/2023,233737146.8,2017856.62
9/17/2023,230328801.7,1871187.17
9/18/2023,235512575.5,1884635.63
9/19/2023,238595064,1860562.27
9/20/2023,236579037.9,1831720.01
9/21/2023,226824729.8,1771525.66
9/22/2023,227994007.9,1774221.69
9/23/2023,228252244.1,1785446.79
9/24/2023,223810196.5,1771735.93
9/25/2023,226159246.1,1793709.39
9/26/2023,223703035.8,1788218.09
9/27/2023,225417576.2,1801312.78
9/28/2023,240311347.1,1838601.49
9/29/2023,246054016.2,1831477.71
9/30/2023,253955221.1,1830947.64
10/1/2023,254280550.2,1896235.43
10/2/2023,237374522.4,1736776.41
10/3/2023,238259469.2,1711440.28
10/4/2023,240912486.2,1690996.28
10/5/2023,233696854,1628480.59
10/6/2023,237095603,1656437.83
10/7/2023,236786982.2,1641149.3
10/8/2023,239794357.8,1626706.46
10/9/2023,230544743.9,1560486.14
10/10/2023,231680535.3,1544028.65
10/11/2023,229735714,1685951.19
10/12/2023,227235023.2,1640389.62
10/13/2023,233572977.9,1561428.98
10/14/2023,237589756.7,1716594.62
10/15/2023,237171220.8,1676813
10/16/2023,237874239.2,1601314.52
10/17/2023,230156368.4,1566130.9
10/18/2023,225381687.4,1450309.11
10/19/2023,222465885.3,1432695.5
10/20/2023,230686372.4,1462696.73
10/21/2023,242867180.5,1468628.77
10/22/2023,252230065.9,1480017.54
10/23/2023,266134421.9,1688564.23
10/24/2023,272827319.8,1704382.24
10/25/2023,275228953.5,1909579.17
10/26/2023,273891473.9,1879259.6
10/27/2023,268784577.3,1835353.65
10/28/2023,264967034.4,1787362.1
10/29/2023,270931180.2,1812793.11
10/30/2023,272554897.7,1735805.51
10/31/2023,271230973,1746813.62
11/1/2023,278425719.2,1774065.68
11/2/2023,264238781.6,1729254.79
11/3/2023,281725806,1744101.24
11/4/2023,295885146.9,1768352.04
11/5/2023,297028387.6,1832991.26
11/6/2023,296614606.1,1832410.89
11/7/2023,289742671.6,2056382.63
11/8/2023,287037714.2,2092187.65
11/9/2023,337224759.5,2529804.77
11/10/2023,330782007.4,2517912.58
11/11/2023,322684561.8,2455146.65
11/12/2023,325631736.8,2447313.99
11/13/2023,324472118.5,2280735.56
11/14/2023,336342111.1,2151474.2
11/15/2023,345771572.1,2252463.15
11/16/2023,322306108.4,2123877.39
11/17/2023,315784482,2071193.31
11/18/2023,320874945.3,2078079.82
11/19/2023,334895705.3,2117735.38
11/20/2023,342373686.9,2118272
11/21/2023,316583853.7,1984533.52
11/22/2023,365354646.2,2145876.68
11/23/2023,351790759.6,2132122.77
11/24/2023,353895284.7,2148931.25
11/25/2023,352896355.9,2028269.99
11/26/2023,354417070.9,2013448.9
11/27/2023,335098982.6,1960719.71
11/28/2023,334839606.1,1985446.28
11/29/2023,323254332.9,1974726.74
11/30/2023,336958484.1,2519019.12
12/1/2023,341883616.6,2544942.5
12/2/2023,351323017.4,2633455.72
12/3/2023,352672360.4,2714920.82
12/4/2023,347091811.9,2812257.47
12/5/2023,352271840.1,2830907.46
12/6/2023,338762910.1,2720160.25
12/7/2023,365759474,2859262.29
12/8/2023,358433558.3,2871924.81
12/9/2023,346341882.8,2831621.81
12/10/2023,354491157.9,2689248.59
12/11/2023,338369365.3,2521104.55
12/12/2023,332766444.9,2494517.91
12/13/2023,347338894.1,2412398.85
12/14/2023,352640562.9,2468985.43
12/15/2023,323919643.8,2357701.1
12/16/2023,324947111.1,2333010.09
12/17/2023,316513439.9,2297568.63
12/18/2023,319614995.9,2296697.32
12/19/2023,312546544.1,2256788.12
12/20/2023,317491840.5,2282084.7
12/21/2023,329017212.1,2325624.87
12/22/2023,359236553.7,2440699.14
12/23/2023,352035051.9,2392456.78
12/24/2023,356934457.1,2225931.54
12/25/2023,369657050.1,2301109.44
12/26/2023,353970642.8,2266675.64
12/27/2023,407548629.7,2537207.31
12/28/2023,391142158.2,2447735.67
12/29/2023,409496217.1,2426745.26
12/30/2023,392864521.4,2412693.29
12/31/2023,379751119.6,2380783.12
1/1/2024,413192010.3,2444545.96
1/2/2024,406976089.4,2405441.16
1/3/2024,424623297.7,2244207.46
1/4/2024,435156742.1,2288128.91
1/5/2024,481836877.8,2375291.04
1/6/2024,425712708.3,2320965.43
1/7/2024,412586045.6,2242093.87
1/8/2024,437897884.4,2531005.14
1/9/2024,491909441,2567970.46
1/10/2024,519339150.1,3070826.44
1/11/2024,507494004,3144787.45
1/12/2024,480930764.1,2953918.91
1/13/2024,472883627.8,3038945.19
1/14/2024,454914738.5,2904889.74
1/15/2024,458175182.3,2875589.29
1/16/2024,481320472.6,2965776.24
1/17/2024,446890023.9,2856167.05
1/18/2024,430358480.6,2697774.69
1/19/2024,421482221.8,2658038.23
1/20/2024,415247746.5,2658018.04
1/21/2024,414194288.2,2641000.15
1/22/2024,390256390,2370807.88
1/23/2024,383391086.3,2260461.69
1/24/2024,404170008.9,2280182.81
1/25/2024,415460967.5,2287094.72
1/26/2024,425919044,2351453.99
1/27/2024,426419498.8,2309606.92
1/28/2024,436724371.8,2274461.82
1/29/2024,437478281.6,2311347.08
1/30/2024,425686036.9,2336331.8
1/31/2024,403478819.3,2271926.19
2/1/2024,401016399.8,2270743.18
2/2/2024,404673520.9,2256937.43
2/3/2024,392733740.5,2242371.54
2/4/2024,386328821.7,2063419.73
2/5/2024,383914722.4,2069571.26
2/6/2024,398489094.9,2139164.64
2/7/2024,414574769.1,2157583.15
2/8/2024,413389786.7,2161343.06
2/9/2024,426582007.4,2222430.9
2/10/2024,422771430.7,2211668.93
2/11/2024,416983733.1,2200215.77
2/12/2024,447601709,2234838.3
2/13/2024,444741855.7,2202654.62
2/14/2024,467760445.4,2311952.33
2/15/2024,462378775,2660807.86
2/16/2024,466251828.6,2628562.39
2/17/2024,454746595,2594908.2
2/18/2024,477093628.7,2661713.46
2/19/2024,488632853.4,2831914.9
2/20/2024,471306311.9,2782789.15
2/21/2024,453056404.9,2637609.84
2/22/2024,446564597.8,2641700.46
2/23/2024,452961645.7,2593719.56
2/24/2024,476225464,2680027.81
2/25/2024,494474195.5,2805698.11
2/26/2024,521556164.7,2863768.86
2/27/2024,506456804.3,2841405.74
2/28/2024,506458724.1,2933452.25
2/29/2024,496286203,2879343.47
3/1/2024,499216959,2695383.8
3/2/2024,502074753,2710455.6
3/3/2024,504796386,2816218.67
3/4/2024,499929982.9,2657588.89
3/5/2024,476438876.3,2667853.8
3/6/2024,513431684.3,2875422.9
3/7/2024,524962332.4,2923047.26
3/8/2024,521169806.3,2913871.56
3/9/2024,523783107.3,2937750.4
3/10/2024,510833475,2910221.07
3/11/2024,529058024.5,3062857.52
3/12/2024,511927480.2,3021997.64
3/13/2024,533196702.9,3116162.18
3/14/2024,501664768.7,2950872.97
3/15/2024,470345212,2713338.59
3/16/2024,431806174.1,2519405.92
3/17/2024,444029962.2,2571781.95
3/18/2024,412225458.2,2339908.16
3/19/2024,375567589,2100071.26
3/20/2024,420002976.5,2303073.97
3/21/2024,453042126.1,2820207.29
3/22/2024,431637973.8,2706591.04
3/23/2024,449756022.1,2723494.07
3/24/2024,477548878.3,2788123.16
3/25/2024,502566873.8,2865581.51
3/26/2024,486900907,2823849.18
3/27/2024,465743642.5,2774632.81
3/28/2024,452015373.4,2813981.33
3/29/2024,444903807.8,2740239.86
3/30/2024,443916452.4,2708326.08
3/31/2024,466204777.8,2806370.24
4/1/2024,448919354.7,2557097.27
