Date,Lido Finance ($),Rocket Pool ($),StakeWise ($)
1/13/2021,5404506.42,,
1/14/2021,0,,
1/15/2021,0,,
1/16/2021,0,,
1/17/2021,0,,
1/18/2021,0,,
1/19/2021,0,,
1/20/2021,0,,
1/21/2021,0,,
1/22/2021,0,,
1/23/2021,0,,
1/24/2021,0,,
1/25/2021,0,,
1/26/2021,0,,
1/27/2021,0,,
1/28/2021,0,,
1/29/2021,0,,
1/30/2021,0,,
1/31/2021,0,,
2/1/2021,0,,
2/2/2021,0,,
2/3/2021,0,,
2/4/2021,0,,
2/5/2021,0,,
2/6/2021,0,,
2/7/2021,0,,
2/8/2021,0,,
2/9/2021,0,,
2/10/2021,0,,
2/11/2021,11324787.81,,
2/12/2021,0,,
2/13/2021,0,,
2/14/2021,0,,
2/15/2021,0,,
2/16/2021,0,,
2/17/2021,0,,
2/18/2021,0,,
2/19/2021,0,,
2/20/2021,0,,
2/21/2021,0,,
2/22/2021,0,,
2/23/2021,0,,
2/24/2021,0,,
2/25/2021,0,,
2/26/2021,0,,
2/27/2021,0,,
2/28/2021,0,,
3/1/2021,0,,
3/2/2021,0,,
3/3/2021,0,,
3/4/2021,0,,
3/5/2021,0,,
3/6/2021,0,,
3/7/2021,0,,
3/8/2021,0,,
3/9/2021,0,,
3/10/2021,0,,
3/11/2021,3227540.37,,
3/12/2021,0,,
3/13/2021,0,,
3/14/2021,0,,
3/15/2021,0,,
3/16/2021,0,,
3/17/2021,0,,
3/18/2021,0,,
3/19/2021,0,,
3/20/2021,0,,
3/21/2021,0,,
3/22/2021,0,,
3/23/2021,0,,
3/24/2021,0,,
3/25/2021,0,,
3/26/2021,0,,
3/27/2021,0,,
3/28/2021,0,,
3/29/2021,0,,
3/30/2021,0,,
3/31/2021,0,,
4/1/2021,0,,
4/2/2021,0,,
4/3/2021,0,,
4/4/2021,0,,
4/5/2021,0,,
4/6/2021,0,,
4/7/2021,0,,
4/8/2021,0,,
4/9/2021,0,,
4/10/2021,6838707.41,,
4/11/2021,0,,
4/12/2021,0,,
4/13/2021,0,,
4/14/2021,0,,
4/15/2021,0,,
4/16/2021,0,,
4/17/2021,0,,
4/18/2021,0,,
4/19/2021,0,,
4/20/2021,0,,
4/21/2021,0,,
4/22/2021,0,,
4/23/2021,0,,
4/24/2021,0,,
4/25/2021,0,,
4/26/2021,0,,
4/27/2021,0,,490.5
4/28/2021,0,,730.47
4/29/2021,0,,2345.01
4/30/2021,0,,6987.12
5/1/2021,0,,12206.18
5/2/2021,0,,4061.53
5/3/2021,0,,2683.22
5/4/2021,0,,4115.75
5/5/2021,0,,10111.72
5/6/2021,0,,7430.33
5/7/2021,0,,6827.66
5/8/2021,0,,3235.47
5/9/2021,0,,463.08
5/10/2021,0,,2020.99
5/11/2021,0,,0
5/12/2021,0,,1985.67
5/13/2021,0,,1784.64
5/14/2021,15617583.19,,4131.77
5/15/2021,0,,5061.01
5/16/2021,0,,561.63
5/17/2021,0,,1478.81
5/18/2021,0,,2650.23
5/19/2021,0,,1486.98
5/20/2021,0,,367.12
5/21/2021,0,,1458.68
5/22/2021,0,,3789.96
5/23/2021,0,,803.07
5/24/2021,0,,2392.21
5/25/2021,0,,15111.35
5/26/2021,0,,25144.74
5/27/2021,0,,904.06
5/28/2021,0,,453.71
5/29/2021,0,,25518.4
5/30/2021,0,,2016.7
5/31/2021,0,,575.06
6/1/2021,0,,465.77
6/2/2021,0,,1303.06
6/3/2021,0,,132.39
6/4/2021,0,,348.34
6/5/2021,0,,306.12
6/6/2021,0,,1085.5
6/7/2021,0,,26.67
6/8/2021,0,,220.77
6/9/2021,0,,14.73
6/10/2021,10495698.23,,1460.02
6/11/2021,0,,1118.86
6/12/2021,0,,55.76
6/13/2021,0,,22.12
6/14/2021,0,,78.22
6/15/2021,0,,2982.1
6/16/2021,0,,0.77
6/17/2021,0,,148.85
6/18/2021,0,,72.06
6/19/2021,0,,1348.94
6/20/2021,0,,1447.56
6/21/2021,0,,271.72
6/22/2021,0,,1403.56
6/23/2021,0,,12525.86
6/24/2021,0,,2784.94
6/25/2021,0,,7327.71
6/26/2021,0,,3654.86
6/27/2021,0,,1625.34
6/28/2021,0,,10491.22
6/29/2021,0,,6560.9
6/30/2021,0,,1121.44
7/1/2021,0,,777.88
7/2/2021,0,,255.93
7/3/2021,0,,6663.41
7/4/2021,0,,1198.34
7/5/2021,0,,1068.9
7/6/2021,0,,49.73
7/7/2021,0,,213.92
7/8/2021,0,,1188.02
7/9/2021,0,,17500.11
7/10/2021,0,,10091.13
7/11/2021,0,,0
7/12/2021,0,,0
7/13/2021,6031129.02,,0
7/14/2021,0,,0
7/15/2021,0,,0
7/16/2021,0,,0
7/17/2021,0,,0
7/18/2021,0,,0
7/19/2021,0,,0
7/20/2021,0,,0
7/21/2021,0,,0
7/22/2021,0,,0
7/23/2021,0,,0
7/24/2021,0,,0
7/25/2021,0,,0
7/26/2021,0,,0
7/27/2021,0,,0
7/28/2021,0,,0
7/29/2021,0,,0
7/30/2021,0,,0
7/31/2021,0,,0
8/1/2021,0,,0
8/2/2021,0,,0
8/3/2021,0,,0
8/4/2021,0,,0
8/5/2021,0,,0
8/6/2021,18598273.48,,0
8/7/2021,0,,962.01
8/8/2021,0,,0
8/9/2021,0,,0
8/10/2021,0,,514.77
8/11/2021,0,,209.54
8/12/2021,0,,0
8/13/2021,0,,1405.92
8/14/2021,0,,93048.12
8/15/2021,0,,5608.09
8/16/2021,0,,5366.27
8/17/2021,0,,852.47
8/18/2021,0,,1335.8
8/19/2021,0,,1761.67
8/20/2021,0,,1900.66
8/21/2021,0,,1829.14
8/22/2021,0,,1166.68
8/23/2021,0,,1321.31
8/24/2021,0,,131717.62
8/25/2021,0,,0
8/26/2021,0,,540.77
8/27/2021,0,,590.58
8/28/2021,0,,2981.06
8/29/2021,0,,621.19
8/30/2021,0,,589.33
8/31/2021,0,,35804.48
9/1/2021,0,,10333
9/2/2021,0,,2148.84
9/3/2021,0,,3430.85
9/4/2021,0,,1307.97
9/5/2021,0,,709.61
9/6/2021,0,,10583.24
9/7/2021,0,,608.66
9/8/2021,0,,607.01
9/9/2021,0,,745.91
9/10/2021,19883676.7,,199201.09
9/11/2021,0,,3718.45
9/12/2021,0,,4456.69
9/13/2021,0,,796.41
9/14/2021,0,,1559.8
9/15/2021,0,,2330.32
9/16/2021,0,,1191.07
9/17/2021,0,,2762.76
9/18/2021,0,,4992.81
9/19/2021,0,,2836.8
9/20/2021,0,,0
9/21/2021,0,,851.97
9/22/2021,0,,0
9/23/2021,0,,89731.09
9/24/2021,0,,1159.07
9/25/2021,0,,12992.09
9/26/2021,0,,0
9/27/2021,0,,0
9/28/2021,0,,0
9/29/2021,0,,0
9/30/2021,0,,0
10/1/2021,0,,0
10/2/2021,0,,0
10/3/2021,0,,0
10/4/2021,0,,0
10/5/2021,0,,703.06
10/6/2021,0,,968.24
10/7/2021,0,,960.4
10/8/2021,14095186.53,,220591.09
10/9/2021,0,,5129.83
10/10/2021,0,,97755.35
10/11/2021,0,,3327.87
10/12/2021,0,,63807.57
10/13/2021,0,,1562.9
10/14/2021,0,,380.78
10/15/2021,0,,1024.35
10/16/2021,0,,2295.35
10/17/2021,0,,20630.14
10/18/2021,0,,4170.95
10/19/2021,0,,0
10/20/2021,0,,0
10/21/2021,0,,0
10/22/2021,0,,0
10/23/2021,0,,0
10/24/2021,0,,0
10/25/2021,0,,0
10/26/2021,0,,0
10/27/2021,0,,0
10/28/2021,0,,0
10/29/2021,0,245616.39,0
10/30/2021,0,0,0
10/31/2021,0,16530.87,0
11/1/2021,0,33305.1,0
11/2/2021,0,0,0
11/3/2021,0,0,0
11/4/2021,0,0,0
11/5/2021,11698048.71,0,0
11/6/2021,0,0,0
11/7/2021,0,0,0
11/8/2021,0,0,0
11/9/2021,0,0,0
11/10/2021,0,0,0
11/11/2021,0,0,0
11/12/2021,0,0,0
11/13/2021,0,0,0
11/14/2021,0,0,0
11/15/2021,0,0,0
11/16/2021,0,0,0
11/17/2021,0,0,0
11/18/2021,0,0,0
11/19/2021,0,0,0
11/20/2021,0,0,0
11/21/2021,0,0,0
11/22/2021,0,0,0
11/23/2021,0,0,0
11/24/2021,0,0,0
11/25/2021,0,149622.37,0
11/26/2021,0,0,0
11/27/2021,0,0,0
11/28/2021,0,0,0
11/29/2021,0,0,0
11/30/2021,0,0,24350.87
12/1/2021,0,0,0
12/2/2021,0,0,2019.83
12/3/2021,0,0,0
12/4/2021,0,0,7337.37
12/5/2021,0,0,139054.43
12/6/2021,0,4498.23,5046.57
12/7/2021,0,969307.44,0
12/8/2021,0,109100.02,1343.13
12/9/2021,0,58566.54,2982.61
12/10/2021,11391275.5,41734.29,7470.55
12/11/2021,0,19357.62,296.39
12/12/2021,0,92038.9,218285.54
12/13/2021,0,12032.98,843.25
12/14/2021,0,30010.79,4824.66
12/15/2021,0,4186.28,79085.19
12/16/2021,0,5451.9,1852.44
12/17/2021,0,4886.36,2884.3
12/18/2021,0,11267.22,85980.2
12/19/2021,0,29838.44,93372.31
12/20/2021,0,55921.22,1419.06
12/21/2021,0,393165.59,7248.26
12/22/2021,0,149940.45,1399.35
12/23/2021,0,2191339.41,0
12/24/2021,0,22921.93,0
12/25/2021,0,4478.86,91975.38
12/26/2021,0,11558.97,928.87
12/27/2021,0,9311.7,0
12/28/2021,0,25330.17,22.04
12/29/2021,0,3864.09,7486.68
12/30/2021,0,16982.91,3140.71
12/31/2021,0,20979.12,346.96
1/1/2022,0,9035,87035.87
1/2/2022,0,21371.33,257.18
1/3/2022,0,7023.3,1273.61
1/4/2022,0,29659.3,0
1/5/2022,0,61379.43,3153.59
1/6/2022,0,39193.38,4.18
1/7/2022,7994530.73,2966.93,0
1/8/2022,0,8277,0
1/9/2022,0,3618.93,65580.99
1/10/2022,0,1888.37,0
1/11/2022,0,14515.26,0
1/12/2022,0,4737.34,3442.05
1/13/2022,1170646.95,38074.48,0
1/14/2022,0,1460.69,0
1/15/2022,0,10490.82,3294.77
1/16/2022,99067.53,15445.16,141847.33
1/17/2022,0,1402.8,3995.34
1/18/2022,594207.02,16605.87,1708.54
1/19/2022,0,10602.46,2500.98
1/20/2022,0,1973545.83,11083.1
1/21/2022,0,38021.15,733.65
1/22/2022,0,13633.03,83345.24
1/23/2022,372734.33,21706.51,87408.48
1/24/2022,0,8358.81,2852.36
1/25/2022,0,17847.11,29817.3
1/26/2022,0,10502.38,3884.18
1/27/2022,0,604.06,2307.16
1/28/2022,0,24048.3,1626.73
1/29/2022,0,9481.84,64857.02
1/30/2022,0,24352.98,195409.74
1/31/2022,0,4034.07,4339.59
2/1/2022,326968.2,0,18998.24
2/2/2022,0,6641.38,8140.17
2/3/2022,0,4807.04,159239.54
2/4/2022,512907.66,3411.3,3519.97
2/5/2022,0,22563.37,2112.05
2/6/2022,0,10743.42,4168.51
2/7/2022,6514601.9,1162.77,0
2/8/2022,1112396.58,1456.69,6398.75
2/9/2022,0,661.01,16546.11
2/10/2022,0,3140.64,5033.55
2/11/2022,0,11558.39,4873.53
2/12/2022,0,74.95,3647.02
2/13/2022,0,78.47,3252.81
2/14/2022,15457.33,0,3870.35
2/15/2022,124054.02,0,47855.22
2/16/2022,0,0,4205.88
2/17/2022,410387.98,1823531.18,5459.71
2/18/2022,0,21729.85,3261.38
2/19/2022,0,5184.38,70860.51
2/20/2022,0,28340.09,7252.13
2/21/2022,355954.64,3898.79,2950.29
2/22/2022,0,3397.57,30778.46
2/23/2022,0,6767.21,4807.89
2/24/2022,0,2445.98,4546.24
2/25/2022,0,2833.76,0
2/26/2022,0,10445.3,12833.94
2/27/2022,0,2959.44,44353.56
2/28/2022,0,133.49,10712.49
3/1/2022,0,4018.88,3702.2
3/2/2022,0,19412.74,4111.27
3/3/2022,0,284.11,3840.78
3/4/2022,839989.16,348.36,17418
3/5/2022,0,577.99,37126.42
3/6/2022,0,1733.02,7845.57
3/7/2022,80200.83,886.75,8739.43
3/8/2022,1574866.68,4893.45,3148.11
3/9/2022,5938138.76,235.53,3774.86
3/10/2022,0,0,7215.87
3/11/2022,0,4735.11,59091.08
3/12/2022,0,15266.22,18818.62
3/13/2022,0,8431.05,48660.96
3/14/2022,0,646.15,12833.98
3/15/2022,0,280.79,4106.23
3/16/2022,0,241.75,5722.38
3/17/2022,1060564.73,1463070.87,20274
3/18/2022,0,19171.44,0
3/19/2022,0,17028.62,6100.46
3/20/2022,0,2615.35,5855.08
3/21/2022,0,3522.9,111.37
3/22/2022,0,224321.93,17670.3
3/23/2022,0,4323.32,7656.44
3/24/2022,0,2821.54,129.78
3/25/2022,753114.1,2229.67,9277.5
3/26/2022,0,3055.93,369220.89
3/27/2022,0,3532.35,95299.75
3/28/2022,171502.89,2513.17,162301.39
3/29/2022,0,12179.71,14479.56
3/30/2022,0,174.06,634.48
3/31/2022,0,1575.42,0
4/1/2022,0,298.92,7684.7
4/2/2022,0,0,24145.51
4/3/2022,2415064.14,1974.19,44742.24
4/4/2022,147745.6,139,11246.39
4/5/2022,0,0,0
4/6/2022,0,1149.42,26323.17
4/7/2022,0,637.22,4295.99
4/8/2022,5787326.41,115.71,6558
4/9/2022,0,6493.35,15227.36
4/10/2022,0,729.92,38142.08
4/11/2022,1484293.95,2031.12,7207.41
4/12/2022,0,7280.55,35474.56
4/13/2022,0,2639.61,5490.66
4/14/2022,0,1607540.31,2314.13
4/15/2022,212889.86,98264.36,29708.53
4/16/2022,60206.11,33163.43,20376.36
4/17/2022,1384661.89,145141.37,883.99
4/18/2022,0,12239.65,5493.33
4/19/2022,241338.29,10283.41,3258.99
4/20/2022,0,2081.99,3268.25
4/21/2022,0,275.04,2247.5
4/22/2022,0,6894.05,8881.87
4/23/2022,0,12360.7,2501.12
4/24/2022,0,2209.52,52036.18
4/25/2022,0,701.51,2106.3
4/26/2022,0,643.67,21581.46
4/27/2022,707493.22,5065.83,2641.34
4/28/2022,1796993.78,0,24714.56
4/29/2022,0,3007.24,3002.28
4/30/2022,0,398.15,12405.06
5/1/2022,0,793.53,111374.27
5/2/2022,0,457.68,6392.92
5/3/2022,0,1179.26,17403.31
5/4/2022,0,1815.61,25572.31
5/5/2022,0,2850.06,3551.33
5/6/2022,0,2549.78,1908.48
5/7/2022,0,1052.55,21802.29
5/8/2022,0,1522.96,8956.16
5/9/2022,3603277.5,935.34,3212.18
5/10/2022,0,3262.78,69096.45
5/11/2022,0,199.34,4007.47
5/12/2022,1406279.59,945673.29,1438.29
5/13/2022,0,169013.15,2362.43
5/14/2022,0,54040.92,107147.37
5/15/2022,739500.5,18467.62,3096.22
5/16/2022,0,8509.67,3477.98
5/17/2022,0,3988.55,3375.91
5/18/2022,0,5869.8,30995.95
5/19/2022,711059.24,1728.2,52918.08
5/20/2022,0,5630.08,11022
5/21/2022,0,23014.96,116149.72
5/22/2022,66239.25,534.44,36006.93
5/23/2022,0,1155.79,6344.91
5/24/2022,0,2062.15,51102.77
5/25/2022,0,1131.08,3560.2
5/26/2022,0,1512.29,50745.36
5/27/2022,0,386.49,6412.16
5/28/2022,0,737.4,28704.22
5/29/2022,0,65.98,21545.28
5/30/2022,914446.17,676.53,15518.82
5/31/2022,0,1406.78,2257.57
6/1/2022,0,520.12,2246.12
6/2/2022,0,209.13,0
6/3/2022,0,167.68,4683.67
6/4/2022,0,265.94,4040
6/5/2022,0,2450.88,1471.86
6/6/2022,80285.5,137.93,1443.9
6/7/2022,2646212.85,463,72331.12
6/8/2022,956286.54,226.55,11496.66
6/9/2022,0,773398.55,9172.92
6/10/2022,125505.86,56843.37,1642.93
6/11/2022,0,23255.32,65206.28
6/12/2022,0,7716.08,2058.12
6/13/2022,0,29799.38,1979.93
6/14/2022,0,1552.46,1860.49
6/15/2022,0,880.01,17537.92
6/16/2022,532491.68,1830.46,3487.21
6/17/2022,0,653.94,15744.74
6/18/2022,0,1024.03,47610.33
6/19/2022,0,4363.29,45823.09
6/20/2022,0,753.71,478.38
6/21/2022,0,373.76,5392.72
6/22/2022,38128.6,536.18,3611.53
6/23/2022,0,490.64,4508.72
6/24/2022,79421.38,699.12,5777.11
6/25/2022,0,514.42,3126.94
6/26/2022,0,3661.24,6527.61
6/27/2022,0,655.86,4821.62
6/28/2022,0,830.33,17.22
6/29/2022,0,95.88,82046.85
6/30/2022,45252.93,1361.08,2168.23
7/1/2022,0,990.43,5437.23
7/2/2022,0,509.1,9159.16
7/3/2022,50595.89,439.03,909.68
7/4/2022,0,984.74,32690.39
7/5/2022,0,246.33,9064.97
7/6/2022,503175.64,499.83,3975.97
7/7/2022,1680728.73,570421.53,7471.43
7/8/2022,0,85173.57,605.25
7/9/2022,0,4602.93,15199.63
7/10/2022,0,2445.95,6357.06
7/11/2022,0,2797.47,8658.45
7/12/2022,0,805.18,8574.87
7/13/2022,0,2328.17,0
7/14/2022,0,704.52,8857.92
7/15/2022,0,1573.7,5145.88
7/16/2022,0,544.7,9784.35
7/17/2022,162899.08,5535.93,14786.49
7/18/2022,0,1334.16,889.76
7/19/2022,0,1081.87,10486.01
7/20/2022,0,1263.54,1362.5
7/21/2022,0,279.37,12909.75
7/22/2022,0,1744.43,5861.57
7/23/2022,0,1497.53,11305.57
7/24/2022,0,1076.45,42067.97
7/25/2022,0,237.01,14086.71
7/26/2022,0,763.26,18163.13
7/27/2022,0,295.24,68699.8
7/28/2022,0,4499.16,6666.1
7/29/2022,0,930.96,39717.63
7/30/2022,0,454.88,3107.78
7/31/2022,216152.79,1071.31,10802.92
8/1/2022,0,227.52,28702.6
8/2/2022,0,1521.91,14496.09
8/3/2022,0,905.47,16558.28
8/4/2022,0,1480321.67,38743.2
8/5/2022,6708209.45,20052.46,74218.03
8/6/2022,0,8520.47,6153.78
8/7/2022,0,29570.96,6336.3
8/8/2022,0,3192.33,38976.96
8/9/2022,0,2046.04,1887.44
8/10/2022,0,11588.66,2007.33
8/11/2022,2602511.66,1076.6,15689.4
8/12/2022,0,24114.99,41599.87
8/13/2022,0,947.67,1264.2
8/14/2022,0,1995.78,55678.28
8/15/2022,0,1460,601.26
8/16/2022,0,2108.57,2223.24
8/17/2022,0,764.42,28183.99
8/18/2022,223434.71,21148.13,884.2
8/19/2022,0,263.9,767.04
8/20/2022,0,565.2,25731.5
8/21/2022,0,314.83,12722.29
8/22/2022,0,870.86,11236.9
8/23/2022,0,531.89,139.19
8/24/2022,0,826.93,1414.1
8/25/2022,0,311.76,8282.63
8/26/2022,172977.7,2073.67,32510.44
8/27/2022,0,1456.8,1270.46
8/28/2022,0,1069.87,28021.69
8/29/2022,0,0,370.21
8/30/2022,0,0,2112.26
8/31/2022,0,0,4953.15
9/1/2022,0,261607.44,738.75
9/2/2022,2870909.41,151472.47,31345.13
9/3/2022,0,23699.35,8148.87
9/4/2022,5145769.08,19500.05,36.75
9/5/2022,0,6216.86,14001.66
9/6/2022,0,14773.08,37652.25
9/7/2022,0,11594.41,1820.97
9/8/2022,187972.71,5734.14,1475.69
9/9/2022,0,39030.84,930
9/10/2022,0,4481.98,35254.53
9/11/2022,0,11754.09,1429.88
9/12/2022,0,288580.63,15332.05
9/13/2022,0,5549.17,289.3
9/14/2022,0,3906.77,13997.2
9/15/2022,0,2716.61,33993.4
9/16/2022,0,1755.17,1478.99
9/17/2022,0,32163.77,1305.65
9/18/2022,0,3387.77,20602.65
9/19/2022,0,2363.41,7394.14
9/20/2022,0,3896.22,2748.6
9/21/2022,0,2586.51,6142.58
9/22/2022,0,3945.35,13262.06
9/23/2022,0,22913.84,21.82
9/24/2022,167935.9,2318.32,185.6
9/25/2022,0,28136.03,37.13
9/26/2022,0,22849.05,198.5
9/27/2022,0,1782.11,1056.89
9/28/2022,0,5779.23,38598.51
9/29/2022,0,631817.25,2403.46
9/30/2022,0,139550.5,482.94
10/1/2022,0,58183.86,12562.98
10/2/2022,0,39041.73,29563.41
10/3/2022,0,28393.97,258.64
10/4/2022,0,5863.86,5182.68
10/5/2022,0,8560.2,29078.17
10/6/2022,2986323.71,9558.53,95.34
10/7/2022,1058030.62,6901.96,2444.88
10/8/2022,0,16136.59,301.21
10/9/2022,1148441.03,370.11,2382.66
10/10/2022,0,2112.26,195.51
10/11/2022,0,3614.52,93.36
10/12/2022,0,2567.75,1423.39
10/13/2022,0,1342.4,23.86
10/14/2022,0,2049.77,23.92
10/15/2022,0,2300.53,61403.97
10/16/2022,0,5219.79,478
10/17/2022,0,442.65,363.17
10/18/2022,0,923.95,112992.15
10/19/2022,0,5876.24,233.76
10/20/2022,149764.82,2893.28,24.26
10/21/2022,0,2769.4,5745.47
10/22/2022,0,1328.77,340.61
10/23/2022,0,49728.6,21945.6
10/24/2022,0,976.58,248.56
10/25/2022,0,5677.97,496.15
10/26/2022,0,5570.71,77.17
10/27/2022,0,793677.31,11132.91
10/28/2022,0,75526.05,36.47
10/29/2022,0,53370.07,13969.79
10/30/2022,0,59753.58,944.99
10/31/2022,0,94050.29,34516.73
11/1/2022,1052587.59,48695.44,1092.2
11/2/2022,0,12345.72,1901.6
11/3/2022,0,17432.18,3632.52
11/4/2022,2978747.72,16365.48,60694.48
11/5/2022,0,4557.24,2245.38
11/6/2022,0,3994.82,38216.54
11/7/2022,0,3045.01,6109.93
11/8/2022,0,1204.84,5808.16
11/9/2022,0,1395.66,19.43
11/10/2022,953397.24,2528.06,27.83
11/11/2022,0,3859.53,50197.46
11/12/2022,0,820.2,389.36
11/13/2022,0,2827.88,5689.23
11/14/2022,0,24761.16,24712.19
11/15/2022,0,38122.56,1584.73
11/16/2022,0,25.91,44.05
11/17/2022,0,23.98,543.46
11/18/2022,0,1733.86,66995.56
11/19/2022,0,6855.5,73903.05
11/20/2022,0,4061.34,213.24
11/21/2022,0,2744.5,380.58
11/22/2022,0,2010.55,0.01
11/23/2022,0,2300.83,1775.66
11/24/2022,0,142822.78,49827.86
11/25/2022,0,287569.28,6674.36
11/26/2022,0,15898.15,23688.7
11/27/2022,0,21089.56,166.98
11/28/2022,0,17398.66,116.17
11/29/2022,0,134134.33,44526.26
11/30/2022,0,16101.87,8023.99
12/1/2022,563152.12,4088.15,170.87
12/2/2022,0,8834.5,4141.4
12/3/2022,0,6533.84,89.39
12/4/2022,1881350.73,9988.92,269.79
12/5/2022,0,8177.58,52872.97
12/6/2022,496567.95,10019.76,10144.77
12/7/2022,0,20614.9,349.97
12/8/2022,0,15998.67,44.68
12/9/2022,0,971.13,546.24
12/10/2022,0,673.39,315.19
12/11/2022,0,4174,298.85
12/12/2022,0,1105.16,49.13
12/13/2022,0,1757.72,69951.86
12/14/2022,0,1240.96,1820.33
12/15/2022,0,761.26,49.71
12/16/2022,0,3055.02,3555.02
12/17/2022,0,756.02,608.59
12/18/2022,0,1895.29,35180.81
12/19/2022,0,17953.18,874.8
12/20/2022,0,279,229.93
12/21/2022,0,1534.73,326.89
12/22/2022,0,137510.76,206.4
12/23/2022,0,42801.49,32802.19
12/24/2022,0,253628.47,18.71
12/25/2022,0,7777.97,0
12/26/2022,0,26338.09,983.19
12/27/2022,0,22600.56,1273.43
12/28/2022,0,10422.7,17.54
12/29/2022,0,4481.69,461.96
12/30/2022,0,12501.16,107364.42
12/31/2022,0,95307.74,4376.11
1/1/2023,0,31010.96,1888.01
1/2/2023,2397210.13,164980.89,16008.86
1/3/2023,0,3818.44,42761.43
1/4/2023,0,5552.38,12139.76
1/5/2023,0,2659.93,536.43
1/6/2023,0,4767.93,58677.09
1/7/2023,0,6350.19,4567.32
1/8/2023,0,5594.77,4916.09
1/9/2023,0,14618.77,47980.1
1/10/2023,0,53614.3,48615.03
1/11/2023,562724.33,4189.97,18147.02
1/12/2023,0,6370.6,337.23
1/13/2023,0,6784.66,31578.78
1/14/2023,0,20485.8,1829.12
1/15/2023,0,9083.21,43874.38
1/16/2023,0,25927.72,956.51
1/17/2023,0,1702.22,1506.39
1/18/2023,0,53220.95,26184.52
1/19/2023,0,703240.23,27038.31
1/20/2023,0,521705.69,6377.14
1/21/2023,0,106065.5,3840
1/22/2023,0,29166.43,32358.75
1/23/2023,0,55194.46,4806.23
1/24/2023,0,55133.62,29782.84
1/25/2023,0,28102.99,218.47
1/26/2023,0,20858.01,25150.66
1/27/2023,0,18830.41,14.63
1/28/2023,0,16467.77,2819.44
1/29/2023,0,13248.09,37716.87
1/30/2023,0,57467.74,2476.06
1/31/2023,0,5427.16,18390.04
2/1/2023,0,8351.42,131075.21
2/2/2023,3182448.78,6150.72,1995.72
2/3/2023,0,5804.02,38981.76
2/4/2023,0,2540.99,31037.91
2/5/2023,0,16404.22,47885.94
2/6/2023,0,41070.65,5025.74
2/7/2023,735117.58,18189.96,38008.88
2/8/2023,0,4109.25,692.18
2/9/2023,0,14615.24,28216.52
2/10/2023,0,108193.15,1214.61
2/11/2023,0,10290.99,47889.07
2/12/2023,0,16154.31,33342.66
2/13/2023,0,2791.27,402.42
2/14/2023,0,0,5492.04
2/15/2023,0,2204.66,42292.27
2/16/2023,0,432063.77,2391.62
2/17/2023,0,355331.52,894.11
2/18/2023,0,1524514.02,1084.61
2/19/2023,0,30360.51,70044.34
2/20/2023,0,74684.69,1293.13
2/21/2023,0,18865.32,2970.92
2/22/2023,0,5939.19,70153.38
2/23/2023,0,19920.12,48399.3
2/24/2023,0,49984.2,114.37
2/25/2023,0,24645.55,46606.01
2/26/2023,0,15536.51,2470.1
2/27/2023,0,57103.15,2072.49
2/28/2023,0,11049.61,61919.96
3/1/2023,0,8498.14,2563.91
3/2/2023,561198.38,804.95,29413.2
3/3/2023,0,2312.19,34.53
3/4/2023,2118974.17,5007.04,1661.56
3/5/2023,0,4127.27,45389.01
3/6/2023,0,2333.1,1856.72
3/7/2023,0,33483.33,4104.81
3/8/2023,0,5997.95,65695.55
3/9/2023,0,13139.24,3874.52
3/10/2023,0,5756.88,0
3/11/2023,0,2019.51,9224.66
3/12/2023,0,20074.99,77056.8
3/13/2023,0,6468.8,6175.8
3/14/2023,0,14495.2,2728.09
3/15/2023,0,16107.15,42622.25
3/16/2023,0,277546.96,1137.99
3/17/2023,0,799910.29,2314.77
3/18/2023,0,64174.11,9896.42
3/19/2023,0,64385.41,517.65
3/20/2023,0,227590.42,74974.53
3/21/2023,0,199486.17,9651.96
3/22/2023,0,16338.72,2206.43
3/23/2023,0,20255.87,2709.82
3/24/2023,0,11232.82,18442.37
3/25/2023,0,8514.88,876.59
3/26/2023,0,21971.29,271.06
3/27/2023,0,16588.38,490.81
3/28/2023,0,7939.71,2384.3
3/29/2023,0,35126,105480.71
3/30/2023,0,1798.76,47120.87
3/31/2023,0,32570.06,15016.81
4/1/2023,474529.89,45092.46,12223.19
4/2/2023,0,13277.23,839.86
4/3/2023,0,5637,798.29
4/4/2023,0,16114.24,1603.77
4/5/2023,1111680.14,7802.14,490.36
4/6/2023,0,10621.86,102260.38
4/7/2023,0,45081.1,25504.03
4/8/2023,0,23719.37,28545.25
4/9/2023,0,7571.25,181826.88
4/10/2023,0,14245.33,1846.79
4/11/2023,0,32444.85,67757.95
4/12/2023,0,25147.73,11648.45
4/13/2023,0,988934.27,2857.93
4/14/2023,0,263120.85,30283.1
4/15/2023,0,113698.81,458.44
4/16/2023,0,198809.87,15059.32
4/17/2023,0,184220.45,433.82
4/18/2023,0,195072.63,0
4/19/2023,0,84141.19,110.94
4/20/2023,0,44291.9,2211.81
4/21/2023,0,222756.96,3850.92
4/22/2023,0,60486.13,71550.04
4/23/2023,0,40665.25,34546.49
4/24/2023,0,40660.31,651.81
4/25/2023,0,14867.34,27649.08
4/26/2023,0,68083.81,41581.61
4/27/2023,0,85181.82,22996.57
4/28/2023,0,10459.11,2700.37
4/29/2023,0,20959.55,21458.93
4/30/2023,0,9595.14,816.67
5/1/2023,0,4518,1217.25
5/2/2023,0,5402.29,4
5/3/2023,0,45556.83,0
5/4/2023,528747.61,6973.63,5007.28
5/5/2023,0,791.08,0
5/6/2023,0,2222.88,63784.63
5/7/2023,0,2609.23,73.57
5/8/2023,0,416.55,15867.85
5/9/2023,0,5654.79,25594.87
5/10/2023,0,7772.92,2925.32
5/11/2023,0,152465.44,6625.59
5/12/2023,0,791015.35,36869.06
5/13/2023,0,202613.33,29406.31
5/14/2023,0,77540.7,2466.26
5/15/2023,0,222734.18,3905.62
5/16/2023,0,85886.32,4920.08
5/17/2023,0,73686.6,62.31
5/18/2023,0,26075.68,527.04
5/19/2023,0,52762.9,21103.04
5/20/2023,0,82647.91,6017.59
5/21/2023,0,38600.8,911.19
5/22/2023,0,18710.38,33954.97
5/23/2023,0,20939.13,17.99
5/24/2023,0,16513.05,21665.01
5/25/2023,0,78763.82,26230.05
5/26/2023,310779.37,35141.1,599.72
5/27/2023,0,27171.14,2383.06
5/28/2023,0,25972.78,370.04
5/29/2023,0,6393.6,3252.35
5/30/2023,0,12576.6,293.17
5/31/2023,0,14160.56,2215.74
6/1/2023,0,2688.25,20669.87
6/2/2023,0,22590.06,50480.34
6/3/2023,0,5818.88,21033.9
6/4/2023,0,48860.6,1125.9
6/5/2023,0,5779.1,13.36
6/6/2023,0,5388.36,15494.38
6/7/2023,0,5961.75,10198.98
6/8/2023,0,1006593.76,34108.59
6/9/2023,0,163248.53,328.26
6/10/2023,0,109416.32,3415.69
6/11/2023,0,94740.59,436.56
6/12/2023,0,229869.91,689.18
6/13/2023,0,26583.46,8074.94
6/14/2023,0,114269.75,4.09
6/15/2023,0,12717.71,106.66
6/16/2023,0,6973.77,2641.01
6/17/2023,0,40354.2,3955.83
6/18/2023,0,9444.84,9150.35
6/19/2023,0,17178.11,4372.13
6/20/2023,0,31835.03,288.83
6/21/2023,0,29755.79,1378.49
6/22/2023,0,18199.82,13590.79
6/23/2023,0,27934.41,369.17
6/24/2023,0,18518.41,14.38
6/25/2023,0,27625.35,2063.97
6/26/2023,0,27500.69,176.55
6/27/2023,0,8965.95,14.4
6/28/2023,0,5731.38,1643.78
6/29/2023,0,844.82,143.89
6/30/2023,0,92177.45,12804.94
7/1/2023,0,48843.07,0
7/2/2023,0,33085.51,47.95
7/3/2023,0,9775.18,289.97
7/4/2023,0,4746.5,424.82
7/5/2023,0,26444.85,2807.53
7/6/2023,0,730783.12,721.53
7/7/2023,0,125875.09,13.41
7/8/2023,0,129692.6,4529.7
7/9/2023,0,37459.91,573.18
7/10/2023,0,117985.83,1941.92
7/11/2023,0,429595.45,13.51
7/12/2023,0,21847.24,91.26
7/13/2023,0,14658.44,43987.69
7/14/2023,0,14978.35,1388.63
7/15/2023,0,16336.11,63.23
7/16/2023,0,55114.26,1366.21
7/17/2023,0,43287.36,17.93
7/18/2023,0,6625.44,4675.53
7/19/2023,0,13872.76,6172.79
7/20/2023,0,3073.8,31.28
7/21/2023,0,6455.19,17.23
7/22/2023,0,26079.6,643.29
7/23/2023,0,16483.34,259029.97
7/24/2023,0,42735.8,236.15
7/25/2023,0,9465.87,12464.12
7/26/2023,0,1158.11,5898.28
7/27/2023,0,23507.09,17.1
7/28/2023,0,25515.97,1194.92
7/29/2023,0,1441.87,296.58
7/30/2023,0,11261.56,641.72
7/31/2023,0,4158.13,9105.61
8/1/2023,0,25936.84,1617.29
8/2/2023,0,22374.83,93381.74
8/3/2023,0,535770.02,26.04
8/4/2023,0,105410.63,17.09
8/5/2023,0,59685.44,974.34
8/6/2023,0,25439.83,134.94
8/7/2023,0,31905.16,43188.94
8/8/2023,0,30515.29,499.62
8/9/2023,0,37622.93,737.73
8/10/2023,0,5271.66,38497.57
8/11/2023,0,22175.92,13671.04
8/12/2023,0,99939.51,5488.29
8/13/2023,0,38767.13,21172.33
8/14/2023,0,10625.07,8795
8/15/2023,0,18371.94,6502.7
8/16/2023,0,3570.11,3649.74
8/17/2023,0,3455.21,0
8/18/2023,0,46849.57,0
8/19/2023,0,5348.34,0
8/20/2023,0,45813.38,10526.04
8/21/2023,0,964.52,209.95
8/22/2023,0,9734.38,1816.59
8/23/2023,0,8444.31,4558.6
8/24/2023,0,8998.39,22892.64
8/25/2023,0,21415.26,1748.23
8/26/2023,0,4745.94,18180.28
8/27/2023,0,12715.84,2761.47
8/28/2023,908815.44,822881.19,2110.59
8/29/2023,0,9786.22,458.87
8/30/2023,0,6020.84,29316.11
8/31/2023,0,450216.03,2854.96
9/1/2023,0,291196.78,13.19
9/2/2023,0,26230.68,1778.55
9/3/2023,0,28473.9,4652.33
9/4/2023,0,38288.19,1127.62
9/5/2023,0,10675.67,1157.28
9/6/2023,0,9542.63,3340.89
9/7/2023,0,50016.11,55889.91
9/8/2023,0,13508.37,355.12
9/9/2023,0,16415.01,345.43
9/10/2023,0,7203.24,518.61
9/11/2023,0,2972.93,4748.4
9/12/2023,0,7699.59,686.62
9/13/2023,0,10230,26269.34
9/14/2023,0,6450.85,13702.96
9/15/2023,0,9993.26,1840.41
9/16/2023,0,14237.15,353.27
9/17/2023,0,5530.11,5944.94
9/18/2023,0,8793.24,674.46
9/19/2023,0,19085.56,599.12
9/20/2023,0,3006.63,192.19
9/21/2023,0,4207.39,26566.64
9/22/2023,0,3527.41,263.8
9/23/2023,0,9109.67,610.47
9/24/2023,0,8696.68,176.75
9/25/2023,0,8348.63,8.6
9/26/2023,0,14878.29,8.13
9/27/2023,0,12594.08,94.87
9/28/2023,0,251757.78,32239.55
9/29/2023,0,74069.92,3924.97
9/30/2023,0,59428.6,15220.58
10/1/2023,0,215893.34,844.38
10/2/2023,458537.17,37383.36,7399.93
10/3/2023,0,68027.49,106.96
10/4/2023,0,36824.37,24219.84
10/5/2023,0,17810.95,347.13
10/6/2023,0,11634.56,184.09
10/7/2023,0,6191.21,8210.32
10/8/2023,0,11808.11,974.82
10/9/2023,0,6309.86,37827.43
10/10/2023,0,157892.08,17355.99
10/11/2023,0,6796.88,6908.57
10/12/2023,0,8107.05,343.1
10/13/2023,0,24430.45,13985.49
10/14/2023,0,16376.87,8.07
10/15/2023,0,6483.36,883.7
10/16/2023,0,5640.04,8.29
10/17/2023,0,6307.64,2506.35
10/18/2023,0,1083.59,8.53
10/19/2023,0,3842.19,345.14
10/20/2023,0,3162.02,102.09
10/21/2023,0,4565.36,60.79
10/22/2023,0,8045.18,37921.53
10/23/2023,0,4805.64,31103.14
10/24/2023,0,1785.36,447.07
10/25/2023,0,10449.92,12047.69
10/26/2023,0,237804.57,708.21
10/27/2023,0,81871.24,124.94
10/28/2023,0,39883.04,26773.53
10/29/2023,0,161996.85,3617.71
10/30/2023,0,263472.77,531.02
10/31/2023,0,104585.09,3615.29
11/1/2023,0,8976.59,3857.89
11/2/2023,0,8121.73,1662.53
11/3/2023,549437.68,6716.25,55.36
11/4/2023,0,17650.4,5112.65
11/5/2023,0,13204.93,133.09
11/6/2023,0,8297.69,10706.68
11/7/2023,0,7171.12,12.01
11/8/2023,0,9595.02,44.81
11/9/2023,0,68525.48,1015.07
11/10/2023,0,9242.53,5897.35
11/11/2023,0,3696.78,79600.27
11/12/2023,0,62965.02,465.75
11/13/2023,0,4258.63,6246.62
11/14/2023,0,3533.59,6360.98
11/15/2023,0,10434.26,41.57
11/16/2023,0,598.53,27623.34
11/17/2023,0,3214.56,10.08
11/18/2023,0,5067.8,3539.26
11/19/2023,0,83264.06,0
11/20/2023,987162.41,3357.36,0
11/21/2023,0,8587.05,0
11/22/2023,0,9959.8,43366.27
11/23/2023,0,251858.85,8138.46
11/24/2023,0,313674.35,1133.3
11/25/2023,0,45951.78,109.97
11/26/2023,0,47191.85,16914.97
11/27/2023,0,207286.77,17.75
11/28/2023,0,5350.12,108157.1
11/29/2023,0,11736.85,60366.95
11/30/2023,0,36058.71,28583.65
12/1/2023,0,20239.71,209
12/2/2023,0,12551.51,2190.09
12/3/2023,0,22061.5,0
12/4/2023,0,9338.42,430.72
12/5/2023,0,8194.93,17680.89
12/6/2023,0,20108.84,69877.67
12/7/2023,0,4114.8,2331.92
12/8/2023,0,6450.5,464.7
12/9/2023,0,31006.54,187.92
12/10/2023,0,6089.43,16543.52
12/11/2023,0,20211.58,1286.65
12/12/2023,0,17604.66,1062.56
12/13/2023,0,4708.78,130.19
12/14/2023,0,5667.03,1543.4
12/15/2023,0,2859.12,40.16
12/16/2023,0,4023.13,0
12/17/2023,0,4394.41,47.55
12/18/2023,0,64453.21,320.59
12/19/2023,0,36115.71,0
12/20/2023,0,22465.7,0
12/21/2023,0,172494.87,12.01
12/22/2023,0,679681.19,0
12/23/2023,0,200486.5,0
12/24/2023,0,33246.52,0
12/25/2023,0,33871.85,127.44
12/26/2023,0,43506.35,60.48
12/27/2023,0,24888.23,184.87
12/28/2023,0,57037.54,3820
12/29/2023,0,14555.85,0
12/30/2023,0,40438.13,126.47
12/31/2023,0,40519.99,143.22
1/1/2024,0,90794.05,0
1/2/2024,0,38710.78,0
1/3/2024,0,33470.3,308.65
1/4/2024,0,6699.42,87.75
1/5/2024,0,21804.59,0
1/6/2024,0,15251.61,0
1/7/2024,0,1379.28,0
1/8/2024,0,6655.32,0
1/9/2024,0,57159.37,0
1/10/2024,0,2637.69,0
1/11/2024,0,20400.36,589.31
1/12/2024,0,9803.12,0.49
1/13/2024,0,6204.45,1179.84
1/14/2024,653595.78,2324.04,724.88
1/15/2024,0,39482.24,0
1/16/2024,0,14976.12,286.97
1/17/2024,0,5271.21,9.84
1/18/2024,0,194323.96,71.11
1/19/2024,0,466103.34,0
1/20/2024,0,76220.1,0
1/21/2024,0,35989.41,111.34
1/22/2024,0,19097.09,0
1/23/2024,0,58104.91,1476.23
1/24/2024,0,31917.23,0
1/25/2024,0,18320.8,0
1/26/2024,0,11375.81,0
1/27/2024,0,10003,0
1/28/2024,0,17413.33,0
1/29/2024,877469.5,24124.13,0
1/30/2024,0,28664.06,0
1/31/2024,0,20497.32,0
2/1/2024,0,23276.58,93.31
2/2/2024,0,11070.92,0
2/3/2024,0,10205.87,0
2/4/2024,0,6697.12,0
2/5/2024,0,2301.51,10.04
2/6/2024,0,2774.6,0
2/7/2024,0,11266.67,0
2/8/2024,0,2112.18,0
2/9/2024,0,130.01,0
2/10/2024,0,15230.33,0
2/11/2024,0,77807.23,332.71
2/12/2024,0,8851.91,0
2/13/2024,0,18696.13,0
2/14/2024,0,55091.47,0
2/15/2024,0,223204.94,0
2/16/2024,0,416385.36,264.53
2/17/2024,0,106680.06,0
2/18/2024,0,55911.64,22.04
2/19/2024,0,67095.67,0
2/20/2024,2259860.31,33391.27,0
2/21/2024,0,46789.65,34.95
2/22/2024,0,35740.54,0
2/23/2024,0,57250.16,46.88
2/24/2024,0,26784.85,0
2/25/2024,0,32188.86,0
2/26/2024,0,39161.58,0
2/27/2024,0,19558.54,0
2/28/2024,0,135064.07,0
2/29/2024,0,11817.09,0
3/1/2024,0,13983.63,2041.69
3/2/2024,0,3879.88,0
3/3/2024,0,8706.36,0
3/4/2024,0,5074.84,0
3/5/2024,0,5488.61,0
3/6/2024,0,4220.59,883.37
3/7/2024,0,9951.95,0
3/8/2024,0,33160.35,0
3/9/2024,0,30477.03,0
3/10/2024,0,6310.32,1154.77
3/11/2024,0,25612.46,4269.71
3/12/2024,0,34367.97,204.66
3/13/2024,0,36867.86,0
3/14/2024,0,346103.66,91.76
3/15/2024,0,412192.8,0
3/16/2024,0,59223.51,44.11
3/17/2024,0,58758.1,0
3/18/2024,0,620080.17,0
3/19/2024,0,12822.83,0
3/20/2024,0,44345.58,0
3/21/2024,0,17427.03,142.53
3/22/2024,0,25153.29,0
3/23/2024,0,34344.95,0
3/24/2024,0,19834.34,0
3/25/2024,0,25502.88,0
3/26/2024,0,15555.71,18.73
3/27/2024,0,10254,0
3/28/2024,0,7216.8,214.45
3/29/2024,0,14627,0
3/30/2024,0,11932.16,15.43
3/31/2024,0,56705.38,0
4/1/2024,0,38607.67,0
