Date,Metis ($),Stacks ($),OP Mainnet ($),Boba Network ($),Arbitrum ($),Manta Pacific ($),Mantle ($),Starknet ($),ZKFair ($)
2019-10-26,,0.37,,,,,,,
2019-10-27,,0.26,,,,,,,
2019-10-28,,0.21,,,,,,,
2019-10-29,,0.21,,,,,,,
2019-10-30,,0.21,,,,,,,
2019-10-31,,0.20,,,,,,,
2019-11-01,,0.19,,,,,,,
2019-11-02,,0.19,,,,,,,
2019-11-03,,0.19,,,,,,,
2019-11-04,,0.23,,,,,,,
2019-11-05,,0.22,,,,,,,
2019-11-06,,0.22,,,,,,,
2019-11-07,,0.20,,,,,,,
2019-11-08,,0.22,,,,,,,
2019-11-09,,0.22,,,,,,,
2019-11-10,,0.20,,,,,,,
2019-11-11,,0.20,,,,,,,
2019-11-12,,0.20,,,,,,,
2019-11-13,,0.19,,,,,,,
2019-11-14,,0.19,,,,,,,
2019-11-15,,0.18,,,,,,,
2019-11-16,,0.18,,,,,,,
2019-11-17,,0.18,,,,,,,
2019-11-18,,0.18,,,,,,,
2019-11-19,,0.17,,,,,,,
2019-11-20,,0.16,,,,,,,
2019-11-21,,0.15,,,,,,,
2019-11-22,,0.13,,,,,,,
2019-11-23,,0.11,,,,,,,
2019-11-24,,0.12,,,,,,,
2019-11-25,,0.13,,,,,,,
2019-11-26,,0.12,,,,,,,
2019-11-27,,0.11,,,,,,,
2019-11-28,,0.11,,,,,,,
2019-11-29,,0.12,,,,,,,
2019-11-30,,0.12,,,,,,,
2019-12-01,,0.11,,,,,,,
2019-12-02,,0.11,,,,,,,
2019-12-03,,0.10,,,,,,,
2019-12-04,,0.10,,,,,,,
2019-12-05,,0.10,,,,,,,
2019-12-06,,0.09,,,,,,,
2019-12-07,,0.10,,,,,,,
2019-12-08,,0.09,,,,,,,
2019-12-09,,0.10,,,,,,,
2019-12-10,,0.10,,,,,,,
2019-12-11,,0.09,,,,,,,
2019-12-12,,0.09,,,,,,,
2019-12-13,,0.08,,,,,,,
2019-12-14,,0.09,,,,,,,
2019-12-15,,0.08,,,,,,,
2019-12-16,,0.09,,,,,,,
2019-12-17,,0.09,,,,,,,
2019-12-18,,0.08,,,,,,,
2019-12-19,,0.10,,,,,,,
2019-12-20,,0.12,,,,,,,
2019-12-21,,0.11,,,,,,,
2019-12-22,,0.11,,,,,,,
2019-12-23,,0.12,,,,,,,
2019-12-24,,0.12,,,,,,,
2019-12-25,,0.13,,,,,,,
2019-12-26,,0.12,,,,,,,
2019-12-27,,0.11,,,,,,,
2019-12-28,,0.11,,,,,,,
2019-12-29,,0.11,,,,,,,
2019-12-30,,0.10,,,,,,,
2019-12-31,,0.10,,,,,,,
2020-01-01,,0.10,,,,,,,
2020-01-02,,0.10,,,,,,,
2020-01-03,,0.09,,,,,,,
2020-01-04,,0.09,,,,,,,
2020-01-05,,0.09,,,,,,,
2020-01-06,,0.09,,,,,,,
2020-01-07,,0.10,,,,,,,
2020-01-08,,0.10,,,,,,,
2020-01-09,,0.09,,,,,,,
2020-01-10,,0.09,,,,,,,
2020-01-11,,0.09,,,,,,,
2020-01-12,,0.09,,,,,,,
2020-01-13,,0.10,,,,,,,
2020-01-14,,0.09,,,,,,,
2020-01-15,,0.10,,,,,,,
2020-01-16,,0.10,,,,,,,
2020-01-17,,0.10,,,,,,,
2020-01-18,,0.10,,,,,,,
2020-01-19,,0.10,,,,,,,
2020-01-20,,0.11,,,,,,,
2020-01-21,,0.11,,,,,,,
2020-01-22,,0.10,,,,,,,
2020-01-23,,0.10,,,,,,,
2020-01-24,,0.10,,,,,,,
2020-01-25,,0.10,,,,,,,
2020-01-26,,0.09,,,,,,,
2020-01-27,,0.10,,,,,,,
2020-01-28,,0.10,,,,,,,
2020-01-29,,0.10,,,,,,,
2020-01-30,,0.09,,,,,,,
2020-01-31,,0.09,,,,,,,
2020-02-01,,0.10,,,,,,,
2020-02-02,,0.10,,,,,,,
2020-02-03,,0.10,,,,,,,
2020-02-04,,0.10,,,,,,,
2020-02-05,,0.11,,,,,,,
2020-02-06,,0.10,,,,,,,
2020-02-07,,0.15,,,,,,,
2020-02-08,,0.15,,,,,,,
2020-02-09,,0.15,,,,,,,
2020-02-10,,0.17,,,,,,,
2020-02-11,,0.16,,,,,,,
2020-02-12,,0.18,,,,,,,
2020-02-13,,0.20,,,,,,,
2020-02-14,,0.18,,,,,,,
2020-02-15,,0.19,,,,,,,
2020-02-16,,0.17,,,,,,,
2020-02-17,,0.16,,,,,,,
2020-02-18,,0.16,,,,,,,
2020-02-19,,0.17,,,,,,,
2020-02-20,,0.15,,,,,,,
2020-02-21,,0.16,,,,,,,
2020-02-22,,0.16,,,,,,,
2020-02-23,,0.16,,,,,,,
2020-02-24,,0.17,,,,,,,
2020-02-25,,0.15,,,,,,,
2020-02-26,,0.14,,,,,,,
2020-02-27,,0.13,,,,,,,
2020-02-28,,0.13,,,,,,,
2020-02-29,,0.13,,,,,,,
2020-03-01,,0.12,,,,,,,
2020-03-02,,0.12,,,,,,,
2020-03-03,,0.13,,,,,,,
2020-03-04,,0.13,,,,,,,
2020-03-05,,0.15,,,,,,,
2020-03-06,,0.15,,,,,,,
2020-03-07,,0.15,,,,,,,
2020-03-08,,0.14,,,,,,,
2020-03-09,,0.12,,,,,,,
2020-03-10,,0.12,,,,,,,
2020-03-11,,0.14,,,,,,,
2020-03-12,,0.14,,,,,,,
2020-03-13,,0.07,,,,,,,
2020-03-14,,0.08,,,,,,,
2020-03-15,,0.07,,,,,,,
2020-03-16,,0.07,,,,,,,
2020-03-17,,0.06,,,,,,,
2020-03-18,,0.07,,,,,,,
2020-03-19,,0.07,,,,,,,
2020-03-20,,0.08,,,,,,,
2020-03-21,,0.08,,,,,,,
2020-03-22,,0.09,,,,,,,
2020-03-23,,0.08,,,,,,,
2020-03-24,,0.09,,,,,,,
2020-03-25,,0.08,,,,,,,
2020-03-26,,0.08,,,,,,,
2020-03-27,,0.09,,,,,,,
2020-03-28,,0.09,,,,,,,
2020-03-29,,0.09,,,,,,,
2020-03-30,,0.08,,,,,,,
2020-03-31,,0.09,,,,,,,
2020-04-01,,0.09,,,,,,,
2020-04-02,,0.09,,,,,,,
2020-04-03,,0.09,,,,,,,
2020-04-04,,0.09,,,,,,,
2020-04-05,,0.10,,,,,,,
2020-04-06,,0.10,,,,,,,
2020-04-07,,0.10,,,,,,,
2020-04-08,,0.10,,,,,,,
2020-04-09,,0.10,,,,,,,
2020-04-10,,0.10,,,,,,,
2020-04-11,,0.09,,,,,,,
2020-04-12,,0.09,,,,,,,
2020-04-13,,0.09,,,,,,,
2020-04-14,,0.09,,,,,,,
2020-04-15,,0.09,,,,,,,
2020-04-16,,0.09,,,,,,,
2020-04-17,,0.09,,,,,,,
2020-04-18,,0.09,,,,,,,
2020-04-19,,0.09,,,,,,,
2020-04-20,,0.09,,,,,,,
2020-04-21,,0.09,,,,,,,
2020-04-22,,0.09,,,,,,,
2020-04-23,,0.09,,,,,,,
2020-04-24,,0.10,,,,,,,
2020-04-25,,0.11,,,,,,,
2020-04-26,,0.11,,,,,,,
2020-04-27,,0.11,,,,,,,
2020-04-28,,0.11,,,,,,,
2020-04-29,,0.11,,,,,,,
2020-04-30,,0.11,,,,,,,
2020-05-01,,0.10,,,,,,,
2020-05-02,,0.11,,,,,,,
2020-05-03,,0.11,,,,,,,
2020-05-04,,0.11,,,,,,,
2020-05-05,,0.10,,,,,,,
2020-05-06,,0.11,,,,,,,
2020-05-07,,0.10,,,,,,,
2020-05-08,,0.10,,,,,,,
2020-05-09,,0.11,,,,,,,
2020-05-10,,0.11,,,,,,,
2020-05-11,,0.09,,,,,,,
2020-05-12,,0.09,,,,,,,
2020-05-13,,0.10,,,,,,,
2020-05-14,,0.11,,,,,,,
2020-05-15,,0.11,,,,,,,
2020-05-16,,0.11,,,,,,,
2020-05-17,,0.11,,,,,,,
2020-05-18,,0.12,,,,,,,
2020-05-19,,0.12,,,,,,,
2020-05-20,,0.12,,,,,,,
2020-05-21,,0.12,,,,,,,
2020-05-22,,0.12,,,,,,,
2020-05-23,,0.12,,,,,,,
2020-05-24,,0.12,,,,,,,
2020-05-25,,0.13,,,,,,,
2020-05-26,,0.13,,,,,,,
2020-05-27,,0.13,,,,,,,
2020-05-28,,0.13,,,,,,,
2020-05-29,,0.15,,,,,,,
2020-05-30,,0.16,,,,,,,
2020-05-31,,0.15,,,,,,,
2020-06-01,,0.14,,,,,,,
2020-06-02,,0.14,,,,,,,
2020-06-03,,0.13,,,,,,,
2020-06-04,,0.15,,,,,,,
2020-06-05,,0.15,,,,,,,
2020-06-06,,0.14,,,,,,,
2020-06-07,,0.14,,,,,,,
2020-06-08,,0.14,,,,,,,
2020-06-09,,0.15,,,,,,,
2020-06-10,,0.15,,,,,,,
2020-06-11,,0.15,,,,,,,
2020-06-12,,0.14,,,,,,,
2020-06-13,,0.16,,,,,,,
2020-06-14,,0.16,,,,,,,
2020-06-15,,0.14,,,,,,,
2020-06-16,,0.14,,,,,,,
2020-06-17,,0.14,,,,,,,
2020-06-18,,0.15,,,,,,,
2020-06-19,,0.15,,,,,,,
2020-06-20,,0.14,,,,,,,
2020-06-21,,0.14,,,,,,,
2020-06-22,,0.14,,,,,,,
2020-06-23,,0.15,,,,,,,
2020-06-24,,0.15,,,,,,,
2020-06-25,,0.14,,,,,,,
2020-06-26,,0.14,,,,,,,
2020-06-27,,0.14,,,,,,,
2020-06-28,,0.12,,,,,,,
2020-06-29,,0.13,,,,,,,
2020-06-30,,0.13,,,,,,,
2020-07-01,,0.13,,,,,,,
2020-07-02,,0.13,,,,,,,
2020-07-03,,0.13,,,,,,,
2020-07-04,,0.13,,,,,,,
2020-07-05,,0.13,,,,,,,
2020-07-06,,0.13,,,,,,,
2020-07-07,,0.13,,,,,,,
2020-07-08,,0.13,,,,,,,
2020-07-09,,0.14,,,,,,,
2020-07-10,,0.15,,,,,,,
2020-07-11,,0.14,,,,,,,
2020-07-12,,0.15,,,,,,,
2020-07-13,,0.15,,,,,,,
2020-07-14,,0.14,,,,,,,
2020-07-15,,0.14,,,,,,,
2020-07-16,,0.14,,,,,,,
2020-07-17,,0.14,,,,,,,
2020-07-18,,0.15,,,,,,,
2020-07-19,,0.15,,,,,,,
2020-07-20,,0.14,,,,,,,
2020-07-21,,0.15,,,,,,,
2020-07-22,,0.16,,,,,,,
2020-07-23,,0.17,,,,,,,
2020-07-24,,0.16,,,,,,,
2020-07-25,,0.17,,,,,,,
2020-07-26,,0.18,,,,,,,
2020-07-27,,0.17,,,,,,,
2020-07-28,,0.15,,,,,,,
2020-07-29,,0.16,,,,,,,
2020-07-30,,0.16,,,,,,,
2020-07-31,,0.16,,,,,,,
2020-08-01,,0.17,,,,,,,
2020-08-02,,0.17,,,,,,,
2020-08-03,,0.17,,,,,,,
2020-08-04,,0.18,,,,,,,
2020-08-05,,0.19,,,,,,,
2020-08-06,,0.18,,,,,,,
2020-08-07,,0.20,,,,,,,
2020-08-08,,0.21,,,,,,,
2020-08-09,,0.24,,,,,,,
2020-08-10,,0.23,,,,,,,
2020-08-11,,0.26,,,,,,,
2020-08-12,,0.25,,,,,,,
2020-08-13,,0.27,,,,,,,
2020-08-14,,0.27,,,,,,,
2020-08-15,,0.31,,,,,,,
2020-08-16,,0.29,,,,,,,
2020-08-17,,0.28,,,,,,,
2020-08-18,,0.27,,,,,,,
2020-08-19,,0.26,,,,,,,
2020-08-20,,0.24,,,,,,,
2020-08-21,,0.28,,,,,,,
2020-08-22,,0.26,,,,,,,
2020-08-23,,0.29,,,,,,,
2020-08-24,,0.30,,,,,,,
2020-08-25,,0.28,,,,,,,
2020-08-26,,0.26,,,,,,,
2020-08-27,,0.25,,,,,,,
2020-08-28,,0.25,,,,,,,
2020-08-29,,0.25,,,,,,,
2020-08-30,,0.25,,,,,,,
2020-08-31,,0.25,,,,,,,
2020-09-01,,0.25,,,,,,,
2020-09-02,,0.24,,,,,,,
2020-09-03,,0.22,,,,,,,
2020-09-04,,0.18,,,,,,,
2020-09-05,,0.19,,,,,,,
2020-09-06,,0.15,,,,,,,
2020-09-07,,0.19,,,,,,,
2020-09-08,,0.21,,,,,,,
2020-09-09,,0.22,,,,,,,
2020-09-10,,0.21,,,,,,,
2020-09-11,,0.21,,,,,,,
2020-09-12,,0.21,,,,,,,
2020-09-13,,0.23,,,,,,,
2020-09-14,,0.20,,,,,,,
2020-09-15,,0.20,,,,,,,
2020-09-16,,0.18,,,,,,,
2020-09-17,,0.20,,,,,,,
2020-09-18,,0.19,,,,,,,
2020-09-19,,0.19,,,,,,,
2020-09-20,,0.19,,,,,,,
2020-09-21,,0.20,,,,,,,
2020-09-22,,0.18,,,,,,,
2020-09-23,,0.17,,,,,,,
2020-09-24,,0.15,,,,,,,
2020-09-25,,0.17,,,,,,,
2020-09-26,,0.17,,,,,,,
2020-09-27,,0.16,,,,,,,
2020-09-28,,0.16,,,,,,,
2020-09-29,,0.15,,,,,,,
2020-09-30,,0.15,,,,,,,
2020-10-01,,0.16,,,,,,,
2020-10-02,,0.16,,,,,,,
2020-10-03,,0.15,,,,,,,
2020-10-04,,0.16,,,,,,,
2020-10-05,,0.16,,,,,,,
2020-10-06,,0.16,,,,,,,
2020-10-07,,0.14,,,,,,,
2020-10-08,,0.15,,,,,,,
2020-10-09,,0.15,,,,,,,
2020-10-10,,0.16,,,,,,,
2020-10-11,,0.16,,,,,,,
2020-10-12,,0.16,,,,,,,
2020-10-13,,0.17,,,,,,,
2020-10-14,,0.17,,,,,,,
2020-10-15,,0.17,,,,,,,
2020-10-16,,0.18,,,,,,,
2020-10-17,,0.17,,,,,,,
2020-10-18,,0.17,,,,,,,
2020-10-19,,0.17,,,,,,,
2020-10-20,,0.17,,,,,,,
2020-10-21,,0.16,,,,,,,
2020-10-22,,0.16,,,,,,,
2020-10-23,,0.16,,,,,,,
2020-10-24,,0.16,,,,,,,
2020-10-25,,0.16,,,,,,,
2020-10-26,,0.15,,,,,,,
2020-10-27,,0.15,,,,,,,
2020-10-28,,0.15,,,,,,,
2020-10-29,,0.15,,,,,,,
2020-10-30,,0.14,,,,,,,
2020-10-31,,0.15,,,,,,,
2020-11-01,,0.16,,,,,,,
2020-11-02,,0.16,,,,,,,
2020-11-03,,0.15,,,,,,,
2020-11-04,,0.15,,,,,,,
2020-11-05,,0.15,,,,,,,
2020-11-06,,0.15,,,,,,,
2020-11-07,,0.17,,,,,,,
2020-11-08,,0.17,,,,,,,
2020-11-09,,0.19,,,,,,,
2020-11-10,,0.19,,,,,,,
2020-11-11,,0.22,,,,,,,
2020-11-12,,0.20,,,,,,,
2020-11-13,,0.28,,,,,,,
2020-11-14,,0.27,,,,,,,
2020-11-15,,0.25,,,,,,,
2020-11-16,,0.24,,,,,,,
2020-11-17,,0.25,,,,,,,
2020-11-18,,0.24,,,,,,,
2020-11-19,,0.22,,,,,,,
2020-11-20,,0.21,,,,,,,
2020-11-21,,0.22,,,,,,,
2020-11-22,,0.23,,,,,,,
2020-11-23,,0.21,,,,,,,
2020-11-24,,0.23,,,,,,,
2020-11-25,,0.23,,,,,,,
2020-11-26,,0.24,,,,,,,
2020-11-27,,0.25,,,,,,,
2020-11-28,,0.24,,,,,,,
2020-11-29,,0.24,,,,,,,
2020-11-30,,0.24,,,,,,,
2020-12-01,,0.24,,,,,,,
2020-12-02,,0.24,,,,,,,
2020-12-03,,0.25,,,,,,,
2020-12-04,,0.25,,,,,,,
2020-12-05,,0.23,,,,,,,
2020-12-06,,0.23,,,,,,,
2020-12-07,,0.25,,,,,,,
2020-12-08,,0.27,,,,,,,
2020-12-09,,0.29,,,,,,,
2020-12-10,,0.28,,,,,,,
2020-12-11,,0.26,,,,,,,
2020-12-12,,0.28,,,,,,,
2020-12-13,,0.29,,,,,,,
2020-12-14,,0.32,,,,,,,
2020-12-15,,0.32,,,,,,,
2020-12-16,,0.30,,,,,,,
2020-12-17,,0.30,,,,,,,
2020-12-18,,0.30,,,,,,,
2020-12-19,,0.32,,,,,,,
2020-12-20,,0.30,,,,,,,
2020-12-21,,0.29,,,,,,,
2020-12-22,,0.28,,,,,,,
2020-12-23,,0.28,,,,,,,
2020-12-24,,0.26,,,,,,,
2020-12-25,,0.28,,,,,,,
2020-12-26,,0.30,,,,,,,
2020-12-27,,0.32,,,,,,,
2020-12-28,,0.42,,,,,,,
2020-12-29,,0.39,,,,,,,
2020-12-30,,0.41,,,,,,,
2020-12-31,,0.40,,,,,,,
2021-01-01,,0.40,,,,,,,
2021-01-02,,0.43,,,,,,,
2021-01-03,,0.45,,,,,,,
2021-01-04,,0.48,,,,,,,
2021-01-05,,0.48,,,,,,,
2021-01-06,,0.52,,,,,,,
2021-01-07,,0.52,,,,,,,
2021-01-08,,0.54,,,,,,,
2021-01-09,,0.50,,,,,,,
2021-01-10,,0.50,,,,,,,
2021-01-11,,0.48,,,,,,,
2021-01-12,,0.50,,,,,,,
2021-01-13,,0.48,,,,,,,
2021-01-14,,0.56,,,,,,,
2021-01-15,,0.51,,,,,,,
2021-01-16,,0.49,,,,,,,
2021-01-17,,0.48,,,,,,,
2021-01-18,,0.49,,,,,,,
2021-01-19,,0.49,,,,,,,
2021-01-20,,0.50,,,,,,,
2021-01-21,,0.49,,,,,,,
2021-01-22,,0.45,,,,,,,
2021-01-23,,0.48,,,,,,,
2021-01-24,,0.48,,,,,,,
2021-01-25,,0.49,,,,,,,
2021-01-26,,0.47,,,,,,,
2021-01-27,,0.47,,,,,,,
2021-01-28,,0.43,,,,,,,
2021-01-29,,0.44,,,,,,,
2021-01-30,,0.44,,,,,,,
2021-01-31,,0.43,,,,,,,
2021-02-01,,0.43,,,,,,,
2021-02-02,,0.44,,,,,,,
2021-02-03,,0.46,,,,,,,
2021-02-04,,0.46,,,,,,,
2021-02-05,,0.45,,,,,,,
2021-02-06,,0.47,,,,,,,
2021-02-07,,0.45,,,,,,,
2021-02-08,,0.47,,,,,,,
2021-02-09,,0.48,,,,,,,
2021-02-10,,0.54,,,,,,,
2021-02-11,,0.57,,,,,,,
2021-02-12,,0.64,,,,,,,
2021-02-13,,0.73,,,,,,,
2021-02-14,,0.70,,,,,,,
2021-02-15,,0.67,,,,,,,
2021-02-16,,0.69,,,,,,,
2021-02-17,,0.68,,,,,,,
2021-02-18,,0.71,,,,,,,
2021-02-19,,0.79,,,,,,,
2021-02-20,,0.84,,,,,,,
2021-02-21,,0.78,,,,,,,
2021-02-22,,0.82,,,,,,,
2021-02-23,,0.78,,,,,,,
2021-02-24,,0.84,,,,,,,
2021-02-25,,1.08,,,,,,,
2021-02-26,,1.05,,,,,,,
2021-02-27,,1.02,,,,,,,
2021-02-28,,1.01,,,,,,,
2021-03-01,,0.95,,,,,,,
2021-03-02,,0.99,,,,,,,
2021-03-03,,1.02,,,,,,,
2021-03-04,,1.05,,,,,,,
2021-03-05,,1.22,,,,,,,
2021-03-06,,1.22,,,,,,,
2021-03-07,,1.18,,,,,,,
2021-03-08,,1.20,,,,,,,
2021-03-09,,1.21,,,,,,,
2021-03-10,,1.23,,,,,,,
2021-03-11,,1.12,,,,,,,
2021-03-12,,1.10,,,,,,,
2021-03-13,,1.16,,,,,,,
2021-03-14,,1.27,,,,,,,
2021-03-15,,1.15,,,,,,,
2021-03-16,,1.12,,,,,,,
2021-03-17,,1.13,,,,,,,
2021-03-18,,1.22,,,,,,,
2021-03-19,,1.32,,,,,,,
2021-03-20,,1.37,,,,,,,
2021-03-21,,1.25,,,,,,,
2021-03-22,,1.28,,,,,,,
2021-03-23,,1.26,,,,,,,
2021-03-24,,1.27,,,,,,,
2021-03-25,,1.20,,,,,,,
2021-03-26,,1.18,,,,,,,
2021-03-27,,1.23,,,,,,,
2021-03-28,,1.26,,,,,,,
2021-03-29,,1.25,,,,,,,
2021-03-30,,1.24,,,,,,,
2021-03-31,,1.24,,,,,,,
2021-04-01,,1.22,,,,,,,
2021-04-02,,1.26,,,,,,,
2021-04-03,,1.22,,,,,,,
2021-04-04,,1.12,,,,,,,
2021-04-05,,1.16,,,,,,,
2021-04-06,,2.75,,,,,,,
2021-04-07,,1.97,,,,,,,
2021-04-08,,1.72,,,,,,,
2021-04-09,,1.91,,,,,,,
2021-04-10,,1.97,,,,,,,
2021-04-11,,1.92,,,,,,,
2021-04-12,,1.88,,,,,,,
2021-04-13,,2.08,,,,,,,
2021-04-14,,2.31,,,,,,,
2021-04-15,,2.63,,,,,,,
2021-04-16,,2.66,,,,,,,
2021-04-17,,2.37,,,,,,,
2021-04-18,,2.29,,,,,,,
2021-04-19,,1.99,,,,,,,
2021-04-20,,2.29,,,,,,,
2021-04-21,,2.45,,,,,,,
2021-04-22,,2.23,,,,,,,
2021-04-23,,2.14,,,,,,,
2021-04-24,,1.97,,,,,,,
2021-04-25,,1.77,,,,,,,
2021-04-26,,1.76,,,,,,,
2021-04-27,,2.03,,,,,,,
2021-04-28,,2.23,,,,,,,
2021-04-29,,2.24,,,,,,,
2021-04-30,,2.13,,,,,,,
2021-05-01,,2.18,,,,,,,
2021-05-02,,2.14,,,,,,,
2021-05-03,,2.08,,,,,,,
2021-05-04,,2.07,,,,,,,
2021-05-05,,2.01,,,,,,,
2021-05-06,,2.13,,,,,,,
2021-05-07,,2.02,,,,,,,
2021-05-08,,2.01,,,,,,,
2021-05-09,,2.02,,,,,,,
2021-05-10,,1.93,,,,,,,
2021-05-11,,1.74,,,,,,,
2021-05-12,,1.88,,,,,,,
2021-05-13,,1.64,,,,,,,
2021-05-14,,1.59,,,,,,,
2021-05-15,,1.68,,,,,,,
2021-05-16,,1.57,,,,,,,
2021-05-17,,1.52,,,,,,,
2021-05-18,8.03,1.36,,,,,,,
2021-05-19,8.03,1.38,,,,,,,
2021-05-20,6.45,0.93,,,,,,,
2021-05-21,5.72,1.07,,,,,,,
2021-05-22,5.02,1.00,,,,,,,
2021-05-23,5.11,0.98,,,,,,,
2021-05-24,4.03,0.92,,,,,,,
2021-05-25,4.82,1.07,,,,,,,
2021-05-26,4.63,1.02,,,,,,,
2021-05-27,5.18,1.08,,,,,,,
2021-05-28,5.35,1.11,,,,,,,
2021-05-29,4.78,0.97,,,,,,,
2021-05-30,5.22,0.97,,,,,,,
2021-05-31,5.51,0.96,,,,,,,
2021-06-01,5.68,1.00,,,,,,,
2021-06-02,4.95,0.98,,,,,,,
2021-06-03,5.80,1.01,,,,,,,
2021-06-04,5.25,1.05,,,,,,,
2021-06-05,5.26,1.02,,,,,,,
2021-06-06,5.43,0.97,,,,,,,
2021-06-07,5.31,1.00,,,,,,,
2021-06-08,5.09,0.92,,,,,,,
2021-06-09,5.20,0.91,,,,,,,
2021-06-10,5.40,0.93,,,,,,,
2021-06-11,5.06,0.92,,,,,,,
2021-06-12,5.13,0.89,,,,,,,
2021-06-13,4.77,0.84,,,,,,,
2021-06-14,4.95,0.90,,,,,,,
2021-06-15,4.97,0.90,,,,,,,
2021-06-16,4.92,0.89,,,,,,,
2021-06-17,4.76,0.93,,,,,,,
2021-06-18,5.56,0.90,,,,,,,
2021-06-19,5.46,0.84,,,,,,,
2021-06-20,7.35,0.83,,,,,,,
2021-06-21,6.81,0.80,,,,,,,
2021-06-22,5.25,0.60,,,,,,,
2021-06-23,5.21,0.61,,,,,,,
2021-06-24,5.46,0.65,,,,,,,
2021-06-25,5.29,0.72,,,,,,,
2021-06-26,4.87,0.65,,,,,,,
2021-06-27,4.82,0.64,,,,,,,
2021-06-28,4.95,0.69,,,,,,,
2021-06-29,6.31,0.71,,,,,,,
2021-06-30,5.81,0.75,,,,,,,
2021-07-01,5.98,0.81,,,,,,,
2021-07-02,6.43,0.77,,,,,,,
2021-07-03,6.43,0.82,,,,,,,
2021-07-04,6.73,0.85,,,,,,,
2021-07-05,7.10,0.86,,,,,,,
2021-07-06,6.99,0.82,,,,,,,
2021-07-07,7.37,0.87,,,,,,,
2021-07-08,7.07,0.99,,,,,,,
2021-07-09,7.10,1.22,,,,,,,
2021-07-10,7.25,1.20,,,,,,,
2021-07-11,7.09,1.25,,,,,,,
2021-07-12,7.20,1.36,,,,,,,
2021-07-13,6.99,1.19,,,,,,,
2021-07-14,6.71,1.19,,,,,,,
2021-07-15,5.88,1.24,,,,,,,
2021-07-16,5.72,1.25,,,,,,,
2021-07-17,5.36,1.09,,,,,,,
2021-07-18,5.25,1.04,,,,,,,
2021-07-19,5.21,1.02,,,,,,,
2021-07-20,5.56,0.92,,,,,,,
2021-07-21,5.19,0.82,,,,,,,
2021-07-22,5.35,0.97,,,,,,,
2021-07-23,5.91,1.04,,,,,,,
2021-07-24,5.75,1.18,,,,,,,
2021-07-25,5.31,1.21,,,,,,,
2021-07-26,5.19,1.20,,,,,,,
2021-07-27,5.07,1.15,,,,,,,
2021-07-28,5.12,1.16,,,,,,,
2021-07-29,4.99,1.13,,,,,,,
2021-07-30,4.94,1.15,,,,,,,
2021-07-31,5.10,1.23,,,,,,,
2021-08-01,5.10,1.28,,,,,,,
2021-08-02,4.93,1.21,,,,,,,
2021-08-03,5.05,1.26,,,,,,,
2021-08-04,5.01,1.37,,,,,,,
2021-08-05,4.95,1.37,,,,,,,
2021-08-06,5.11,1.35,,,,,,,
2021-08-07,5.39,1.35,,,,,,,
2021-08-08,5.52,1.40,,,,,,,
2021-08-09,5.50,1.29,,,,,,,
2021-08-10,6.34,1.34,,,,,,,
2021-08-11,6.13,1.41,,,,,,,
2021-08-12,6.24,1.43,,,,,,,
2021-08-13,5.78,1.35,,,,,,,
2021-08-14,4.97,1.41,,,,,,,
2021-08-15,4.51,1.43,,,,,,,
2021-08-16,4.28,1.42,,,,,,,
2021-08-17,4.15,1.50,,,,,,,
2021-08-18,4.10,1.37,,,,,,,
2021-08-19,3.99,1.37,,,,,,,
2021-08-20,4.76,1.38,,,,,,,
2021-08-21,5.20,1.43,,,,,,,
2021-08-22,7.26,1.46,,,,,,,
2021-08-23,11.19,1.44,,,,,,,
2021-08-24,11.21,1.50,,,,,,,
2021-08-25,10.87,1.43,,,,,,,
2021-08-26,12.45,1.49,,,,,,,
2021-08-27,14.21,1.38,,,,,,,
2021-08-28,16.53,1.43,,,,,,,
2021-08-29,16.17,1.42,,,,,,,
2021-08-30,16.29,1.49,,,,,,,
2021-08-31,14.76,1.42,,,,,,,
2021-09-01,17.19,1.46,,,,,,,
2021-09-02,20.93,1.51,,,,,,,
2021-09-03,23.21,1.60,,,,,,,
2021-09-04,28.08,1.65,,,,,,,
2021-09-05,29.88,1.69,,,,,,,
2021-09-06,34.30,1.68,,,,,,,
2021-09-07,54.10,1.69,,,,,,,
2021-09-08,48.16,1.38,,,,,,,
2021-09-09,52.94,1.41,,,,,,,
2021-09-10,63.58,1.45,,,,,,,
2021-09-11,47.57,1.41,,,,,,,
2021-09-12,46.98,1.41,,,,,,,
2021-09-13,48.70,1.44,,,,,,,
2021-09-14,41.79,1.55,,,,,,,
2021-09-15,48.73,1.56,,,,,,,
2021-09-16,44.70,1.57,,,,,,,
2021-09-17,44.27,1.51,,,,,,,
2021-09-18,44.69,1.45,,,,,,,
2021-09-19,39.68,1.47,,,,,,,
2021-09-20,45.55,1.41,,,,,,,
2021-09-21,35.58,1.19,,,,,,,
2021-09-22,31.22,1.21,,,,,,,
2021-09-23,39.82,1.37,,,,,,,
2021-09-24,45.06,1.43,,,,,,,
2021-09-25,40.73,1.27,,,,,,,
2021-09-26,38.18,1.25,,,,,,,
2021-09-27,38.90,1.24,,,,,,,
2021-09-28,38.35,1.20,,,,,,,
2021-09-29,34.18,1.15,,,,,,,
2021-09-30,33.32,1.14,,,,,,,
2021-10-01,34.93,1.20,,,,,,,
2021-10-02,48.86,1.31,,,,,,,
2021-10-03,53.03,1.33,,,,,,,
2021-10-04,58.48,1.33,,,,,,,
2021-10-05,52.37,1.43,,,,,,,
2021-10-06,53.26,1.44,,,,,,,
2021-10-07,53.68,1.37,,,,,,,
2021-10-08,58.14,1.40,,,,,,,
2021-10-09,67.11,1.43,,,,,,,
2021-10-10,65.47,1.86,,,,,,,
2021-10-11,56.56,2.13,,,,,,,
2021-10-12,54.20,1.97,,,,,,,
2021-10-13,47.05,2.04,,,,,,,
2021-10-14,46.44,2.27,,,,,,,
2021-10-15,52.01,2.24,,,,,,,
2021-10-16,47.79,2.00,,,,,,,
2021-10-17,47.48,1.97,,,,,,,
2021-10-18,46.45,2.20,,,,,,,
2021-10-19,45.26,2.54,,,,,,,
2021-10-20,43.91,2.34,,,,,,,
2021-10-21,44.77,2.40,,,,,,,
2021-10-22,51.28,2.30,,,,,,,
2021-10-23,54.61,2.21,,,,,,,
2021-10-24,63.16,2.23,,,,,,,
2021-10-25,57.19,2.21,,,,,,,
2021-10-26,63.09,2.22,,,,,,,
2021-10-27,68.91,2.16,,,,,,,
2021-10-28,65.49,1.87,,,,,,,
2021-10-29,71.14,1.95,,,,,,,
2021-10-30,71.92,1.99,,,,,,,
2021-10-31,61.83,1.90,,,,,,,
2021-11-01,67.35,1.85,,,,,,,
2021-11-02,63.16,1.96,,,,,,,
2021-11-03,75.00,1.97,,,,,,,
2021-11-04,69.45,1.97,,,,,,,
2021-11-05,77.73,1.94,,,,,,,
2021-11-06,74.80,1.99,,,,,,,
2021-11-07,78.14,2.00,,,,,,,
2021-11-08,98.91,2.20,,,,,,,
2021-11-09,101.04,2.31,,,,,,,
2021-11-10,100.79,2.22,,,,,,,
2021-11-11,94.99,2.11,,,,,,,
2021-11-12,105.75,2.21,,,,,,,
2021-11-13,101.59,2.26,,,,,,,
2021-11-14,72.05,2.31,,,,,,,
2021-11-15,97.82,2.34,,,,,,,
2021-11-16,86.95,2.43,,,,,,,
2021-11-17,84.94,2.18,,,,,,,
2021-11-18,102.91,2.15,,,,,,,
2021-11-19,90.03,1.91,,1.00,,,,,
2021-11-20,94.12,2.06,,1.00,,,,,
2021-11-21,99.68,2.13,,4.15,,,,,
2021-11-22,93.85,2.18,,5.04,,,,,
2021-11-23,88.02,2.13,,4.94,,,,,
2021-11-24,97.79,2.08,,5.71,,,,,
2021-11-25,99.72,1.97,,7.15,,,,,
2021-11-26,115.51,2.07,,7.49,,,,,
2021-11-27,107.12,1.84,,5.71,,,,,
2021-11-28,104.68,1.87,,5.87,,,,,
2021-11-29,105.43,1.92,,5.97,,,,,
2021-11-30,101.62,2.15,,5.42,,,,,
2021-12-01,96.31,2.67,,5.38,,,,,
2021-12-02,90.54,3.01,,5.00,,,,,
2021-12-03,84.04,2.54,,5.48,,,,,
2021-12-04,81.66,2.66,,4.58,,,,,
2021-12-05,75.15,2.21,,3.92,,,,,
2021-12-06,70.23,2.08,,3.86,,,,,
2021-12-07,68.35,2.26,,3.73,,,,,
2021-12-08,75.12,2.29,,3.54,,,,,
2021-12-09,82.07,2.30,,3.45,,,,,
2021-12-10,67.74,2.13,,3.03,,,,,
2021-12-11,64.32,1.96,,2.58,,,,,
2021-12-12,62.25,2.12,,3.12,,,,,
2021-12-13,69.35,2.12,,3.28,,,,,
2021-12-14,55.97,1.86,,2.99,,,,,
2021-12-15,56.23,1.95,,2.92,,,,,
2021-12-16,65.11,2.31,,3.13,,,,,
2021-12-17,63.45,2.21,,2.94,,,,,
2021-12-18,62.64,2.14,,2.80,,,,,
2021-12-19,75.40,2.15,,2.88,,,,,
2021-12-20,71.90,2.13,,3.02,,,,,
2021-12-21,70.05,2.07,,3.06,,,,,
2021-12-22,73.56,2.18,,3.58,,,,,
2021-12-23,72.77,2.25,,3.53,,,,,
2021-12-24,79.25,2.39,,3.97,,,,,
2021-12-25,89.56,2.29,,3.57,,,,,
2021-12-26,114.02,2.34,,3.55,,,,,
2021-12-27,150.48,2.38,,3.49,,,,,
2021-12-28,164.23,2.65,,3.66,,,,,
2021-12-29,140.83,2.34,,3.53,,,,,
2021-12-30,178.51,2.19,,3.60,,,,,
2021-12-31,258.37,2.23,,3.21,,,,,
2022-01-01,222.87,2.21,,2.95,,,,,
2022-01-02,209.26,2.32,,3.13,,,,,
2022-01-03,238.60,2.44,,3.10,,,,,
2022-01-04,212.52,2.33,,3.00,,,,,
2022-01-05,222.29,2.39,,2.95,,,,,
2022-01-06,204.15,2.30,,2.67,,,,,
2022-01-07,192.97,2.23,,2.75,,,,,
2022-01-08,170.84,2.14,,2.77,,,,,
2022-01-09,166.10,2.10,,2.73,,,,,
2022-01-10,196.71,2.11,,2.65,,,,,
2022-01-11,205.54,2.01,,2.40,,,,,
2022-01-12,197.10,2.14,,2.71,,,,,
2022-01-13,196.58,2.21,,2.80,,,,,
2022-01-14,211.29,2.09,,2.61,,,,,
2022-01-15,262.96,2.11,,2.82,,,,,
2022-01-16,285.99,2.17,,2.99,,,,,
2022-01-17,314.30,2.15,,2.96,,,,,
2022-01-18,271.06,2.10,,2.68,,,,,
2022-01-19,288.87,2.37,,2.58,,,,,
2022-01-20,278.94,2.10,,2.58,,,,,
2022-01-21,250.90,1.97,,2.64,,,,,
2022-01-22,172.53,1.71,,2.20,,,,,
2022-01-23,143.70,1.45,,1.83,,,,,
2022-01-24,163.23,1.48,,1.87,,,,,
2022-01-25,144.92,1.38,,1.69,,,,,
2022-01-26,139.24,1.37,,1.72,,,,,
2022-01-27,141.38,1.40,,1.65,,,,,
2022-01-28,126.36,1.42,,1.61,,,,,
2022-01-29,132.47,1.48,,1.64,,,,,
2022-01-30,131.46,1.53,,1.71,,,,,
2022-01-31,120.59,1.52,,1.66,,,,,
2022-02-01,112.46,1.51,,1.60,,,,,
2022-02-02,124.12,1.51,,1.65,,,,,
2022-02-03,112.56,1.43,,1.56,,,,,
2022-02-04,110.61,1.43,,1.53,,,,,
2022-02-05,131.24,1.56,,1.65,,,,,
2022-02-06,141.81,1.61,,1.72,,,,,
2022-02-07,143.20,1.70,,1.71,,,,,
2022-02-08,162.55,1.74,,1.88,,,,,
2022-02-09,150.37,1.71,,1.73,,,,,
2022-02-10,149.10,1.74,,1.73,,,,,
2022-02-11,140.67,1.65,,1.61,,,,,
2022-02-12,117.54,1.53,,1.51,,,,,
2022-02-13,112.15,1.54,,1.50,,,,,
2022-02-14,127.11,1.48,,1.47,,,,,
2022-02-15,136.88,1.48,,1.47,,,,,
2022-02-16,155.57,1.59,,1.52,,,,,
2022-02-17,160.49,1.57,,1.74,,,,,
2022-02-18,127.27,1.40,,1.52,,,,,
2022-02-19,120.01,1.36,,1.50,,,,,
2022-02-20,118.71,1.33,,1.47,,,,,
2022-02-21,110.65,1.25,,1.44,,,,,
2022-02-22,106.15,1.13,,1.35,,,,,
2022-02-23,107.83,1.17,,1.36,,,,,
2022-02-24,103.21,1.16,,1.35,,,,,
2022-02-25,97.85,1.12,,1.27,,,,,
2022-02-26,105.29,1.17,,1.31,,,,,
2022-02-27,115.45,1.20,,1.40,,,,,
2022-02-28,108.99,1.14,,1.34,,,,,
2022-03-01,142.29,1.25,,1.31,,,,,
2022-03-02,152.10,1.29,,1.30,,,,,
2022-03-03,166.02,1.25,,1.27,,,,,
2022-03-04,148.28,1.21,,1.21,,,,,
2022-03-05,128.59,1.12,,1.23,,,,,
2022-03-06,131.47,1.14,,1.22,,,,,
2022-03-07,132.53,1.09,,1.13,,,,,
2022-03-08,138.51,1.05,,1.01,,,,,
2022-03-09,153.56,1.06,,1.07,,,,,
2022-03-10,158.05,1.13,,1.11,,,,,
2022-03-11,147.15,1.49,,1.11,,,,,
2022-03-12,154.81,1.36,,1.08,,,,,
2022-03-13,166.42,1.33,,1.09,,,,,
2022-03-14,151.29,1.24,,1.03,,,,,
2022-03-15,153.00,1.27,,1.17,,,,,
2022-03-16,140.62,1.22,,1.12,,,,,
2022-03-17,151.07,1.27,,1.21,,,,,
2022-03-18,145.79,1.28,,1.29,,,,,
2022-03-19,147.99,1.30,,1.25,,,,,
2022-03-20,147.55,1.31,,1.26,,,,,
2022-03-21,147.82,1.27,,1.34,,,,,
2022-03-22,152.58,1.30,,1.28,,,,,
2022-03-23,159.05,1.31,,1.30,,,,,
2022-03-24,157.34,1.33,,1.30,,,,,
2022-03-25,151.83,1.36,,1.28,,,,,
2022-03-26,144.35,1.35,,1.27,,,,,
2022-03-27,145.56,1.36,,1.27,,,,,
2022-03-28,152.08,1.43,,1.31,,,,,
2022-03-29,151.50,1.42,,1.35,,,,,
2022-03-30,143.89,1.45,,1.34,,,,,
2022-03-31,140.41,1.51,,1.38,,,,,
2022-04-01,135.80,1.44,,1.46,,,,,
2022-04-02,132.26,1.47,,1.50,,,,,
2022-04-03,135.81,1.50,,1.48,,,,,
2022-04-04,138.64,1.53,,1.48,,,,,
2022-04-05,132.16,1.47,,1.45,,,,,
2022-04-06,124.57,1.42,,1.69,,,,,
2022-04-07,109.14,1.26,,1.57,,,,,
2022-04-08,102.30,1.31,,1.65,,,,,
2022-04-09,95.53,1.25,,1.57,,,,,
2022-04-10,97.92,1.29,,1.59,,,,,
2022-04-11,95.84,1.24,,1.58,,,,,
2022-04-12,81.66,1.13,,1.39,,,,,
2022-04-13,85.01,1.17,,1.40,,,,,
2022-04-14,93.62,1.22,,1.52,,,,,
2022-04-15,83.90,1.20,,1.41,,,,,
2022-04-16,83.55,1.20,,1.43,,,,,
2022-04-17,82.66,1.18,,1.42,,,,,
2022-04-18,78.28,1.14,,1.38,,,,,
2022-04-19,81.80,1.22,,1.38,,,,,
2022-04-20,83.78,1.22,,1.37,,,,,
2022-04-21,82.38,1.19,,1.39,,,,,
2022-04-22,75.01,1.16,,1.31,,,,,
2022-04-23,72.67,1.15,,1.29,,,,,
2022-04-24,71.02,1.13,,1.24,,,,,
2022-04-25,65.92,1.13,,1.21,,,,,
2022-04-26,64.81,1.11,,1.16,,,,,
2022-04-27,57.88,1.04,,1.09,,,,,
2022-04-28,59.07,1.05,,1.12,,,,,
2022-04-29,59.18,1.05,,1.12,,,,,
2022-04-30,53.44,1.02,,0.93,,,,,
2022-05-01,46.55,0.94,,0.98,,,,,
2022-05-02,44.80,0.96,,0.97,,,,,
2022-05-03,45.96,0.94,,0.90,,,,,
2022-05-04,45.06,0.92,,0.83,,,,,
2022-05-05,53.41,1.00,,0.91,,,,,
2022-05-06,47.81,0.89,,0.80,,,,,
2022-05-07,47.08,0.87,,0.76,,,,,
2022-05-08,45.27,0.83,,0.77,,,,,
2022-05-09,42.75,0.79,,0.71,,,,,
2022-05-10,34.59,0.66,,0.63,,,,,
2022-05-11,37.39,0.68,,0.66,,,,,
2022-05-12,24.56,0.60,,0.46,,,,,
2022-05-13,22.00,0.52,,0.42,,,,,
2022-05-14,27.76,0.55,,0.45,,,,,
2022-05-15,27.20,0.57,,0.49,,,,,
2022-05-16,32.37,0.62,,0.49,,,,,
2022-05-17,28.86,0.56,,0.45,,,,,
2022-05-18,30.08,0.58,,0.48,,,,,
2022-05-19,24.99,0.50,,0.45,,,,,
2022-05-20,27.25,0.54,,0.46,,,,,
2022-05-21,26.65,0.51,,0.45,,,,,
2022-05-22,26.43,0.53,,0.47,,,,,
2022-05-23,27.34,0.56,,0.49,,,,,
2022-05-24,26.32,0.62,,0.48,,,,,
2022-05-25,26.46,0.60,,0.47,,,,,
2022-05-26,25.23,0.59,,0.47,,,,,
2022-05-27,23.02,0.55,,0.44,,,,,
2022-05-28,19.67,0.52,,0.43,,,,,
2022-05-29,19.02,0.52,,0.44,,,,,
2022-05-30,21.59,0.53,,0.45,,,,,
2022-05-31,23.81,0.58,1.46,0.48,,,,,
2022-06-01,22.29,0.57,1.23,0.51,,,,,
2022-06-02,20.21,0.53,1.54,0.44,,,,,
2022-06-03,21.03,0.57,1.37,0.45,,,,,
2022-06-04,20.63,0.54,1.39,0.43,,,,,
2022-06-05,21.76,0.53,1.17,0.44,,,,,
2022-06-06,23.70,0.54,1.32,0.44,,,,,
2022-06-07,24.72,0.57,1.11,0.44,,,,,
2022-06-08,22.93,0.54,0.73,0.43,,,,,
2022-06-09,22.89,0.55,0.82,0.42,,,,,
2022-06-10,22.67,0.54,0.87,0.41,,,,,
2022-06-11,20.10,0.50,0.76,0.39,,,,,
2022-06-12,18.56,0.47,0.65,0.36,,,,,
2022-06-13,16.88,0.42,0.54,0.32,,,,,
2022-06-14,16.32,0.35,0.57,0.29,,,,,
2022-06-15,17.30,0.35,0.59,0.29,,,,,
2022-06-16,18.41,0.36,0.49,0.30,,,,,
2022-06-17,16.23,0.33,0.52,0.29,,,,,
2022-06-18,16.49,0.38,0.45,0.30,,,,,
2022-06-19,15.29,0.34,0.50,0.28,,,,,
2022-06-20,16.30,0.36,0.50,0.32,,,,,
2022-06-21,16.70,0.38,0.51,0.32,,,,,
2022-06-22,17.53,0.41,0.46,0.34,,,,,
2022-06-23,16.81,0.38,0.52,0.35,,,,,
2022-06-24,18.68,0.40,0.59,0.35,,,,,
2022-06-25,21.01,0.42,0.58,0.39,,,,,
2022-06-26,20.51,0.41,0.55,0.37,,,,,
2022-06-27,19.64,0.41,0.54,0.37,,,,,
2022-06-28,23.00,0.45,0.53,0.36,,,,,
2022-06-29,20.85,0.42,0.58,0.41,,,,,
2022-06-30,19.11,0.45,0.55,0.39,,,,,
2022-07-01,19.11,0.41,0.53,0.37,,,,,
2022-07-02,19.22,0.39,0.53,0.35,,,,,
2022-07-03,19.85,0.39,0.52,0.33,,,,,
2022-07-04,19.29,0.39,0.56,0.34,,,,,
2022-07-05,20.43,0.40,0.53,0.39,,,,,
2022-07-06,19.38,0.40,0.55,0.36,,,,,
2022-07-07,20.15,0.40,0.57,0.38,,,,,
2022-07-08,21.84,0.41,0.57,0.40,,,,,
2022-07-09,22.79,0.41,0.57,0.43,,,,,
2022-07-10,22.50,0.42,0.54,0.43,,,,,
2022-07-11,21.99,0.41,0.49,0.40,,,,,
2022-07-12,20.03,0.38,0.45,0.38,,,,,
2022-07-13,19.82,0.36,0.47,0.36,,,,,
2022-07-14,21.44,0.38,0.49,0.37,,,,,
2022-07-15,22.37,0.38,0.48,0.39,,,,,
2022-07-16,23.46,0.38,0.52,0.41,,,,,
2022-07-17,24.54,0.39,0.58,0.40,,,,,
2022-07-18,23.86,0.39,0.82,0.39,,,,,
2022-07-19,29.55,0.42,0.72,0.45,,,,,
2022-07-20,31.03,0.45,0.69,0.46,,,,,
2022-07-21,30.47,0.42,0.77,0.45,,,,,
2022-07-22,33.16,0.43,0.84,0.46,,,,,
2022-07-23,30.44,0.43,0.94,0.44,,,,,
2022-07-24,29.62,0.43,0.92,0.45,,,,,
2022-07-25,30.63,0.44,0.83,0.46,,,,,
2022-07-26,27.79,0.41,0.83,0.42,,,,,
2022-07-27,27.78,0.40,1.05,0.42,,,,,
2022-07-28,33.88,0.42,1.45,0.46,,,,,
2022-07-29,36.49,0.44,1.84,0.48,,,,,
2022-07-30,36.71,0.44,1.80,0.52,,,,,
2022-07-31,34.50,0.44,1.58,0.57,,,,,
2022-08-01,34.26,0.44,1.51,0.57,,,,,
2022-08-02,33.66,0.47,1.63,0.54,,,,,
2022-08-03,33.31,0.45,1.99,0.55,,,,,
2022-08-04,35.47,0.48,1.92,0.54,,,,,
2022-08-05,45.28,0.48,1.94,0.58,,,,,
2022-08-06,47.19,0.50,1.91,0.57,,,,,
2022-08-07,41.40,0.49,1.91,0.57,,,,,
2022-08-08,44.56,0.49,1.90,0.56,,,,,
2022-08-09,45.28,0.51,1.62,0.56,,,,,
2022-08-10,43.09,0.48,1.57,0.52,,,,,
2022-08-11,47.36,0.50,1.56,0.54,,,,,
2022-08-12,44.68,0.51,1.65,0.54,,,,,
2022-08-13,48.59,0.51,1.54,0.55,,,,,
2022-08-14,47.18,0.52,1.44,0.52,,,,,
2022-08-15,43.18,0.50,1.56,0.52,,,,,
2022-08-16,40.32,0.49,1.45,0.50,,,,,
2022-08-17,38.76,0.48,1.32,0.48,,,,,
2022-08-18,38.79,0.47,1.20,0.44,,,,,
2022-08-19,38.22,0.45,1.22,0.42,,,,,
2022-08-20,32.76,0.40,1.13,0.38,,,,,
2022-08-21,32.06,0.39,1.18,0.38,,,,,
2022-08-22,34.79,0.40,1.17,0.39,,,,,
2022-08-23,32.59,0.39,1.33,0.38,,,,,
2022-08-24,34.71,0.39,1.23,0.39,,,,,
2022-08-25,36.01,0.39,1.18,0.41,,,,,
2022-08-26,35.39,0.40,1.02,0.38,,,,,
2022-08-27,31.14,0.36,1.02,0.40,,,,,
2022-08-28,30.01,0.37,1.05,0.35,,,,,
2022-08-29,29.49,0.36,1.17,0.32,,,,,
2022-08-30,32.39,0.37,1.08,0.34,,,,,
2022-08-31,31.22,0.36,1.13,0.32,,,,,
2022-09-01,31.14,0.37,1.18,0.32,,,,,
2022-09-02,30.56,0.36,1.23,0.32,,,,,
2022-09-03,31.45,0.36,1.19,0.32,,,,,
2022-09-04,30.70,0.36,1.17,0.31,,,,,
2022-09-05,30.07,0.37,1.19,0.31,,,,,
2022-09-06,30.25,0.37,1.10,0.31,,,,,
2022-09-07,28.79,0.34,1.17,0.30,,,,,
2022-09-08,29.28,0.35,1.18,0.31,,,,,
2022-09-09,29.03,0.36,1.41,0.31,,,,,
2022-09-10,32.12,0.38,1.39,0.33,,,,,
2022-09-11,32.43,0.38,1.40,0.34,,,,,
2022-09-12,31.76,0.39,1.27,0.33,,,,,
2022-09-13,29.72,0.39,1.18,0.33,,,,,
2022-09-14,27.82,0.35,1.21,0.31,,,,,
2022-09-15,27.42,0.35,1.13,0.34,,,,,
2022-09-16,25.78,0.35,1.11,0.32,,,,,
2022-09-17,24.64,0.35,1.13,0.31,,,,,
2022-09-18,25.11,0.36,0.93,0.32,,,,,
2022-09-19,23.20,0.33,0.95,0.30,,,,,
2022-09-20,24.07,0.33,0.92,0.30,,,,,
2022-09-21,23.46,0.34,0.89,0.30,,,,,
2022-09-22,22.94,0.32,0.94,0.29,,,,,
2022-09-23,24.37,0.34,0.95,0.31,,,,,
2022-09-24,24.63,0.34,0.92,0.30,,,,,
2022-09-25,24.77,0.33,0.91,0.30,,,,,
2022-09-26,23.73,0.33,0.92,0.29,,,,,
2022-09-27,24.41,0.33,0.92,0.29,,,,,
2022-09-28,23.82,0.33,0.91,0.29,,,,,
2022-09-29,24.06,0.33,0.90,0.29,,,,,
2022-09-30,24.74,0.33,0.91,0.29,,,,,
2022-10-01,24.11,0.32,0.89,0.29,,,,,
2022-10-02,23.81,0.32,0.84,0.29,,,,,
2022-10-03,23.35,0.32,0.87,0.28,,,,,
2022-10-04,23.74,0.32,0.87,0.29,,,,,
2022-10-05,25.27,0.33,0.86,0.29,,,,,
2022-10-06,28.55,0.33,0.85,0.29,,,,,
2022-10-07,26.48,0.32,0.85,0.29,,,,,
2022-10-08,26.80,0.32,0.83,0.28,,,,,
2022-10-09,25.86,0.33,0.84,0.29,,,,,
2022-10-10,25.87,0.34,0.75,0.29,,,,,
2022-10-11,25.05,0.32,0.74,0.28,,,,,
2022-10-12,24.21,0.31,0.75,0.28,,,,,
2022-10-13,24.32,0.31,0.73,0.28,,,,,
2022-10-14,24.56,0.30,0.72,0.28,,,,,
2022-10-15,24.63,0.30,0.69,0.28,,,,,
2022-10-16,24.30,0.30,0.70,0.28,,,,,
2022-10-17,26.57,0.30,0.76,0.28,,,,,
2022-10-18,29.84,0.31,0.74,0.29,,,,,
2022-10-19,27.89,0.31,0.69,0.28,,,,,
2022-10-20,27.71,0.29,0.67,0.28,,,,,
2022-10-21,26.61,0.30,0.73,0.28,,,,,
2022-10-22,27.19,0.30,0.75,0.27,,,,,
2022-10-23,28.31,0.30,0.83,0.28,,,,,
2022-10-24,29.56,0.31,0.84,0.28,,,,,
2022-10-25,28.53,0.30,0.97,0.28,,,,,
2022-10-26,30.33,0.31,1.11,0.29,,,,,
2022-10-27,30.08,0.32,1.07,0.29,,,,,
2022-10-28,28.59,0.31,1.15,0.29,,,,,
2022-10-29,29.28,0.31,1.08,0.30,,,,,
2022-10-30,30.77,0.32,1.04,0.29,,,,,
2022-10-31,30.18,0.32,1.04,0.29,,,,,
2022-11-01,28.89,0.32,1.00,0.30,,,,,
2022-11-02,28.98,0.32,1.03,0.30,,,,,
2022-11-03,28.00,0.31,1.12,0.29,,,,,
2022-11-04,27.61,0.32,1.36,0.30,,,,,
2022-11-05,29.56,0.33,1.31,0.32,,,,,
2022-11-06,29.39,0.34,1.29,0.32,,,,,
2022-11-07,27.26,0.32,1.31,0.30,,,,,
2022-11-08,27.04,0.32,0.97,0.30,,,,,
2022-11-09,23.93,0.28,0.78,0.27,,,,,
2022-11-10,18.65,0.22,1.04,0.21,,,,,
2022-11-11,21.96,0.25,1.01,0.24,,,,,
2022-11-12,19.86,0.24,0.92,0.22,,,,,
2022-11-13,19.29,0.24,0.90,0.21,,,,,
2022-11-14,18.46,0.22,0.92,0.20,,,,,
2022-11-15,18.99,0.22,0.93,0.19,,,,,
2022-11-16,19.64,0.25,0.90,0.20,,,,,
2022-11-17,19.01,0.24,0.89,0.20,,,,,
2022-11-18,19.08,0.23,0.91,0.19,,,,,
2022-11-19,19.28,0.25,0.93,0.23,,,,,
2022-11-20,19.29,0.24,0.85,0.22,,,,,
2022-11-21,17.79,0.23,0.84,0.20,,,,,
2022-11-22,17.02,0.22,0.86,0.19,,,,,
2022-11-23,17.44,0.23,0.93,0.19,,,,,
2022-11-24,17.92,0.24,0.95,0.20,,,,,
2022-11-25,17.78,0.24,0.92,0.21,,,,,
2022-11-26,17.77,0.24,0.91,0.20,,,,,
2022-11-27,18.02,0.24,0.88,0.20,,,,,
2022-11-28,18.17,0.24,0.87,0.20,,,,,
2022-11-29,17.91,0.25,0.89,0.20,,,,,
2022-11-30,18.03,0.25,1.00,0.20,,,,,
2022-12-01,19.85,0.26,1.06,0.20,,,,,
2022-12-02,19.20,0.25,1.11,0.20,,,,,
2022-12-03,19.11,0.25,1.04,0.21,,,,,
2022-12-04,18.80,0.25,1.07,0.20,,,,,
2022-12-05,18.78,0.25,1.03,0.20,,,,,
2022-12-06,18.73,0.26,1.06,0.20,,,,,
2022-12-07,18.42,0.26,1.02,0.20,,,,,
2022-12-08,17.91,0.25,1.08,0.20,,,,,
2022-12-09,17.82,0.26,1.07,0.20,,,,,
2022-12-10,17.56,0.27,1.05,0.20,,,,,
2022-12-11,17.94,0.27,1.02,0.20,,,,,
2022-12-12,17.91,0.29,1.04,0.20,,,,,
2022-12-13,18.30,0.31,1.14,0.20,,,,,
2022-12-14,18.73,0.30,1.15,0.20,,,,,
2022-12-15,18.52,0.28,1.06,0.20,,,,,
2022-12-16,17.63,0.27,0.94,0.20,,,,,
2022-12-17,16.44,0.24,0.95,0.19,,,,,
2022-12-18,17.03,0.24,0.93,0.19,,,,,
2022-12-19,17.15,0.24,0.88,0.19,,,,,
2022-12-20,16.95,0.22,0.97,0.18,,,,,
2022-12-21,17.19,0.23,0.96,0.18,,,,,
2022-12-22,17.03,0.23,0.95,0.18,,,,,
2022-12-23,16.91,0.23,0.96,0.17,,,,,
2022-12-24,16.70,0.23,0.93,0.18,,,,,
2022-12-25,16.62,0.24,0.93,0.17,,,,,
2022-12-26,16.71,0.23,0.95,0.17,,,,,
2022-12-27,16.59,0.23,0.94,0.17,,,,,
2022-12-28,16.53,0.22,0.90,0.17,,,,,
2022-12-29,16.34,0.21,0.91,0.17,,,,,
2022-12-30,16.37,0.21,0.91,0.17,,,,,
2022-12-31,16.26,0.22,0.92,0.16,,,,,
2023-01-01,16.05,0.21,0.92,0.16,,,,,
2023-01-02,16.24,0.21,0.96,0.16,,,,,
2023-01-03,16.43,0.22,0.96,0.16,,,,,
2023-01-04,16.44,0.22,1.03,0.17,,,,,
2023-01-05,17.46,0.22,1.02,0.17,,,,,
2023-01-06,16.89,0.22,1.09,0.17,,,,,
2023-01-07,17.83,0.22,1.09,0.17,,,,,
2023-01-08,18.69,0.22,1.26,0.18,,,,,
2023-01-09,18.85,0.23,1.25,0.18,,,,,
2023-01-10,19.14,0.23,1.27,0.19,,,,,
2023-01-11,20.17,0.24,1.28,0.18,,,,,
2023-01-12,20.33,0.24,1.39,0.19,,,,,
2023-01-13,20.91,0.25,1.59,0.19,,,,,
2023-01-14,21.84,0.26,1.72,0.19,,,,,
2023-01-15,21.53,0.27,1.82,0.20,,,,,
2023-01-16,21.48,0.27,1.79,0.20,,,,,
2023-01-17,21.72,0.28,1.74,0.21,,,,,
2023-01-18,21.58,0.27,1.66,0.21,,,,,
2023-01-19,20.04,0.25,1.75,0.20,,,,,
2023-01-20,19.76,0.26,2.15,0.20,,,,,
2023-01-21,22.25,0.28,2.20,0.21,,,,,
2023-01-22,22.43,0.27,2.18,0.21,,,,,
2023-01-23,21.90,0.28,2.17,0.20,,,,,
2023-01-24,25.62,0.29,1.99,0.22,,,,,
2023-01-25,24.21,0.28,2.38,0.23,,,,,
2023-01-26,27.47,0.29,2.21,0.23,,,,,
2023-01-27,28.64,0.29,2.27,0.21,,,,,
2023-01-28,32.12,0.30,2.19,0.23,,,,,
2023-01-29,31.10,0.29,2.38,0.23,,,,,
2023-01-30,35.82,0.30,2.13,0.24,,,,,
2023-01-31,33.09,0.27,2.17,0.22,,,,,
2023-02-01,36.39,0.28,2.72,0.22,,,,,
2023-02-02,36.56,0.29,2.79,0.23,,,,,
2023-02-03,37.34,0.29,3.10,0.24,,,,,
2023-02-04,37.68,0.31,3.00,0.25,,,,,
2023-02-05,39.49,0.31,2.94,0.26,,,,,
2023-02-06,36.87,0.30,2.91,0.26,,,,,
2023-02-07,36.17,0.30,3.02,0.26,,,,,
2023-02-08,36.50,0.31,2.76,0.27,,,,,
2023-02-09,34.83,0.32,2.40,0.27,,,,,
2023-02-10,30.03,0.29,2.42,0.26,,,,,
2023-02-11,33.41,0.29,2.49,0.26,,,,,
2023-02-12,36.30,0.29,2.34,0.24,,,,,
2023-02-13,35.49,0.30,2.21,0.26,,,,,
2023-02-14,33.60,0.30,2.42,0.24,,,,,
2023-02-15,34.99,0.31,2.82,0.25,,,,,
2023-02-16,37.85,0.34,2.62,0.26,,,,,
2023-02-17,38.31,0.32,2.80,0.25,,,,,
2023-02-18,42.89,0.33,2.77,0.26,,,,,
2023-02-19,41.77,0.38,2.58,0.26,,,,,
2023-02-20,39.90,0.60,2.60,0.26,,,,,
2023-02-21,40.41,0.61,2.52,0.27,,,,,
2023-02-22,36.91,0.65,2.71,0.27,,,,,
2023-02-23,36.40,0.73,2.88,0.26,,,,,
2023-02-24,36.52,0.82,3.06,0.26,,,,,
2023-02-25,34.40,0.73,2.75,0.25,,,,,
2023-02-26,33.50,0.77,3.01,0.31,,,,,
2023-02-27,34.50,0.79,2.90,0.30,,,,,
2023-02-28,33.55,0.92,2.70,0.29,,,,,
2023-03-01,31.84,0.89,2.76,0.27,,,,,
2023-03-02,32.31,0.99,2.73,0.27,,,,,
2023-03-03,31.31,0.93,2.54,0.26,,,,,
2023-03-04,29.89,0.85,2.36,0.26,,,,,
2023-03-05,28.94,0.73,2.43,0.25,,,,,
2023-03-06,29.66,0.75,2.51,0.25,,,,,
2023-03-07,29.12,0.76,2.40,0.25,,,,,
2023-03-08,27.74,0.69,2.23,0.24,,,,,
2023-03-09,27.15,0.63,2.20,0.22,,,,,
2023-03-10,25.49,0.58,2.15,0.22,,,,,
2023-03-11,26.11,0.60,1.89,0.21,,,,,
2023-03-12,24.90,0.61,2.35,0.20,,,,,
2023-03-13,28.65,0.74,2.62,0.21,,,,,
2023-03-14,29.46,0.81,2.72,0.25,,,,,
2023-03-15,30.56,0.97,2.41,0.25,,,,,
2023-03-16,28.54,0.89,2.49,0.24,,,,,
2023-03-17,28.93,0.92,2.72,0.24,,,,,
2023-03-18,31.33,1.19,2.62,0.26,,,,,
2023-03-19,30.50,1.16,2.71,0.25,,,,,
2023-03-20,29.89,1.16,2.48,0.26,,,,,
2023-03-21,29.00,1.18,2.64,0.25,,,,,
2023-03-22,29.04,1.14,2.54,0.24,,,,,
2023-03-23,27.15,1.18,2.48,0.24,1.33,,,,
2023-03-24,28.43,1.18,2.26,0.24,1.27,,,,
2023-03-25,27.16,1.02,2.18,0.23,1.22,,,,
2023-03-26,26.44,0.94,2.27,0.23,1.28,,,,
2023-03-27,24.88,1.01,2.07,0.25,1.16,,,,
2023-03-28,23.78,0.91,2.20,0.23,1.22,,,,
2023-03-29,24.24,0.96,2.23,0.23,1.22,,,,
2023-03-30,25.59,0.99,2.30,0.24,1.38,,,,
2023-03-31,24.86,0.93,2.29,0.23,1.39,,,,
2023-04-01,24.83,0.93,2.27,0.23,1.29,,,,
2023-04-02,24.86,0.90,2.20,0.23,1.20,,,,
2023-04-03,25.29,0.88,2.17,0.23,1.15,,,,
2023-04-04,24.65,0.88,2.24,0.23,1.24,,,,
2023-04-05,29.70,0.88,2.28,0.23,1.25,,,,
2023-04-06,28.18,0.87,2.26,0.23,1.21,,,,
2023-04-07,27.98,0.83,2.27,0.23,1.20,,,,
2023-04-08,27.60,0.80,2.24,0.23,1.16,,,,
2023-04-09,27.79,0.81,2.29,0.23,1.18,,,,
2023-04-10,27.85,0.88,2.36,0.23,1.24,,,,
2023-04-11,30.30,0.92,2.30,0.23,1.22,,,,
2023-04-12,29.88,0.96,2.28,0.23,1.20,,,,
2023-04-13,29.19,0.89,2.43,0.23,1.37,,,,
2023-04-14,31.45,0.89,2.66,0.23,1.69,,,,
2023-04-15,31.17,0.88,2.71,0.23,1.65,,,,
2023-04-16,34.18,0.87,2.69,0.24,1.70,,,,
2023-04-17,34.15,0.86,2.61,0.25,1.61,,,,
2023-04-18,32.80,0.84,2.70,0.24,1.67,,,,
2023-04-19,34.25,0.86,2.55,0.24,1.49,,,,
2023-04-20,29.58,0.77,2.44,0.23,1.44,,,,
2023-04-21,28.84,0.74,2.28,0.22,1.47,,,,
2023-04-22,27.22,0.69,2.31,0.21,1.46,,,,
2023-04-23,28.48,0.74,2.20,0.21,1.34,,,,
2023-04-24,27.21,0.72,2.22,0.21,1.34,,,,
2023-04-25,26.58,0.74,2.24,0.21,1.38,,,,
2023-04-26,28.00,0.75,2.17,0.21,1.38,,,,
2023-04-27,27.25,0.73,2.18,0.22,1.42,,,,
2023-04-28,27.49,0.74,2.14,0.22,1.38,,,,
2023-04-29,26.80,0.72,2.19,0.22,1.37,,,,
2023-04-30,27.14,0.72,2.17,0.22,1.37,,,,
2023-05-01,26.18,0.72,2.08,0.21,1.32,,,,
2023-05-02,25.73,0.69,2.16,0.21,1.35,,,,
2023-05-03,26.08,0.76,2.16,0.21,1.34,,,,
2023-05-04,26.59,0.80,2.03,0.20,1.32,,,,
2023-05-05,26.12,0.75,1.98,0.20,1.36,,,,
2023-05-06,29.26,0.73,1.88,0.19,1.24,,,,
2023-05-07,26.55,0.71,1.89,0.18,1.23,,,,
2023-05-08,28.06,0.74,1.72,0.18,1.09,,,,
2023-05-09,25.58,0.74,1.71,0.17,1.10,,,,
2023-05-10,24.93,0.70,1.72,0.17,1.17,,,,
2023-05-11,23.18,0.67,1.56,0.18,1.09,,,,
2023-05-12,22.71,0.63,1.67,0.17,1.17,,,,
2023-05-13,22.66,0.64,1.64,0.17,1.17,,,,
2023-05-14,22.87,0.63,1.64,0.17,1.17,,,,
2023-05-15,23.00,0.63,1.64,0.17,1.19,,,,
2023-05-16,23.74,0.64,1.65,0.17,1.18,,,,
2023-05-17,22.86,0.64,1.80,0.17,1.20,,,,
2023-05-18,22.72,0.66,1.74,0.17,1.16,,,,
2023-05-19,22.51,0.67,1.67,0.17,1.16,,,,
2023-05-20,23.00,0.67,1.69,0.18,1.16,,,,
2023-05-21,23.13,0.68,1.64,0.17,1.13,,,,
2023-05-22,22.31,0.65,1.63,0.18,1.13,,,,
2023-05-23,22.08,0.64,1.67,0.17,1.17,,,,
2023-05-24,22.16,0.64,1.59,0.17,1.11,,,,
2023-05-25,20.89,0.60,1.62,0.17,1.11,,,,
2023-05-26,21.54,0.59,1.61,0.17,1.16,,,,
2023-05-27,21.55,0.61,1.60,0.17,1.17,,,,
2023-05-28,21.32,0.61,1.65,0.17,1.25,,,,
2023-05-29,22.26,0.63,1.53,0.17,1.23,,,,
2023-05-30,22.62,0.64,1.42,0.17,1.22,,,,
2023-05-31,22.67,0.63,1.39,0.17,1.16,,,,
2023-06-01,21.80,0.60,1.39,0.16,1.15,,,,
2023-06-02,21.92,0.60,1.45,0.16,1.24,,,,
2023-06-03,23.08,0.62,1.48,0.17,1.21,,,,
2023-06-04,22.07,0.62,1.48,0.17,1.21,,,,
2023-06-05,22.28,0.62,1.39,0.17,1.14,,,,
2023-06-06,21.16,0.55,1.50,0.16,1.19,,,,
2023-06-07,21.58,0.60,1.37,0.16,1.13,,,,
2023-06-08,20.53,0.64,1.37,0.15,1.13,,,,
2023-06-09,20.34,0.64,1.33,0.16,1.13,,,,
2023-06-10,19.88,0.62,1.09,0.16,0.99,,,,
2023-06-11,19.12,0.55,1.09,0.14,0.99,,,,
2023-06-12,19.19,0.55,1.13,0.14,0.98,,,,
2023-06-13,18.74,0.53,1.15,0.14,0.99,,,,
2023-06-14,19.01,0.53,1.08,0.14,0.94,,,,
2023-06-15,18.43,0.50,1.11,0.14,0.95,,,,
2023-06-16,18.41,0.55,1.13,0.13,0.98,,,,
2023-06-17,18.99,0.56,1.14,0.13,0.99,,,,
2023-06-18,19.06,0.58,1.10,0.14,0.99,,,,
2023-06-19,18.77,0.56,1.13,0.14,1.00,,,,
2023-06-20,18.94,0.60,1.33,0.13,1.08,,,,
2023-06-21,19.76,0.75,1.44,0.14,1.14,,,,
2023-06-22,20.76,0.82,1.36,0.14,1.09,,,,
2023-06-23,20.69,0.77,1.39,0.15,1.13,,,,
2023-06-24,21.30,0.76,1.31,0.15,1.08,,,,
2023-06-25,20.62,0.74,1.33,0.14,1.11,,,,
2023-06-26,20.71,0.73,1.28,0.14,1.14,,,,
2023-06-27,20.80,0.73,1.31,0.14,1.21,,,,
2023-06-28,20.83,0.71,1.22,0.14,1.13,,,,
2023-06-29,19.98,0.68,1.22,0.13,1.13,,,,
2023-06-30,20.19,0.69,1.33,0.13,1.16,,,,
2023-07-01,20.87,0.69,1.34,0.13,1.15,,,,
2023-07-02,20.70,0.70,1.33,0.13,1.15,,,,
2023-07-03,19.05,0.70,1.35,0.13,1.17,,,,
2023-07-04,19.09,0.74,1.29,0.14,1.15,,,,
2023-07-05,18.43,0.69,1.23,0.14,1.11,,,,
2023-07-06,17.32,0.67,1.19,0.13,1.07,,,,
2023-07-07,17.46,0.65,1.22,0.13,1.13,,,,
2023-07-08,17.14,0.65,1.21,0.13,1.12,,,,
2023-07-09,15.66,0.64,1.21,0.13,1.13,,,,
2023-07-10,18.00,0.64,1.20,0.14,1.12,,,,
2023-07-11,17.51,0.64,1.22,0.14,1.12,,,,
2023-07-12,17.85,0.66,1.21,0.13,1.12,,,,
2023-07-13,18.22,0.67,1.37,0.14,1.22,,,,
2023-07-14,18.83,0.68,1.45,0.14,1.21,,,,
2023-07-15,18.11,0.65,1.46,0.14,1.27,,,,
2023-07-16,17.87,0.65,1.49,0.14,1.27,,,,
2023-07-17,17.49,0.63,1.48,0.13,1.30,,0.51,,
2023-07-18,17.31,0.64,1.43,0.14,1.24,,0.51,,
2023-07-19,17.04,0.63,1.57,0.14,1.27,,0.54,,
2023-07-20,16.95,0.63,1.53,0.13,1.26,,0.58,,
2023-07-21,16.85,0.62,1.51,0.13,1.24,,0.60,,
2023-07-22,16.62,0.62,1.56,0.13,1.23,,0.59,,
2023-07-23,16.47,0.62,1.58,0.13,1.25,,0.57,,
2023-07-24,15.87,0.63,1.51,0.14,1.19,,0.58,,
2023-07-25,15.61,0.59,1.45,0.13,1.17,,0.56,,
2023-07-26,15.61,0.60,1.51,0.14,1.20,,0.54,,
2023-07-27,15.85,0.60,1.50,0.14,1.17,,0.54,,
2023-07-28,15.43,0.60,1.48,0.14,1.18,,0.52,,
2023-07-29,15.71,0.60,1.51,0.14,1.18,,0.52,,
2023-07-30,16.08,0.60,1.62,0.14,1.16,,0.52,,
2023-07-31,16.33,0.60,1.62,0.14,1.17,,0.52,,
2023-08-01,15.63,0.59,1.65,0.14,1.16,,0.52,,
2023-08-02,15.46,0.61,1.64,0.14,1.13,,0.52,,
2023-08-03,15.18,0.61,1.72,0.14,1.13,,0.52,,
2023-08-04,15.10,0.61,1.69,0.13,1.15,,0.52,,
2023-08-05,14.79,0.58,1.69,0.14,1.14,,0.51,,
2023-08-06,14.91,0.58,1.71,0.14,1.14,,0.51,,
2023-08-07,14.96,0.58,1.80,0.13,1.13,,0.51,,
2023-08-08,14.80,0.58,1.69,0.13,1.16,,0.51,,
2023-08-09,16.28,0.60,1.56,0.13,1.18,,0.46,,
2023-08-10,16.06,0.59,1.58,0.13,1.16,,0.47,,
2023-08-11,15.70,0.58,1.58,0.13,1.16,,0.46,,
2023-08-12,15.60,0.58,1.55,0.13,1.16,,0.46,,
2023-08-13,15.50,0.59,1.54,0.13,1.14,,0.46,,
2023-08-14,15.36,0.58,1.53,0.13,1.14,,0.46,,
2023-08-15,15.05,0.58,1.48,0.13,1.13,,0.46,,
2023-08-16,14.52,0.55,1.40,0.13,1.05,,0.46,,
2023-08-17,14.24,0.52,1.37,0.13,0.99,,0.45,,
2023-08-18,13.38,0.46,1.44,0.12,1.01,,0.43,,
2023-08-19,13.16,0.48,1.47,0.12,1.02,,0.43,,
2023-08-20,13.06,0.49,1.47,0.13,1.03,,0.43,,
2023-08-21,13.03,0.49,1.53,0.12,1.00,,0.43,,
2023-08-22,12.37,0.47,1.57,0.12,0.98,,0.42,,
2023-08-23,12.13,0.47,1.56,0.12,1.01,,0.42,,
2023-08-24,12.26,0.48,1.59,0.12,0.98,,0.42,,
2023-08-25,12.00,0.47,1.47,0.12,0.95,,0.42,,
2023-08-26,11.80,0.47,1.48,0.12,0.95,,0.43,,
2023-08-27,11.94,0.46,1.45,0.12,0.96,,0.43,,
2023-08-28,12.17,0.47,1.42,0.12,0.95,,0.44,,
2023-08-29,12.03,0.46,1.49,0.12,0.97,,0.43,,
2023-08-30,12.41,0.53,1.48,0.12,0.94,,0.44,,
2023-08-31,12.02,0.53,1.39,0.12,0.92,,0.45,,
2023-09-01,11.52,0.49,1.32,0.12,0.88,,0.45,,
2023-09-02,11.57,0.47,1.31,0.12,0.89,,0.45,,
2023-09-03,11.42,0.46,1.34,0.12,0.91,,0.45,,
2023-09-04,11.53,0.46,1.34,0.12,0.89,,0.45,,
2023-09-05,11.48,0.45,1.34,0.12,0.90,,0.44,,
2023-09-06,11.44,0.48,1.33,0.12,0.90,,0.42,,
2023-09-07,11.26,0.46,1.34,0.12,0.91,,0.42,,
2023-09-08,11.42,0.47,1.30,0.12,0.90,,0.42,,
2023-09-09,11.17,0.46,1.29,0.12,0.90,,0.41,,
2023-09-10,11.20,0.47,1.27,0.12,0.84,,0.41,,
2023-09-11,11.11,0.45,1.28,0.12,0.76,,0.41,,
2023-09-12,10.61,0.43,1.34,0.12,0.78,,0.40,,
2023-09-13,10.90,0.44,1.35,0.12,0.79,,0.41,,
2023-09-14,10.70,0.46,1.36,0.12,0.81,,0.41,,
2023-09-15,10.87,0.47,1.40,0.12,0.81,,0.41,,
2023-09-16,10.73,0.47,1.39,0.12,0.83,,0.41,,
2023-09-17,10.41,0.47,1.37,0.12,0.79,,0.41,,
2023-09-18,10.37,0.45,1.37,0.11,0.82,,0.40,,
2023-09-19,11.33,0.48,1.38,0.11,0.86,,0.41,,
2023-09-20,11.91,0.49,1.39,0.11,0.86,,0.41,,
2023-09-21,14.24,0.49,1.30,0.11,0.82,,0.40,,
2023-09-22,12.63,0.47,1.29,0.11,0.84,,0.39,,
2023-09-23,13.05,0.47,1.29,0.11,0.82,,0.39,,
2023-09-24,13.34,0.47,1.26,0.11,0.81,,0.39,,
2023-09-25,13.44,0.46,1.25,0.11,0.81,,0.40,,
2023-09-26,14.34,0.46,1.28,0.11,0.82,,0.39,,
2023-09-27,13.95,0.46,1.27,0.11,0.82,,0.39,,
2023-09-28,13.49,0.46,1.32,0.11,0.89,,0.39,,
2023-09-29,14.13,0.48,1.33,0.11,0.90,,0.40,,
2023-09-30,13.60,0.48,1.35,0.11,0.91,,0.40,,
2023-10-01,13.36,0.48,1.41,0.11,0.97,,0.40,,
2023-10-02,13.61,0.51,1.39,0.11,0.93,,0.40,,
2023-10-03,13.35,0.52,1.32,0.11,0.91,,0.41,,
2023-10-04,12.93,0.49,1.33,0.11,0.88,,0.41,,
2023-10-05,12.70,0.50,1.30,0.11,0.86,,0.41,,
2023-10-06,12.46,0.49,1.31,0.11,0.89,,0.40,,
2023-10-07,12.41,0.52,1.29,0.11,0.87,,0.40,,
2023-10-08,12.26,0.52,1.28,0.11,0.85,,0.39,,
2023-10-09,12.14,0.50,1.23,0.11,0.82,,0.38,,
2023-10-10,11.48,0.49,1.24,0.11,0.82,,0.37,,
2023-10-11,11.61,0.50,1.24,0.11,0.82,,0.36,,
2023-10-12,11.61,0.49,1.19,0.11,0.80,,0.35,,
2023-10-13,11.21,0.49,1.21,0.10,0.81,,0.34,,
2023-10-14,11.27,0.50,1.20,0.10,0.81,,0.32,,
2023-10-15,11.33,0.50,1.21,0.10,0.80,,0.32,,
2023-10-16,11.40,0.51,1.23,0.10,0.82,,0.32,,
2023-10-17,11.60,0.55,1.19,0.10,0.79,,0.33,,
2023-10-18,11.35,0.55,1.19,0.11,0.78,,0.32,,
2023-10-19,11.71,0.54,1.17,0.11,0.77,,0.32,,
2023-10-20,11.48,0.57,1.23,0.11,0.80,,0.33,,
2023-10-21,12.27,0.63,1.27,0.11,0.83,,0.37,,
2023-10-22,12.68,0.62,1.31,0.11,0.85,,0.39,,
2023-10-23,12.75,0.63,1.36,0.11,0.88,,0.38,,
2023-10-24,13.52,0.73,1.39,0.11,0.90,,0.38,,
2023-10-25,13.80,0.68,1.38,0.11,0.92,,0.38,,
2023-10-26,14.04,0.68,1.41,0.11,0.94,,0.37,,
2023-10-27,13.47,0.65,1.37,0.12,0.91,,0.38,,
2023-10-28,12.86,0.64,1.38,0.12,0.92,,0.38,,
2023-10-29,12.81,0.66,1.41,0.12,0.95,,0.38,,
2023-10-30,13.24,0.64,1.42,0.12,0.96,,0.38,,
2023-10-31,13.11,0.63,1.39,0.12,0.94,,0.38,,
2023-11-01,13.21,0.63,1.43,0.12,1.04,,0.38,,
2023-11-02,13.95,0.65,1.37,0.12,0.99,,0.38,,
2023-11-03,14.81,0.63,1.42,0.13,1.06,,0.41,,
2023-11-04,15.69,0.64,1.50,0.12,1.10,,0.41,,
2023-11-05,16.89,0.65,1.55,0.13,1.09,,0.41,,
2023-11-06,16.50,0.65,1.57,0.13,1.12,,0.41,,
2023-11-07,16.38,0.68,1.51,0.13,1.08,,0.42,,
2023-11-08,16.75,0.67,1.53,0.13,1.09,,0.42,,
2023-11-09,17.21,0.71,1.74,0.14,1.21,,0.44,,
2023-11-10,18.78,0.68,1.72,0.14,1.17,,0.46,,
2023-11-11,19.59,0.69,1.69,0.14,1.14,,0.46,,
2023-11-12,18.35,0.67,1.82,0.14,1.15,,0.43,,
2023-11-13,18.93,0.67,1.80,0.14,1.12,,0.44,,
2023-11-14,19.52,0.64,1.80,0.14,1.08,,0.46,,
2023-11-15,19.10,0.62,1.86,0.15,1.14,,0.45,,
2023-11-16,18.88,0.65,1.81,0.15,1.08,,0.46,,
2023-11-17,17.83,0.65,1.71,0.14,1.04,,0.48,,
2023-11-18,17.51,0.63,1.74,0.14,1.03,,0.53,,
2023-11-19,17.44,0.63,1.78,0.15,1.05,,0.50,,
2023-11-20,19.47,0.65,1.73,0.14,1.03,,0.49,,
2023-11-21,18.31,0.64,1.60,0.15,0.96,,0.49,,
2023-11-22,17.17,0.59,1.74,0.14,1.02,,0.47,,
2023-11-23,19.14,0.63,1.82,0.15,1.02,,0.46,,
2023-11-24,18.76,0.63,1.80,0.15,1.05,,0.51,,
2023-11-25,19.06,0.65,1.78,0.15,1.07,,0.51,,
2023-11-26,18.99,0.66,1.81,0.15,1.04,,0.51,,
2023-11-27,18.42,0.69,1.72,0.15,1.02,,0.51,,
2023-11-28,17.67,0.65,1.72,0.15,1.02,,0.50,,
2023-11-29,17.84,0.72,1.68,0.15,1.01,,0.53,,
2023-11-30,18.08,0.72,1.67,0.15,1.01,,0.53,,
2023-12-01,19.95,0.69,1.66,0.15,1.03,,0.54,,
2023-12-02,20.62,0.76,1.76,0.15,1.11,,0.55,,
2023-12-03,21.85,0.78,1.72,0.15,1.10,,0.55,,
2023-12-04,24.89,0.83,1.79,0.15,1.09,,0.55,,
2023-12-05,24.06,1.17,1.79,0.16,1.09,,0.60,,
2023-12-06,23.25,1.17,1.78,0.19,1.06,,0.59,,
2023-12-07,21.99,1.03,1.99,0.18,1.16,,0.63,,
2023-12-08,24.35,0.99,2.12,0.17,1.17,,0.64,,
2023-12-09,26.62,1.04,2.08,0.17,1.14,,0.63,,
2023-12-10,24.87,0.99,2.13,0.18,1.15,,0.62,,
2023-12-11,25.47,0.99,2.26,0.18,1.10,,0.61,,
2023-12-12,23.42,0.91,2.32,0.17,1.24,,0.58,,
2023-12-13,24.21,0.93,2.28,0.17,1.19,,0.58,,
2023-12-14,25.56,1.00,2.26,0.17,1.18,,0.59,,
2023-12-15,25.06,1.08,2.19,0.18,1.11,,0.60,,
2023-12-16,25.10,0.98,2.16,0.18,1.12,,0.58,,
2023-12-17,24.47,1.01,2.14,0.18,1.11,,0.58,,
2023-12-18,23.94,1.05,2.18,0.17,1.10,,0.57,,
2023-12-19,27.72,1.25,2.17,0.17,1.08,,0.57,,
2023-12-20,25.75,1.18,2.24,0.16,1.10,,0.56,,
2023-12-21,27.64,1.45,2.52,0.17,1.16,,0.56,,
2023-12-22,31.95,1.41,3.48,0.17,1.42,,0.58,,
2023-12-23,39.45,1.41,3.44,0.18,1.39,,0.60,,
2023-12-24,36.09,1.47,3.58,0.41,1.36,,0.62,,
2023-12-25,45.97,1.39,3.38,0.29,1.39,,0.62,,
2023-12-26,71.08,1.52,3.47,0.28,1.32,,0.61,,
2023-12-27,77.95,1.63,3.95,0.24,1.51,,0.59,,
2023-12-28,91.65,1.56,3.59,0.31,1.47,,0.62,,
2023-12-29,83.76,1.47,3.90,0.27,1.51,,0.65,,
2023-12-30,84.02,1.43,3.60,0.25,1.48,,0.66,,
2023-12-31,82.12,1.43,3.71,0.30,1.56,,0.66,,
2024-01-01,74.05,1.50,3.98,0.26,1.73,,0.64,,
2024-01-02,92.57,1.59,3.71,0.29,1.77,,0.64,,
2024-01-03,89.28,1.56,3.47,0.28,1.91,,0.67,,
2024-01-04,84.15,1.53,3.73,0.26,2.01,,0.62,,
2024-01-05,96.93,1.72,3.43,0.27,1.95,,0.60,,0.01
2024-01-06,90.22,1.62,3.23,0.25,1.75,,0.61,,0.01
2024-01-07,80.54,1.57,3.17,0.24,1.72,,0.60,,0.01
2024-01-08,73.07,1.66,3.42,0.22,1.82,,0.59,,0.01
2024-01-09,85.14,2.04,3.63,0.24,1.84,,0.62,,0.01
2024-01-10,83.90,1.84,3.93,0.23,2.23,,0.66,,0.01
2024-01-11,98.74,1.87,3.97,0.26,2.26,,0.78,,0.01
2024-01-12,108.60,1.78,3.93,0.28,2.20,,0.80,,0.01
2024-01-13,107.83,1.63,3.82,0.25,2.18,,0.74,,0.02
2024-01-14,106.39,1.67,3.49,0.27,2.03,,0.77,,0.02
2024-01-15,116.26,1.58,3.46,0.26,2.11,,0.70,,0.02
2024-01-16,119.92,1.59,3.61,0.27,2.15,,0.72,,0.02
2024-01-17,120.07,1.63,3.45,0.28,2.04,,0.73,,0.02
2024-01-18,108.99,1.57,3.22,0.27,1.89,2.14,0.71,,0.02
2024-01-19,96.67,1.49,3.19,0.25,1.85,2.49,0.69,,0.01
2024-01-20,97.48,1.49,3.18,0.25,1.81,2.26,0.68,,0.02
2024-01-21,89.67,1.49,3.12,0.25,1.82,2.64,0.67,,0.01
2024-01-22,86.82,1.45,2.97,0.24,1.68,2.44,0.68,,0.02
2024-01-23,84.65,1.33,2.81,0.23,1.69,2.59,0.65,,0.01
2024-01-24,82.89,1.40,2.85,0.22,1.73,3.25,0.62,,0.01
2024-01-25,83.25,1.48,2.93,0.22,1.73,2.97,0.63,,0.01
2024-01-26,78.73,1.45,3.06,0.22,1.82,3.47,0.62,,0.01
2024-01-27,87.12,1.51,3.08,0.23,1.80,3.60,0.65,,0.01
2024-01-28,86.40,1.51,3.03,0.23,1.80,3.49,0.65,,0.01
2024-01-29,83.53,1.47,3.16,0.23,1.85,3.71,0.64,,0.01
2024-01-30,89.04,1.54,3.16,0.23,1.89,3.36,0.62,,0.01
2024-01-31,86.61,1.54,2.90,0.25,1.76,3.03,0.59,,0.01
2024-02-01,80.46,1.50,2.96,0.24,1.78,3.02,0.58,,0.01
2024-02-02,77.04,1.49,3.00,0.23,1.79,3.03,0.59,,0.01
2024-02-03,78.60,1.55,2.96,0.23,1.77,2.89,0.59,,0.01
2024-02-04,75.37,1.52,2.99,0.23,1.73,2.63,0.59,,0.01
2024-02-05,72.61,1.47,3.08,0.22,1.73,2.72,0.60,,0.01
2024-02-06,76.60,1.48,3.33,0.22,1.83,2.59,0.59,,0.01
2024-02-07,86.90,1.50,3.37,0.23,1.90,2.75,0.60,,0.01
2024-02-08,85.47,1.66,3.32,0.23,1.87,2.72,0.61,,0.01
2024-02-09,84.28,1.78,3.48,0.25,1.98,2.77,0.61,,0.01
2024-02-10,88.27,1.81,3.37,0.25,1.96,2.85,0.65,,0.01
2024-02-11,85.92,1.81,3.53,0.25,1.94,2.86,0.65,,0.01
2024-02-12,86.81,1.84,3.83,0.26,2.08,2.88,0.65,,0.01
2024-02-13,92.68,2.00,3.73,0.26,2.05,2.75,0.68,,0.01
2024-02-14,89.18,2.13,3.82,0.26,2.11,3.11,0.69,,0.01
2024-02-15,90.26,2.56,3.86,0.26,2.07,2.97,0.78,,0.01
2024-02-16,92.86,2.54,3.64,0.26,2.01,2.98,0.78,,0.01
2024-02-17,87.19,2.59,3.57,0.26,1.97,2.92,0.77,,0.01
2024-02-18,83.92,2.53,3.78,0.25,2.04,3.00,0.75,,0.01
2024-02-19,88.17,2.64,3.95,0.25,2.05,3.11,0.79,,0.01
2024-02-20,89.60,2.65,4.06,0.26,2.01,3.12,0.78,1.95,0.01
2024-02-21,89.37,2.71,3.76,0.26,1.88,3.20,0.77,1.95,0.01
2024-02-22,85.25,2.65,3.64,0.25,1.81,3.26,0.73,1.89,0.01
2024-02-23,88.06,2.55,3.52,0.25,1.80,2.98,0.78,1.92,0.01
2024-02-24,88.79,2.45,3.67,0.24,1.84,2.98,0.79,1.93,0.01
2024-02-25,98.31,2.59,3.86,0.25,1.90,2.94,0.78,1.90,0.01
2024-02-26,109.86,2.60,3.82,0.27,1.93,3.05,0.89,1.95,0.01
2024-02-27,106.20,2.90,3.70,0.27,1.90,2.91,0.93,1.97,0.01
2024-02-28,109.99,2.94,3.78,0.29,1.90,2.71,0.89,1.91,0.01
2024-02-29,110.68,3.11,3.70,0.28,1.94,2.65,0.95,1.84,0.01
2024-03-01,110.85,2.90,3.76,0.28,1.99,2.79,0.90,1.75,0.01
2024-03-02,115.88,2.98,3.98,0.30,2.02,2.89,0.93,1.82,0.01
2024-03-03,107.88,2.96,3.99,0.36,2.05,2.86,0.90,1.84,0.01
2024-03-04,106.21,3.04,3.91,0.39,1.98,2.76,0.88,1.84,0.01
2024-03-05,98.73,3.04,4.52,0.37,1.97,2.83,0.94,1.79,0.01
2024-03-06,94.97,2.76,4.55,0.38,2.05,3.12,0.93,2.28,0.01
2024-03-07,99.09,2.84,4.67,0.43,2.17,3.47,0.98,2.55,0.01
2024-03-08,99.50,2.91,4.48,0.50,2.14,3.55,0.98,2.42,0.01
2024-03-09,97.09,2.84,4.69,0.57,2.10,3.56,1.05,2.29,0.01
2024-03-10,104.67,2.82,4.53,0.58,2.07,3.50,1.05,2.41,0.01
2024-03-11,109.46,2.96,4.59,0.56,2.08,3.87,1.04,2.43,0.01
2024-03-12,134.87,3.08,4.36,0.59,2.02,3.91,1.08,2.58,0.01
2024-03-13,131.29,3.04,4.41,0.81,2.12,3.77,1.04,2.47,0.01
2024-03-14,132.99,3.10,4.19,0.80,2.01,3.60,1.04,2.63,0.01
2024-03-15,126.40,2.93,3.81,1.18,1.89,3.34,0.99,2.39,0.01
2024-03-16,113.98,2.79,3.54,0.98,1.75,3.06,0.89,2.20,0.01
2024-03-17,102.85,2.60,3.57,0.84,1.73,3.19,0.82,2.03,0.01
2024-03-18,104.72,2.77,3.31,1.11,1.62,2.92,0.87,2.11,0.01
2024-03-19,94.94,2.65,3.44,0.86,1.63,2.76,0.83,1.94,0.01
2024-03-20,89.64,2.69,3.55,0.63,1.75,3.06,0.79,1.91,0.01
2024-03-21,104.41,3.42,3.42,0.62,1.69,3.12,0.84,2.14,0.01
2024-03-22,105.64,3.28,3.41,0.53,1.60,2.98,0.83,2.09,0.01
2024-03-23,99.25,3.45,3.44,0.54,1.60,3.00,0.79,2.03,0.01
2024-03-24,97.04,3.62,3.71,0.53,1.67,3.07,0.81,2.08,0.01
2024-03-25,101.29,3.66,3.86,0.68,1.72,3.20,0.84,2.19,0.01
2024-03-26,107.85,3.62,3.93,0.63,1.70,3.17,0.86,2.28,0.01
2024-03-27,104.12,3.47,3.67,0.62,1.65,3.11,0.93,2.31,0.01
2024-03-28,101.35,3.39,3.73,0.58,1.67,3.18,1.24,2.24,0.01
2024-03-29,101.53,3.44,3.62,0.59,1.64,3.02,1.21,2.27,0.01
2024-03-30,98.34,3.66,3.65,0.57,1.64,2.95,1.18,2.18,0.01
2024-03-31,96.61,3.65,3.69,0.58,1.66,3.00,1.26,2.14,0.01
2024-04-01,103.10,3.72,3.50,0.61,1.57,2.86,1.32,2.18,0.01