Date,zkSync Era (#),Arbitrum (#),OP Mainnet (#),Starknet (#),Base (#),Manta Pacific (#),Blast (#)
2021-05-29,,2.00,,,,,
2021-05-30,,5.00,,,,,
2021-05-31,,4.00,,,,,
2021-06-01,,5.00,,,,,
2021-06-02,,13.00,,,,,
2021-06-03,,8.00,,,,,
2021-06-04,,7.00,,,,,
2021-06-05,,6.00,,,,,
2021-06-06,,2.00,,,,,
2021-06-07,,18.00,,,,,
2021-06-08,,12.00,,,,,
2021-06-09,,15.00,,,,,
2021-06-10,,16.00,,,,,
2021-06-11,,12.00,,,,,
2021-06-12,,4.00,,,,,
2021-06-13,,7.00,,,,,
2021-06-14,,6.00,,,,,
2021-06-15,,16.00,,,,,
2021-06-16,,17.00,,,,,
2021-06-17,,17.00,,,,,
2021-06-18,,13.00,,,,,
2021-06-19,,4.00,,,,,
2021-06-20,,6.00,,,,,
2021-06-21,,9.00,,,,,
2021-06-22,,9.00,,,,,
2021-06-23,,16.00,,,,,
2021-06-24,,12.00,,,,,
2021-06-25,,15.00,,,,,
2021-06-26,,13.00,,,,,
2021-06-27,,6.00,,,,,
2021-06-28,,15.00,,,,,
2021-06-29,,15.00,,,,,
2021-06-30,,7.00,,,,,
2021-07-01,,14.00,,,,,
2021-07-02,,15.00,,,,,
2021-07-03,,9.00,,,,,
2021-07-04,,9.00,,,,,
2021-07-05,,13.00,,,,,
2021-07-06,,15.00,,,,,
2021-07-07,,12.00,,,,,
2021-07-08,,13.00,,,,,
2021-07-09,,15.00,,,,,
2021-07-10,,5.00,,,,,
2021-07-11,,6.00,,,,,
2021-07-12,,14.00,,,,,
2021-07-13,,26.00,,,,,
2021-07-14,,20.00,,,,,
2021-07-15,,22.00,,,,,
2021-07-16,,22.00,,,,,
2021-07-17,,14.00,,,,,
2021-07-18,,14.00,,,,,
2021-07-19,,21.00,,,,,
2021-07-20,,17.00,,,,,
2021-07-21,,19.00,,,,,
2021-07-22,,19.00,,,,,
2021-07-23,,17.00,,,,,
2021-07-24,,19.00,,,,,
2021-07-25,,15.00,,,,,
2021-07-26,,16.00,,,,,
2021-07-27,,20.00,,,,,
2021-07-28,,31.00,,,,,
2021-07-29,,22.00,,,,,
2021-07-30,,18.00,,,,,
2021-07-31,,19.00,,,,,
2021-08-01,,15.00,,,,,
2021-08-02,,21.00,,,,,
2021-08-03,,19.00,,,,,
2021-08-04,,18.00,,,,,
2021-08-05,,22.00,,,,,
2021-08-06,,23.00,,,,,
2021-08-07,,14.00,,,,,
2021-08-08,,14.00,,,,,
2021-08-09,,17.00,,,,,
2021-08-10,,16.00,,,,,
2021-08-11,,17.00,,,,,
2021-08-12,,19.00,,,,,
2021-08-13,,16.00,,,,,
2021-08-14,,16.00,,,,,
2021-08-15,,16.00,,,,,
2021-08-16,,19.00,,,,,
2021-08-17,,23.00,,,,,
2021-08-18,,20.00,,,,,
2021-08-19,,23.00,,,,,
2021-08-20,,24.00,,,,,
2021-08-21,,18.00,,,,,
2021-08-22,,20.00,,,,,
2021-08-23,,22.00,,,,,
2021-08-24,,24.00,,,,,
2021-08-25,,27.00,,,,,
2021-08-26,,31.00,,,,,
2021-08-27,,25.00,,,,,
2021-08-28,,23.00,,,,,
2021-08-29,,23.00,,,,,
2021-08-30,,36.00,,,,,
2021-08-31,,311.00,,,,,
2021-09-01,,4648.00,,,,,
2021-09-02,,2017.00,,,,,
2021-09-03,,1773.00,,,,,
2021-09-04,,1535.00,,,,,
2021-09-05,,3486.00,,,,,
2021-09-06,,2819.00,,,,,
2021-09-07,,1528.00,,,,,
2021-09-08,,1263.00,,,,,
2021-09-09,,4196.00,,,,,
2021-09-10,,6501.00,,,,,
2021-09-11,,20755.00,,,,,
2021-09-12,,36952.00,,,,,
2021-09-13,,22148.00,,,,,
2021-09-14,,24762.00,,,,,
2021-09-15,,25304.00,,,,,
2021-09-16,,18581.00,,,,,
2021-09-17,,15781.00,,,,,
2021-09-18,,16222.00,,,,,
2021-09-19,,19050.00,,,,,
2021-09-20,,10490.00,,,,,
2021-09-21,,11964.00,,,,,
2021-09-22,,9193.00,,,,,
2021-09-23,,11672.00,,,,,
2021-09-24,,8507.00,,,,,
2021-09-25,,11177.00,,,,,
2021-09-26,,8573.00,,,,,
2021-09-27,,7763.00,,,,,
2021-09-28,,7798.00,,,,,
2021-09-29,,7877.00,,,,,
2021-09-30,,7321.00,,,,,
2021-10-01,,7495.00,,,,,
2021-10-02,,7052.00,,,,,
2021-10-03,,7365.00,,,,,
2021-10-04,,6770.00,,,,,
2021-10-05,,5934.00,,,,,
2021-10-06,,4899.00,,,,,
2021-10-07,,5202.00,,,,,
2021-10-08,,4839.00,,,,,
2021-10-09,,7263.00,,,,,
2021-10-10,,8369.00,,,,,
2021-10-11,,7385.00,,,,,
2021-10-12,,7042.00,,,,,
2021-10-13,,5935.00,,,,,
2021-10-14,,5838.00,,,,,
2021-10-15,,5939.00,,,,,
2021-10-16,,5554.00,,,,,
2021-10-17,,7154.00,,,,,
2021-10-18,,6285.00,,,,,
2021-10-19,,6268.00,,,,,
2021-10-20,,6400.00,,,,,
2021-10-21,,4668.00,,,,,
2021-10-22,,5840.00,,,,,
2021-10-23,,5216.00,,,,,
2021-10-24,,6370.00,,,,,
2021-10-25,,5387.00,,,,,
2021-10-26,,6626.00,,,,,
2021-10-27,,6247.00,,,,,
2021-10-28,,5831.00,,,,,
2021-10-29,,5410.00,,,,,
2021-10-30,,3886.00,,,,,
2021-10-31,,4304.00,,,,,
2021-11-01,,4706.00,,,,,
2021-11-02,,4741.00,,,,,
2021-11-03,,4589.00,,,,,
2021-11-04,,3931.00,,,,,
2021-11-05,,4551.00,,,,,
2021-11-06,,4097.00,,,,,
2021-11-07,,4531.00,,,,,
2021-11-08,,4950.00,,,,,
2021-11-09,,4768.00,,,,,
2021-11-10,,5613.00,,,,,
2021-11-11,,4790.00,19.00,,,,
2021-11-12,,4542.00,1820.00,,,,
2021-11-13,,5259.00,3065.00,,,,
2021-11-14,,5549.00,2563.00,,,,
2021-11-15,,5077.00,2276.00,,,,
2021-11-16,,4438.00,2770.00,0.00,,,
2021-11-17,,4791.00,4205.00,0.00,,,
2021-11-18,,4133.00,2967.00,0.00,,,
2021-11-19,,5113.00,3184.00,0.00,,,
2021-11-20,,8230.00,3014.00,0.00,,,
2021-11-21,,7923.00,3173.00,0.00,,,
2021-11-22,,6134.00,2462.00,0.00,,,
2021-11-23,,5764.00,2454.00,0.00,,,
2021-11-24,,6185.00,3124.00,0.00,,,
2021-11-25,,6386.00,2525.00,0.00,,,
2021-11-26,,6614.00,2161.00,0.00,,,
2021-11-27,,5645.00,2208.00,0.00,,,
2021-11-28,,6726.00,2634.00,0.00,,,
2021-11-29,,6479.00,2167.00,0.00,,,
2021-11-30,,5748.00,2189.00,0.00,,,
2021-12-01,,6809.00,2777.00,0.00,,,
2021-12-02,,6022.00,3288.00,0.00,,,
2021-12-03,,5064.00,2331.00,0.00,,,
2021-12-04,,5417.00,1904.00,0.00,,,
2021-12-05,,6342.00,2139.00,0.00,,,
2021-12-06,,5512.00,2107.00,0.00,,,
2021-12-07,,5861.00,2289.00,0.00,,,
2021-12-08,,9000.00,2647.00,0.00,,,
2021-12-09,,5379.00,2301.00,0.00,,,
2021-12-10,,5196.00,2541.00,0.00,,,
2021-12-11,,7554.00,2620.00,0.00,,,
2021-12-12,,7027.00,3518.00,0.00,,,
2021-12-13,,6517.00,2667.00,0.00,,,
2021-12-14,,5494.00,6666.00,0.00,,,
2021-12-15,,5121.00,3384.00,0.00,,,
2021-12-16,,4373.00,2647.00,0.00,,,
2021-12-17,,3918.00,2178.00,0.00,,,
2021-12-18,,4176.00,2478.00,0.00,,,
2021-12-19,,4631.00,2906.00,0.00,,,
2021-12-20,,4303.00,2216.00,0.00,,,
2021-12-21,,4611.00,2231.00,0.00,,,
2021-12-22,,4504.00,2847.00,0.00,,,
2021-12-23,,4374.00,3026.00,0.00,,,
2021-12-24,,4181.00,3543.00,0.00,,,
2021-12-25,,3206.00,2729.00,0.00,,,
2021-12-26,,3938.00,3838.00,0.00,,,
2021-12-27,,4528.00,3785.00,0.00,,,
2021-12-28,,4362.00,3118.00,0.00,,,
2021-12-29,,4039.00,3217.00,0.00,,,
2021-12-30,,5454.00,3131.00,0.00,,,
2021-12-31,,5298.00,3080.00,0.00,,,
2022-01-01,,5961.00,2807.00,0.00,,,
2022-01-02,,6255.00,1869.00,0.00,,,
2022-01-03,,6592.00,1997.00,0.00,,,
2022-01-04,,9328.00,1951.00,0.00,,,
2022-01-05,,7389.00,2343.00,0.00,,,
2022-01-06,,6742.00,2062.00,0.00,,,
2022-01-07,,5890.00,2108.00,0.00,,,
2022-01-08,,5783.00,1965.00,0.00,,,
2022-01-09,,3364.00,1826.00,0.00,,,
2022-01-10,,5903.00,1342.00,0.00,,,
2022-01-11,,5443.00,1510.00,0.00,,,
2022-01-12,,5298.00,2031.00,0.00,,,
2022-01-13,,5475.00,1789.00,0.00,,,
2022-01-14,,5542.00,2088.00,0.00,,,
2022-01-15,,6119.00,2037.00,0.00,,,
2022-01-16,,7076.00,1723.00,0.00,,,
2022-01-17,,6708.00,1593.00,0.00,,,
2022-01-18,,7097.00,1984.00,0.00,,,
2022-01-19,,6146.00,3336.00,0.00,,,
2022-01-20,,7203.00,2676.00,0.00,,,
2022-01-21,,6621.00,2262.00,0.00,,,
2022-01-22,,5980.00,1760.00,0.00,,,
2022-01-23,,5242.00,1438.00,0.00,,,
2022-01-24,,8475.00,1849.00,0.00,,,
2022-01-25,,10221.00,1898.00,0.00,,,
2022-01-26,,9653.00,2300.00,4.00,,,
2022-01-27,,7981.00,1732.00,8.00,,,
2022-01-28,,6604.00,1814.00,14.00,,,
2022-01-29,,7482.00,1572.00,11.00,,,
2022-01-30,,10109.00,1595.00,16.00,,,
2022-01-31,,7521.00,2077.00,16.00,,,
2022-02-01,,7638.00,1670.00,14.00,,,
2022-02-02,,7520.00,3175.00,16.00,,,
2022-02-03,,10863.00,2020.00,20.00,,,
2022-02-04,,7163.00,2160.00,15.00,,,
2022-02-05,,7128.00,2057.00,18.00,,,
2022-02-06,,11845.00,1692.00,16.00,,,
2022-02-07,,11473.00,2251.00,13.00,,,
2022-02-08,,11798.00,2233.00,16.00,,,
2022-02-09,,12470.00,2558.00,18.00,,,
2022-02-10,,12224.00,1957.00,7.00,,,
2022-02-11,,11600.00,2105.00,19.00,,,
2022-02-12,,12314.00,1607.00,11.00,,,
2022-02-13,,12322.00,1550.00,15.00,,,
2022-02-14,,13891.00,1963.00,17.00,,,
2022-02-15,,13321.00,2885.00,13.00,,,
2022-02-16,,12969.00,2485.00,13.00,,,
2022-02-17,,13174.00,2216.00,13.00,,,
2022-02-18,,12336.00,1999.00,23.00,,,
2022-02-19,,12757.00,1752.00,18.00,,,
2022-02-20,,13832.00,1617.00,14.00,,,
2022-02-21,,14615.00,1554.00,9.00,,,
2022-02-22,,15553.00,1602.00,11.00,,,
2022-02-23,,14380.00,2182.00,10.00,,,
2022-02-24,,14177.00,1641.00,11.00,,,
2022-02-25,,12933.00,1674.00,12.00,,,
2022-02-26,,16711.00,1648.00,12.00,,,
2022-02-27,,17651.00,1951.00,15.00,,,
2022-02-28,,14499.00,1778.00,15.00,,,
2022-03-01,,13769.00,1816.00,13.00,,,
2022-03-02,,26000.00,2089.00,26.00,,,
2022-03-03,,18105.00,1944.00,20.00,,,
2022-03-04,,9736.00,2184.00,18.00,,,
2022-03-05,,6441.00,1691.00,14.00,,,
2022-03-06,,7099.00,1527.00,22.00,,,
2022-03-07,,12674.00,1893.00,22.00,,,
2022-03-08,,15568.00,1792.00,18.00,,,
2022-03-09,,18215.00,2441.00,16.00,,,
2022-03-10,,10112.00,2744.00,15.00,,,
2022-03-11,,11324.00,2611.00,13.00,,,
2022-03-12,,11253.00,2753.00,52.00,,,
2022-03-13,,9333.00,2083.00,68.00,,,
2022-03-14,,9994.00,2140.00,93.00,,,
2022-03-15,,10883.00,1899.00,91.00,,,
2022-03-16,,11212.00,2851.00,88.00,,,
2022-03-17,,12609.00,2711.00,77.00,,,
2022-03-18,,11439.00,2633.00,178.00,,,
2022-03-19,,9948.00,3321.00,115.00,,,
2022-03-20,,10771.00,2399.00,159.00,,,
2022-03-21,,11465.00,2357.00,139.00,,,
2022-03-22,,12824.00,2487.00,89.00,,,
2022-03-23,,16267.00,3250.00,92.00,,,
2022-03-24,,17686.00,3153.00,77.00,,,
2022-03-25,,14223.00,2545.00,124.00,,,
2022-03-26,,11339.00,2245.00,61.00,,,
2022-03-27,,11785.00,2357.00,43.00,,,
2022-03-28,,12651.00,2958.00,71.00,,,
2022-03-29,,12409.00,3207.00,74.00,,,
2022-03-30,,13607.00,3769.00,170.00,,,
2022-03-31,,11767.00,3483.00,80.00,,,
2022-04-01,,20612.00,3037.00,86.00,,,
2022-04-02,,44846.00,2520.00,76.00,,,
2022-04-03,,14071.00,2192.00,122.00,,,
2022-04-04,,12345.00,2578.00,95.00,,,
2022-04-05,,10130.00,2180.00,105.00,,,
2022-04-06,,10445.00,2856.00,109.00,,,
2022-04-07,,11472.00,2553.00,96.00,,,
2022-04-08,,10295.00,2493.00,89.00,,,
2022-04-09,,9655.00,1983.00,119.00,,,
2022-04-10,,9211.00,2355.00,81.00,,,
2022-04-11,,10183.00,3222.00,54.00,,,
2022-04-12,,9232.00,2436.00,5.00,,,
2022-04-13,,10337.00,3100.00,77.00,,,
2022-04-14,,11679.00,3825.00,38.00,,,
2022-04-15,,14305.00,3152.00,65.00,,,
2022-04-16,,13041.00,3133.00,33.00,,,
2022-04-17,,12886.00,3277.00,40.00,,,
2022-04-18,,11764.00,3107.00,33.00,,,
2022-04-19,,12841.00,4494.00,42.00,,,
2022-04-20,,18348.00,9482.00,50.00,,,
2022-04-21,,15667.00,8104.00,53.00,,,
2022-04-22,,15022.00,5985.00,97.00,,,
2022-04-23,,13248.00,6239.00,124.00,,,
2022-04-24,,12749.00,6420.00,127.00,,,
2022-04-25,,12897.00,5571.00,131.00,,,
2022-04-26,,13198.00,8968.00,112.00,,,
2022-04-27,,19503.00,13349.00,153.00,,,
2022-04-28,,20175.00,8082.00,238.00,,,
2022-04-29,,19285.00,7617.00,197.00,,,
2022-04-30,,19712.00,6775.00,193.00,,,
2022-05-01,,11351.00,4911.00,169.00,,,
2022-05-02,,16255.00,6408.00,133.00,,,
2022-05-03,,17318.00,5856.00,215.00,,,
2022-05-04,,19498.00,7791.00,284.00,,,
2022-05-05,,18618.00,7118.00,284.00,,,
2022-05-06,,20151.00,7886.00,118.00,,,
2022-05-07,,22478.00,7608.00,156.00,,,
2022-05-08,,23723.00,6906.00,129.00,,,
2022-05-09,,21584.00,5995.00,134.00,,,
2022-05-10,,17247.00,5827.00,171.00,,,
2022-05-11,,15852.00,5778.00,83.00,,,
2022-05-12,,11999.00,4330.00,133.00,,,
2022-05-13,,10700.00,4223.00,177.00,,,
2022-05-14,,15628.00,5170.00,194.00,,,
2022-05-15,,17385.00,5181.00,168.00,,,
2022-05-16,,19138.00,5749.00,146.00,,,
2022-05-17,,17845.00,4727.00,137.00,,,
2022-05-18,,17147.00,6322.00,206.00,,,
2022-05-19,,16899.00,6216.00,256.00,,,
2022-05-20,,16888.00,5683.00,223.00,,,
2022-05-21,,16982.00,5517.00,395.00,,,
2022-05-22,,15679.00,5939.00,301.00,,,
2022-05-23,,18418.00,6998.00,204.00,,,
2022-05-24,,16940.00,6698.00,303.00,,,
2022-05-25,,15328.00,9423.00,188.00,,,
2022-05-26,,12564.00,7322.00,289.00,,,
2022-05-27,,13215.00,7868.00,187.00,,,
2022-05-28,,15924.00,7343.00,152.00,,,
2022-05-29,,15584.00,6701.00,119.00,,,
2022-05-30,,15389.00,7565.00,137.00,,,
2022-05-31,,17115.00,53033.00,89.00,,,
2022-06-01,,20359.00,106033.00,69.00,,,
2022-06-02,,23840.00,45892.00,140.00,,,
2022-06-03,,19093.00,23087.00,162.00,,,
2022-06-04,,20703.00,18630.00,89.00,,,
2022-06-05,,19814.00,16864.00,97.00,,,
2022-06-06,,22860.00,17800.00,123.00,,,
2022-06-07,,22897.00,19477.00,164.00,,,
2022-06-08,,19992.00,19324.00,146.00,,,
2022-06-09,,20861.00,17243.00,102.00,,,
2022-06-10,,17265.00,15350.00,118.00,,,
2022-06-11,,25418.00,20038.00,140.00,,,
2022-06-12,,19891.00,14201.00,89.00,,,
2022-06-13,,15820.00,12637.00,66.00,,,
2022-06-14,,17164.00,11114.00,22.00,,,
2022-06-15,,18571.00,11021.00,28.00,,,
2022-06-16,,20598.00,13726.00,24.00,,,
2022-06-17,,20022.00,10180.00,2059.00,,,
2022-06-18,,17143.00,8755.00,3660.00,,,
2022-06-19,,14830.00,7933.00,925.00,,,
2022-06-20,,17129.00,8594.00,4554.00,,,
2022-06-21,,19644.00,10910.00,3014.00,,,
2022-06-22,,27668.00,20403.00,2220.00,,,
2022-06-23,,25347.00,18654.00,1963.00,,,
2022-06-24,,26713.00,22514.00,1142.00,,,
2022-06-25,,26062.00,23011.00,1184.00,,,
2022-06-26,,33623.00,30619.00,2087.00,,,
2022-06-27,,48875.00,54037.00,1701.00,,,
2022-06-28,,54922.00,9597.00,2169.00,,,
2022-06-29,,57184.00,8136.00,713.00,,,
2022-06-30,,45009.00,6367.00,12603.00,,,
2022-07-01,,35347.00,8648.00,7566.00,,,
2022-07-02,,33502.00,6419.00,823.00,,,
2022-07-03,,27005.00,8566.00,903.00,,,
2022-07-04,,24802.00,9628.00,781.00,,,
2022-07-05,,18894.00,6931.00,578.00,,,
2022-07-06,,19147.00,8135.00,837.00,,,
2022-07-07,,18689.00,7416.00,644.00,,,
2022-07-08,,15608.00,8097.00,549.00,,,
2022-07-09,,18958.00,7696.00,670.00,,,
2022-07-10,,15331.00,7272.00,666.00,,,
2022-07-11,,13023.00,5896.00,428.00,,,
2022-07-12,,16796.00,5400.00,626.00,,,
2022-07-13,,16778.00,8204.00,886.00,,,
2022-07-14,,16534.00,8816.00,1156.00,,,
2022-07-15,,14023.00,13363.00,860.00,,,
2022-07-16,,15503.00,7855.00,1469.00,,,
2022-07-17,,17859.00,9281.00,731.00,,,
2022-07-18,,22640.00,8751.00,1288.00,,,
2022-07-19,,21903.00,8347.00,12054.00,,,
2022-07-20,,23184.00,10925.00,906.00,,,
2022-07-21,,24027.00,9281.00,1282.00,,,
2022-07-22,,21567.00,9925.00,770.00,,,
2022-07-23,,17274.00,9184.00,579.00,,,
2022-07-24,,19048.00,9328.00,584.00,,,
2022-07-25,,17000.00,8805.00,469.00,,,
2022-07-26,,16241.00,14581.00,448.00,,,
2022-07-27,,17335.00,63280.00,457.00,,,
2022-07-28,,21423.00,32333.00,537.00,,,
2022-07-29,,18701.00,27062.00,627.00,,,
2022-07-30,,20818.00,25419.00,1003.00,,,
2022-07-31,,23593.00,20624.00,1651.00,,,
2022-08-01,,17748.00,16588.00,17505.00,,,
2022-08-02,,17000.00,24300.00,3321.00,,,
2022-08-03,,21895.00,21766.00,1281.00,,,
2022-08-04,,18349.00,18895.00,1645.00,,,
2022-08-05,,20049.00,26673.00,1721.00,,,
2022-08-06,,20227.00,25706.00,2117.00,,,
2022-08-07,,23943.00,25165.00,5009.00,,,
2022-08-08,,21826.00,17022.00,2789.00,,,
2022-08-09,,19829.00,14233.00,2315.00,,,
2022-08-10,,19872.00,17137.00,3982.00,,,
2022-08-11,,19629.00,15536.00,1035.00,,,
2022-08-12,,15626.00,10529.00,753.00,,,
2022-08-13,,18290.00,13061.00,578.00,,,
2022-08-14,,21505.00,11465.00,832.00,,,
2022-08-15,,19130.00,12221.00,1330.00,,,
2022-08-16,,21654.00,20416.00,1344.00,,,
2022-08-17,,23026.00,12364.00,1359.00,,,
2022-08-18,,23201.00,11215.00,1690.00,,,
2022-08-19,,23666.00,12459.00,1309.00,,,
2022-08-20,,26131.00,11831.00,1284.00,,,
2022-08-21,,29621.00,10730.00,1402.00,,,
2022-08-22,,22705.00,9877.00,1186.00,,,
2022-08-23,,20790.00,12386.00,710.00,,,
2022-08-24,,20115.00,14512.00,792.00,,,
2022-08-25,,18905.00,12025.00,768.00,,,
2022-08-26,,21274.00,10887.00,841.00,,,
2022-08-27,,23584.00,10894.00,770.00,,,
2022-08-28,,28036.00,10558.00,748.00,,,
2022-08-29,,24748.00,11137.00,1093.00,,,
2022-08-30,,26031.00,16199.00,963.00,,,
2022-08-31,,35778.00,17091.00,670.00,,,
2022-09-01,,29654.00,30660.00,676.00,,,
2022-09-02,,33619.00,22710.00,521.00,,,
2022-09-03,,30847.00,14827.00,808.00,,,
2022-09-04,,32198.00,13149.00,900.00,,,
2022-09-05,,32558.00,12624.00,762.00,,,
2022-09-06,,45250.00,17331.00,658.00,,,
2022-09-07,,49396.00,15058.00,825.00,,,
2022-09-08,,37359.00,10411.00,753.00,,,
2022-09-09,,36742.00,12524.00,688.00,,,
2022-09-10,,28114.00,8477.00,387.00,,,
2022-09-11,,25507.00,12151.00,352.00,,,
2022-09-12,,30975.00,10060.00,676.00,,,
2022-09-13,,31153.00,12583.00,16326.00,,,
2022-09-14,,33198.00,15966.00,566.00,,,
2022-09-15,,31466.00,16326.00,791.00,,,
2022-09-16,,26917.00,12708.00,5354.00,,,
2022-09-17,,22557.00,11636.00,579.00,,,
2022-09-18,,28531.00,11130.00,533.00,,,
2022-09-19,,33393.00,12017.00,643.00,,,
2022-09-20,,38863.00,20657.00,867.00,,,
2022-09-21,,37187.00,31415.00,493.00,,,
2022-09-22,,40908.00,27960.00,779.00,,,
2022-09-23,,28610.00,49454.00,513.00,,,
2022-09-24,,30636.00,22702.00,527.00,,,
2022-09-25,,26020.00,22672.00,619.00,,,
2022-09-26,,27771.00,25310.00,666.00,,,
2022-09-27,,27207.00,20528.00,449.00,,,
2022-09-28,,28022.00,27975.00,656.00,,,
2022-09-29,,26503.00,22549.00,1207.00,,,
2022-09-30,,25308.00,24819.00,767.00,,,
2022-10-01,,36184.00,24225.00,1120.00,,,
2022-10-02,,30478.00,26730.00,3764.00,,,
2022-10-03,,28068.00,25172.00,7833.00,,,
2022-10-04,,28218.00,22839.00,992.00,,,
2022-10-05,,32609.00,58763.00,1055.00,,,
2022-10-06,,35297.00,41953.00,799.00,,,
2022-10-07,,39418.00,33979.00,670.00,,,
2022-10-08,,33905.00,28101.00,651.00,,,
2022-10-09,,42164.00,21136.00,607.00,,,
2022-10-10,,26904.00,19074.00,1500.00,,,
2022-10-11,,30600.00,21194.00,1215.00,,,
2022-10-12,,28826.00,22499.00,663.00,,,
2022-10-13,,29668.00,25684.00,558.00,,,
2022-10-14,,33471.00,22773.00,508.00,,,
2022-10-15,,26865.00,25971.00,535.00,,,
2022-10-16,,25051.00,27312.00,1017.00,,,
2022-10-17,,33667.00,21480.00,657.00,,,
2022-10-18,,29902.00,19474.00,927.00,,,
2022-10-19,,33414.00,20799.00,2874.00,,,
2022-10-20,,38645.00,22402.00,4506.00,,,
2022-10-21,,45962.00,25788.00,4243.00,,,
2022-10-22,,44746.00,19643.00,3764.00,,,
2022-10-23,,46681.00,22193.00,6760.00,,,
2022-10-24,,63447.00,25102.00,5093.00,,,
2022-10-25,,60240.00,25017.00,8142.00,,,
2022-10-26,,76149.00,33799.00,11342.00,,,
2022-10-27,,70578.00,33761.00,5934.00,,,
2022-10-28,,63303.00,29587.00,4634.00,,,
2022-10-29,,58117.00,25628.00,3603.00,,,
2022-10-30,,58437.00,28147.00,3788.00,,,
2022-10-31,,70251.00,29679.00,4496.00,,,
2022-11-01,,55492.00,32017.00,5196.00,,,
2022-11-02,,53565.00,30159.00,6396.00,,,
2022-11-03,,49955.00,33325.00,8204.00,,,
2022-11-04,,52481.00,38043.00,5337.00,,,
2022-11-05,,56899.00,39097.00,3780.00,,,
2022-11-06,,56541.00,37507.00,3611.00,,,
2022-11-07,,59318.00,32817.00,4619.00,,,
2022-11-08,,75906.00,31158.00,3216.00,,,
2022-11-09,,66452.00,32831.00,2442.00,,,
2022-11-10,,59791.00,29495.00,2701.00,,,
2022-11-11,,62906.00,36565.00,2781.00,,,
2022-11-12,,54182.00,42905.00,2925.00,,,
2022-11-13,,50523.00,31117.00,2918.00,,,
2022-11-14,,58203.00,29929.00,4580.00,,,
2022-11-15,,67543.00,29470.00,6601.00,,,
2022-11-16,,61976.00,32453.00,6613.00,,,
2022-11-17,,65949.00,39224.00,7746.00,,,
2022-11-18,,62735.00,35441.00,9172.00,,,
2022-11-19,,66104.00,45765.00,6704.00,,,
2022-11-20,,67799.00,41309.00,5682.00,,,
2022-11-21,,67548.00,42133.00,6364.00,,,
2022-11-22,,67031.00,40160.00,4678.00,,,
2022-11-23,,64164.00,43817.00,4681.00,,,
2022-11-24,,62420.00,43202.00,6070.00,,,
2022-11-25,,59421.00,40093.00,6435.00,,,
2022-11-26,,58294.00,42813.00,5311.00,,,
2022-11-27,,55865.00,38814.00,5622.00,,,
2022-11-28,,57670.00,33307.00,4594.00,,,
2022-11-29,,60219.00,37377.00,5219.00,,,
2022-11-30,,61139.00,45365.00,12201.00,,,
2022-12-01,,62104.00,39665.00,6890.00,,,
2022-12-02,,56118.00,37024.00,4474.00,,,
2022-12-03,,53107.00,31959.00,4737.00,,,
2022-12-04,,57031.00,31427.00,6021.00,,,
2022-12-05,,61535.00,42707.00,8153.00,,,
2022-12-06,,76619.00,39208.00,7798.00,,,
2022-12-07,,60253.00,34759.00,12932.00,,,
2022-12-08,,56219.00,37016.00,20989.00,,,
2022-12-09,,55122.00,42020.00,5257.00,,,
2022-12-10,,51309.00,44904.00,4546.00,,,
2022-12-11,,50343.00,42252.00,4072.00,,,
2022-12-12,,74182.00,44269.00,3686.00,,,
2022-12-13,,64685.00,45468.00,3659.00,,,
2022-12-14,,68981.00,52009.00,6272.00,,,
2022-12-15,,77250.00,45994.00,5954.00,,,
2022-12-16,,66516.00,48453.00,6553.00,,,
2022-12-17,,58035.00,49293.00,3671.00,,,
2022-12-18,,53856.00,44714.00,3391.00,,,
2022-12-19,,57296.00,41226.00,3393.00,,,
2022-12-20,,55806.00,64206.00,3350.00,,,
2022-12-21,,56288.00,111229.00,3541.00,,,
2022-12-22,,55068.00,79436.00,5992.00,,,
2022-12-23,,56647.00,64797.00,4661.00,,,
2022-12-24,,54125.00,56985.00,3515.00,,,
2022-12-25,,51840.00,71498.00,3455.00,,,
2022-12-26,,52836.00,74475.00,4108.00,,,
2022-12-27,,45455.00,63199.00,4153.00,,,
2022-12-28,,44638.00,77003.00,3718.00,,,
2022-12-29,,41389.00,77342.00,3006.00,,,
2022-12-30,,39904.00,75219.00,3195.00,,,
2022-12-31,,39756.00,88138.00,2229.00,,,
2023-01-01,,34494.00,45629.00,2050.00,,,
2023-01-02,,43302.00,43784.00,3007.00,,,
2023-01-03,,53587.00,55689.00,4819.00,,,
2023-01-04,,49302.00,51099.00,8586.00,,,
2023-01-05,,45695.00,52473.00,7169.00,,,
2023-01-06,,48709.00,56581.00,7009.00,,,
2023-01-07,,48532.00,62502.00,6337.00,,,
2023-01-08,,49154.00,53879.00,5988.00,,,
2023-01-09,,55248.00,58887.00,5360.00,,,
2023-01-10,,56555.00,61779.00,5547.00,,,
2023-01-11,,59446.00,58383.00,3514.00,,,
2023-01-12,,51764.00,69979.00,4327.00,,,
2023-01-13,,48274.00,76000.00,2249.00,,,
2023-01-14,,50271.00,69518.00,2693.00,,,
2023-01-15,,52568.00,71206.00,3031.00,,,
2023-01-16,,44755.00,73538.00,2621.00,,,
2023-01-17,,41694.00,72867.00,2625.00,,,
2023-01-18,,39365.00,44407.00,3922.00,,,
2023-01-19,,43024.00,31115.00,7807.00,,,
2023-01-20,,43553.00,27875.00,1752.00,,,
2023-01-21,,43690.00,30105.00,1964.00,,,
2023-01-22,,38841.00,23063.00,2250.00,,,
2023-01-23,,41996.00,31038.00,1874.00,,,
2023-01-24,,43459.00,30403.00,1826.00,,,
2023-01-25,,40140.00,25634.00,2753.00,,,
2023-01-26,,44444.00,26081.00,5647.00,,,
2023-01-27,,49838.00,30423.00,8893.00,,,
2023-01-28,,53180.00,26331.00,10019.00,,,
2023-01-29,,59655.00,22265.00,4988.00,,,
2023-01-30,,60675.00,33992.00,2183.00,,,
2023-01-31,,52577.00,23664.00,6578.00,,,
2023-02-01,,59263.00,26255.00,4394.00,,,
2023-02-02,,58697.00,28897.00,3492.00,,,
2023-02-03,,56522.00,21767.00,3170.00,,,
2023-02-04,,59419.00,24457.00,4227.00,,,
2023-02-05,,58777.00,20259.00,5291.00,,,
2023-02-06,,64970.00,22791.00,4405.00,,,
2023-02-07,,74041.00,26008.00,3140.00,,,
2023-02-08,,76832.00,28989.00,3056.00,,,
2023-02-09,,68520.00,39951.00,4216.00,,,
2023-02-10,,72234.00,67848.00,4650.00,,,
2023-02-11,,62369.00,40590.00,4378.00,,,
2023-02-12,,63875.00,44926.00,5237.00,,,
2023-02-13,,70796.00,41895.00,4701.00,,,
2023-02-14,3.00,80805.00,40138.00,5441.00,,,
2023-02-15,4.00,86102.00,40445.00,3279.00,,,
2023-02-16,18.00,94240.00,44747.00,2891.00,,,
2023-02-17,15.00,103240.00,35438.00,3287.00,,,
2023-02-18,1.00,100301.00,31546.00,3508.00,,,
2023-02-19,1.00,96952.00,39739.00,4532.00,,,
2023-02-20,40.00,118021.00,31953.00,4482.00,,,
2023-02-21,13.00,120721.00,32608.00,3240.00,,,
2023-02-22,17.00,136095.00,44961.00,3331.00,,,
2023-02-23,26.00,105985.00,72801.00,2825.00,,,
2023-02-24,18.00,101863.00,90872.00,3118.00,,,
2023-02-25,7.00,103763.00,81754.00,5032.00,,,
2023-02-26,5.00,102734.00,83431.00,5697.00,,,
2023-02-27,14.00,138460.00,76145.00,5618.00,,,
2023-02-28,8.00,123040.00,36931.00,4061.00,,,
2023-03-01,10.00,110587.00,42603.00,3527.00,,,
2023-03-02,533.00,115314.00,35806.00,5112.00,,,
2023-03-03,761.00,98905.00,29654.00,4403.00,,,
2023-03-04,844.00,84512.00,28091.00,5022.00,,,
2023-03-05,591.00,76106.00,24589.00,4919.00,,,
2023-03-06,10.00,90774.00,27552.00,4193.00,,,
2023-03-07,7.00,103962.00,31123.00,4763.00,,,
2023-03-08,11.00,99630.00,43212.00,4193.00,,,
2023-03-09,9.00,89865.00,58398.00,3522.00,,,
2023-03-10,4.00,93094.00,42798.00,4265.00,,,
2023-03-11,2.00,77856.00,34360.00,1305.00,,,
2023-03-12,4.00,79833.00,43863.00,5871.00,,,
2023-03-13,4.00,82750.00,43334.00,4432.00,,,
2023-03-14,6.00,95692.00,37631.00,5594.00,,,
2023-03-15,6.00,113112.00,51904.00,6592.00,,,
2023-03-16,8.00,135985.00,46491.00,8740.00,,,
2023-03-17,11.00,172385.00,34811.00,13329.00,,,
2023-03-18,7.00,168550.00,36836.00,18307.00,,,
2023-03-19,9.00,142068.00,51035.00,20295.00,,,
2023-03-20,13.00,168458.00,47994.00,24471.00,,,
2023-03-21,8.00,239796.00,56922.00,25622.00,,,
2023-03-22,17.00,191696.00,54044.00,26693.00,,,
2023-03-23,54.00,611694.00,42811.00,24253.00,,,
2023-03-24,18041.00,423557.00,40408.00,28644.00,,,
2023-03-25,60208.00,225186.00,45516.00,31874.00,,,
2023-03-26,71227.00,189131.00,44524.00,31480.00,,,
2023-03-27,62807.00,192576.00,45547.00,31304.00,,,
2023-03-28,60929.00,203831.00,64501.00,30583.00,,,
2023-03-29,63645.00,174876.00,52718.00,25938.00,,,
2023-03-30,61368.00,207121.00,59264.00,21502.00,,,
2023-03-31,80660.00,167697.00,60037.00,29454.00,,,
2023-04-01,70023.00,133860.00,43847.00,37040.00,,,
2023-04-02,78734.00,151536.00,43614.00,41275.00,,,
2023-04-03,85993.00,149434.00,49900.00,30653.00,,,
2023-04-04,77781.00,183596.00,62340.00,32572.00,,,
2023-04-05,66770.00,195632.00,71945.00,24084.00,,,
2023-04-06,78970.00,195274.00,81787.00,32787.00,,,
2023-04-07,76796.00,171884.00,70501.00,57470.00,,,
2023-04-08,81737.00,169178.00,74365.00,54112.00,,,
2023-04-09,81885.00,191635.00,77526.00,44063.00,,,
2023-04-10,81928.00,176239.00,80796.00,46899.00,,,
2023-04-11,81789.00,179499.00,77996.00,47664.00,,,
2023-04-12,84795.00,169616.00,80675.00,51105.00,,,
2023-04-13,62748.00,170400.00,68846.00,35690.00,,,
2023-04-14,61089.00,191800.00,72613.00,35567.00,,,
2023-04-15,65223.00,249407.00,69964.00,40472.00,,,
2023-04-16,62922.00,196332.00,57339.00,40336.00,,,
2023-04-17,55351.00,427179.00,52909.00,37965.00,,,
2023-04-18,44398.00,281997.00,53485.00,27862.00,,,
2023-04-19,40526.00,319773.00,42061.00,24536.00,,,
2023-04-20,30752.00,323125.00,41404.00,27899.00,,,
2023-04-21,45934.00,245892.00,43794.00,22925.00,,,
2023-04-22,53446.00,367680.00,45189.00,33215.00,,,
2023-04-23,54859.00,330492.00,48181.00,32265.00,,,
2023-04-24,52591.00,292516.00,46285.00,28451.00,,,
2023-04-25,66022.00,250078.00,53818.00,30581.00,,,
2023-04-26,67850.00,237075.00,52761.00,32095.00,,,
2023-04-27,85575.00,212125.00,52456.00,31203.00,,,
2023-04-28,80531.00,191854.00,54356.00,31358.00,,,
2023-04-29,77534.00,192058.00,55367.00,26710.00,,,
2023-04-30,79192.00,254084.00,54891.00,22784.00,,,
2023-05-01,76551.00,212563.00,36039.00,11698.00,,,
2023-05-02,36661.00,217070.00,36067.00,15480.00,,,
2023-05-03,45936.00,220206.00,83597.00,23109.00,,,
2023-05-04,83679.00,206748.00,48590.00,29086.00,,,
2023-05-05,37493.00,215886.00,34641.00,18835.00,,,
2023-05-06,27613.00,256179.00,29184.00,18231.00,,,
2023-05-07,29562.00,222189.00,30682.00,35405.00,,,
2023-05-08,61373.00,207814.00,29552.00,64686.00,,,
2023-05-09,55234.00,307632.00,42164.00,120232.00,,,
2023-05-10,157364.00,250129.00,37264.00,41335.00,,,
2023-05-11,153295.00,303993.00,55353.00,107708.00,,,
2023-05-12,107110.00,226479.00,90702.00,122121.00,,,
2023-05-13,230723.00,208736.00,75038.00,125422.00,,,
2023-05-14,162085.00,191457.00,75553.00,102714.00,,,
2023-05-15,188383.00,196548.00,83835.00,107710.00,,,
2023-05-16,358266.00,218924.00,95934.00,154908.00,,,
2023-05-17,319822.00,190141.00,105592.00,93727.00,,,
2023-05-18,165761.00,166222.00,148870.00,125984.00,,,
2023-05-19,154833.00,169232.00,49376.00,140877.00,,,
2023-05-20,178848.00,159901.00,52994.00,122383.00,,,
2023-05-21,198438.00,163167.00,77620.00,94429.00,,,
2023-05-22,145039.00,176914.00,54807.00,93895.00,,,
2023-05-23,120617.00,211948.00,64430.00,89407.00,,,
2023-05-24,143843.00,203093.00,81440.00,128969.00,,,
2023-05-25,156559.00,238675.00,87873.00,123396.00,,,
2023-05-26,181900.00,214721.00,81618.00,105316.00,,,
2023-05-27,182938.00,181399.00,70961.00,119970.00,,,
2023-05-28,175591.00,172904.00,59335.00,93463.00,,,
2023-05-29,155519.00,181418.00,61001.00,88162.00,,,
2023-05-30,136769.00,311634.00,67560.00,86137.00,,,
2023-05-31,180475.00,218611.00,71461.00,98634.00,,,
2023-06-01,128289.00,165262.00,60069.00,110084.00,,,
2023-06-02,209907.00,193246.00,64789.00,107607.00,,,
2023-06-03,207901.00,184359.00,67161.00,97785.00,,,
2023-06-04,213054.00,193692.00,67296.00,100936.00,,,
2023-06-05,184213.00,181249.00,64512.00,72648.00,,,
2023-06-06,200108.00,192814.00,53953.00,79528.00,,,
2023-06-07,156308.00,146733.00,61987.00,99083.00,,,
2023-06-08,147603.00,148031.00,82214.00,129008.00,,,
2023-06-09,164731.00,154868.00,87406.00,115765.00,,,
2023-06-10,144432.00,167326.00,65097.00,83530.00,,,
2023-06-11,168762.00,168059.00,65680.00,88990.00,,,
2023-06-12,183764.00,200180.00,73167.00,101393.00,,,
2023-06-13,175961.00,171681.00,97043.00,103560.00,,,
2023-06-14,190929.00,176881.00,149082.00,65501.00,,,
2023-06-15,172365.00,182026.00,147793.00,92273.00,7.00,,
2023-06-16,176544.00,168105.00,94311.00,78078.00,3.00,,
2023-06-17,192282.00,164045.00,84464.00,76959.00,3.00,,
2023-06-18,173933.00,141226.00,85973.00,75125.00,1.00,,
2023-06-19,181775.00,165906.00,83954.00,82921.00,3.00,,
2023-06-20,192592.00,171408.00,75252.00,72459.00,5.00,,
2023-06-21,179803.00,172927.00,77082.00,72116.00,3.00,,
2023-06-22,159495.00,161832.00,88588.00,95670.00,2.00,,
2023-06-23,158690.00,148150.00,86981.00,85760.00,2.00,,
2023-06-24,179003.00,144827.00,69518.00,69302.00,1.00,,
2023-06-25,203716.00,159944.00,83994.00,70679.00,1.00,,
2023-06-26,194465.00,167202.00,89244.00,83661.00,2.00,,
2023-06-27,195310.00,196850.00,90687.00,92485.00,3.00,,
2023-06-28,227008.00,176753.00,103945.00,71687.00,5.00,,
2023-06-29,185763.00,203918.00,106266.00,73033.00,9.00,,
2023-06-30,176357.00,203912.00,108089.00,78516.00,3.00,,
2023-07-01,188605.00,157880.00,76734.00,80377.00,1.00,,
2023-07-02,197206.00,156504.00,81481.00,69035.00,1.00,,
2023-07-03,184719.00,171135.00,91185.00,67723.00,1.00,,
2023-07-04,208734.00,167757.00,92318.00,75498.00,3.00,,
2023-07-05,117255.00,137438.00,68611.00,32781.00,5.00,,
2023-07-06,148669.00,159489.00,84177.00,30876.00,3.00,,
2023-07-07,205049.00,164167.00,70912.00,46138.00,2.00,,
2023-07-08,260297.00,160874.00,84641.00,53160.00,1.00,,
2023-07-09,252726.00,147165.00,75846.00,80321.00,1.00,,
2023-07-10,264102.00,154128.00,78752.00,80444.00,9.00,,
2023-07-11,261154.00,159948.00,93846.00,83406.00,16.00,,
2023-07-12,280603.00,163227.00,97028.00,74406.00,13.00,,
2023-07-13,260519.00,165749.00,107547.00,85656.00,316.00,,
2023-07-14,231416.00,170925.00,116292.00,64774.00,6572.00,,
2023-07-15,267118.00,166451.00,105094.00,78734.00,17728.00,,
2023-07-16,226751.00,146906.00,87782.00,61429.00,11815.00,,
2023-07-17,216839.00,159891.00,91343.00,73008.00,7411.00,,
2023-07-18,192526.00,149109.00,124654.00,74144.00,6020.00,,
2023-07-19,232557.00,166296.00,132904.00,85021.00,6000.00,,
2023-07-20,232256.00,172063.00,161731.00,72195.00,4269.00,,
2023-07-21,216522.00,168409.00,120269.00,56366.00,3696.00,,
2023-07-22,262355.00,157607.00,110619.00,78769.00,6493.00,,
2023-07-23,252203.00,149763.00,90772.00,77674.00,5837.00,,
2023-07-24,203277.00,148932.00,89101.00,54598.00,4425.00,,
2023-07-25,304555.00,145800.00,102555.00,57792.00,2716.00,,
2023-07-26,289295.00,154466.00,113855.00,78473.00,3365.00,,
2023-07-27,229778.00,152956.00,109163.00,165609.00,2951.00,,
2023-07-28,210574.00,136256.00,114080.00,386073.00,3246.00,,
2023-07-29,294432.00,142129.00,108551.00,82996.00,5999.00,,
2023-07-30,277557.00,139828.00,103984.00,102111.00,48565.00,,
2023-07-31,257643.00,169129.00,120732.00,127692.00,85662.00,,
2023-08-01,225319.00,138006.00,97432.00,127879.00,27705.00,,
2023-08-02,249577.00,159025.00,96275.00,100109.00,27202.00,,
2023-08-03,275708.00,165779.00,118222.00,114022.00,51520.00,,
2023-08-04,263589.00,155331.00,134088.00,129084.00,71165.00,,
2023-08-05,265527.00,142901.00,127488.00,113458.00,56123.00,,
2023-08-06,269968.00,137860.00,104860.00,125970.00,90474.00,,
2023-08-07,238296.00,148826.00,119347.00,125049.00,82828.00,,
2023-08-08,246431.00,149825.00,129628.00,115141.00,73846.00,,
2023-08-09,248283.00,156001.00,116779.00,138414.00,91013.00,,
2023-08-10,245198.00,147457.00,114736.00,128765.00,127054.00,,
2023-08-11,277654.00,145898.00,105966.00,102865.00,115336.00,,
2023-08-12,303429.00,134466.00,104572.00,136195.00,96099.00,,
2023-08-13,263469.00,132818.00,98636.00,118849.00,107540.00,,
2023-08-14,243721.00,142147.00,102381.00,108699.00,103691.00,,
2023-08-15,227698.00,142975.00,146953.00,123359.00,89555.00,,
2023-08-16,235271.00,134975.00,125683.00,113323.00,76039.00,,
2023-08-17,245675.00,126811.00,121249.00,96488.00,74213.00,,
2023-08-18,231098.00,171624.00,101590.00,112522.00,81013.00,,
2023-08-19,337000.00,182538.00,92757.00,149310.00,99835.00,,
2023-08-20,294532.00,141176.00,85141.00,136475.00,113378.00,,
2023-08-21,256402.00,135716.00,98799.00,116262.00,137772.00,,
2023-08-22,241628.00,138982.00,93803.00,107114.00,120772.00,,
2023-08-23,266256.00,146784.00,106810.00,133809.00,110167.00,,
2023-08-24,297642.00,134679.00,110710.00,142652.00,127784.00,,
2023-08-25,248408.00,122131.00,88878.00,120320.00,98669.00,,
2023-08-26,364512.00,134686.00,89120.00,166766.00,78370.00,,
2023-08-27,321709.00,125995.00,88907.00,162214.00,81511.00,,
2023-08-28,245887.00,130131.00,97809.00,149974.00,83371.00,,
2023-08-29,249396.00,121488.00,95269.00,179615.00,77328.00,,
2023-08-30,263164.00,125155.00,100671.00,249843.00,80074.00,,
2023-08-31,324875.00,166842.00,108066.00,240717.00,90315.00,,
2023-09-01,275063.00,149108.00,95650.00,174466.00,74064.00,,
2023-09-02,283485.00,142582.00,83555.00,192342.00,64841.00,,
2023-09-03,292350.00,112056.00,78588.00,206342.00,65350.00,,
2023-09-04,272188.00,120098.00,82537.00,175197.00,63934.00,,
2023-09-05,296980.00,143136.00,86027.00,188296.00,69870.00,,
2023-09-06,266312.00,126361.00,90756.00,190190.00,67439.00,,
2023-09-07,271537.00,135043.00,90851.00,205655.00,60972.00,,
2023-09-08,285599.00,135188.00,90211.00,195349.00,60438.00,,
2023-09-09,300594.00,127332.00,85103.00,212031.00,60781.00,4.00,
2023-09-10,297863.00,119899.00,69380.00,205004.00,64662.00,1.00,
2023-09-11,270266.00,122228.00,81857.00,173715.00,62407.00,20.00,
2023-09-12,271740.00,121098.00,102657.00,212140.00,63841.00,141.00,
2023-09-13,227745.00,105943.00,86525.00,230184.00,71938.00,655.00,
2023-09-14,262169.00,105259.00,86986.00,249140.00,77880.00,326.00,
2023-09-15,254939.00,107988.00,86436.00,246724.00,69828.00,214.00,
2023-09-16,278994.00,106397.00,72057.00,258351.00,68476.00,152.00,
2023-09-17,283750.00,100413.00,61957.00,258066.00,65451.00,131.00,
2023-09-18,265572.00,104363.00,65783.00,183233.00,67486.00,3129.00,
2023-09-19,292715.00,123288.00,76941.00,191180.00,79309.00,1197.00,
2023-09-20,285646.00,143863.00,73651.00,178995.00,67385.00,782.00,
2023-09-21,275883.00,161327.00,80073.00,176342.00,63110.00,151.00,
2023-09-22,283684.00,139620.00,70703.00,180705.00,67898.00,1181.00,
2023-09-23,279254.00,127590.00,77283.00,179153.00,70881.00,145.00,
2023-09-24,276529.00,127233.00,61683.00,179572.00,67579.00,2605.00,
2023-09-25,265036.00,138111.00,66228.00,168684.00,69721.00,404.00,
2023-09-26,263550.00,130123.00,85796.00,162103.00,76440.00,216.00,
2023-09-27,283109.00,142388.00,84902.00,181947.00,80529.00,414.00,
2023-09-28,264438.00,139955.00,92772.00,188165.00,79123.00,1686.00,
2023-09-29,246544.00,142908.00,65136.00,179701.00,69503.00,800.00,
2023-09-30,284371.00,142757.00,92401.00,210936.00,71423.00,787.00,
2023-10-01,236807.00,140053.00,55231.00,171144.00,68490.00,997.00,
2023-10-02,212765.00,119958.00,52094.00,148191.00,66787.00,974.00,
2023-10-03,229366.00,137178.00,73252.00,168057.00,71292.00,1368.00,
2023-10-04,236178.00,151093.00,56934.00,187530.00,70113.00,2323.00,
2023-10-05,235508.00,155481.00,57993.00,167560.00,76733.00,1911.00,
2023-10-06,246093.00,200386.00,57660.00,178000.00,69614.00,1346.00,
2023-10-07,276855.00,167178.00,55541.00,186438.00,61731.00,1385.00,
2023-10-08,271335.00,141342.00,50564.00,174658.00,76742.00,1697.00,
2023-10-09,252312.00,104242.00,61558.00,158377.00,78213.00,3181.00,
2023-10-10,266702.00,125460.00,60603.00,169046.00,81068.00,5808.00,
2023-10-11,252364.00,105881.00,63405.00,167878.00,68722.00,4995.00,
2023-10-12,244788.00,103821.00,70939.00,144323.00,69115.00,4325.00,
2023-10-13,249928.00,94165.00,55672.00,145296.00,59203.00,5395.00,
2023-10-14,238108.00,90787.00,54018.00,138772.00,91478.00,5704.00,
2023-10-15,232195.00,82697.00,57091.00,143584.00,134390.00,5601.00,
2023-10-16,236215.00,107137.00,48621.00,133683.00,89138.00,5877.00,
2023-10-17,247746.00,109271.00,63690.00,148116.00,106997.00,7225.00,
2023-10-18,242501.00,125770.00,61323.00,156529.00,89410.00,7941.00,
2023-10-19,225330.00,118317.00,63762.00,144347.00,113894.00,8086.00,
2023-10-20,217577.00,119225.00,64602.00,135685.00,104651.00,6379.00,
2023-10-21,252503.00,111748.00,55591.00,158784.00,88239.00,7813.00,
2023-10-22,248926.00,104293.00,50216.00,158057.00,108964.00,4952.00,
2023-10-23,211192.00,100880.00,65943.00,118703.00,70858.00,5792.00,
2023-10-24,158624.00,114707.00,65851.00,80722.00,60533.00,4872.00,
2023-10-25,216048.00,114344.00,59774.00,123720.00,71178.00,7119.00,
2023-10-26,187727.00,116663.00,59461.00,93948.00,72382.00,7587.00,
2023-10-27,230428.00,134059.00,62001.00,124888.00,69256.00,6943.00,
2023-10-28,261319.00,132574.00,67170.00,164869.00,74574.00,5734.00,
2023-10-29,256506.00,115336.00,57475.00,170172.00,80684.00,6769.00,
2023-10-30,234584.00,106507.00,50466.00,141867.00,68606.00,11519.00,
2023-10-31,226215.00,123610.00,52280.00,157727.00,64719.00,4973.00,
2023-11-01,203433.00,130012.00,52517.00,122786.00,65538.00,6973.00,
2023-11-02,179244.00,129206.00,56607.00,111678.00,62740.00,9434.00,
2023-11-03,209270.00,134089.00,82368.00,130273.00,59728.00,6994.00,
2023-11-04,262621.00,152586.00,87832.00,175830.00,62108.00,4925.00,
2023-11-05,250373.00,133446.00,89319.00,168586.00,59651.00,4275.00,
2023-11-06,181074.00,111338.00,101147.00,102715.00,53493.00,5764.00,
2023-11-07,199367.00,133548.00,104046.00,114191.00,58325.00,6579.00,
2023-11-08,210204.00,160287.00,109006.00,126239.00,72685.00,8034.00,
2023-11-09,154192.00,182824.00,106098.00,91026.00,59606.00,7622.00,
2023-11-10,124871.00,136603.00,86437.00,55046.00,45813.00,6212.00,
2023-11-11,215223.00,154793.00,101355.00,120223.00,54389.00,6624.00,
2023-11-12,252065.00,140737.00,96360.00,154860.00,56620.00,6973.00,
2023-11-13,144251.00,122903.00,87995.00,81534.00,47700.00,7159.00,
2023-11-14,175012.00,139539.00,87714.00,117131.00,49297.00,7757.00,
2023-11-15,188178.00,141469.00,85979.00,168787.00,51097.00,7717.00,
2023-11-16,159568.00,201373.00,133203.00,139448.00,49747.00,8173.00,
2023-11-17,223089.00,264620.00,189580.00,170131.00,51959.00,10262.00,
2023-11-18,273314.00,223953.00,104403.00,224949.00,58991.00,6902.00,
2023-11-19,287960.00,215697.00,81482.00,234813.00,62241.00,6053.00,
2023-11-20,162470.00,195545.00,94035.00,105185.00,51455.00,5293.00,
2023-11-21,162806.00,202806.00,88132.00,97389.00,54128.00,4637.00,
2023-11-22,171478.00,199670.00,77709.00,108811.00,56348.00,9244.00,
2023-11-23,196326.00,205614.00,67587.00,126091.00,51704.00,18469.00,
2023-11-24,230474.00,203962.00,64882.00,172075.00,53830.00,14313.00,
2023-11-25,300089.00,189729.00,69595.00,234909.00,58552.00,14661.00,
2023-11-26,283699.00,179383.00,70952.00,226459.00,61654.00,73411.00,
2023-11-27,206636.00,174222.00,60232.00,158413.00,56627.00,29896.00,
2023-11-28,182034.00,183313.00,56302.00,121563.00,48522.00,13686.00,
2023-11-29,186734.00,186780.00,62905.00,136576.00,53033.00,10057.00,
2023-11-30,226061.00,154068.00,74692.00,194629.00,56476.00,10846.00,
2023-12-01,147068.00,112481.00,64895.00,148802.00,46611.00,9927.00,
2023-12-02,209445.00,142827.00,62700.00,167256.00,79773.00,15190.00,
2023-12-03,303589.00,134075.00,61418.00,165993.00,67267.00,15866.00,
2023-12-04,170193.00,118402.00,79969.00,78325.00,53547.00,13215.00,
2023-12-05,557067.00,107669.00,66064.00,53763.00,48675.00,14546.00,
2023-12-06,529413.00,114522.00,61601.00,61144.00,41922.00,14563.00,
2023-12-07,275733.00,127055.00,61780.00,109668.00,48517.00,11763.00,
2023-12-08,259299.00,153209.00,65970.00,83830.00,46869.00,10687.00,
2023-12-09,337402.00,167838.00,72562.00,126947.00,57155.00,12129.00,
2023-12-10,370367.00,154193.00,70855.00,118025.00,62109.00,12847.00,
2023-12-11,270920.00,133289.00,68580.00,80637.00,52840.00,11447.00,
2023-12-12,246405.00,149682.00,60643.00,72171.00,52810.00,6908.00,
2023-12-13,205369.00,131527.00,64728.00,53530.00,48652.00,7785.00,
2023-12-14,191035.00,122078.00,53786.00,41408.00,45884.00,8124.00,
2023-12-15,177111.00,117508.00,55487.00,37096.00,47266.00,7043.00,
2023-12-16,209586.00,129880.00,56262.00,39075.00,46078.00,7688.00,
2023-12-17,303886.00,137492.00,60407.00,57570.00,60660.00,7471.00,
2023-12-18,197200.00,133486.00,70221.00,63520.00,46456.00,7743.00,
2023-12-19,189975.00,137696.00,77478.00,67856.00,44853.00,9478.00,
2023-12-20,216662.00,121944.00,66156.00,69255.00,50361.00,10277.00,
2023-12-21,264774.00,129845.00,68076.00,61487.00,57377.00,9282.00,
2023-12-22,286286.00,190261.00,93477.00,82121.00,62481.00,15559.00,
2023-12-23,343936.00,212079.00,90165.00,72498.00,79164.00,14406.00,
2023-12-24,337337.00,186329.00,78714.00,68275.00,62906.00,18918.00,
2023-12-25,288593.00,177606.00,76659.00,69577.00,59701.00,17848.00,
2023-12-26,395748.00,178074.00,82108.00,70184.00,70378.00,17093.00,
2023-12-27,436670.00,185916.00,82560.00,57074.00,66402.00,16539.00,
2023-12-28,353205.00,224826.00,88111.00,53677.00,60051.00,21742.00,
2023-12-29,344126.00,201761.00,71953.00,58617.00,62139.00,21760.00,
2023-12-30,361876.00,181712.00,77529.00,64537.00,69812.00,22241.00,
2023-12-31,363129.00,198737.00,73085.00,67082.00,68729.00,24034.00,
2024-01-01,356126.00,140505.00,73956.00,59227.00,68324.00,20213.00,
2024-01-02,370546.00,156727.00,79057.00,51250.00,67933.00,21140.00,
2024-01-03,348225.00,163643.00,77299.00,41690.00,61476.00,19805.00,
2024-01-04,392484.00,165660.00,71296.00,121810.00,66093.00,19976.00,
2024-01-05,418156.00,161239.00,66658.00,85963.00,61425.00,40718.00,
2024-01-06,427793.00,156919.00,66780.00,66396.00,63282.00,58502.00,
2024-01-07,361217.00,141463.00,60760.00,38398.00,54899.00,46733.00,
2024-01-08,428062.00,156556.00,62764.00,45805.00,69298.00,41143.00,
2024-01-09,450301.00,295366.00,65414.00,54504.00,70730.00,33434.00,
2024-01-10,369574.00,219033.00,70298.00,33766.00,61085.00,32890.00,
2024-01-11,385865.00,194857.00,69159.00,44726.00,61353.00,34961.00,
2024-01-12,444463.00,167019.00,65098.00,49923.00,62518.00,32198.00,
2024-01-13,468399.00,155279.00,67829.00,68960.00,67216.00,32744.00,
2024-01-14,390229.00,122847.00,56584.00,38827.00,54844.00,30419.00,
2024-01-15,492487.00,143954.00,71186.00,52523.00,70979.00,45235.00,
2024-01-16,411909.00,126973.00,73016.00,43611.00,64368.00,32351.00,
2024-01-17,382432.00,149648.00,75058.00,44560.00,63905.00,41318.00,
2024-01-18,387811.00,149202.00,60823.00,42644.00,60944.00,71811.00,
2024-01-19,420146.00,160093.00,60740.00,51625.00,73220.00,133206.00,
2024-01-20,497361.00,158729.00,66070.00,86400.00,85496.00,108352.00,
2024-01-21,524227.00,156769.00,65137.00,89900.00,72604.00,58396.00,
2024-01-22,460370.00,168936.00,53217.00,66992.00,64173.00,47611.00,
2024-01-23,463706.00,171257.00,56856.00,82304.00,69161.00,40213.00,
2024-01-24,478692.00,169108.00,66873.00,101245.00,116029.00,49088.00,
2024-01-25,409074.00,151794.00,57527.00,57621.00,70188.00,41217.00,
2024-01-26,415085.00,152289.00,59246.00,64582.00,70098.00,44473.00,
2024-01-27,443267.00,144307.00,62297.00,71752.00,68953.00,33641.00,
2024-01-28,432854.00,165633.00,65754.00,72351.00,72261.00,31940.00,
2024-01-29,437805.00,161042.00,66355.00,80295.00,82069.00,31793.00,
2024-01-30,426584.00,173113.00,63937.00,71840.00,66022.00,25676.00,
2024-01-31,473226.00,164748.00,82674.00,83978.00,68599.00,24060.00,
2024-02-01,435602.00,141389.00,126621.00,52003.00,61360.00,20723.00,
2024-02-02,402919.00,146090.00,116551.00,58753.00,73553.00,22085.00,
2024-02-03,444983.00,142029.00,106097.00,56290.00,82121.00,18244.00,
2024-02-04,450774.00,132696.00,97069.00,63290.00,91402.00,19258.00,
2024-02-05,528352.00,157278.00,91304.00,54351.00,100088.00,18085.00,
2024-02-06,376671.00,144272.00,87753.00,31677.00,89684.00,14786.00,
2024-02-07,341213.00,153549.00,80257.00,31702.00,85500.00,14959.00,
2024-02-08,297550.00,143357.00,72101.00,23518.00,82916.00,16824.00,
2024-02-09,202654.00,118546.00,60094.00,19724.00,95925.00,15031.00,
2024-02-10,296195.00,136761.00,68919.00,38481.00,84340.00,14909.00,
2024-02-11,369789.00,158099.00,73983.00,43017.00,91460.00,17209.00,
2024-02-12,330483.00,153926.00,70579.00,73137.00,90168.00,14240.00,
2024-02-13,340922.00,169560.00,80881.00,196915.00,130097.00,12471.00,
2024-02-14,399655.00,150848.00,73606.00,226590.00,83413.00,12766.00,
2024-02-15,363207.00,153038.00,80817.00,147351.00,87143.00,12858.00,
2024-02-16,368927.00,159024.00,89392.00,115155.00,128104.00,14584.00,
2024-02-17,441161.00,163836.00,103118.00,99108.00,187676.00,14616.00,
2024-02-18,460690.00,170474.00,97686.00,95814.00,144040.00,17444.00,
2024-02-19,395238.00,159993.00,97131.00,84261.00,113125.00,14508.00,
2024-02-20,389866.00,173683.00,103858.00,309890.00,102607.00,12335.00,
2024-02-21,374680.00,177317.00,103927.00,382609.00,112560.00,12512.00,
2024-02-22,381830.00,172360.00,101639.00,227750.00,81655.00,12120.00,
2024-02-23,406381.00,165887.00,91901.00,149514.00,79805.00,10878.00,
2024-02-24,501504.00,180574.00,91227.00,116685.00,108456.00,11430.00,1.00
2024-02-25,505782.00,191492.00,103493.00,102468.00,107111.00,10673.00,4.00
2024-02-26,470318.00,200200.00,95911.00,80751.00,93414.00,10435.00,10.00
2024-02-27,420592.00,186805.00,100156.00,66163.00,90669.00,9893.00,15.00
2024-02-28,452237.00,205458.00,97133.00,61308.00,89450.00,11177.00,74.00
2024-02-29,432671.00,207402.00,101008.00,43042.00,119284.00,10594.00,24857.00
2024-03-01,341868.00,169735.00,91276.00,37053.00,93066.00,8967.00,70959.00
2024-03-02,385965.00,162495.00,86976.00,37422.00,90910.00,9571.00,59355.00
2024-03-03,385779.00,164905.00,93492.00,39353.00,87793.00,9027.00,55691.00
2024-03-04,296066.00,133506.00,72174.00,29198.00,74098.00,8837.00,54227.00
2024-03-05,267192.00,137415.00,71677.00,72102.00,81747.00,8416.00,44048.00
2024-03-06,297535.00,143824.00,80227.00,96818.00,91147.00,8550.00,91594.00
2024-03-07,311064.00,149147.00,83688.00,91994.00,100220.00,10803.00,41108.00
2024-03-08,326311.00,156963.00,89109.00,92091.00,96885.00,16489.00,37784.00
2024-03-09,326108.00,171281.00,115385.00,94589.00,95122.00,10358.00,33014.00
2024-03-10,306382.00,145342.00,90021.00,68748.00,97794.00,9113.00,31574.00
2024-03-11,284442.00,152497.00,77389.00,34196.00,94157.00,10537.00,37356.00
2024-03-12,302543.00,199569.00,73918.00,33765.00,98617.00,11884.00,34264.00
2024-03-13,311812.00,164871.00,68610.00,53954.00,92283.00,13141.00,32312.00
2024-03-14,376301.00,190429.00,108631.00,134332.00,210687.00,13936.00,45286.00
2024-03-15,370109.00,224245.00,114215.00,95617.00,248555.00,12580.00,52944.00
2024-03-16,369034.00,201499.00,102590.00,75962.00,855191.00,12151.00,36535.00
2024-03-17,378032.00,186866.00,110595.00,62348.00,223335.00,12459.00,35848.00
2024-03-18,363579.00,209221.00,110623.00,67747.00,204133.00,15683.00,34093.00
2024-03-19,368679.00,234001.00,129696.00,64659.00,178979.00,11963.00,33738.00
2024-03-20,386584.00,260962.00,139461.00,56807.00,301826.00,10826.00,38436.00
2024-03-21,379478.00,258876.00,126380.00,40815.00,242444.00,25291.00,46142.00
2024-03-22,384293.00,256729.00,114656.00,49066.00,224492.00,10626.00,44589.00
2024-03-23,394883.00,235390.00,116350.00,42019.00,211585.00,10155.00,48305.00
2024-03-24,402207.00,243123.00,114906.00,43303.00,233488.00,10633.00,43451.00
2024-03-25,399477.00,248890.00,132316.00,45299.00,218416.00,10876.00,54859.00
2024-03-26,387408.00,276729.00,146214.00,31214.00,262962.00,24277.00,67028.00
2024-03-27,373471.00,326931.00,143475.00,38096.00,273366.00,22148.00,76664.00
2024-03-28,372966.00,316238.00,140643.00,29355.00,323198.00,15934.00,100927.00
2024-03-29,370663.00,338841.00,137948.00,29465.00,383331.00,14040.00,84284.00
2024-03-30,367971.00,308248.00,128707.00,25767.00,419978.00,12535.00,78104.00
2024-03-31,385376.00,271594.00,146359.00,20440.00,389824.00,11745.00,76792.00
2024-04-01,357673.00,265702.00,119918.00,22466.00,357386.00,11361.00,78536.00