Date,Arbitrum,Starknet,zkSync Era,Manta Pacific,OP Mainnet,Base,Blast
2021-05-28,1622243344000.00,,,,,,
2021-05-29,1755145.83,,,,,,
2021-05-30,3154000.00,,,,,,
2021-05-31,1217629.63,,,,,,
2021-06-01,1762142.86,,,,,,
2021-06-02,478657.30,,,,,,
2021-06-03,720583.33,,,,,,
2021-06-04,765510.00,,,,,,
2021-06-05,3908760.00,,,,,,
2021-06-06,1490672.41,,,,,,
2021-06-07,386008.93,,,,,,
2021-06-08,576113.33,,,,,,
2021-06-09,618299.27,,,,,,
2021-06-10,467760.64,,,,,,
2021-06-11,691056.91,,,,,,
2021-06-12,973056.18,,,,,,
2021-06-13,535863.35,,,,,,
2021-06-14,815981.13,,,,,,
2021-06-15,305411.15,,,,,,
2021-06-16,110750.64,,,,,,
2021-06-17,48285.07,,,,,,
2021-06-18,54063.24,,,,,,
2021-06-19,56488.56,,,,,,
2021-06-20,56442.27,,,,,,
2021-06-21,53035.61,,,,,,
2021-06-22,24154.04,,,,,,
2021-06-23,21033.84,,,,,,
2021-06-24,21875.10,,,,,,
2021-06-25,22055.38,,,,,,
2021-06-26,21587.81,,,,,,
2021-06-27,20371.85,,,,,,
2021-06-28,20135.63,,,,,,
2021-06-29,19937.92,,,,,,
2021-06-30,19854.12,,,,,,
2021-07-01,19801.10,,,,,,
2021-07-02,20056.46,,,,,,
2021-07-03,20009.03,,,,,,
2021-07-04,19946.21,,,,,,
2021-07-05,19177.48,,,,,,
2021-07-06,19134.76,,,,,,
2021-07-07,19852.41,,,,,,
2021-07-08,19083.94,,,,,,
2021-07-09,18649.70,,,,,,
2021-07-10,18704.85,,,,,,
2021-07-11,18654.00,,,,,,
2021-07-12,18402.17,,,,,,
2021-07-13,18179.39,,,,,,
2021-07-14,17136.51,,,,,,
2021-07-15,17469.89,,,,,,
2021-07-16,17696.93,,,,,,
2021-07-17,17939.17,,,,,,
2021-07-18,18360.31,,,,,,
2021-07-19,17999.79,,,,,,
2021-07-20,17918.55,,,,,,
2021-07-21,17796.29,,,,,,
2021-07-22,17232.69,,,,,,
2021-07-23,17902.63,,,,,,
2021-07-24,77506.29,,,,,,
2021-07-25,19571.62,,,,,,
2021-07-26,16211.63,,,,,,
2021-07-27,15890.77,,,,,,
2021-07-28,15694.46,,,,,,
2021-07-29,16224.04,,,,,,
2021-07-30,17370.93,,,,,,
2021-07-31,19991.67,,,,,,
2021-08-01,19406.38,,,,,,
2021-08-02,19653.70,,,,,,
2021-08-03,19508.58,,,,,,
2021-08-04,19027.31,,,,,,
2021-08-05,18585.90,,,,,,
2021-08-06,36495.96,,,,,,
2021-08-07,256615.39,,,,,,
2021-08-08,258089.82,,,,,,
2021-08-09,231302.14,,,,,,
2021-08-10,286443.71,,,,,,
2021-08-11,298930.80,,,,,,
2021-08-12,163803.03,,,,,,
2021-08-13,325667.92,,,,,,
2021-08-14,332619.23,,,,,,
2021-08-15,364966.24,,,,,,
2021-08-16,209208.74,,,,,,
2021-08-17,160806.33,,,,,,
2021-08-18,201378.19,,,,,,
2021-08-19,201391.61,,,,,,
2021-08-20,279899.35,,,,,,
2021-08-21,301076.66,,,,,,
2021-08-22,309215.05,,,,,,
2021-08-23,350680.16,,,,,,
2021-08-24,107215.61,,,,,,
2021-08-25,78726.53,,,,,,
2021-08-26,100948.60,,,,,,
2021-08-27,234154.47,,,,,,
2021-08-28,119264.26,,,,,,
2021-08-29,359074.38,,,,,,
2021-08-30,127491.12,,,,,,
2021-08-31,45044.63,,,,,,
2021-09-01,3870.01,,,,,,
2021-09-02,9577.89,,,,,,
2021-09-03,10109.37,,,,,,
2021-09-04,9411.30,,,,,,
2021-09-05,7669.48,,,,,,
2021-09-06,6945.82,,,,,,
2021-09-07,6969.98,,,,,,
2021-09-08,8090.63,,,,,,
2021-09-09,4962.25,,,,,,
2021-09-10,2943.88,,,,,,
2021-09-11,970.34,,,,,,
2021-09-12,425.73,,,,,,
2021-09-13,858.71,,,,,,
2021-09-14,846.91,,,,,,
2021-09-15,703.79,,,,,,
2021-09-16,756.31,,,,,,
2021-09-17,1249.98,,,,,,
2021-09-18,1218.60,,,,,,
2021-09-19,1237.46,,,,,,
2021-09-20,1479.90,,,,,,
2021-09-21,1401.19,,,,,,
2021-09-22,1705.87,,,,,,
2021-09-23,1583.14,,,,,,
2021-09-24,1885.21,,,,,,
2021-09-25,2008.69,,,,,,
2021-09-26,2339.45,,,,,,
2021-09-27,2416.15,,,,,,
2021-09-28,2502.26,,,,,,
2021-09-29,2527.16,,,,,,
2021-09-30,2470.61,,,,,,
2021-10-01,2529.26,,,,,,
2021-10-02,2948.67,,,,,,
2021-10-03,3027.23,,,,,,
2021-10-04,2764.85,,,,,,
2021-10-05,2937.26,,,,,,
2021-10-06,3151.66,,,,,,
2021-10-07,3464.57,,,,,,
2021-10-08,3628.33,,,,,,
2021-10-09,2810.07,,,,,,
2021-10-10,2363.70,,,,,,
2021-10-11,2514.40,,,,,,
2021-10-12,2460.18,,,,,,
2021-10-13,2846.52,,,,,,
2021-10-14,2915.18,,,,,,
2021-10-15,2679.36,,,,,,
2021-10-16,3411.48,,,,,,
2021-10-17,2664.08,,,,,,
2021-10-18,2979.52,,,,,,
2021-10-19,2573.32,,,,,,
2021-10-20,2949.34,,,,,,
2021-10-21,3419.84,,,,,,
2021-10-22,3551.35,,,,,,
2021-10-23,3801.85,,,,,,
2021-10-24,2352.14,,,,,,
2021-10-25,3426.19,,,,,,
2021-10-26,2023.44,,,,,,
2021-10-27,1779.87,,,,,,
2021-10-28,2399.48,,,,,,
2021-10-29,2675.61,,,,,,
2021-10-30,4283.80,,,,,,
2021-10-31,3598.91,,,,,,
2021-11-01,3491.05,,,,,,
2021-11-02,3773.23,,,,,,
2021-11-03,3954.69,,,,,,
2021-11-04,4575.21,,,,,,
2021-11-05,4301.95,,,,,,
2021-11-06,4630.63,,,,,,
2021-11-07,4513.56,,,,,,
2021-11-08,4006.87,,,,,,
2021-11-09,4386.94,,,,,,
2021-11-10,3192.63,,,,,,
2021-11-11,4268.04,,,,13766.20,,
2021-11-12,4052.71,,,,2870.11,,
2021-11-13,4149.85,,,,3699.73,,
2021-11-14,4164.96,,,,3009.31,,
2021-11-15,4156.62,,,,3555.56,,
2021-11-16,3525.16,9494000.00,,,2071.36,,
2021-11-17,3764.48,9958600.00,,,1878.36,,
2021-11-18,4156.22,7223000.00,,,1978.45,,
2021-11-19,3894.05,7223916.67,,,2507.79,,
2021-11-20,2390.98,7225583.33,,,2943.10,,
2021-11-21,2755.39,7223666.67,,,2771.77,,
2021-11-22,2848.26,7220166.67,,,2422.23,,
2021-11-23,3194.66,7224833.33,,,2698.94,,
2021-11-24,3136.93,7221500.00,,,2734.41,,
2021-11-25,3162.87,6056571.43,,,3091.11,,
2021-11-26,2823.02,5518312.50,,,1913.63,,
2021-11-27,3907.39,7241727.27,,,2903.54,,
2021-11-28,3044.51,7223250.00,,,2335.77,,
2021-11-29,3247.86,7223333.33,,,3282.38,,
2021-11-30,3180.93,7216333.33,,,2314.74,,
2021-12-01,3115.30,7225750.00,,,2871.11,,
2021-12-02,3723.82,7227833.33,,,2830.08,,
2021-12-03,3709.47,7223166.67,,,2490.37,,
2021-12-04,2953.71,7225666.67,,,1654.01,,
2021-12-05,3360.34,7235500.00,,,1935.49,,
2021-12-06,3017.82,7223500.00,,,1879.47,,
2021-12-07,3427.98,7358666.67,,,2625.82,,
2021-12-08,2616.03,7370666.67,,,2168.35,,
2021-12-09,3406.80,7268636.36,,,2285.61,,
2021-12-10,3322.24,7245250.00,,,1997.94,,
2021-12-11,2840.03,7244000.00,,,2428.11,,
2021-12-12,3039.46,7243666.67,,,2705.69,,
2021-12-13,2336.89,7244916.67,,,2101.70,,
2021-12-14,3184.49,7246583.33,,,1617.25,,
2021-12-15,3452.55,7258666.67,,,2054.93,,
2021-12-16,4329.71,7262083.33,,,2962.62,,
2021-12-17,4410.02,7258416.67,,,2383.23,,
2021-12-18,4468.30,7265583.33,,,2606.47,,
2021-12-19,4258.15,7248416.67,,,2497.12,,
2021-12-20,4000.23,7243363.64,,,2462.76,,
2021-12-21,4291.72,7255000.00,,,3425.24,,
2021-12-22,4124.98,5344823.53,,,2769.96,,
2021-12-23,3885.84,8176600.00,,,2324.17,,
2021-12-24,4587.54,7262333.33,,,2130.53,,
2021-12-25,5942.77,7263166.67,,,2889.84,,
2021-12-26,5018.01,7260666.67,,,2084.96,,
2021-12-27,4365.56,7364000.00,,,2135.19,,
2021-12-28,3712.78,10511125.00,,,1885.85,,
2021-12-29,4121.15,7589083.33,,,2082.26,,
2021-12-30,3228.98,7326000.00,,,2398.29,,
2021-12-31,3080.27,9176600.00,,,2393.23,,
2022-01-01,3024.50,7481636.36,,,2909.50,,
2022-01-02,2839.08,7494833.33,,,3567.79,,
2022-01-03,2745.21,7494818.18,,,2470.69,,
2022-01-04,2033.89,7340000.00,,,2270.64,,
2022-01-05,2142.48,7358833.33,,,1852.70,,
2022-01-06,2383.86,7281333.33,,,1971.42,,
2022-01-07,2320.03,7296454.54,,,1610.35,,
2022-01-08,2732.59,7281166.67,,,2038.91,,
2022-01-09,5406.65,7282166.67,,,2264.42,,
2022-01-10,2715.13,7281166.67,,,2082.36,,
2022-01-11,3281.32,7298416.67,,,2729.53,,
2022-01-12,3520.40,7473909.09,,,3092.63,,
2022-01-13,3213.14,7396416.67,,,2779.03,,
2022-01-14,3100.43,7317583.33,,,3263.77,,
2022-01-15,3075.22,7305833.33,,,3978.01,,
2022-01-16,2705.07,7364636.36,,,4083.67,,
2022-01-17,2704.62,7430916.67,,,3455.23,,
2022-01-18,2740.83,7354750.00,,,2816.25,,
2022-01-19,3086.52,7504909.09,,,2423.40,,
2022-01-20,2490.44,7502000.00,,,2639.86,,
2022-01-21,2159.34,7495727.27,,,1247.50,,
2022-01-22,2191.99,7390583.33,,,949.22,,
2022-01-23,3164.73,7527500.00,,,1659.90,,
2022-01-24,1663.57,7326181.82,,,1053.28,,
2022-01-25,1813.87,7320083.33,,,1813.85,,
2022-01-26,1441.01,10653000.00,,,1770.28,,
2022-01-27,1891.48,8589666.67,,,1796.84,,
2022-01-28,2400.76,9098272.73,,,1975.94,,
2022-01-29,2677.37,7283416.67,,,2790.36,,
2022-01-30,1933.88,7248636.36,,,2746.96,,
2022-01-31,2567.88,7266083.33,,,2217.49,,
2022-02-01,2504.00,7242333.33,,,2510.52,,
2022-02-02,2551.51,7249083.33,,,1970.02,,
2022-02-03,2415.38,7240416.67,,,2316.00,,
2022-02-04,2592.99,7234500.00,,,2409.94,,
2022-02-05,2861.64,7278750.00,,,2548.43,,
2022-02-06,1254.63,7272250.00,,,3150.34,,
2022-02-07,1287.11,7263833.33,,,2504.73,,
2022-02-08,1153.73,7248833.33,,,2156.54,,
2022-02-09,1077.77,7251500.00,,,2789.70,,
2022-02-10,1268.43,7236181.82,,,2264.01,,
2022-02-11,1372.00,7247416.67,,,2163.91,,
2022-02-12,1360.72,7237416.67,,,2532.84,,
2022-02-13,1511.31,7241000.00,,,3183.55,,
2022-02-14,1387.74,7246166.67,,,2665.63,,
2022-02-15,1235.06,7259583.33,,,2665.46,,
2022-02-16,1272.67,7272250.00,,,2740.44,,
2022-02-17,1218.68,7266833.33,,,2846.51,,
2022-02-18,1244.93,7260250.00,,,4109.34,,
2022-02-19,1272.14,7257250.00,,,5264.89,,
2022-02-20,994.59,7277583.33,,,3861.73,,
2022-02-21,986.82,6806333.33,,,2824.51,,
2022-02-22,909.26,7224666.67,,,2939.14,,
2022-02-23,1070.42,7225166.67,,,2940.78,,
2022-02-24,1087.72,7236333.33,,,1407.37,,
2022-02-25,1210.87,7231250.00,,,2110.45,,
2022-02-26,1185.07,7313916.67,,,3125.92,,
2022-02-27,1130.88,7234833.33,,,2639.45,,
2022-02-28,1274.28,7226833.33,,,2074.25,,
2022-03-01,1188.16,7228000.00,,,2614.44,,
2022-03-02,785.02,7227750.00,,,2555.40,,
2022-03-03,1381.95,7226500.00,,,3212.09,,
2022-03-04,2064.40,7233166.67,,,2473.99,,
2022-03-05,3060.95,7237545.46,,,3627.59,,
2022-03-06,2756.41,7228583.33,,,3027.68,,
2022-03-07,1534.78,7234583.33,,,2371.65,,
2022-03-08,1325.95,7229000.00,,,2350.11,,
2022-03-09,1313.78,7226000.00,,,2280.92,,
2022-03-10,1948.26,7228000.00,,,1962.04,,
2022-03-11,1736.51,7222750.00,,,2321.49,,
2022-03-12,1535.16,7227583.33,,,3863.15,,
2022-03-13,2027.03,7229000.00,,,3768.98,,
2022-03-14,1767.38,7236000.00,,,3036.80,,
2022-03-15,1637.52,7229333.33,,,3128.41,,
2022-03-16,1473.51,7225500.00,,,1889.63,,
2022-03-17,1513.22,7223583.33,,,2918.86,,
2022-03-18,1688.99,7229416.67,,,2771.67,,
2022-03-19,1865.19,7228416.67,,,2620.10,,
2022-03-20,1699.17,7235125.00,,,2599.26,,
2022-03-21,1578.77,11229000.00,,,2478.59,,
2022-03-22,1398.47,7229916.67,,,2384.08,,
2022-03-23,916.57,7231500.00,,,2053.93,,
2022-03-24,921.93,7227833.33,,,1706.69,,
2022-03-25,1093.89,7235750.00,,,2027.29,,
2022-03-26,1616.07,7230583.33,,,2835.75,,
2022-03-27,1423.44,7220916.67,,,2598.65,,
2022-03-28,1240.08,7231000.00,,,1631.05,,
2022-03-29,1323.69,7228500.00,,,1468.93,,
2022-03-30,1091.67,7237500.00,,,1378.84,,
2022-03-31,1364.05,7228250.00,,,1450.00,,
2022-04-01,1142.96,7232500.00,,,1586.50,,
2022-04-02,664.32,7229916.67,,,1838.10,,
2022-04-03,1501.28,7235166.67,,,2159.46,,
2022-04-04,1592.68,7233090.91,,,2028.50,,
2022-04-05,1891.50,7223833.33,,,2340.47,,
2022-04-06,1514.86,7234250.00,,,1194.57,,
2022-04-07,1598.04,7232500.00,,,1669.65,,
2022-04-08,1706.87,7226500.00,,,1634.16,,
2022-04-09,2024.65,7231333.33,,,2261.02,,
2022-04-10,2131.13,7222000.00,,,2444.14,,
2022-04-11,1568.49,7220083.33,,,1392.27,,
2022-04-12,1750.26,7224500.00,,,1800.69,,
2022-04-13,1733.65,11755400.00,,,1940.94,,
2022-04-14,1537.21,7220083.33,,,1783.38,,
2022-04-15,1349.61,7231000.00,,,1953.51,,
2022-04-16,1618.18,7225583.33,,,2495.64,,
2022-04-17,1473.08,7222000.00,,,2255.14,,
2022-04-18,1439.32,7222750.00,,,1899.35,,
2022-04-19,1221.36,7220666.67,,,1748.99,,
2022-04-20,940.39,7226166.67,,,1030.10,,
2022-04-21,1184.35,7225181.82,,,1206.66,,
2022-04-22,1198.64,7461416.67,,,1292.94,,
2022-04-23,1387.72,7228333.33,,,1335.87,,
2022-04-24,1510.06,7231083.33,,,1365.93,,
2022-04-25,1297.03,7224583.33,,,1358.32,,
2022-04-26,1398.32,7228833.33,,,1135.56,,
2022-04-27,1042.43,7226000.00,,,916.20,,
2022-04-28,1068.16,7244750.00,,,1304.10,,
2022-04-29,1015.74,7251083.33,,,1220.06,,
2022-04-30,1045.04,7249666.67,,,1151.17,,
2022-05-01,1713.19,7247090.91,,,1553.64,,
2022-05-02,1224.55,7234250.00,,,1455.18,,
2022-05-03,1247.03,7245250.00,,,1603.32,,
2022-05-04,1109.51,7242833.33,,,1104.85,,
2022-05-05,1188.15,7237833.33,,,1061.81,,
2022-05-06,1012.97,7230666.67,,,976.39,,
2022-05-07,1063.32,7239833.33,,,1177.17,,
2022-05-08,946.49,7232916.67,,,988.78,,
2022-05-09,822.85,5178823.53,,,667.85,,
2022-05-10,923.97,3255148.15,,,525.28,,
2022-05-11,825.38,2234447.37,,,400.35,,
2022-05-12,892.04,3640041.67,,,531.15,,
2022-05-13,1282.85,3305384.62,,,772.34,,
2022-05-14,1109.59,2801677.42,,,995.63,,
2022-05-15,1066.59,2804419.35,,,1193.86,,
2022-05-16,902.59,2826517.24,,,1120.88,,
2022-05-17,992.81,7320333.33,,,1476.43,,
2022-05-18,1033.81,3845818.18,,,1287.75,,
2022-05-19,1058.45,7168416.67,,,1234.34,,
2022-05-20,1112.51,5889666.67,,,1381.18,,
2022-05-21,1181.88,5459562.50,,,1562.34,,
2022-05-22,1202.45,3691875.00,,,1596.97,,
2022-05-23,1099.40,6643538.46,,,1259.53,,
2022-05-24,1214.89,3959095.24,,,1298.58,,
2022-05-25,1278.80,7305833.33,,,1386.10,,
2022-05-26,1323.76,6021714.29,,,1167.09,,
2022-05-27,1181.21,5186000.00,,,965.21,,
2022-05-28,1284.21,7204000.00,,,1410.94,,
2022-05-29,1230.69,7288000.00,,,1648.97,,
2022-05-30,1176.33,4674000.00,,,1281.53,,
2022-05-31,1116.27,5284470.59,,,315.60,,
2022-06-01,973.99,6986333.33,,,177.13,,
2022-06-02,905.91,5021000.00,,,351.15,,
2022-06-03,1030.05,6406214.29,,,656.21,,
2022-06-04,1003.15,6114285.71,,,791.07,,
2022-06-05,1041.77,6313153.85,,,964.27,,
2022-06-06,897.35,6221571.43,,,892.32,,
2022-06-07,832.22,6198714.29,,,786.27,,
2022-06-08,997.87,7269416.67,,,794.95,,
2022-06-09,1047.97,6901538.46,,,939.47,,
2022-06-10,1140.46,7275000.00,,,843.82,,
2022-06-11,935.88,6132076.92,,,731.05,,
2022-06-12,982.64,5575687.50,,,611.02,,
2022-06-13,840.67,7385916.67,,,448.09,,
2022-06-14,881.59,5875777.78,,,563.62,,
2022-06-15,812.52,6647388.89,,,514.25,,
2022-06-16,947.83,7038000.00,,,733.89,,
2022-06-17,860.10,5089705.88,,,952.04,,
2022-06-18,919.51,3917217.39,,,791.06,,
2022-06-19,1063.10,5937400.00,,,743.94,,
2022-06-20,1010.32,6360727.27,,,766.40,,
2022-06-21,863.62,5222937.50,,,785.27,,
2022-06-22,623.61,6818923.08,,,681.01,,
2022-06-23,725.50,6220785.71,,,821.49,,
2022-06-24,651.47,7019916.67,,,746.28,,
2022-06-25,645.17,7203333.33,,,804.07,,
2022-06-26,581.98,5986133.33,,,723.72,,
2022-06-27,538.15,7300583.33,,,589.03,,
2022-06-28,498.26,6271076.92,,,1237.35,,
2022-06-29,418.51,7345833.33,,,1120.61,,
2022-06-30,600.73,1788760.00,,,1099.78,,
2022-07-01,861.25,2396361.11,,,977.78,,
2022-07-02,928.17,6913083.33,,,1457.00,,
2022-07-03,1098.46,6793000.00,,,1436.50,,
2022-07-04,1069.36,2387555.56,,,1179.27,,
2022-07-05,1226.36,2032863.64,,,1307.63,,
2022-07-06,1231.28,1101500.00,,,1215.31,,
2022-07-07,1335.33,6612000.00,,,1528.60,,
2022-07-08,1397.26,7033000.00,,,1121.17,,
2022-07-09,1480.04,6866916.67,,,1588.62,,
2022-07-10,1584.21,7067384.62,,,1553.64,,
2022-07-11,1583.94,7074000.00,,,1398.84,,
2022-07-12,1404.35,6825384.62,,,1490.05,,
2022-07-13,1167.02,6668416.67,,,1043.94,,
2022-07-14,1242.85,6384000.00,,,1019.33,,
2022-07-15,1322.99,7290166.67,,,898.47,,
2022-07-16,1286.66,6751615.38,,,1002.65,,
2022-07-17,1111.13,7281666.67,,,934.61,,
2022-07-18,874.68,6935666.67,,,675.62,,
2022-07-19,927.74,1549250.00,,,667.47,,
2022-07-20,911.26,3313851.85,,,664.33,,
2022-07-21,915.32,2132550.00,,,746.15,,
2022-07-22,1035.07,2030450.00,,,699.64,,
2022-07-23,1224.94,1509864.41,,,703.85,,
2022-07-24,1047.88,757836.36,,,714.94,,
2022-07-25,972.08,1040842.70,,,771.63,,
2022-07-26,1037.43,2401861.11,,,719.14,,
2022-07-27,1077.60,2521156.25,,,400.53,,
2022-07-28,967.50,7389916.67,,,360.00,,
2022-07-29,1040.51,6702307.69,,,317.99,,
2022-07-30,1086.21,7320166.67,,,404.17,,
2022-07-31,968.35,7085833.33,,,507.99,,
2022-08-01,1111.23,1399562.50,,,580.24,,
2022-08-02,1056.54,3026642.86,,,468.65,,
2022-08-03,959.77,4001409.09,,,441.80,,
2022-08-04,1081.59,3924409.09,,,392.69,,
2022-08-05,958.01,3658217.39,,,400.67,,
2022-08-06,1045.40,2506057.14,,,605.31,,
2022-08-07,1011.94,1908181.82,,,770.22,,
2022-08-08,905.40,2729903.23,,,558.66,,
2022-08-09,860.07,2412000.00,,,701.07,,
2022-08-10,933.77,2068658.54,,,565.69,,
2022-08-11,939.59,3029689.65,,,604.35,,
2022-08-12,1213.37,3095107.14,,,815.80,,
2022-08-13,1165.15,5023833.33,,,828.94,,
2022-08-14,1082.33,4306750.00,,,833.29,,
2022-08-15,1001.08,4368684.21,,,639.97,,
2022-08-16,923.30,3700250.00,,,490.07,,
2022-08-17,860.34,3162653.85,,,630.38,,
2022-08-18,1027.00,3155620.69,,,777.71,,
2022-08-19,850.95,4243000.00,,,512.21,,
2022-08-20,973.75,3325730.77,,,615.59,,
2022-08-21,963.90,2999400.00,,,782.38,,
2022-08-22,946.34,4002227.27,,,714.71,,
2022-08-23,897.35,3631130.44,,,654.75,,
2022-08-24,911.37,4064142.86,,,702.76,,
2022-08-25,796.96,4146000.00,,,851.12,,
2022-08-26,526.56,3530750.00,,,626.46,,
2022-08-27,627.49,3593208.33,,,744.62,,
2022-08-28,533.85,3243392.86,,,749.61,,
2022-08-29,603.28,4257000.00,,,625.53,,
2022-08-30,551.41,4371105.26,,,501.70,,
2022-08-31,465.15,5070888.89,,,560.97,,
2022-09-01,555.59,6095071.43,,,442.88,,
2022-09-02,548.14,6351785.71,,,602.98,,
2022-09-03,585.63,4327900.00,,,813.69,,
2022-09-04,535.79,3166000.00,,,913.05,,
2022-09-05,505.05,3076642.86,,,837.93,,
2022-09-06,407.75,3257040.00,,,544.85,,
2022-09-07,414.13,4620526.32,,,711.54,,
2022-09-08,436.63,5744266.67,,,753.67,,
2022-09-09,456.05,6433785.71,,,676.13,,
2022-09-10,553.43,6763307.69,,,829.86,,
2022-09-11,577.81,6180230.77,,,832.74,,
2022-09-12,537.72,5951600.00,,,725.02,,
2022-09-13,443.63,1770693.88,,,579.78,,
2022-09-14,567.59,5189375.00,,,660.93,,
2022-09-15,582.00,6386714.29,,,497.69,,
2022-09-16,644.94,3797409.09,,,696.33,,
2022-09-17,786.71,3575360.00,,,1014.31,,
2022-09-18,659.85,3758545.46,,,781.67,,
2022-09-19,510.37,4659900.00,,,580.45,,
2022-09-20,385.60,1564036.36,,,380.75,,
2022-09-21,353.28,1628280.00,,,248.19,,
2022-09-22,370.94,3498884.62,,,314.21,,
2022-09-23,393.76,4497388.89,,,270.81,,
2022-09-24,449.71,4473100.00,,,408.14,,
2022-09-25,420.01,4365600.00,,,390.70,,
2022-09-26,414.35,2797129.03,,,388.50,,
2022-09-27,458.70,3488416.67,,,418.98,,
2022-09-28,381.93,3170214.29,,,328.31,,
2022-09-29,446.51,1250071.43,,,363.86,,
2022-09-30,469.98,1374152.54,,,359.18,,
2022-10-01,459.68,2450472.22,,,404.69,,
2022-10-02,425.42,2312358.97,,,379.25,,
2022-10-03,522.01,1730244.90,,,450.57,,
2022-10-04,512.48,2127205.13,,,481.88,,
2022-10-05,464.88,2597911.77,,,349.53,,
2022-10-06,462.22,2341944.44,,,335.50,,
2022-10-07,444.03,2384729.73,,,409.07,,
2022-10-08,441.63,2762580.65,,,440.34,,
2022-10-09,517.64,3448076.92,,,665.03,,
2022-10-10,615.49,5303125.00,,,637.24,,
2022-10-11,570.34,3086321.43,,,482.46,,
2022-10-12,549.48,3705625.00,,,475.61,,
2022-10-13,483.19,5441333.33,,,322.38,,
2022-10-14,453.05,5350125.00,,,471.00,,
2022-10-15,534.51,2580333.33,,,448.37,,
2022-10-16,521.70,1384870.97,,,447.79,,
2022-10-17,462.08,3148576.92,,,492.95,,
2022-10-18,437.93,3289615.38,,,454.07,,
2022-10-19,326.84,1867142.86,,,518.89,,
2022-10-20,312.91,1356406.25,,,508.10,,
2022-10-21,402.30,1256637.68,,,452.84,,
2022-10-22,406.57,1039353.66,,,519.62,,
2022-10-23,377.64,805467.89,,,409.76,,
2022-10-24,327.92,752166.67,,,412.77,,
2022-10-25,319.67,772801.80,,,332.65,,
2022-10-26,297.58,846446.60,,,298.34,,
2022-10-27,290.55,729176.47,,,290.80,,
2022-10-28,305.29,697024.19,,,319.98,,
2022-10-29,318.34,686079.36,,,303.41,,
2022-10-30,305.76,677866.14,,,302.72,,
2022-10-31,311.90,749500.00,,,326.36,,
2022-11-01,302.42,693301.59,,,297.19,,
2022-11-02,357.98,702073.17,,,274.42,,
2022-11-03,343.71,738264.96,,,292.50,,
2022-11-04,361.58,723558.33,,,251.27,,
2022-11-05,321.33,688346.77,,,240.93,,
2022-11-06,310.48,686220.47,,,219.41,,
2022-11-07,300.54,747120.69,,,246.48,,
2022-11-08,282.68,948934.07,,,181.01,,
2022-11-09,281.69,1029202.53,,,172.90,,
2022-11-10,296.55,1114207.32,,,256.88,,
2022-11-11,288.20,880683.67,,,215.02,,
2022-11-12,317.96,666700.00,,,261.37,,
2022-11-13,331.18,670125.00,,,283.85,,
2022-11-14,325.16,593076.39,,,263.27,,
2022-11-15,327.22,540179.01,,,285.24,,
2022-11-16,328.61,506146.20,,,290.30,,
2022-11-17,348.89,451802.08,,,269.75,,
2022-11-18,348.84,296412.37,,,271.06,,
2022-11-19,293.90,304787.23,,,219.51,,
2022-11-20,275.52,334895.75,,,219.23,,
2022-11-21,278.66,309211.47,,,206.83,,
2022-11-22,286.03,350133.60,,,223.97,,
2022-11-23,300.53,353461.22,,,209.83,,
2022-11-24,319.78,342162.05,,,202.43,,
2022-11-25,319.63,282930.92,,,238.71,,
2022-11-26,326.42,287331.13,,,237.59,,
2022-11-27,333.40,339442.69,,,236.04,,
2022-11-28,322.75,267475.31,,,257.89,,
2022-11-29,305.77,371826.84,,,250.10,,
2022-11-30,314.04,284401.96,,,234.15,,
2022-12-01,323.42,277173.08,,,241.42,,
2022-12-02,310.27,332077.22,,,242.99,,
2022-12-03,312.30,290942.76,,,250.84,,
2022-12-04,308.21,181936.98,,,247.69,,
2022-12-05,325.13,160841.42,,,233.04,,
2022-12-06,313.16,132418.32,,,248.87,,
2022-12-07,336.93,213214.82,,,246.98,,
2022-12-08,344.45,329114.50,,,211.82,,
2022-12-09,362.29,885061.22,,,238.06,,
2022-12-10,377.28,834227.72,,,190.00,,
2022-12-11,386.43,1088098.76,,,204.01,,
2022-12-12,319.20,1053000.00,,,192.49,,
2022-12-13,324.01,1439608.70,,,168.66,,
2022-12-14,326.30,988170.45,,,146.28,,
2022-12-15,307.50,850705.88,,,182.32,,
2022-12-16,334.87,811245.10,,,184.34,,
2022-12-17,370.00,1337432.84,,,160.54,,
2022-12-18,401.41,1621846.15,,,197.50,,
2022-12-19,391.22,1431934.43,,,210.73,,
2022-12-20,352.78,1328015.15,,,160.55,,
2022-12-21,347.07,1365158.73,,,143.80,,
2022-12-22,369.82,1230535.21,,,158.66,,
2022-12-23,371.90,1160821.92,,,172.10,,
2022-12-24,357.96,1550236.36,,,187.25,,
2022-12-25,353.65,740475.00,,,165.54,,
2022-12-26,389.15,1083200.00,,,170.14,,
2022-12-27,425.32,1296757.58,,,165.99,,
2022-12-28,424.67,1483456.14,,,144.18,,
2022-12-29,445.83,1570267.86,,,152.59,,
2022-12-30,413.46,1444035.09,,,148.16,,
2022-12-31,468.85,2364540.54,,,185.53,,
2023-01-01,584.42,2721575.76,,,228.30,,
2023-01-02,468.24,1982272.73,,,216.70,,
2023-01-03,359.03,1486896.55,,,170.55,,
2023-01-04,341.98,1066800.00,,,164.00,,
2023-01-05,417.58,1107376.62,,,168.22,,
2023-01-06,415.77,1034494.12,,,136.66,,
2023-01-07,445.90,1179319.44,,,124.96,,
2023-01-08,437.36,1312954.54,,,144.48,,
2023-01-09,378.70,1445859.65,,,133.60,,
2023-01-10,364.42,1551614.03,,,144.70,,
2023-01-11,362.05,1773979.59,,,141.01,,
2023-01-12,358.92,1699096.15,,,107.97,,
2023-01-13,388.76,2186500.00,,,117.66,,
2023-01-14,359.57,1510245.61,,,117.19,,
2023-01-15,374.66,1909340.91,,,128.76,,
2023-01-16,390.79,1940181.82,,,125.36,,
2023-01-17,407.28,2455361.11,,,143.41,,
2023-01-18,418.94,2474090.91,,,360.33,,
2023-01-19,435.80,1920977.78,,,521.51,,
2023-01-20,423.36,3382148.15,,,436.51,,
2023-01-21,405.38,3029103.45,,,364.26,,
2023-01-22,415.94,2465057.14,,,446.66,,
2023-01-23,407.87,2898633.33,,,460.90,,
2023-01-24,391.70,2607969.70,,,427.14,,
2023-01-25,376.29,2161128.21,,,362.00,,
2023-01-26,350.01,1823888.89,,,422.09,,
2023-01-27,324.88,1816392.16,,,454.44,,
2023-01-28,351.79,1641037.74,,,569.59,,
2023-01-29,344.04,2088250.00,,,544.29,,
2023-01-30,318.98,2346027.78,,,426.18,,
2023-01-31,339.97,1670442.31,,,517.04,,
2023-02-01,319.08,1472701.75,,,406.08,,
2023-02-02,319.05,1813061.22,,,364.65,,
2023-02-03,338.92,1614277.78,,,470.01,,
2023-02-04,320.91,1040488.37,,,571.32,,
2023-02-05,312.23,902210.53,,,549.90,,
2023-02-06,301.24,1059512.50,,,490.82,,
2023-02-07,289.85,1922739.13,,,484.74,,
2023-02-08,280.97,1853133.33,,,435.75,,
2023-02-09,299.41,1670673.08,,,328.84,,
2023-02-10,287.37,1318590.91,,,307.91,,
2023-02-11,313.39,1289333.33,,,464.30,,
2023-02-12,304.83,1208742.86,,,438.92,,
2023-02-13,291.08,1614722.22,,,387.17,,
2023-02-14,293.95,1324031.75,18000.00,,426.35,,
2023-02-15,281.15,1889800.00,3843333.33,,419.55,,
2023-02-16,274.55,2615470.59,674614.17,,327.14,,
2023-02-17,269.36,1810652.17,1867500.00,,417.82,,
2023-02-18,265.63,1547827.59,35171000.00,,529.14,,
2023-02-19,262.42,1315000.00,41912000.00,,383.00,,
2023-02-20,256.24,1330539.68,174946.40,,447.19,,
2023-02-21,257.78,1867085.11,1688046.51,,449.53,,
2023-02-22,254.53,1845466.67,876626.09,,326.20,,
2023-02-23,256.51,2416500.00,611383.46,,279.01,,
2023-02-24,261.44,1605038.46,1030036.58,,201.02,,
2023-02-25,265.55,1038623.53,3766375.00,,301.98,,
2023-02-26,271.81,1082645.57,7327636.36,,320.37,,
2023-02-27,259.38,1193698.63,2382151.52,,335.07,,
2023-02-28,264.08,1495785.71,5424052.63,,443.58,,
2023-03-01,270.14,1665807.69,451523.56,,414.19,,
2023-03-02,270.11,1406507.94,36839.13,,409.17,,
2023-03-03,272.39,1200319.44,46459.68,,420.04,,
2023-03-04,280.51,1037469.88,47128.75,,531.22,,
2023-03-05,294.31,1172878.38,67430.02,,551.34,,
2023-03-06,280.64,1366180.33,1766888.89,,539.57,,
2023-03-07,281.10,1224647.89,3292041.67,,441.71,,
2023-03-08,280.74,1487135.59,3108333.33,,371.61,,
2023-03-09,276.19,1931000.00,1698750.00,,310.59,,
2023-03-10,271.04,1326328.13,2641366.67,,309.70,,
2023-03-11,287.74,2460916.67,24933000.00,,366.66,,
2023-03-12,290.95,848235.29,5512117.65,,380.42,,
2023-03-13,285.89,1172135.14,3097818.18,,327.41,,
2023-03-14,271.59,1007651.16,9633000.00,,318.49,,
2023-03-15,262.79,906189.47,4788562.50,,280.69,,
2023-03-16,253.97,702758.06,6336375.00,,323.24,,
2023-03-17,252.19,305565.37,1701055.56,,341.08,,
2023-03-18,252.66,203848.70,5030100.00,,345.85,,
2023-03-19,252.26,184714.29,2169700.00,,367.29,,
2023-03-20,251.01,158132.11,1407100.00,,332.58,,
2023-03-21,248.02,150878.26,2955620.69,,330.57,,
2023-03-22,247.05,148323.02,1297466.67,,325.12,,
2023-03-23,240.50,158739.45,389821.74,,377.82,,
2023-03-24,246.10,123729.23,2570.56,,368.94,,
2023-03-25,249.72,139528.27,1109.35,,413.83,,
2023-03-26,250.94,154540.39,1184.27,,394.85,,
2023-03-27,249.38,190303.30,1145.27,,362.25,,
2023-03-28,251.56,202786.39,1129.56,,311.55,,
2023-03-29,252.38,258733.53,1189.02,,343.82,,
2023-03-30,249.99,271681.39,1164.72,,300.05,,
2023-03-31,252.52,182757.89,1259.07,,308.00,,
2023-04-01,255.88,160189.24,1526.73,,400.31,,
2023-04-02,255.04,142443.16,1255.27,,371.36,,
2023-04-03,254.01,175515.63,1233.48,,330.77,,
2023-04-04,254.17,198265.26,1253.92,,291.36,,
2023-04-05,252.05,272088.33,1237.11,,252.21,,
2023-04-06,252.55,173411.65,1278.32,,189.01,,
2023-04-07,254.09,97155.83,1333.16,,231.55,,
2023-04-08,253.95,97240.99,1319.43,,207.48,,
2023-04-09,252.81,99862.27,1278.24,,181.72,,
2023-04-10,252.84,104521.16,1238.85,,196.10,,
2023-04-11,253.17,107621.42,1236.99,,202.17,,
2023-04-12,253.70,96909.19,1248.50,,189.52,,
2023-04-13,254.25,127847.63,1170.83,,219.38,,
2023-04-14,250.63,129903.76,1187.99,,197.26,,
2023-04-15,251.17,109521.57,1166.48,,206.27,,
2023-04-16,251.07,120506.28,1178.09,,214.78,,
2023-04-17,248.66,129857.36,1209.36,,222.84,,
2023-04-18,250.85,196049.89,1413.97,,251.70,,
2023-04-19,250.20,212199.01,1316.11,,245.81,,
2023-04-20,250.91,182225.00,1503.54,,290.59,,
2023-04-21,252.94,223787.57,1264.42,,255.76,,
2023-04-22,250.94,164009.51,1282.64,,270.00,,
2023-04-23,252.39,155374.10,1270.17,,271.02,,
2023-04-24,253.64,174010.06,1285.73,,296.47,,
2023-04-25,252.45,186002.15,1327.64,,288.81,,
2023-04-26,252.15,174898.58,1326.75,,267.67,,
2023-04-27,253.45,182656.12,1399.82,,301.20,,
2023-04-28,257.88,179331.25,1392.63,,344.56,,
2023-04-29,255.21,189417.94,1313.07,,353.42,,
2023-04-30,250.99,200811.63,1370.09,,360.50,,
2023-05-01,253.51,228379.95,1405.97,,506.05,,
2023-05-02,255.69,223715.03,1405.43,,530.38,,
2023-05-03,253.35,229132.63,1318.23,,305.66,,
2023-05-04,253.00,229712.77,1380.61,,412.72,,
2023-05-05,252.32,267938.08,1492.06,,582.62,,
2023-05-06,250.87,404638.50,1649.86,,653.91,,
2023-05-07,255.86,312501.80,1586.88,,674.83,,
2023-05-08,255.05,241237.43,1514.76,,579.96,,
2023-05-09,251.80,140561.89,1486.89,,527.60,,
2023-05-10,254.54,266049.23,1100.68,,479.36,,
2023-05-11,252.86,146606.78,1142.48,,413.06,,
2023-05-12,254.63,113284.78,1099.67,,305.30,,
2023-05-13,258.59,81808.71,1040.10,,352.10,,
2023-05-14,257.69,100161.07,1031.32,,349.14,,
2023-05-15,258.99,91880.85,1049.89,,335.14,,
2023-05-16,257.91,87634.24,1072.57,,265.22,,
2023-05-17,259.82,110530.09,1305.04,,256.00,,
2023-05-18,260.48,107982.52,1064.21,,219.12,,
2023-05-19,262.32,85708.33,1041.96,,412.50,,
2023-05-20,259.86,90653.73,1041.73,,394.43,,
2023-05-21,261.48,111202.06,1086.04,,328.09,,
2023-05-22,259.14,126770.59,1062.34,,332.68,,
2023-05-23,254.97,143855.24,1052.17,,283.61,,
2023-05-24,252.28,80653.31,1068.38,,264.88,,
2023-05-25,250.16,81863.51,1072.87,,269.48,,
2023-05-26,250.68,91465.04,1032.91,,263.85,,
2023-05-27,253.07,88592.82,1021.43,,282.15,,
2023-05-28,253.03,111866.06,1022.69,,297.47,,
2023-05-29,252.54,134109.74,1022.24,,296.95,,
2023-05-30,253.40,140918.57,1021.98,,274.43,,
2023-05-31,252.24,103075.18,1026.21,,247.19,,
2023-06-01,256.08,94261.77,1040.09,,311.99,,
2023-06-02,255.58,87912.78,1040.91,,278.88,,
2023-06-03,254.43,84983.27,1026.24,,259.22,,
2023-06-04,255.17,68590.48,1028.89,,262.69,,
2023-06-05,255.50,91918.17,1044.74,,257.43,,
2023-06-06,255.56,78960.66,1029.59,,341.11,,
2023-06-07,256.42,81079.74,1020.34,,2000.00,,
2023-06-08,258.92,71860.12,1027.37,,2000.00,,
2023-06-09,257.08,80422.33,1026.47,,2000.00,,
2023-06-10,254.04,108759.75,1027.20,,2000.00,,
2023-06-11,255.23,98031.82,1014.34,,2000.00,,
2023-06-12,253.60,88820.33,1010.83,,2000.00,,
2023-06-13,255.17,86578.74,1008.87,,2000.00,,
2023-06-14,254.86,128498.51,1018.99,,2000.00,,
2023-06-15,255.95,101092.40,1015.24,,2000.00,2000.00,
2023-06-16,257.12,132490.05,1014.56,,2000.00,2000.00,
2023-06-17,258.58,132953.85,1007.64,,2000.00,2000.00,
2023-06-18,261.49,134978.13,1006.20,,2000.00,2000.00,
2023-06-19,259.13,133550.23,1015.41,,2000.00,2000.00,
2023-06-20,255.45,152838.94,1011.42,,2000.00,2000.00,
2023-06-21,254.04,138922.83,1014.05,,2000.00,2000.00,
2023-06-22,256.20,87818.74,1013.13,,2000.00,2000.00,
2023-06-23,258.94,105037.67,1015.44,,2000.00,2000.00,
2023-06-24,262.37,118114.60,1009.18,,2000.00,2000.00,
2023-06-25,258.53,106070.46,1006.28,,2000.00,2000.00,
2023-06-26,256.43,96880.58,1012.17,,2000.00,2000.00,
2023-06-27,255.72,93347.36,1022.18,,2000.00,2000.00,
2023-06-28,255.34,101022.25,1022.88,,2000.00,2000.00,
2023-06-29,254.76,108313.68,1030.25,,2000.00,2000.00,
2023-06-30,253.67,128928.46,1017.91,,2000.00,2000.00,
2023-07-01,261.03,111820.41,1012.40,,2000.00,2000.00,
2023-07-02,260.49,113056.36,1011.53,,2000.00,2000.00,
2023-07-03,257.07,114936.17,1026.96,,2000.00,2000.00,
2023-07-04,260.84,95468.51,1031.06,,2000.00,2000.00,
2023-07-05,267.87,226430.08,1022.20,,2000.00,2000.00,
2023-07-06,262.65,242019.50,1017.49,,2000.00,2000.00,
2023-07-07,260.53,142422.70,1018.41,,2000.00,2000.00,
2023-07-08,257.38,138318.91,1013.74,,2000.00,2000.00,
2023-07-09,259.01,83977.65,1034.68,,2000.00,2000.00,
2023-07-10,256.49,88888.89,1031.73,,2000.00,2000.00,
2023-07-11,257.15,83164.58,1022.35,,2000.00,2000.00,
2023-07-12,258.30,61586.71,1029.27,,2000.00,2000.00,
2023-07-13,255.34,52525.50,1025.49,,2000.00,2000.00,
2023-07-14,253.40,64079.32,1014.62,,2000.00,2000.00,
2023-07-15,257.07,49549.31,1010.40,,2000.00,2000.00,
2023-07-16,259.42,56353.79,1009.81,,2000.00,2000.00,
2023-07-17,258.24,55036.28,1014.43,,2000.00,2000.00,
2023-07-18,259.83,55382.30,1012.90,,2000.00,2000.00,
2023-07-19,256.82,44762.30,1014.80,,2000.00,2000.00,
2023-07-20,258.94,52731.99,1015.44,,2000.00,2000.00,
2023-07-21,261.88,67143.08,1016.14,,2000.00,2000.00,
2023-07-22,260.34,46181.43,1009.24,,2000.00,2000.00,
2023-07-23,259.36,46386.14,1011.28,,2000.00,2000.00,
2023-07-24,258.83,64365.87,1014.49,,2000.00,2000.00,
2023-07-25,263.58,66073.39,1018.64,,2000.00,2000.00,
2023-07-26,260.35,47307.23,1017.66,,2000.00,2000.00,
2023-07-27,260.74,35855.19,1013.76,,2000.00,2000.00,
2023-07-28,270.42,31015.79,1032.21,,2000.00,2000.00,
2023-07-29,268.89,39591.47,1012.55,,2000.00,2000.00,
2023-07-30,264.36,45715.87,1008.83,,2000.00,2000.00,
2023-07-31,260.16,73172.88,1012.50,,2000.00,2000.00,
2023-08-01,262.23,80355.95,1012.20,,2000.00,2000.00,
2023-08-02,266.16,83138.60,1012.28,,2000.00,2000.00,
2023-08-03,261.00,78284.42,1016.16,,2000.00,2000.00,
2023-08-04,261.15,66674.90,1012.67,,2000.00,2000.00,
2023-08-05,266.77,67288.72,1008.50,,2000.00,2000.00,
2023-08-06,269.36,66407.38,1009.27,,2000.00,2000.00,
2023-08-07,263.76,71390.59,1010.29,,2000.00,2000.00,
2023-08-08,261.97,81363.81,1011.42,,2000.00,2000.00,
2023-08-09,263.53,57892.76,1010.37,,2000.00,2000.00,
2023-08-10,266.00,59592.69,1014.84,,2000.00,2000.00,
2023-08-11,268.00,72091.82,1018.88,,2000.00,2000.00,
2023-08-12,276.07,50734.00,1021.86,,2000.00,2000.00,
2023-08-13,269.23,54966.31,1020.15,,2000.00,2000.00,
2023-08-14,268.61,66766.62,1021.87,,2000.00,2000.00,
2023-08-15,271.50,55815.89,1026.07,,2000.00,2000.00,
2023-08-16,270.55,69080.00,1029.20,,2000.00,2000.00,
2023-08-17,265.35,79707.57,1041.03,,2000.00,2000.00,
2023-08-18,262.85,68885.96,1020.15,,2000.00,2000.00,
2023-08-19,270.66,42825.40,1023.58,,2000.00,2000.00,
2023-08-20,279.27,48007.77,1019.65,,2000.00,2000.00,
2023-08-21,278.43,63305.72,1022.24,,2000.00,2000.00,
2023-08-22,271.59,72825.61,1028.51,,2000.00,2000.00,
2023-08-23,266.45,48526.11,1023.41,,2000.00,2000.00,
2023-08-24,272.41,48056.76,1033.60,,2000.00,2000.00,
2023-08-25,261.22,57855.32,1018.40,,2000.00,2000.00,
2023-08-26,270.28,36526.21,1024.12,,2000.00,2000.00,
2023-08-27,282.14,39798.34,1022.11,,2000.00,2000.00,
2023-08-28,285.40,51859.46,1020.63,,2000.00,2000.00,
2023-08-29,279.71,42569.74,1023.79,,2000.00,2000.00,
2023-08-30,277.01,41576.44,1019.82,,2000.00,2000.00,
2023-08-31,266.10,35568.37,1021.55,,2000.00,2000.00,
2023-09-01,269.77,34650.76,1021.84,,2000.00,2000.00,
2023-09-02,274.89,28551.70,1021.37,,2000.00,2000.00,
2023-09-03,290.95,26748.61,1014.99,,2000.00,2000.00,
2023-09-04,286.49,37767.82,1016.75,,2000.00,2000.00,
2023-09-05,272.33,33480.62,1023.94,,2000.00,2000.00,
2023-09-06,280.40,37916.63,1020.57,,2000.00,2000.00,
2023-09-07,275.40,31113.03,1026.16,,2000.00,2000.00,
2023-09-08,277.40,28861.63,1024.80,,2000.00,2000.00,
2023-09-09,287.39,23996.94,1022.25,10000.00,2000.00,2000.00,
2023-09-10,285.68,24578.50,1020.61,10000.00,2000.00,2000.00,
2023-09-11,281.83,35274.51,1027.31,10000.00,2000.00,2000.00,
2023-09-12,282.31,32541.59,1022.24,10000.00,2000.00,2000.00,
2023-09-13,286.82,46638.77,1018.60,10000.00,2000.00,2000.00,
2023-09-14,284.02,31300.25,1015.95,10000.00,2000.00,2000.00,
2023-09-15,284.83,24021.41,1023.05,10000.00,2000.00,2000.00,
2023-09-16,292.31,19965.12,1018.12,10000.00,2000.00,2000.00,
2023-09-17,295.54,19178.51,1014.10,10000.00,2000.00,2000.00,
2023-09-18,279.70,27054.16,1022.42,10000.00,2000.00,2000.00,
2023-09-19,272.11,24125.70,1025.02,10000.00,2000.00,2000.00,
2023-09-20,261.95,27369.85,1024.56,10000.00,2000.00,2000.00,
2023-09-21,256.25,26767.35,1028.66,10000.00,2000.00,2000.00,
2023-09-22,266.41,24242.14,1028.13,10000.00,2000.00,2000.00,
2023-09-23,280.30,24433.82,1027.19,10000.00,2000.00,2000.00,
2023-09-24,275.78,23745.40,1027.81,10000.00,2000.00,2000.00,
2023-09-25,272.52,28895.69,1028.14,10000.00,2000.00,2000.00,
2023-09-26,268.39,30147.59,1030.37,10000.00,2000.00,2000.00,
2023-09-27,260.49,25802.87,1032.01,10000.00,2000.00,2000.00,
2023-09-28,257.07,25688.97,1024.49,10000.00,2000.00,2000.00,
2023-09-29,257.69,25264.83,1024.22,10000.00,2000.00,2000.00,
2023-09-30,257.36,23686.23,1025.30,10000.00,2000.00,2000.00,
2023-10-01,260.62,26289.71,1022.38,10000.00,2000.00,2000.00,
2023-10-02,267.47,33498.64,1021.59,10000.00,2000.00,2000.00,
2023-10-03,262.81,26541.15,1023.26,10000.00,2000.00,2000.00,
2023-10-04,263.18,23819.23,1022.16,10000.00,2000.00,2000.00,
2023-10-05,263.26,29131.87,1021.54,10000.00,2000.00,2000.00,
2023-10-06,260.47,27015.01,1023.09,10000.00,2000.00,2000.00,
2023-10-07,264.96,23948.74,1025.87,10000.00,2000.00,2000.00,
2023-10-08,290.00,25122.42,1025.18,10000.00,2000.00,2000.00,
2023-10-09,275.64,27616.37,1023.47,10000.00,2000.00,2000.00,
2023-10-10,266.61,24949.45,1025.34,10000.00,2000.00,2000.00,
2023-10-11,280.45,28257.60,1029.86,10000.00,2000.00,2000.00,
2023-10-12,287.76,31836.77,1041.43,10000.00,2000.00,2000.00,
2023-10-13,300.85,29405.52,1037.41,10000.00,2000.00,2000.00,
2023-10-14,315.68,29850.43,1039.85,10000.00,2000.00,2000.00,
2023-10-15,321.89,28465.39,1033.71,10000.00,2000.00,2000.00,
2023-10-16,289.73,34010.23,1029.81,10000.00,2000.00,2000.00,
2023-10-17,290.21,30104.53,1038.80,10000.00,2000.00,2000.00,
2023-10-18,286.81,30562.43,1034.29,10000.00,2000.00,2000.00,
2023-10-19,284.88,30688.34,1036.33,10000.00,2000.00,2000.00,
2023-10-20,288.95,36043.35,1035.88,10000.00,2000.00,2000.00,
2023-10-21,287.77,27176.16,1040.78,10000.00,2000.00,2000.00,
2023-10-22,285.12,27423.17,1035.18,10000.00,2000.00,2000.00,
2023-10-23,270.39,38703.90,1041.03,10000.00,2000.00,2000.00,
2023-10-24,262.67,71799.17,1035.86,10000.00,2000.00,2000.00,
2023-10-25,269.45,41760.75,1050.70,10000.00,2000.00,2000.00,
2023-10-26,269.52,60808.59,1034.11,10000.00,2000.00,2000.00,
2023-10-27,269.33,37919.26,1034.56,10000.00,2000.00,2000.00,
2023-10-28,276.87,25686.29,1037.83,10000.00,2000.00,2000.00,
2023-10-29,298.47,26310.69,1037.08,10000.00,2000.00,2000.00,
2023-10-30,285.04,33765.65,1028.71,10000.00,2000.00,2000.00,
2023-10-31,269.46,38666.67,1018.81,10000.00,2000.00,2000.00,
2023-11-01,260.60,36175.68,1028.72,10000.00,2000.00,2000.00,
2023-11-02,264.64,42552.39,1017.54,10000.00,2000.00,2000.00,
2023-11-03,260.07,32750.95,1016.41,10000.00,2000.00,2000.00,
2023-11-04,257.00,23752.89,1018.45,10000.00,2000.00,2000.00,
2023-11-05,264.86,24845.60,1017.75,10000.00,2000.00,2000.00,
2023-11-06,270.33,44791.39,1019.95,10000.00,2000.00,2000.00,
2023-11-07,261.96,41408.24,1017.42,10000.00,2000.00,2000.00,
2023-11-08,258.04,34016.55,1024.21,10000.00,2000.00,2000.00,
2023-11-09,255.04,49609.29,1034.67,10000.00,2000.00,2000.00,
2023-11-10,261.33,89316.44,1038.22,10000.00,2000.00,2000.00,
2023-11-11,262.73,41788.20,1018.14,10000.00,2000.00,2000.00,
2023-11-12,270.36,31362.48,1019.10,10000.00,2000.00,2000.00,
2023-11-13,270.25,69066.35,1046.70,10000.00,2000.00,2000.00,
2023-11-14,262.17,44240.65,1025.93,10000.00,2000.00,2000.00,
2023-11-15,262.26,42005.35,1030.47,10000.00,2000.00,2000.00,
2023-11-16,260.91,40617.01,1032.71,10000.00,2000.00,2000.00,
2023-11-17,260.09,25011.87,1018.84,10000.00,2000.00,2000.00,
2023-11-18,266.43,19062.43,1019.25,10000.00,2000.00,2000.00,
2023-11-19,271.03,16830.47,1021.16,10000.00,2000.00,2000.00,
2023-11-20,272.14,46323.15,1028.50,10000.00,2000.00,2000.00,
2023-11-21,261.95,49067.65,1028.39,10000.00,2000.00,2000.00,
2023-11-22,260.83,42677.53,1039.36,10000.00,2000.00,2000.00,
2023-11-23,259.52,38394.76,1015.53,10000.00,2000.00,2000.00,
2023-11-24,265.65,26562.12,1016.59,10000.00,2000.00,2000.00,
2023-11-25,255.60,15352.93,1021.88,10000.00,2000.00,2000.00,
2023-11-26,261.22,15949.05,1020.01,10000.00,2000.00,2000.00,
2023-11-27,270.98,24613.28,1018.22,10000.00,2000.00,2000.00,
2023-11-28,271.46,35523.22,1042.76,10000.00,2000.00,2000.00,
2023-11-29,271.30,36333.19,1017.45,10000.00,2000.00,2000.00,
2023-11-30,279.19,32078.35,1017.62,10000.00,2000.00,2000.00,
2023-12-01,281.08,38042.25,1038.66,10000.00,2000.00,2000.00,
2023-12-02,273.04,38644.45,1018.46,10000.00,2000.00,2000.00,
2023-12-03,274.22,35830.36,1023.17,10000.00,2000.00,2000.00,
2023-12-04,269.70,79654.98,1025.07,10000.00,2000.00,2000.00,
2023-12-05,271.86,132481.60,1057.98,10000.00,2000.00,2000.00,
2023-12-06,272.87,123714.90,1056.84,10000.00,2000.00,2000.00,
2023-12-07,266.02,67771.16,1044.73,10000.00,2000.00,2000.00,
2023-12-08,266.53,69174.40,1040.90,10000.00,2000.00,2000.00,
2023-12-09,264.17,41836.80,1052.46,10000.00,2000.00,2000.00,
2023-12-10,267.89,42380.28,1063.08,10000.00,2000.00,2000.00,
2023-12-11,262.91,51012.99,1046.51,10000.00,2000.00,2000.00,
2023-12-12,262.02,54470.03,1040.86,10000.00,2000.00,2000.00,
2023-12-13,266.64,73766.01,1036.10,10000.00,2000.00,2000.00,
2023-12-14,276.74,96753.91,1031.20,10000.00,2000.00,2000.00,
2023-12-15,319.58,120893.56,1028.96,10000.00,2000.00,2000.00,
2023-12-16,266.11,119570.64,1056.56,10000.00,2000.00,2000.00,
2023-12-17,276.36,87112.79,1037.78,10000.00,2000.00,2000.00,
2023-12-18,263.09,104395.40,1027.68,10000.00,2000.00,2000.00,
2023-12-19,259.88,71905.16,1027.35,10000.00,2000.00,2000.00,
2023-12-20,263.79,61114.49,1031.38,10000.00,2000.00,2000.00,
2023-12-21,256.33,102501.19,1035.52,10000.00,2000.00,2000.00,
2023-12-22,252.09,80323.12,1034.79,10000.00,2000.00,2000.00,
2023-12-23,255.15,62432.39,1041.93,10000.00,2000.00,2000.00,
2023-12-24,260.76,77404.65,1038.30,10000.00,2000.00,2000.00,
2023-12-25,262.35,74357.45,1254.39,10000.00,2000.00,2000.00,
2023-12-26,256.82,60698.03,1049.54,10000.00,2000.00,2000.00,
2023-12-27,253.50,66927.19,1048.86,10000.00,2000.00,2000.00,
2023-12-28,251.92,64508.59,1039.72,10000.00,2000.00,2000.00,
2023-12-29,254.69,53619.11,1041.81,10000.00,2000.00,2000.00,
2023-12-30,254.51,58169.02,1044.03,10000.00,2000.00,2000.00,
2023-12-31,254.21,56798.16,1044.88,10000.00,2000.00,2000.00,
2024-01-01,250.81,69431.32,1039.00,10000.00,2000.00,2000.00,
2024-01-02,250.04,76567.88,1044.47,10000.00,2000.00,2000.00,
2024-01-03,250.85,90354.60,1040.90,10000.00,2000.00,2000.00,
2024-01-04,252.84,56366.78,1051.12,10000.00,2000.00,2000.00,
2024-01-05,254.72,58115.07,1048.58,10000.00,2000.00,2000.00,
2024-01-06,260.64,58950.89,1045.93,10000.00,2000.00,2000.00,
2024-01-07,263.95,96726.76,1036.01,10000.00,2000.00,2000.00,
2024-01-08,256.20,76573.96,1050.15,10000.00,2000.00,2000.00,
2024-01-09,251.45,66134.76,1056.63,10000.00,2000.00,2000.00,
2024-01-10,251.96,99371.69,1038.27,10000.00,2000.00,2000.00,
2024-01-11,252.95,77258.50,1037.45,10000.00,2000.00,2000.00,
2024-01-12,253.67,74789.79,1055.76,10000.00,2000.00,2000.00,
2024-01-13,259.81,65605.16,1053.44,10000.00,2000.00,2000.00,
2024-01-14,269.23,110386.97,1038.74,10000.00,2000.00,2000.00,
2024-01-15,260.90,81891.94,1053.54,10000.00,2000.00,2000.00,
2024-01-16,266.47,87713.41,1041.82,10000.00,2000.00,2000.00,
2024-01-17,264.01,100707.46,1036.74,10000.00,2000.00,2000.00,
2024-01-18,263.20,100987.15,1038.24,10000.00,2000.00,2000.00,
2024-01-19,257.49,89790.02,1044.85,10000.00,2000.00,2000.00,
2024-01-20,256.00,61530.96,1056.44,10000.00,2000.00,2000.00,
2024-01-21,261.67,56786.46,1058.53,10000.00,2000.00,2000.00,
2024-01-22,255.12,69955.47,1049.79,10000.00,2000.00,2000.00,
2024-01-23,253.46,55158.47,1049.93,10000.00,2000.00,2000.00,
2024-01-24,253.55,51535.80,1057.26,10000.00,2000.00,2000.00,
2024-01-25,255.44,90967.37,1040.64,10000.00,2000.00,2000.00,
2024-01-26,256.63,79135.53,1041.44,10000.00,2000.00,2000.00,
2024-01-27,260.42,66568.13,1044.15,10000.00,2000.00,2000.00,
2024-01-28,253.72,63611.93,1046.93,10000.00,2000.00,2000.00,
2024-01-29,255.66,68996.01,1046.77,10000.00,2000.00,2000.00,
2024-01-30,257.21,78550.50,1057.73,10000.00,2000.00,2000.00,
2024-01-31,258.26,62518.44,1068.18,10000.00,2000.00,2000.00,
2024-02-01,263.95,71294.55,1064.67,10000.00,2000.00,2000.00,
2024-02-02,266.43,67568.41,1062.44,10000.00,2000.00,2000.00,
2024-02-03,269.99,60595.79,1060.47,10000.00,2000.00,2000.00,
2024-02-04,267.28,61757.86,1059.71,10000.00,2000.00,2000.00,
2024-02-05,261.36,60729.06,1094.28,10000.00,2000.00,2000.00,
2024-02-06,263.06,82622.73,1074.14,10000.00,2000.00,2000.00,
2024-02-07,258.45,76650.67,1048.19,10000.00,2000.00,2000.00,
2024-02-08,262.08,90131.25,1040.74,10000.00,2000.00,2000.00,
2024-02-09,268.47,101691.76,1023.54,10000.00,2000.00,2000.00,
2024-02-10,261.39,67065.99,1036.92,10000.00,2000.00,2000.00,
2024-02-11,258.78,51831.43,1051.94,10000.00,2000.00,2000.00,
2024-02-12,259.05,50963.97,1054.06,10000.00,2000.00,2000.00,
2024-02-13,255.38,36453.24,1066.47,10000.00,2000.00,2000.00,
2024-02-14,257.73,33801.64,1101.17,10000.00,2000.00,2000.00,
2024-02-15,258.82,47112.99,1045.68,10000.00,2000.00,2000.00,
2024-02-16,258.44,55756.93,1056.80,10000.00,2000.00,2000.00,
2024-02-17,259.93,42984.06,1079.66,10000.00,2000.00,2000.00,
2024-02-18,258.72,47812.95,1081.46,10000.00,2000.00,2000.00,
2024-02-19,259.78,55760.80,1068.98,10000.00,2000.00,2000.00,
2024-02-20,256.78,15279.40,1064.21,10000.00,2000.00,2000.00,
2024-02-21,258.93,16312.25,1051.15,10000.00,2000.00,2000.00,
2024-02-22,261.42,17982.72,1049.56,10000.00,2000.00,2000.00,
2024-02-23,264.27,18319.69,1055.68,10000.00,2000.00,2000.00,
2024-02-24,260.12,16329.43,1078.97,10000.00,2000.00,2000.00,2000.00
2024-02-25,257.97,18128.59,1081.64,10000.00,2000.00,2000.00,2000.00
2024-02-26,256.33,24646.69,1073.09,10000.00,2000.00,2000.00,2000.00
2024-02-27,257.22,30955.23,1074.57,10000.00,2000.00,2000.00,2000.00
2024-02-28,254.39,39432.68,1094.07,10000.00,2000.00,2000.00,2000.00
2024-02-29,255.11,66474.58,1071.54,10000.00,2000.00,2000.00,2000.00
2024-03-01,258.38,66889.32,1043.62,10000.00,2000.00,2000.00,2000.00
2024-03-02,259.79,71847.88,1051.52,10000.00,2000.00,2000.00,2000.00
2024-03-03,259.63,69983.00,1052.14,10000.00,2000.00,2000.00,2000.00
2024-03-04,265.29,131992.36,1039.16,10000.00,2000.00,2000.00,2000.00
2024-03-05,259.03,104739.39,1039.90,10000.00,2000.00,2000.00,2000.00
2024-03-06,262.05,115091.88,1047.32,10000.00,2000.00,2000.00,2000.00
2024-03-07,262.20,131224.92,1047.73,10000.00,2000.00,2000.00,2000.00
2024-03-08,264.17,116251.34,1044.92,10000.00,2000.00,2000.00,2000.00
2024-03-09,270.65,60140.07,1043.52,10000.00,2000.00,2000.00,2000.00
2024-03-10,270.14,72131.78,1040.89,10000.00,2000.00,2000.00,2000.00
2024-03-11,263.81,76511.50,1039.34,10000.00,2000.00,2000.00,2000.00
2024-03-12,261.90,84679.10,1044.11,10000.00,2000.00,2000.00,2000.00
2024-03-13,260.73,21068.92,1042.63,10000.00,2000.00,2000.00,2000.00
2024-03-14,255.86,19230.80,1051.66,10000.00,2000.00,2000.00,2000.00
2024-03-15,252.74,50584.41,1048.71,10000.00,2000.00,2000.00,2000.00
2024-03-16,252.87,62273.58,1045.99,10000.00,2000.00,2000.00,2000.00
2024-03-17,255.74,78641.17,1049.42,10000.00,2000.00,2000.00,2000.00
2024-03-18,252.69,97933.11,1051.16,10000.00,2000.00,2000.00,2000.00
2024-03-19,251.02,79208.45,1058.39,10000.00,2000.00,2000.00,2000.00
2024-03-20,251.12,93238.92,1060.63,10000.00,2000.00,2000.00,2000.00
2024-03-21,251.26,87781.28,1123.01,10000.00,2000.00,2000.00,2000.00
2024-03-22,250.62,108441.51,1065.21,10000.00,2000.00,2000.00,2000.00
2024-03-23,250.77,146676.87,1068.62,10000.00,2000.00,2000.00,2000.00
2024-03-24,250.55,179327.08,1067.04,10000.00,2000.00,2000.00,2000.00
2024-03-25,250.25,227778.36,1062.64,10000.00,2000.00,2000.00,2000.00
2024-03-26,250.24,282065.57,1060.33,10000.00,2000.00,2000.00,2000.00
2024-03-27,251.04,295879.31,1059.16,10000.00,2000.00,2000.00,2000.00
2024-03-28,251.56,328721.37,1054.20,10000.00,2000.00,2000.00,2000.00
2024-03-29,251.21,317871.32,1059.16,10000.00,2000.00,2000.00,2000.00
2024-03-30,250.69,323756.55,1054.84,10000.00,2000.00,2000.00,2000.00
2024-03-31,250.75,368145.30,1057.35,10000.00,2000.00,2000.00,2000.00
2024-04-01,251.81,356880.16,1047.50,10000.00,2000.00,2000.00,2000.00