Date,Arbitrum (#),zkSync Era (#),OP Mainnet (#),Base (#),Starknet (#),Manta Pacific (#),Blast (#)
2021-05-29,48.00,,,,,,
2021-05-30,25.00,,,,,,
2021-05-31,73.00,,,,,,
2021-06-01,44.00,,,,,,
2021-06-02,171.00,,,,,,
2021-06-03,114.00,,,,,,
2021-06-04,94.00,,,,,,
2021-06-05,18.00,,,,,,
2021-06-06,54.00,,,,,,
2021-06-07,223.00,,,,,,
2021-06-08,151.00,,,,,,
2021-06-09,138.00,,,,,,
2021-06-10,188.00,,,,,,
2021-06-11,123.00,,,,,,
2021-06-12,89.00,,,,,,
2021-06-13,161.00,,,,,,
2021-06-14,106.00,,,,,,
2021-06-15,277.00,,,,,,
2021-06-16,774.00,,,,,,
2021-06-17,1797.00,,,,,,
2021-06-18,1613.00,,,,,,
2021-06-19,1523.00,,,,,,
2021-06-20,1533.00,,,,,,
2021-06-21,1625.00,,,,,,
2021-06-22,3577.00,,,,,,
2021-06-23,4100.00,,,,,,
2021-06-24,3934.00,,,,,,
2021-06-25,3911.00,,,,,,
2021-06-26,3997.00,,,,,,
2021-06-27,4236.00,,,,,,
2021-06-28,4291.00,,,,,,
2021-06-29,4338.00,,,,,,
2021-06-30,4353.00,,,,,,
2021-07-01,4364.00,,,,,,
2021-07-02,4309.00,,,,,,
2021-07-03,4321.00,,,,,,
2021-07-04,4332.00,,,,,,
2021-07-05,4504.00,,,,,,
2021-07-06,4495.00,,,,,,
2021-07-07,4346.00,,,,,,
2021-07-08,4525.00,,,,,,
2021-07-09,4632.00,,,,,,
2021-07-10,4611.00,,,,,,
2021-07-11,4631.00,,,,,,
2021-07-12,4698.00,,,,,,
2021-07-13,4755.00,,,,,,
2021-07-14,5042.00,,,,,,
2021-07-15,4948.00,,,,,,
2021-07-16,4886.00,,,,,,
2021-07-17,4818.00,,,,,,
2021-07-18,4707.00,,,,,,
2021-07-19,4797.00,,,,,,
2021-07-20,4825.00,,,,,,
2021-07-21,4832.00,,,,,,
2021-07-22,5011.00,,,,,,
2021-07-23,4827.00,,,,,,
2021-07-24,1114.00,,,,,,
2021-07-25,4426.00,,,,,,
2021-07-26,5332.00,,,,,,
2021-07-27,5438.00,,,,,,
2021-07-28,5512.00,,,,,,
2021-07-29,5325.00,,,,,,
2021-07-30,4971.00,,,,,,
2021-07-31,4314.00,,,,,,
2021-08-01,4447.00,,,,,,
2021-08-02,4400.00,,,,,,
2021-08-03,4421.00,,,,,,
2021-08-04,4536.00,,,,,,
2021-08-05,4644.00,,,,,,
2021-08-06,2345.00,,,,,,
2021-08-07,324.00,,,,,,
2021-08-08,320.00,,,,,,
2021-08-09,364.00,,,,,,
2021-08-10,295.00,,,,,,
2021-08-11,289.00,,,,,,
2021-08-12,513.00,,,,,,
2021-08-13,253.00,,,,,,
2021-08-14,249.00,,,,,,
2021-08-15,224.00,,,,,,
2021-08-16,404.00,,,,,,
2021-08-17,527.00,,,,,,
2021-08-18,429.00,,,,,,
2021-08-19,436.00,,,,,,
2021-08-20,371.00,,,,,,
2021-08-21,274.00,,,,,,
2021-08-22,267.00,,,,,,
2021-08-23,242.00,,,,,,
2021-08-24,799.00,,,,,,
2021-08-25,1098.00,,,,,,
2021-08-26,857.00,,,,,,
2021-08-27,359.00,,,,,,
2021-08-28,705.00,,,,,,
2021-08-29,236.00,,,,,,
2021-08-30,718.00,,,,,,
2021-08-31,2309.00,,,,,,
2021-09-01,26326.00,,,,,,
2021-09-02,10205.00,,,,,,
2021-09-03,9445.00,,,,,,
2021-09-04,9721.00,,,,,,
2021-09-05,11920.00,,,,,,
2021-09-06,13301.00,,,,,,
2021-09-07,12812.00,,,,,,
2021-09-08,10976.00,,,,,,
2021-09-09,18050.00,,,,,,
2021-09-10,31163.00,,,,,,
2021-09-11,106839.00,,,,,,
2021-09-12,267608.00,,,,,,
2021-09-13,115475.00,,,,,,
2021-09-14,124495.00,,,,,,
2021-09-15,136745.00,,,,,,
2021-09-16,128495.00,,,,,,
2021-09-17,77614.00,,,,,,
2021-09-18,79071.00,,,,,,
2021-09-19,76844.00,,,,,,
2021-09-20,62969.00,,,,,,
2021-09-21,66540.00,,,,,,
2021-09-22,55432.00,,,,,,
2021-09-23,59888.00,,,,,,
2021-09-24,49999.00,,,,,,
2021-09-25,48730.00,,,,,,
2021-09-26,41324.00,,,,,,
2021-09-27,38789.00,,,,,,
2021-09-28,37341.00,,,,,,
2021-09-29,36531.00,,,,,,
2021-09-30,37560.00,,,,,,
2021-10-01,36607.00,,,,,,
2021-10-02,31722.00,,,,,,
2021-10-03,31617.00,,,,,,
2021-10-04,33217.00,,,,,,
2021-10-05,31108.00,,,,,,
2021-10-06,28683.00,,,,,,
2021-10-07,26212.00,,,,,,
2021-10-08,25912.00,,,,,,
2021-10-09,36597.00,,,,,,
2021-10-10,41559.00,,,,,,
2021-10-11,37902.00,,,,,,
2021-10-12,39015.00,,,,,,
2021-10-13,32918.00,,,,,,
2021-10-14,31659.00,,,,,,
2021-10-15,34374.00,,,,,,
2021-10-16,27880.00,,,,,,
2021-10-17,35581.00,,,,,,
2021-10-18,31372.00,,,,,,
2021-10-19,36025.00,,,,,,
2021-10-20,31422.00,,,,,,
2021-10-21,27044.00,,,,,,
2021-10-22,26192.00,,,,,,
2021-10-23,24445.00,,,,,,
2021-10-24,38788.00,,,,,,
2021-10-25,26696.00,,,,,,
2021-10-26,45962.00,,,,,,
2021-10-27,51498.00,,,,,,
2021-10-28,37721.00,,,,,,
2021-10-29,33851.00,,,,,,
2021-10-30,21005.00,,,,,,
2021-10-31,25183.00,,,,,,
2021-11-01,25769.00,,,,,,
2021-11-02,24051.00,,,,,,
2021-11-03,23020.00,,,,,,
2021-11-04,20008.00,,,,,,
2021-11-05,21539.00,,,,,,
2021-11-06,20000.00,,,,,,
2021-11-07,20533.00,,,,,,
2021-11-08,22725.00,,,,,,
2021-11-09,20942.00,,,,,,
2021-11-10,29098.00,,,,,,
2021-11-11,21954.00,,711.00,,,,
2021-11-12,22942.00,,30007.00,,,,
2021-11-13,22352.00,,23402.00,,,,
2021-11-14,22832.00,,28680.00,,,,
2021-11-15,22207.00,,24282.00,,,,
2021-11-16,26817.00,,41840.00,,69.00,,
2021-11-17,24849.00,,45970.00,,165.00,,
2021-11-18,22115.00,,43657.00,,168.00,,
2021-11-19,23953.00,,34463.00,,156.00,,
2021-11-20,40913.00,,29313.00,,153.00,,
2021-11-21,34871.00,,31205.00,,148.00,,
2021-11-22,32683.00,,35599.00,,154.00,,
2021-11-23,29368.00,,32060.00,,154.00,,
2021-11-24,29780.00,,31646.00,,345.00,,
2021-11-25,29682.00,,27847.00,,1459.00,,
2021-11-26,33672.00,,45291.00,,1529.00,,
2021-11-27,24535.00,,29753.00,,142.00,,
2021-11-28,31142.00,,36990.00,,154.00,,
2021-11-29,29027.00,,26287.00,,162.00,,
2021-11-30,29471.00,,37335.00,,149.00,,
2021-12-01,29514.00,,30050.00,,195.00,,
2021-12-02,25427.00,,30556.00,,285.00,,
2021-12-03,25410.00,,34696.00,,209.00,,
2021-12-04,32808.00,,52342.00,,158.00,,
2021-12-05,28492.00,,44626.00,,198.00,,
2021-12-06,30668.00,,45998.00,,203.00,,
2021-12-07,26940.00,,32904.00,,623.00,,
2021-12-08,35566.00,,39834.00,,712.00,,
2021-12-09,27253.00,,37800.00,,347.00,,
2021-12-10,28210.00,,43140.00,,294.00,,
2021-12-11,33508.00,,35612.00,,292.00,,
2021-12-12,31224.00,,31956.00,,292.00,,
2021-12-13,39851.00,,41080.00,,291.00,,
2021-12-14,28793.00,,53510.00,,331.00,,
2021-12-15,26855.00,,41980.00,,304.00,,
2021-12-16,20756.00,,29134.00,,355.00,,
2021-12-17,21004.00,,36229.00,,249.00,,
2021-12-18,20749.00,,33179.00,,260.00,,
2021-12-19,21604.00,,34678.00,,240.00,,
2021-12-20,22793.00,,35025.00,,253.00,,
2021-12-21,21277.00,,25266.00,,268.00,,
2021-12-22,22052.00,,31169.00,,512.00,,
2021-12-23,23394.00,,37113.00,,349.00,,
2021-12-24,19796.00,,40636.00,,261.00,,
2021-12-25,15123.00,,29829.00,,255.00,,
2021-12-26,18253.00,,41478.00,,319.00,,
2021-12-27,21030.00,,40529.00,,529.00,,
2021-12-28,24811.00,,45816.00,,715.00,,
2021-12-29,22237.00,,41491.00,,552.00,,
2021-12-30,29046.00,,35969.00,,339.00,,
2021-12-31,30178.00,,36152.00,,1045.00,,
2022-01-01,31580.00,,29714.00,,1016.00,,
2022-01-02,33447.00,,24215.00,,761.00,,
2022-01-03,34253.00,,34940.00,,664.00,,
2022-01-04,46264.00,,38047.00,,706.00,,
2022-01-05,44508.00,,46659.00,,432.00,,
2022-01-06,39768.00,,43698.00,,329.00,,
2022-01-07,41744.00,,53769.00,,265.00,,
2022-01-08,35689.00,,42384.00,,311.00,,
2022-01-09,17798.00,,38167.00,,319.00,,
2022-01-10,35335.00,,41393.00,,360.00,,
2022-01-11,28693.00,,31682.00,,474.00,,
2022-01-12,26543.00,,27994.00,,647.00,,
2022-01-13,28879.00,,31077.00,,575.00,,
2022-01-14,30390.00,,26440.00,,409.00,,
2022-01-15,30430.00,,21734.00,,392.00,,
2022-01-16,34840.00,,21154.00,,453.00,,
2022-01-17,34896.00,,24972.00,,446.00,,
2022-01-18,34700.00,,30689.00,,476.00,,
2022-01-19,31089.00,,35680.00,,670.00,,
2022-01-20,38749.00,,32737.00,,1096.00,,
2022-01-21,48654.00,,69297.00,,960.00,,
2022-01-22,45992.00,,90805.00,,762.00,,
2022-01-23,30276.00,,52123.00,,673.00,,
2022-01-24,63581.00,,81910.00,,258.00,,
2022-01-25,57715.00,,47794.00,,458.00,,
2022-01-26,71334.00,,48721.00,,982.00,,
2022-01-27,50949.00,,48109.00,,786.00,,
2022-01-28,39402.00,,43774.00,,979.00,,
2022-01-29,35693.00,,30900.00,,1214.00,,
2022-01-30,51373.00,,31493.00,,1046.00,,
2022-01-31,36674.00,,38935.00,,1322.00,,
2022-02-01,36789.00,,34449.00,,956.00,,
2022-02-02,36313.00,,43833.00,,915.00,,
2022-02-03,37498.00,,37329.00,,756.00,,
2022-02-04,35721.00,,35839.00,,740.00,,
2022-02-05,32113.00,,33860.00,,923.00,,
2022-02-06,72845.00,,27472.00,,1465.00,,
2022-02-07,70366.00,,34432.00,,1158.00,,
2022-02-08,78680.00,,40130.00,,767.00,,
2022-02-09,85142.00,,30955.00,,738.00,,
2022-02-10,73865.00,,38085.00,,658.00,,
2022-02-11,67814.00,,40021.00,,654.00,,
2022-02-12,66820.00,,34119.00,,548.00,,
2022-02-13,60008.00,,27116.00,,657.00,,
2022-02-14,68092.00,,32398.00,,616.00,,
2022-02-15,76133.00,,32376.00,,675.00,,
2022-02-16,73823.00,,31526.00,,823.00,,
2022-02-17,76124.00,,30387.00,,712.00,,
2022-02-18,75234.00,,20999.00,,704.00,,
2022-02-19,72019.00,,16452.00,,716.00,,
2022-02-20,94795.00,,22340.00,,716.00,,
2022-02-21,100826.00,,30640.00,,668.00,,
2022-02-22,105852.00,,29410.00,,677.00,,
2022-02-23,87250.00,,29383.00,,822.00,,
2022-02-24,106633.00,,61397.00,,791.00,,
2022-02-25,80525.00,,40934.00,,651.00,,
2022-02-26,81001.00,,27644.00,,633.00,,
2022-02-27,89372.00,,32725.00,,657.00,,
2022-02-28,79774.00,,41658.00,,495.00,,
2022-03-01,77414.00,,33048.00,,445.00,,
2022-03-02,122384.00,,33810.00,,436.00,,
2022-03-03,73572.00,,26899.00,,419.00,,
2022-03-04,46390.00,,34927.00,,535.00,,
2022-03-05,30237.00,,23815.00,,489.00,,
2022-03-06,34519.00,,28540.00,,428.00,,
2022-03-07,61283.00,,36432.00,,507.00,,
2022-03-08,71260.00,,36763.00,,556.00,,
2022-03-09,71514.00,,37875.00,,457.00,,
2022-03-10,47547.00,,44041.00,,450.00,,
2022-03-11,53198.00,,37214.00,,573.00,,
2022-03-12,58682.00,,22368.00,,841.00,,
2022-03-13,44570.00,,22920.00,,823.00,,
2022-03-14,52050.00,,28450.00,,899.00,,
2022-03-15,55317.00,,27622.00,,764.00,,
2022-03-16,63500.00,,45719.00,,779.00,,
2022-03-17,60147.00,,29603.00,,709.00,,
2022-03-18,55490.00,,31170.00,,980.00,,
2022-03-19,48398.00,,32980.00,,639.00,,
2022-03-20,53226.00,,33236.00,,538.00,,
2022-03-21,57450.00,,34863.00,,1051.00,,
2022-03-22,66249.00,,36235.00,,965.00,,
2022-03-23,103030.00,,42073.00,,1076.00,,
2022-03-24,100366.00,,50623.00,,655.00,,
2022-03-25,82758.00,,42618.00,,704.00,,
2022-03-26,56258.00,,30465.00,,397.00,,
2022-03-27,64706.00,,33248.00,,426.00,,
2022-03-28,73990.00,,52974.00,,509.00,,
2022-03-29,71999.00,,58815.00,,621.00,,
2022-03-30,84469.00,,62668.00,,1016.00,,
2022-03-31,70387.00,,59580.00,,617.00,,
2022-04-01,82005.00,,54464.00,,1032.00,,
2022-04-02,138670.00,,47005.00,,716.00,,
2022-04-03,62239.00,,40011.00,,1035.00,,
2022-04-04,58239.00,,42595.00,,781.00,,
2022-04-05,49022.00,,36914.00,,1048.00,,
2022-04-06,62224.00,,72330.00,,939.00,,
2022-04-07,57064.00,,51748.00,,792.00,,
2022-04-08,54635.00,,52867.00,,626.00,,
2022-04-09,45127.00,,38216.00,,775.00,,
2022-04-10,42533.00,,35347.00,,484.00,,
2022-04-11,60086.00,,62052.00,,444.00,,
2022-04-12,54517.00,,47981.00,,320.00,,
2022-04-13,54326.00,,44517.00,,914.00,,
2022-04-14,59918.00,,48453.00,,403.00,,
2022-04-15,68368.00,,44228.00,,479.00,,
2022-04-16,57816.00,,34618.00,,807.00,,
2022-04-17,61625.00,,38313.00,,434.00,,
2022-04-18,64230.00,,45485.00,,358.00,,
2022-04-19,76323.00,,49401.00,,374.00,,
2022-04-20,98533.00,,83864.00,,584.00,,
2022-04-21,77405.00,,71619.00,,552.00,,
2022-04-22,76262.00,,66816.00,,538.00,,
2022-04-23,65539.00,,64676.00,,541.00,,
2022-04-24,60351.00,,63263.00,,579.00,,
2022-04-25,71053.00,,63603.00,,633.00,,
2022-04-26,66352.00,,76087.00,,563.00,,
2022-04-27,90196.00,,94305.00,,748.00,,
2022-04-28,88372.00,,66252.00,,1217.00,,
2022-04-29,92474.00,,70823.00,,1625.00,,
2022-04-30,91691.00,,75047.00,,1297.00,,
2022-05-01,56272.00,,55612.00,,1014.00,,
2022-05-02,77136.00,,59378.00,,865.00,,
2022-05-03,75275.00,,53887.00,,1174.00,,
2022-05-04,88701.00,,78199.00,,1241.00,,
2022-05-05,85195.00,,81367.00,,915.00,,
2022-05-06,96739.00,,88490.00,,849.00,,
2022-05-07,89751.00,,73399.00,,1383.00,,
2022-05-08,106916.00,,87382.00,,1263.00,,
2022-05-09,133735.00,,129371.00,,2863.00,,
2022-05-10,113348.00,,164480.00,,5936.00,,
2022-05-11,123145.00,,215790.00,,7086.00,,
2022-05-12,118514.00,,162661.00,,2760.00,,
2022-05-13,73092.00,,111875.00,,4735.00,,
2022-05-14,82978.00,,86771.00,,5681.00,,
2022-05-15,89754.00,,72383.00,,8851.00,,
2022-05-16,106053.00,,77079.00,,7631.00,,
2022-05-17,95457.00,,58523.00,,3487.00,,
2022-05-18,91139.00,,67093.00,,6196.00,,
2022-05-19,90118.00,,69988.00,,2786.00,,
2022-05-20,86043.00,,62556.00,,3372.00,,
2022-05-21,80448.00,,55305.00,,4363.00,,
2022-05-22,78325.00,,54105.00,,6272.00,,
2022-05-23,87489.00,,68596.00,,4758.00,,
2022-05-24,83054.00,,66511.00,,5591.00,,
2022-05-25,72361.00,,62354.00,,3375.00,,
2022-05-26,74753.00,,74031.00,,5313.00,,
2022-05-27,80659.00,,89510.00,,4790.00,,
2022-05-28,73438.00,,61240.00,,3203.00,,
2022-05-29,75463.00,,52397.00,,2598.00,,
2022-05-30,80859.00,,67407.00,,5561.00,,
2022-05-31,83525.00,,273789.00,,5511.00,,
2022-06-01,97129.00,,487814.00,,4749.00,,
2022-06-02,102699.00,,246024.00,,6645.00,,
2022-06-03,90152.00,,131665.00,,6317.00,,
2022-06-04,92070.00,,109230.00,,5750.00,,
2022-06-05,89497.00,,89594.00,,6246.00,,
2022-06-06,104157.00,,96833.00,,8187.00,,
2022-06-07,116621.00,,109881.00,,6710.00,,
2022-06-08,92291.00,,108684.00,,4491.00,,
2022-06-09,88937.00,,91974.00,,4008.00,,
2022-06-10,83517.00,,102377.00,,3856.00,,
2022-06-11,105899.00,,118200.00,,5026.00,,
2022-06-12,99682.00,,141389.00,,4789.00,,
2022-06-13,128732.00,,192835.00,,2677.00,,
2022-06-14,117981.00,,153278.00,,2477.00,,
2022-06-15,131470.00,,168018.00,,4640.00,,
2022-06-16,103413.00,,117740.00,,992.00,,
2022-06-17,111090.00,,90752.00,,3020.00,,
2022-06-18,111783.00,,109211.00,,4651.00,,
2022-06-19,94115.00,,116132.00,,1139.00,,
2022-06-20,96005.00,,112747.00,,5554.00,,
2022-06-21,121008.00,,110025.00,,3676.00,,
2022-06-22,197854.00,,126865.00,,2645.00,,
2022-06-23,169197.00,,105185.00,,2517.00,,
2022-06-24,185443.00,,115759.00,,1922.00,,
2022-06-25,196837.00,,107459.00,,1833.00,,
2022-06-26,240505.00,,119375.00,,3087.00,,
2022-06-27,287019.00,,146701.00,,2187.00,,
2022-06-28,213912.00,,69818.00,,2938.00,,
2022-06-29,243907.00,,77103.00,,1475.00,,
2022-06-30,156842.00,,78560.00,,13170.00,,
2022-07-01,111532.00,,88363.00,,8513.00,,
2022-07-02,98540.00,,59302.00,,1622.00,,
2022-07-03,83768.00,,60144.00,,1751.00,,
2022-07-04,88084.00,,73263.00,,1654.00,,
2022-07-05,75613.00,,66086.00,,1207.00,,
2022-07-06,76205.00,,71079.00,,2321.00,,
2022-07-07,70252.00,,56529.00,,1846.00,,
2022-07-08,68393.00,,77062.00,,1473.00,,
2022-07-09,62997.00,,54387.00,,1483.00,,
2022-07-10,58855.00,,55608.00,,1560.00,,
2022-07-11,58493.00,,61772.00,,960.00,,
2022-07-12,66184.00,,57982.00,,1316.00,,
2022-07-13,87808.00,,82771.00,,1726.00,,
2022-07-14,78018.00,,84758.00,,2272.00,,
2022-07-15,73912.00,,96168.00,,1360.00,,
2022-07-16,76830.00,,86163.00,,2139.00,,
2022-07-17,88615.00,,92441.00,,1261.00,,
2022-07-18,116795.00,,127899.00,,1871.00,,
2022-07-19,110085.00,,129440.00,,12556.00,,
2022-07-20,107832.00,,130063.00,,1778.00,,
2022-07-21,104285.00,,115780.00,,2766.00,,
2022-07-22,91792.00,,123503.00,,1891.00,,
2022-07-23,77243.00,,122753.00,,1725.00,,
2022-07-24,91852.00,,120842.00,,2159.00,,
2022-07-25,100219.00,,111980.00,,1721.00,,
2022-07-26,92315.00,,120125.00,,1061.00,,
2022-07-27,90729.00,,215747.00,,1129.00,,
2022-07-28,102108.00,,239974.00,,1000.00,,
2022-07-29,93810.00,,271724.00,,1055.00,,
2022-07-30,89154.00,,213770.00,,1566.00,,
2022-07-31,97705.00,,170069.00,,2253.00,,
2022-08-01,86478.00,,148899.00,,18077.00,,
2022-08-02,91211.00,,184361.00,,5818.00,,
2022-08-03,98642.00,,195589.00,,3866.00,,
2022-08-04,87285.00,,220004.00,,3921.00,,
2022-08-05,100436.00,,215635.00,,4107.00,,
2022-08-06,89923.00,,142749.00,,5545.00,,
2022-08-07,92965.00,,112160.00,,8251.00,,
2022-08-08,106276.00,,154660.00,,5267.00,,
2022-08-09,113241.00,,123248.00,,4701.00,,
2022-08-10,107303.00,,152731.00,,6350.00,,
2022-08-11,103906.00,,142975.00,,2679.00,,
2022-08-12,77777.00,,105903.00,,2437.00,,
2022-08-13,81301.00,,104221.00,,2417.00,,
2022-08-14,87100.00,,103694.00,,2746.00,,
2022-08-15,95595.00,,135004.00,,2966.00,,
2022-08-16,102034.00,,176305.00,,3422.00,,
2022-08-17,112710.00,,137055.00,,3759.00,,
2022-08-18,89905.00,,111102.00,,4414.00,,
2022-08-19,117833.00,,168662.00,,3090.00,,
2022-08-20,96816.00,,140351.00,,3613.00,,
2022-08-21,97617.00,,110442.00,,4466.00,,
2022-08-22,101569.00,,120883.00,,3379.00,,
2022-08-23,107840.00,,131952.00,,3106.00,,
2022-08-24,101861.00,,122949.00,,2851.00,,
2022-08-25,116302.00,,101514.00,,2555.00,,
2022-08-26,184507.00,,137911.00,,3120.00,,
2022-08-27,149275.00,,116025.00,,3079.00,,
2022-08-28,179422.00,,115266.00,,3411.00,,
2022-08-29,159310.00,,138127.00,,2977.00,,
2022-08-30,179382.00,,172215.00,,2698.00,,
2022-08-31,255142.00,,154029.00,,2255.00,,
2022-09-01,318777.00,,195086.00,,1579.00,,
2022-09-02,325874.00,,143284.00,,1548.00,,
2022-09-03,298816.00,,106175.00,,2649.00,,
2022-09-04,327882.00,,94642.00,,3636.00,,
2022-09-05,349913.00,,103107.00,,3822.00,,
2022-09-06,442937.00,,158564.00,,3433.00,,
2022-09-07,431594.00,,121422.00,,2904.00,,
2022-09-08,407230.00,,114636.00,,2002.00,,
2022-09-09,393351.00,,127790.00,,1534.00,,
2022-09-10,315636.00,,104117.00,,1396.00,,
2022-09-11,302401.00,,103759.00,,1501.00,,
2022-09-12,326419.00,,119171.00,,1960.00,,
2022-09-13,400174.00,,149004.00,,16982.00,,
2022-09-14,308956.00,,130732.00,,1814.00,,
2022-09-15,311439.00,,173611.00,,1615.00,,
2022-09-16,276977.00,,124079.00,,6289.00,,
2022-09-17,223394.00,,85182.00,,2550.00,,
2022-09-18,269940.00,,110520.00,,2367.00,,
2022-09-19,349680.00,,148858.00,,2135.00,,
2022-09-20,458399.00,,226936.00,,4350.00,,
2022-09-21,511749.00,,348109.00,,3423.00,,
2022-09-22,476719.00,,274962.00,,2290.00,,
2022-09-23,449409.00,,319024.00,,1624.00,,
2022-09-24,389686.00,,211730.00,,1863.00,,
2022-09-25,417925.00,,221118.00,,2032.00,,
2022-09-26,425133.00,,222407.00,,3126.00,,
2022-09-27,384853.00,,206200.00,,2441.00,,
2022-09-28,461793.00,,263168.00,,2535.00,,
2022-09-29,393430.00,,237450.00,,4081.00,,
2022-09-30,379147.00,,240545.00,,3588.00,,
2022-10-01,382293.00,,213504.00,,3157.00,,
2022-10-02,414204.00,,227823.00,,6309.00,,
2022-10-03,345687.00,,191750.00,,10594.00,,
2022-10-04,354841.00,,179321.00,,3897.00,,
2022-10-05,408151.00,,247165.00,,3664.00,,
2022-10-06,399403.00,,257540.00,,3691.00,,
2022-10-07,424009.00,,211184.00,,3350.00,,
2022-10-08,419906.00,,196213.00,,2911.00,,
2022-10-09,352054.00,,129927.00,,2461.00,,
2022-10-10,292696.00,,135594.00,,2456.00,,
2022-10-11,321412.00,,179074.00,,3183.00,,
2022-10-12,330803.00,,181653.00,,2182.00,,
2022-10-13,396440.00,,268025.00,,1580.00,,
2022-10-14,410609.00,,183416.00,,1527.00,,
2022-10-15,338738.00,,192696.00,,2291.00,,
2022-10-16,345288.00,,192951.00,,4239.00,,
2022-10-17,396383.00,,175297.00,,2477.00,,
2022-10-18,425983.00,,190270.00,,2647.00,,
2022-10-19,649612.00,,166494.00,,6395.00,,
2022-10-20,655935.00,,170062.00,,9138.00,,
2022-10-21,464670.00,,190770.00,,9623.00,,
2022-10-22,449415.00,,166293.00,,10236.00,,
2022-10-23,497455.00,,210865.00,,14930.00,,
2022-10-24,590981.00,,209287.00,,14686.00,,
2022-10-25,632698.00,,259756.00,,17226.00,,
2022-10-26,709327.00,,289588.00,,19015.00,,
2022-10-27,723488.00,,297100.00,,16063.00,,
2022-10-28,670506.00,,270044.00,,14424.00,,
2022-10-29,633127.00,,284742.00,,12986.00,,
2022-10-30,654318.00,,285441.00,,13419.00,,
2022-10-31,657897.00,,264745.00,,12788.00,,
2022-11-01,667831.00,,290724.00,,13589.00,,
2022-11-02,624879.00,,314801.00,,13720.00,,
2022-11-03,578784.00,,295421.00,,15344.00,,
2022-11-04,572501.00,,343829.00,,12570.00,,
2022-11-05,615928.00,,358613.00,,12276.00,,
2022-11-06,653691.00,,393770.00,,12934.00,,
2022-11-07,682823.00,,350527.00,,11979.00,,
2022-11-08,881657.00,,477324.00,,9126.00,,
2022-11-09,880436.00,,499720.00,,7638.00,,
2022-11-10,763343.00,,336375.00,,8278.00,,
2022-11-11,774066.00,,401788.00,,8902.00,,
2022-11-12,626309.00,,330581.00,,8227.00,,
2022-11-13,595683.00,,304406.00,,8757.00,,
2022-11-14,621994.00,,328158.00,,11529.00,,
2022-11-15,609234.00,,302898.00,,14584.00,,
2022-11-16,607614.00,,297640.00,,15984.00,,
2022-11-17,565466.00,,320277.00,,19163.00,,
2022-11-18,552561.00,,318779.00,,26344.00,,
2022-11-19,750610.00,,393615.00,,23381.00,,
2022-11-20,810418.00,,394107.00,,21658.00,,
2022-11-21,812416.00,,417687.00,,22030.00,,
2022-11-22,764416.00,,385788.00,,18094.00,,
2022-11-23,703142.00,,411735.00,,19010.00,,
2022-11-24,624725.00,,426799.00,,20201.00,,
2022-11-25,623376.00,,361965.00,,19531.00,,
2022-11-26,601650.00,,363635.00,,20457.00,,
2022-11-27,583109.00,,366053.00,,20732.00,,
2022-11-28,611802.00,,335026.00,,16278.00,,
2022-11-29,660361.00,,345501.00,,21754.00,,
2022-11-30,685158.00,,369005.00,,27898.00,,
2022-12-01,639631.00,,357831.00,,22800.00,,
2022-12-02,645790.00,,355633.00,,18882.00,,
2022-12-03,646140.00,,344441.00,,20857.00,,
2022-12-04,685202.00,,348802.00,,24645.00,,
2022-12-05,621701.00,,370782.00,,27833.00,,
2022-12-06,639827.00,,347133.00,,26717.00,,
2022-12-07,602160.00,,349876.00,,37882.00,,
2022-12-08,589295.00,,407892.00,,51934.00,,
2022-12-09,553244.00,,362898.00,,19603.00,,
2022-12-10,499558.00,,454766.00,,18866.00,,
2022-12-11,483731.00,,423485.00,,17493.00,,
2022-12-12,652590.00,,448852.00,,15941.00,,
2022-12-13,631483.00,,512257.00,,14182.00,,
2022-12-14,617447.00,,590670.00,,21388.00,,
2022-12-15,663867.00,,473928.00,,20921.00,,
2022-12-16,610509.00,,468702.00,,21138.00,,
2022-12-17,517871.00,,538130.00,,14054.00,,
2022-12-18,472888.00,,437497.00,,11916.00,,
2022-12-19,483689.00,,409962.00,,13589.00,,
2022-12-20,553987.00,,538228.00,,13088.00,,
2022-12-21,568764.00,,600810.00,,15651.00,,
2022-12-22,526830.00,,544547.00,,17338.00,,
2022-12-23,512374.00,,502035.00,,15332.00,,
2022-12-24,582951.00,,461441.00,,12535.00,,
2022-12-25,540733.00,,521911.00,,15425.00,,
2022-12-26,482101.00,,507812.00,,16405.00,,
2022-12-27,441451.00,,520519.00,,14081.00,,
2022-12-28,440977.00,,599310.00,,12915.00,,
2022-12-29,413831.00,,566184.00,,11490.00,,
2022-12-30,533377.00,,583101.00,,12281.00,,
2022-12-31,392770.00,,465696.00,,7811.00,,
2023-01-01,307757.00,,378464.00,,7109.00,,
2023-01-02,389829.00,,398730.00,,10055.00,,
2023-01-03,531308.00,,506572.00,,13414.00,,
2023-01-04,620288.00,,526869.00,,20740.00,,
2023-01-05,452514.00,,513552.00,,19636.00,,
2023-01-06,472134.00,,632342.00,,20346.00,,
2023-01-07,444135.00,,691414.00,,18279.00,,
2023-01-08,424825.00,,598011.00,,16826.00,,
2023-01-09,525380.00,,646707.00,,14558.00,,
2023-01-10,542180.00,,597023.00,,12115.00,,
2023-01-11,560477.00,,612727.00,,10159.00,,
2023-01-12,590483.00,,800235.00,,10619.00,,
2023-01-13,507611.00,,734402.00,,8090.00,,
2023-01-14,586745.00,,737191.00,,8968.00,,
2023-01-15,537689.00,,671002.00,,9596.00,,
2023-01-16,514849.00,,689184.00,,8248.00,,
2023-01-17,496512.00,,602536.00,,7513.00,,
2023-01-18,494925.00,,239760.00,,7772.00,,
2023-01-19,448308.00,,165677.00,,12198.00,,
2023-01-20,481692.00,,197955.00,,5704.00,,
2023-01-21,493413.00,,237165.00,,6125.00,,
2023-01-22,476488.00,,193459.00,,7494.00,,
2023-01-23,513780.00,,187460.00,,6598.00,,
2023-01-24,524551.00,,202276.00,,6709.00,,
2023-01-25,553032.00,,238649.00,,8843.00,,
2023-01-26,610354.00,,204691.00,,11151.00,,
2023-01-27,674251.00,,190139.00,,14037.00,,
2023-01-28,571742.00,,151678.00,,16355.00,,
2023-01-29,609598.00,,158740.00,,10261.00,,
2023-01-30,679157.00,,202742.00,,7569.00,,
2023-01-31,601247.00,,167111.00,,13072.00,,
2023-02-01,689511.00,,212743.00,,12062.00,,
2023-02-02,703611.00,,236961.00,,10692.00,,
2023-02-03,634084.00,,183817.00,,9818.00,,
2023-02-04,672678.00,,151244.00,,13334.00,,
2023-02-05,711639.00,,157104.00,,17523.00,,
2023-02-06,749040.00,,176029.00,,14912.00,,
2023-02-07,806330.00,,178237.00,,9774.00,,
2023-02-08,840798.00,,198285.00,,9040.00,,
2023-02-09,798217.00,,262756.00,,11453.00,,
2023-02-10,805486.00,,280593.00,,14061.00,,
2023-02-11,658920.00,,186101.00,,13593.00,,
2023-02-12,729268.00,,196841.00,,14573.00,,
2023-02-13,789647.00,,223155.00,,11475.00,,
2023-02-14,826216.00,6.00,202642.00,,13691.00,,
2023-02-15,877055.00,18.00,205959.00,,8994.00,,
2023-02-16,942707.00,112.00,264107.00,,7676.00,,
2023-02-17,1010940.00,30.00,206760.00,,10244.00,,
2023-02-18,968631.00,1.00,163304.00,,11109.00,,
2023-02-19,1025597.00,1.00,225583.00,,13343.00,,
2023-02-20,1266868.00,814.00,193188.00,,13748.00,,
2023-02-21,1438567.00,33.00,192222.00,,10074.00,,
2023-02-22,1432629.00,102.00,264852.00,,10125.00,,
2023-02-23,1289012.00,115.00,309646.00,,9121.00,,
2023-02-24,1097027.00,68.00,429779.00,,9890.00,,
2023-02-25,955078.00,16.00,286135.00,,16581.00,,
2023-02-26,892130.00,7.00,269707.00,,16672.00,,
2023-02-27,1166837.00,27.00,257857.00,,15360.00,,
2023-02-28,1043458.00,15.00,194782.00,,12795.00,,
2023-03-01,996803.00,181.00,208587.00,,11723.00,,
2023-03-02,969253.00,2338.00,211160.00,,13911.00,,
2023-03-03,950094.00,1842.00,205687.00,,14282.00,,
2023-03-04,837088.00,1817.00,162656.00,,17541.00,,
2023-03-05,754120.00,1261.00,156698.00,,15964.00,,
2023-03-06,863757.00,35.00,160135.00,,13382.00,,
2023-03-07,905371.00,16.00,195612.00,,15431.00,,
2023-03-08,980596.00,21.00,232478.00,,12558.00,,
2023-03-09,1071108.00,31.00,278181.00,,9817.00,,
2023-03-10,1072002.00,26.00,278979.00,,13351.00,,
2023-03-11,917546.00,2.00,235660.00,,3585.00,,
2023-03-12,813816.00,12.00,227099.00,,21060.00,,
2023-03-13,907923.00,8.00,263892.00,,13943.00,,
2023-03-14,1111384.00,10.00,271272.00,,17189.00,,
2023-03-15,1115073.00,12.00,307814.00,,19755.00,,
2023-03-16,1419870.00,9.00,267288.00,,26530.00,,
2023-03-17,1341961.00,28.00,253318.00,,55618.00,,
2023-03-18,1300686.00,14.00,249821.00,,84701.00,,
2023-03-19,1277077.00,33.00,235239.00,,92387.00,,
2023-03-20,1391840.00,45.00,259759.00,,108009.00,,
2023-03-21,1660413.00,20.00,261385.00,,115523.00,,
2023-03-22,1568250.00,62.00,265773.00,,114658.00,,
2023-03-23,3093127.00,214.00,228684.00,,105462.00,,
2023-03-24,2172367.00,81035.00,234153.00,,131405.00,,
2023-03-25,1459334.00,392438.00,208785.00,,145489.00,,
2023-03-26,1392937.00,435063.00,218830.00,,145854.00,,
2023-03-27,1519307.00,343445.00,238489.00,,121255.00,,
2023-03-28,1406401.00,329348.00,277360.00,,111983.00,,
2023-03-29,1359162.00,315544.00,251284.00,,87368.00,,
2023-03-30,1831549.00,289683.00,287973.00,,83344.00,,
2023-03-31,1348850.00,400990.00,280496.00,,119582.00,,
2023-04-01,1205832.00,347096.00,215826.00,,132261.00,,
2023-04-02,1315024.00,401133.00,232678.00,,149809.00,,
2023-04-03,1626408.00,416704.00,261169.00,,108931.00,,
2023-04-04,1348899.00,368654.00,296560.00,,115256.00,,
2023-04-05,1431841.00,306959.00,342582.00,,76226.00,,
2023-04-06,1488821.00,390227.00,457129.00,,111870.00,,
2023-04-07,1299360.00,389140.00,373135.00,,183512.00,,
2023-04-08,1329329.00,423136.00,416424.00,,183302.00,,
2023-04-09,1501549.00,438409.00,475476.00,,168389.00,,
2023-04-10,1412938.00,445793.00,440560.00,,164133.00,,
2023-04-11,1396352.00,426313.00,427368.00,,163833.00,,
2023-04-12,1412174.00,423833.00,455899.00,,176350.00,,
2023-04-13,1378816.00,291441.00,393835.00,,123923.00,,
2023-04-14,1673122.00,291438.00,437939.00,,122913.00,,
2023-04-15,1676630.00,330079.00,418906.00,,149338.00,,
2023-04-16,1455264.00,307407.00,402284.00,,134666.00,,
2023-04-17,2287339.00,248052.00,387682.00,,116882.00,,
2023-04-18,1720218.00,180110.00,343260.00,,77846.00,,
2023-04-19,1920827.00,154180.00,351500.00,,63994.00,,
2023-04-20,1806067.00,116758.00,297362.00,,80011.00,,
2023-04-21,1447565.00,183973.00,337775.00,,68498.00,,
2023-04-22,1731614.00,231975.00,319998.00,,92859.00,,
2023-04-23,1608523.00,228800.00,318794.00,,95168.00,,
2023-04-24,1660078.00,230858.00,291431.00,,82088.00,,
2023-04-25,1610221.00,291740.00,299161.00,,85753.00,,
2023-04-26,1562914.00,286675.00,322778.00,,95848.00,,
2023-04-27,1602340.00,314538.00,286836.00,,93843.00,,
2023-04-28,1240232.00,296226.00,250759.00,,89853.00,,
2023-04-29,1248571.00,301636.00,244483.00,,77207.00,,
2023-04-30,1597104.00,301690.00,239690.00,,67716.00,,
2023-05-01,1358817.00,266380.00,170717.00,,29522.00,,
2023-05-02,1411403.00,120825.00,162914.00,,34097.00,,
2023-05-03,1382979.00,145862.00,282669.00,,50622.00,,
2023-05-04,1274389.00,249732.00,209313.00,,65847.00,,
2023-05-05,1315822.00,105195.00,148306.00,,39603.00,,
2023-05-06,1490653.00,82841.00,132132.00,,35292.00,,
2023-05-07,1211000.00,88676.00,128033.00,,70387.00,,
2023-05-08,1215352.00,131411.00,148981.00,,126876.00,,
2023-05-09,1460428.00,159137.00,163756.00,,240195.00,,
2023-05-10,1359918.00,341299.00,180227.00,,68643.00,,
2023-05-11,1456417.00,309702.00,209172.00,,186330.00,,
2023-05-12,1259472.00,305228.00,283029.00,,198602.00,,
2023-05-13,1101202.00,704088.00,245351.00,,251892.00,,
2023-05-14,1061900.00,580734.00,247495.00,,203664.00,,
2023-05-15,1112826.00,587822.00,257793.00,,212430.00,,
2023-05-16,1131957.00,1036798.00,325771.00,,263671.00,,
2023-05-17,1084846.00,966287.00,337461.00,,175304.00,,
2023-05-18,1035230.00,533887.00,394342.00,,209827.00,,
2023-05-19,1029890.00,517833.00,209440.00,,231736.00,,
2023-05-20,1032333.00,663689.00,219073.00,,214899.00,,
2023-05-21,1009317.00,804821.00,263315.00,,174327.00,,
2023-05-22,1066426.00,575167.00,259720.00,,155148.00,,
2023-05-23,1183249.00,472811.00,304624.00,,142223.00,,
2023-05-24,1270487.00,607211.00,326198.00,,211795.00,,
2023-05-25,1456980.00,629565.00,320635.00,,184794.00,,
2023-05-26,1337337.00,763056.00,327475.00,,178236.00,,
2023-05-27,1187430.00,819731.00,306179.00,,209014.00,,
2023-05-28,1168022.00,781741.00,290474.00,,159218.00,,
2023-05-29,1215413.00,617806.00,290959.00,,142014.00,,
2023-05-30,1361223.00,509671.00,314845.00,,142297.00,,
2023-05-31,1251973.00,685269.00,349502.00,,195697.00,,
2023-06-01,1082549.00,486021.00,276917.00,,195777.00,,
2023-06-02,1162353.00,663066.00,309816.00,,193646.00,,
2023-06-03,1305618.00,790380.00,333348.00,,186118.00,,
2023-06-04,1146275.00,888058.00,328883.00,,219591.00,,
2023-06-05,1221567.00,661209.00,335652.00,,158154.00,,
2023-06-06,1311874.00,716786.00,271226.00,,185286.00,,
2023-06-07,1132234.00,661483.00,425272.00,,194878.00,,
2023-06-08,1057776.00,629013.00,438274.00,,204813.00,,
2023-06-09,1105546.00,647695.00,465199.00,,192555.00,,
2023-06-10,1295872.00,583048.00,471832.00,,140090.00,,
2023-06-11,1145653.00,769275.00,430507.00,,149651.00,,
2023-06-12,1339303.00,803193.00,462662.00,,169463.00,,
2023-06-13,1203813.00,789636.00,500126.00,,177740.00,,
2023-06-14,1186534.00,801284.00,578827.00,,120154.00,,
2023-06-15,1183198.00,712046.00,544900.00,42140.00,158254.00,,
2023-06-16,1130185.00,724987.00,458821.00,43203.00,118919.00,,
2023-06-17,1049174.00,729036.00,421211.00,43204.00,114060.00,,
2023-06-18,987585.00,687056.00,404224.00,43200.00,106072.00,,
2023-06-19,1085100.00,712105.00,426329.00,43203.00,110788.00,,
2023-06-20,1172144.00,765145.00,475476.00,43205.00,97802.00,,
2023-06-21,1286184.00,701337.00,573145.00,43202.00,108104.00,,
2023-06-22,1140452.00,643675.00,567639.00,43202.00,179254.00,,
2023-06-23,1104026.00,654693.00,575402.00,43201.00,157964.00,,
2023-06-24,1009110.00,757898.00,494026.00,43200.00,134583.00,,
2023-06-25,1092457.00,867732.00,553608.00,43200.00,149043.00,,
2023-06-26,1210522.00,874586.00,596029.00,43201.00,170033.00,,
2023-06-27,1224571.00,834321.00,657861.00,43202.00,173808.00,,
2023-06-28,1194489.00,879506.00,634580.00,43215.00,154991.00,,
2023-06-29,1250702.00,729175.00,593265.00,43219.00,148894.00,,
2023-06-30,1345549.00,668892.00,562109.00,43203.00,145287.00,,
2023-07-01,1036854.00,782337.00,564512.00,43200.00,169042.00,,
2023-07-02,1085639.00,857198.00,490015.00,43200.00,150984.00,,
2023-07-03,1173265.00,745672.00,518701.00,43200.00,154449.00,,
2023-07-04,1091375.00,843539.00,468935.00,43208.00,174778.00,,
2023-07-05,994395.00,396474.00,359682.00,43207.00,72172.00,,
2023-07-06,1077456.00,517061.00,429033.00,43213.00,69213.00,,
2023-07-07,1074298.00,745432.00,397627.00,43206.00,107652.00,,
2023-07-08,1054804.00,970832.00,487276.00,43200.00,117018.00,,
2023-07-09,1021985.00,954845.00,485996.00,43200.00,206216.00,,
2023-07-10,1086658.00,946544.00,474418.00,43220.00,195836.00,,
2023-07-11,1075866.00,977473.00,484344.00,43285.00,217033.00,,
2023-07-12,1080772.00,979329.00,486718.00,43265.00,204085.00,,
2023-07-13,1180048.00,898459.00,538857.00,44103.00,203712.00,,
2023-07-14,1237906.00,824284.00,613310.00,61859.00,170223.00,,
2023-07-15,1088074.00,1088594.00,567902.00,77912.00,217785.00,,
2023-07-16,1029988.00,977719.00,493239.00,67629.00,174041.00,,
2023-07-17,1137444.00,877658.00,570202.00,59162.00,193045.00,,
2023-07-18,1048550.00,731294.00,554203.00,60392.00,188398.00,,
2023-07-19,1073880.00,891407.00,578555.00,66152.00,232731.00,,
2023-07-20,1079617.00,856400.00,629489.00,61088.00,200933.00,,
2023-07-21,1014033.00,804022.00,528842.00,60276.00,150083.00,,
2023-07-22,970562.00,1036408.00,568977.00,69113.00,238177.00,,
2023-07-23,986385.00,1005464.00,533695.00,66109.00,223428.00,,
2023-07-24,1014734.00,762812.00,694264.00,61198.00,157342.00,,
2023-07-25,959845.00,1109993.00,887605.00,59828.00,159239.00,,
2023-07-26,998295.00,1006199.00,852274.00,55090.00,228166.00,,
2023-07-27,989377.00,807470.00,944668.00,54212.00,356018.00,,
2023-07-28,903193.00,668073.00,704981.00,53079.00,560437.00,,
2023-07-29,885117.00,964834.00,675950.00,64274.00,262979.00,,
2023-07-30,927526.00,997820.00,657329.00,654545.00,321309.00,,
2023-07-31,1005181.00,891531.00,723403.00,607599.00,315270.00,,
2023-08-01,975770.00,788767.00,719924.00,206671.00,275287.00,,
2023-08-02,957031.00,839064.00,591372.00,193053.00,252010.00,,
2023-08-03,1006273.00,890110.00,704436.00,517012.00,271242.00,,
2023-08-04,985432.00,881637.00,689712.00,331147.00,305333.00,,
2023-08-05,901979.00,933510.00,603587.00,324361.00,312764.00,,
2023-08-06,884642.00,992280.00,518553.00,372053.00,332164.00,,
2023-08-07,966755.00,841085.00,826515.00,410025.00,302973.00,,
2023-08-08,984514.00,862871.00,867875.00,357501.00,265998.00,,
2023-08-09,954990.00,926390.00,611019.00,502322.00,351018.00,,
2023-08-10,943372.00,881824.00,571919.00,757294.00,335541.00,,
2023-08-11,908136.00,969449.00,491850.00,674163.00,287399.00,,
2023-08-12,799423.00,1124856.00,432134.00,558768.00,404450.00,,
2023-08-13,865496.00,1114978.00,438559.00,617330.00,404478.00,,
2023-08-14,902902.00,951445.00,694008.00,577868.00,305454.00,,
2023-08-15,906359.00,846799.00,937720.00,580973.00,330316.00,,
2023-08-16,914159.00,748857.00,654703.00,470647.00,281175.00,,
2023-08-17,1222137.00,800795.00,604147.00,420214.00,256772.00,,
2023-08-18,1034477.00,776053.00,475754.00,481889.00,286918.00,,
2023-08-19,957218.00,1161399.00,425551.00,707232.00,451461.00,,
2023-08-20,842704.00,1056167.00,402975.00,901043.00,414692.00,,
2023-08-21,869646.00,942803.00,449149.00,1415572.00,308776.00,,
2023-08-22,896733.00,837332.00,451982.00,976551.00,291551.00,,
2023-08-23,933241.00,1010441.00,475490.00,785863.00,427779.00,,
2023-08-24,856846.00,1031357.00,429447.00,727005.00,480117.00,,
2023-08-25,1027539.00,863856.00,371668.00,711166.00,393401.00,,
2023-08-26,852920.00,1317468.00,362731.00,443741.00,598198.00,,
2023-08-27,779572.00,1220221.00,355560.00,440508.00,550575.00,,
2023-08-28,807920.00,857413.00,418077.00,400654.00,448331.00,,
2023-08-29,871614.00,878394.00,427254.00,400033.00,594939.00,,
2023-08-30,829297.00,897607.00,423184.00,410406.00,625747.00,,
2023-08-31,983328.00,1045698.00,466322.00,527240.00,737020.00,,
2023-09-01,895774.00,922815.00,385631.00,393328.00,591040.00,,
2023-09-02,823660.00,1107868.00,342098.00,348382.00,736136.00,,
2023-09-03,728657.00,1132370.00,321985.00,344737.00,778508.00,,
2023-09-04,771373.00,957801.00,345774.00,354281.00,562068.00,,
2023-09-05,888347.00,1027656.00,374562.00,384983.00,670322.00,,
2023-09-06,817325.00,895419.00,396002.00,378122.00,622563.00,,
2023-09-07,824729.00,946719.00,397998.00,371600.00,707000.00,,
2023-09-08,819428.00,1025054.00,390796.00,400281.00,750584.00,,
2023-09-09,735196.00,1155414.00,363578.00,560122.00,877589.00,8013.00,
2023-09-10,773994.00,1147160.00,337502.00,789142.00,861525.00,8640.00,
2023-09-11,861289.00,962463.00,393899.00,612535.00,608449.00,8779.00,
2023-09-12,836071.00,930288.00,483538.00,775948.00,692177.00,9354.00,
2023-09-13,785414.00,760719.00,355062.00,1403332.00,554178.00,13982.00,
2023-09-14,807863.00,958417.00,378444.00,1882770.00,690866.00,10334.00,
2023-09-15,783562.00,938894.00,396987.00,1734861.00,656337.00,9801.00,
2023-09-16,738281.00,1094009.00,321358.00,1734424.00,796225.00,9436.00,
2023-09-17,715763.00,1090059.00,300843.00,1160300.00,845712.00,9422.00,
2023-09-18,845285.00,959454.00,320752.00,1352136.00,575829.00,12657.00,
2023-09-19,878449.00,1079730.00,350853.00,1162650.00,625215.00,10555.00,
2023-09-20,968668.00,1025527.00,344947.00,963825.00,580681.00,9944.00,
2023-09-21,1262108.00,998241.00,362729.00,677089.00,596070.00,9465.00,
2023-09-22,919605.00,1052848.00,344084.00,908102.00,644600.00,10528.00,
2023-09-23,772099.00,1087164.00,319967.00,680953.00,653756.00,9530.00,
2023-09-24,811901.00,1112855.00,296871.00,701560.00,704835.00,12348.00,
2023-09-25,841782.00,986411.00,324863.00,773000.00,576571.00,9908.00,
2023-09-26,914120.00,963425.00,359465.00,1232624.00,543896.00,9809.00,
2023-09-27,1011983.00,1050811.00,364426.00,1241280.00,639539.00,10355.00,
2023-09-28,1087089.00,1004633.00,387388.00,1031963.00,658307.00,12077.00,
2023-09-29,1063382.00,934880.00,328763.00,780641.00,652460.00,16491.00,
2023-09-30,1039116.00,1044123.00,425383.00,922000.00,721545.00,20404.00,
2023-10-01,1037013.00,896162.00,291477.00,1153386.00,587725.00,20904.00,
2023-10-02,936900.00,748742.00,286145.00,1480240.00,451209.00,18865.00,
2023-10-03,983267.00,873502.00,331055.00,772578.00,553832.00,15601.00,
2023-10-04,965047.00,868440.00,281918.00,750097.00,604203.00,18890.00,
2023-10-05,956518.00,876289.00,289661.00,865979.00,539836.00,17204.00,
2023-10-06,1034468.00,936651.00,286172.00,617466.00,566309.00,17111.00,
2023-10-07,911386.00,1015786.00,262401.00,588948.00,631657.00,16473.00,
2023-10-08,776017.00,1009501.00,254341.00,550183.00,598722.00,16275.00,
2023-10-09,859520.00,930729.00,291296.00,614521.00,526519.00,18516.00,
2023-10-10,1069514.00,958344.00,282658.00,583290.00,555345.00,23116.00,
2023-10-11,831852.00,919468.00,299204.00,464921.00,534961.00,22367.00,
2023-10-12,790569.00,878843.00,312610.00,406430.00,471646.00,21762.00,
2023-10-13,715118.00,895276.00,267289.00,358974.00,496042.00,29239.00,
2023-10-14,634932.00,920829.00,244715.00,434753.00,517291.00,24446.00,
2023-10-15,623351.00,872817.00,253535.00,489030.00,529272.00,23063.00,
2023-10-16,864982.00,852442.00,259624.00,453232.00,433094.00,32830.00,
2023-10-17,762139.00,910995.00,309185.00,463627.00,487381.00,53815.00,
2023-10-18,781249.00,875404.00,282406.00,497512.00,490712.00,48515.00,
2023-10-19,789407.00,807665.00,280802.00,465127.00,454516.00,39746.00,
2023-10-20,818801.00,740065.00,297615.00,428959.00,416771.00,29518.00,
2023-10-21,771436.00,878198.00,269049.00,411147.00,555975.00,34585.00,
2023-10-22,792435.00,869648.00,265118.00,420673.00,559902.00,29897.00,
2023-10-23,946762.00,719842.00,337559.00,360119.00,387223.00,31803.00,
2023-10-24,1098041.00,510201.00,356788.00,349271.00,211852.00,34598.00,
2023-10-25,967588.00,709094.00,292199.00,358833.00,345723.00,41790.00,
2023-10-26,1025496.00,587705.00,311694.00,349873.00,238993.00,44376.00,
2023-10-27,960633.00,694711.00,285942.00,378322.00,365085.00,45001.00,
2023-10-28,848263.00,837274.00,279520.00,396334.00,535253.00,36317.00,
2023-10-29,759905.00,844090.00,247592.00,350642.00,554112.00,36029.00,
2023-10-30,819520.00,737379.00,247064.00,338696.00,441012.00,41217.00,
2023-10-31,951703.00,657209.00,259153.00,305059.00,406547.00,29866.00,
2023-11-01,1074535.00,638909.00,288312.00,311156.00,371526.00,36833.00,
2023-11-02,1026568.00,559105.00,289470.00,288912.00,323563.00,42243.00,
2023-11-03,1054187.00,665476.00,305077.00,291601.00,412320.00,37648.00,
2023-11-04,1060865.00,843935.00,310135.00,309139.00,582415.00,38477.00,
2023-11-05,969291.00,788116.00,356126.00,307778.00,564702.00,30874.00,
2023-11-06,903679.00,540351.00,355571.00,264237.00,312632.00,39778.00,
2023-11-07,1008451.00,591013.00,382068.00,271924.00,333833.00,45700.00,
2023-11-08,1057765.00,608227.00,356111.00,311922.00,396732.00,51110.00,
2023-11-09,1268063.00,410483.00,425121.00,276620.00,273451.00,50971.00,
2023-11-10,1075045.00,350324.00,347078.00,226065.00,136633.00,46638.00,
2023-11-11,1070527.00,648661.00,368007.00,258505.00,320811.00,45250.00,
2023-11-12,938350.00,753215.00,351736.00,255964.00,447023.00,55620.00,
2023-11-13,965834.00,412681.00,357535.00,222198.00,202877.00,56490.00,
2023-11-14,1021989.00,525243.00,344291.00,237974.00,332017.00,64857.00,
2023-11-15,1019373.00,551201.00,346268.00,256619.00,386777.00,75807.00,
2023-11-16,1129373.00,464547.00,440305.00,274679.00,366633.00,72604.00,
2023-11-17,1251637.00,935591.00,538284.00,272453.00,538326.00,96499.00,
2023-11-18,1010084.00,856294.00,371674.00,358474.00,723720.00,42398.00,
2023-11-19,972898.00,906850.00,351863.00,417106.00,810318.00,32553.00,
2023-11-20,997338.00,481258.00,402408.00,317878.00,297257.00,25122.00,
2023-11-21,1156753.00,491568.00,407268.00,315157.00,273304.00,26304.00,
2023-11-22,1116369.00,491889.00,361156.00,334985.00,315336.00,38474.00,
2023-11-23,1113602.00,576489.00,328866.00,295062.00,352250.00,76764.00,
2023-11-24,1071872.00,681063.00,326701.00,299722.00,509750.00,67990.00,
2023-11-25,2770954.00,1026980.00,301765.00,316894.00,882004.00,73173.00,
2023-11-26,1150979.00,965325.00,303757.00,316680.00,870894.00,214623.00,
2023-11-27,995071.00,615771.00,283714.00,288614.00,525026.00,101053.00,
2023-11-28,959895.00,534505.00,272637.00,252808.00,381249.00,62828.00,
2023-11-29,930081.00,527850.00,279158.00,265525.00,383487.00,51450.00,
2023-11-30,853292.00,598001.00,311882.00,263169.00,494069.00,59646.00,
2023-12-01,825186.00,434875.00,290050.00,236117.00,371608.00,68613.00,
2023-12-02,886963.00,648451.00,290069.00,302197.00,395597.00,90713.00,
2023-12-03,870750.00,885044.00,280786.00,283293.00,392478.00,94399.00,
2023-12-04,1018878.00,755809.00,374888.00,243336.00,176956.00,77523.00,
2023-12-05,935633.00,1123646.00,334188.00,255342.00,104966.00,76399.00,
2023-12-06,936435.00,1149987.00,308536.00,232156.00,112404.00,82795.00,
2023-12-07,1031595.00,896411.00,348089.00,263117.00,210364.00,85105.00,
2023-12-08,983385.00,900141.00,414366.00,255165.00,180995.00,68723.00,
2023-12-09,1025758.00,1138609.00,401668.00,293356.00,299245.00,62895.00,
2023-12-10,935898.00,1350570.00,389342.00,313463.00,280842.00,75175.00,
2023-12-11,1083100.00,976377.00,414712.00,290068.00,205200.00,64532.00,
2023-12-12,1132470.00,849631.00,352603.00,295617.00,182125.00,45687.00,
2023-12-13,1006111.00,755198.00,345093.00,275315.00,124963.00,52033.00,
2023-12-14,912424.00,666881.00,314150.00,254067.00,97498.00,47896.00,
2023-12-15,4660755.00,615307.00,297380.00,233925.00,83128.00,34652.00,
2023-12-16,5419769.00,5362921.00,307694.00,243283.00,87938.00,37554.00,
2023-12-17,876114.00,2935589.00,343484.00,307126.00,117344.00,43820.00,
2023-12-18,2167140.00,711193.00,384848.00,260618.00,108023.00,42889.00,
2023-12-19,1873224.00,757604.00,512875.00,242503.00,323871.00,53449.00,
2023-12-20,1068639.00,1594334.00,372958.00,252013.00,430702.00,65242.00,
2023-12-21,1132170.00,961126.00,444109.00,304348.00,119389.00,57586.00,
2023-12-22,1506458.00,1026220.00,522543.00,340850.00,148808.00,516835.00,
2023-12-23,1258496.00,1298715.00,458591.00,392118.00,148638.00,305058.00,
2023-12-24,1131505.00,1232250.00,407420.00,329031.00,135783.00,229820.00,
2023-12-25,1052938.00,1004204.00,379403.00,313563.00,150601.00,194166.00,
2023-12-26,1186736.00,1519355.00,465529.00,375304.00,170710.00,202426.00,
2023-12-27,1461571.00,1463025.00,468723.00,355299.00,142738.00,117015.00,
2023-12-28,1477167.00,1191346.00,457955.00,333749.00,140251.00,143021.00,
2023-12-29,1320480.00,1295359.00,410261.00,338892.00,171976.00,163182.00,
2023-12-30,1234348.00,1396515.00,400985.00,396296.00,157311.00,196622.00,
2023-12-31,1330416.00,1445726.00,412341.00,399341.00,164217.00,255150.00,
2024-01-01,1406054.00,1198387.00,402799.00,415556.00,135335.00,218566.00,
2024-01-02,1521718.00,1310105.00,418946.00,369598.00,120109.00,194451.00,
2024-01-03,1759754.00,1242716.00,413320.00,341621.00,95905.00,126508.00,
2024-01-04,1555840.00,1667932.00,394855.00,337125.00,208232.00,90297.00,
2024-01-05,1332187.00,1390354.00,384685.00,330682.00,170481.00,148369.00,
2024-01-06,1086818.00,1392091.00,372227.00,334699.00,152316.00,195723.00,
2024-01-07,1046072.00,1237273.00,325246.00,270585.00,91148.00,146596.00,
2024-01-08,1310727.00,1498793.00,401657.00,360758.00,106261.00,136920.00,
2024-01-09,1685246.00,1469672.00,455383.00,398453.00,126071.00,116506.00,
2024-01-10,1582529.00,1054888.00,490335.00,338895.00,81272.00,114038.00,
2024-01-11,1452495.00,1261635.00,443896.00,306318.00,104627.00,123587.00,
2024-01-12,1450720.00,1584577.00,466334.00,340992.00,113553.00,140143.00,
2024-01-13,1108348.00,1496714.00,415718.00,339624.00,151086.00,143189.00,
2024-01-14,962009.00,1194474.00,336458.00,269297.00,87463.00,125142.00,
2024-01-15,1052934.00,1386182.00,413050.00,319335.00,119769.00,180305.00,
2024-01-16,1023110.00,1113176.00,402375.00,287600.00,97642.00,133436.00,
2024-01-17,1030952.00,1404392.00,381253.00,290781.00,94194.00,176461.00,
2024-01-18,1092710.00,1280282.00,348437.00,284762.00,96258.00,256076.00,
2024-01-19,1168305.00,1233484.00,359150.00,315243.00,112460.00,449223.00,
2024-01-20,1174303.00,1659688.00,401503.00,395470.00,188902.00,343055.00,
2024-01-21,1046797.00,1855156.00,349544.00,352145.00,201396.00,212755.00,
2024-01-22,1482165.00,1439293.00,383444.00,353370.00,143090.00,172558.00,
2024-01-23,1419908.00,1424958.00,439471.00,409456.00,178922.00,171298.00,
2024-01-24,1385958.00,1610842.00,500802.00,530287.00,212036.00,176050.00,
2024-01-25,1221267.00,1761451.00,460390.00,391018.00,120506.00,144692.00,
2024-01-26,1135774.00,1632471.00,402391.00,378570.00,132279.00,152260.00,
2024-01-27,1043074.00,1359764.00,352451.00,364933.00,167214.00,141900.00,
2024-01-28,1183478.00,1410228.00,408526.00,443948.00,174915.00,138945.00,
2024-01-29,1208121.00,1292901.00,394974.00,461437.00,175293.00,137074.00,
2024-01-30,1178153.00,1237277.00,375193.00,322945.00,140872.00,127719.00,
2024-01-31,1128198.00,1468043.00,378256.00,338088.00,163012.00,123691.00,
2024-02-01,1064009.00,1264291.00,408744.00,339982.00,109375.00,99887.00,
2024-02-02,992222.00,1185849.00,372483.00,403670.00,117081.00,96784.00,
2024-02-03,952400.00,1385249.00,351920.00,441214.00,118969.00,84609.00,
2024-02-04,958450.00,1445435.00,335797.00,499405.00,128062.00,85776.00,
2024-02-05,1042803.00,1939354.00,350755.00,528213.00,112418.00,79965.00,
2024-02-06,1023789.00,1192175.00,348379.00,467066.00,73130.00,66347.00,
2024-02-07,1080779.00,1071559.00,340648.00,448279.00,77211.00,71592.00,
2024-02-08,1004444.00,957430.00,300326.00,444763.00,59342.00,81848.00,
2024-02-09,949225.00,571256.00,279586.00,472721.00,46715.00,88525.00,
2024-02-10,1001251.00,873524.00,298579.00,474037.00,86524.00,80162.00,
2024-02-11,1059818.00,1134876.00,317738.00,499177.00,107008.00,87933.00,
2024-02-12,1107901.00,960785.00,343466.00,456894.00,140918.00,61207.00,
2024-02-13,1196906.00,948741.00,395343.00,503504.00,296696.00,52165.00,
2024-02-14,1109785.00,1298496.00,370332.00,390808.00,349129.00,54664.00,
2024-02-15,1130718.00,1208052.00,361267.00,404786.00,229381.00,52749.00,
2024-02-16,1114421.00,1184227.00,386879.00,500219.00,180533.00,56939.00,
2024-02-17,1059947.00,1499641.00,410482.00,632863.00,171669.00,50235.00,
2024-02-18,1082699.00,1581223.00,400107.00,564969.00,163647.00,60881.00,
2024-02-19,1093430.00,1286070.00,433693.00,466063.00,146153.00,56222.00,
2024-02-20,1210490.00,1400726.00,486312.00,428360.00,1063076.00,55479.00,
2024-02-21,1156217.00,1346094.00,481970.00,481999.00,956539.00,53414.00,
2024-02-22,1127440.00,1358973.00,469069.00,394663.00,629917.00,52483.00,
2024-02-23,1079870.00,1479930.00,433949.00,369384.00,419539.00,48558.00,
2024-02-24,1081370.00,2027168.00,434887.00,488709.00,303619.00,51503.00,4692.00
2024-02-25,1137416.00,2224753.00,440631.00,526990.00,274686.00,48046.00,43207.00
2024-02-26,1196656.00,1885023.00,460406.00,432595.00,207660.00,46360.00,43217.00
2024-02-27,1154008.00,1604595.00,480915.00,449677.00,170496.00,46815.00,43272.00
2024-02-28,1374196.00,1643403.00,507096.00,465436.00,164140.00,56577.00,43904.00
2024-02-29,1324406.00,1429608.00,508853.00,480944.00,128200.00,48280.00,435613.00
2024-03-01,1161627.00,1086138.00,430161.00,415447.00,96468.00,37709.00,855464.00
2024-03-02,1091447.00,1282187.00,424795.00,444459.00,100869.00,40363.00,550450.00
2024-03-03,1145254.00,1284282.00,424242.00,444604.00,119481.00,40523.00,520551.00
2024-03-04,1036986.00,938369.00,399383.00,386613.00,80310.00,39466.00,476026.00
2024-03-05,1272814.00,815236.00,484827.00,463779.00,161476.00,44552.00,360079.00
2024-03-06,1150402.00,922937.00,445821.00,521780.00,180850.00,41894.00,459008.00
2024-03-07,1078020.00,1016087.00,418310.00,509667.00,166277.00,46972.00,311896.00
2024-03-08,1076698.00,998738.00,405248.00,440157.00,170135.00,53422.00,273933.00
2024-03-09,971215.00,1063012.00,449243.00,446694.00,172534.00,42902.00,245980.00
2024-03-10,963749.00,1048899.00,361134.00,467219.00,132520.00,40479.00,244213.00
2024-03-11,1063767.00,880326.00,382494.00,457169.00,89778.00,46804.00,247957.00
2024-03-12,1187825.00,932734.00,371029.00,451569.00,82074.00,60597.00,241528.00
2024-03-13,1091050.00,909398.00,345129.00,572298.00,224254.00,73414.00,210601.00
2024-03-14,1313574.00,1179295.00,558955.00,1228534.00,518021.00,70155.00,308097.00
2024-03-15,1645969.00,1201148.00,767051.00,1372489.00,336670.00,76062.00,332303.00
2024-03-16,1455470.00,1199308.00,628116.00,2115080.00,275208.00,71287.00,264941.00
2024-03-17,1329642.00,1296362.00,585381.00,1150460.00,238227.00,68093.00,275010.00
2024-03-18,1518189.00,1123278.00,661566.00,1188679.00,218692.00,70043.00,265507.00
2024-03-19,2058909.00,1146312.00,778447.00,1213904.00,229833.00,66459.00,269432.00
2024-03-20,2208453.00,1242335.00,781329.00,1649667.00,197797.00,67170.00,292883.00
2024-03-21,1833772.00,1228252.00,672231.00,1401833.00,192506.00,86975.00,364563.00
2024-03-22,1880114.00,1282707.00,674600.00,1329185.00,168945.00,60679.00,378733.00
2024-03-23,1659844.00,1402475.00,598888.00,1321083.00,120186.00,59102.00,399594.00
2024-03-24,1657435.00,1405024.00,599511.00,1484598.00,117255.00,55719.00,405773.00
2024-03-25,1846683.00,1282698.00,717912.00,1541847.00,126080.00,59913.00,456461.00
2024-03-26,2172058.00,1297447.00,844359.00,1625760.00,93603.00,126990.00,508809.00
2024-03-27,2122059.00,1262380.00,1018610.00,1675088.00,104930.00,112825.00,493944.00
2024-03-28,2008059.00,1235312.00,986091.00,2167952.00,85056.00,83106.00,571871.00
2024-03-29,2110261.00,1219495.00,929912.00,2274773.00,85345.00,74878.00,523983.00
2024-03-30,1803151.00,1175646.00,876545.00,2387397.00,78153.00,64071.00,451195.00
2024-03-31,1567919.00,1178690.00,744395.00,2263477.00,60492.00,60882.00,412044.00
2024-04-01,1625541.00,1013668.00,643630.00,2348188.00,63816.00,60464.00,437684.00