Date,Arbitrum ($),zkSync Era ($),OP Mainnet ($),Starknet ($),Base ($),Blast ($),Manta Pacific ($)
2021-05-30,297.58,,,,,,
2021-05-31,1442.11,,,,,,
2021-06-01,880.53,,,,,,
2021-06-02,3276.88,,,,,,
2021-06-03,522.09,,,,,,
2021-06-04,257.60,,,,,,
2021-06-05,22.34,,,,,,
2021-06-06,20.29,,,,,,
2021-06-07,2074.80,,,,,,
2021-06-08,468.62,,,,,,
2021-06-09,729.00,,,,,,
2021-06-10,482.94,,,,,,
2021-06-11,55.33,,,,,,
2021-06-12,27.27,,,,,,
2021-06-13,50.19,,,,,,
2021-06-14,34.15,,,,,,
2021-06-15,335.00,,,,,,
2021-06-16,267.96,,,,,,
2021-06-17,589.05,,,,,,
2021-06-18,874.39,,,,,,
2021-06-19,445.48,,,,,,
2021-06-20,446.59,,,,,,
2021-06-21,472.82,,,,,,
2021-06-22,1627.90,,,,,,
2021-06-23,2211.63,,,,,,
2021-06-24,1672.70,,,,,,
2021-06-25,1235.77,,,,,,
2021-06-26,1228.67,,,,,,
2021-06-27,1162.55,,,,,,
2021-06-28,1367.80,,,,,,
2021-06-29,1456.75,,,,,,
2021-06-30,1277.82,,,,,,
2021-07-01,1537.87,,,,,,
2021-07-02,1356.60,,,,,,
2021-07-03,1249.74,,,,,,
2021-07-04,1301.31,,,,,,
2021-07-05,1322.80,,,,,,
2021-07-06,1759.59,,,,,,
2021-07-07,5114.37,,,,,,
2021-07-08,4464.27,,,,,,
2021-07-09,3458.79,,,,,,
2021-07-10,2703.36,,,,,,
2021-07-11,2396.89,,,,,,
2021-07-12,2947.02,,,,,,
2021-07-13,3064.76,,,,,,
2021-07-14,2958.53,,,,,,
2021-07-15,2581.39,,,,,,
2021-07-16,2286.83,,,,,,
2021-07-17,2258.54,,,,,,
2021-07-18,2197.26,,,,,,
2021-07-19,2471.21,,,,,,
2021-07-20,2676.13,,,,,,
2021-07-21,2033.94,,,,,,
2021-07-22,2784.73,,,,,,
2021-07-23,1936.33,,,,,,
2021-07-24,465.45,,,,,,
2021-07-25,1693.62,,,,,,
2021-07-26,2183.24,,,,,,
2021-07-27,2174.23,,,,,,
2021-07-28,2281.11,,,,,,
2021-07-29,2174.73,,,,,,
2021-07-30,2251.80,,,,,,
2021-07-31,2613.26,,,,,,
2021-08-01,2974.45,,,,,,
2021-08-02,3444.09,,,,,,
2021-08-03,3688.18,,,,,,
2021-08-04,4240.83,,,,,,
2021-08-05,4557.64,,,,,,
2021-08-06,2928.15,,,,,,
2021-08-07,676.64,,,,,,
2021-08-08,633.78,,,,,,
2021-08-09,684.13,,,,,,
2021-08-10,582.03,,,,,,
2021-08-11,549.26,,,,,,
2021-08-12,2101.81,,,,,,
2021-08-13,843.70,,,,,,
2021-08-14,1813.89,,,,,,
2021-08-15,482.34,,,,,,
2021-08-16,2397.66,,,,,,
2021-08-17,4922.45,,,,,,
2021-08-18,1108.57,,,,,,
2021-08-19,2025.25,,,,,,
2021-08-20,1057.41,,,,,,
2021-08-21,735.44,,,,,,
2021-08-22,396.73,,,,,,
2021-08-23,1345.71,,,,,,
2021-08-24,4666.95,,,,,,
2021-08-25,7126.20,,,,,,
2021-08-26,4416.11,,,,,,
2021-08-27,2508.82,,,,,,
2021-08-28,2564.31,,,,,,
2021-08-29,4087.63,,,,,,
2021-08-30,12094.56,,,,,,
2021-08-31,15408.87,,,,,,
2021-09-01,144158.78,,,,,,
2021-09-02,49630.04,,,,,,
2021-09-03,47010.33,,,,,,
2021-09-04,46450.95,,,,,,
2021-09-05,52437.35,,,,,,
2021-09-06,64586.99,,,,,,
2021-09-07,58419.74,,,,,,
2021-09-08,55133.69,,,,,,
2021-09-09,83835.99,,,,,,
2021-09-10,116910.44,,,,,,
2021-09-11,277181.08,,,,,,
2021-09-12,628076.18,,,,,,
2021-09-13,252721.26,,,,,,
2021-09-14,320392.68,,,,,,
2021-09-15,315767.05,,,,,,
2021-09-16,302225.28,,,,,,
2021-09-17,182507.48,,,,,,
2021-09-18,173202.08,,,,,,
2021-09-19,135386.08,,,,,,
2021-09-20,118348.52,,,,,,
2021-09-21,152157.97,,,,,,
2021-09-22,146425.73,,,,,,
2021-09-23,151654.45,,,,,,
2021-09-24,114612.86,,,,,,
2021-09-25,97648.95,,,,,,
2021-09-26,78409.65,,,,,,
2021-09-27,80830.92,,,,,,
2021-09-28,84595.69,,,,,,
2021-09-29,85140.86,,,,,,
2021-09-30,97702.16,,,,,,
2021-10-01,119954.03,,,,,,
2021-10-02,85998.48,,,,,,
2021-10-03,74597.69,,,,,,
2021-10-04,94098.76,,,,,,
2021-10-05,105798.16,,,,,,
2021-10-06,117014.02,,,,,,
2021-10-07,124884.12,,,,,,
2021-10-08,124463.70,,,,,,
2021-10-09,132242.28,,,,,,
2021-10-10,129418.31,,,,,,
2021-10-11,133472.37,,,,,,
2021-10-12,136734.08,,,,,,
2021-10-13,114719.87,,,,,,
2021-10-14,132292.13,,,,,,
2021-10-15,176250.27,,,,,,
2021-10-16,113889.11,,,,,,
2021-10-17,123132.63,,,,,,
2021-10-18,102729.09,,,,,,
2021-10-19,110737.23,,,,,,
2021-10-20,106699.32,,,,,,
2021-10-21,99751.47,,,,,,
2021-10-22,88653.24,,,,,,
2021-10-23,82564.83,,,,,,
2021-10-24,104927.52,,,,,,
2021-10-25,90969.11,,,,,,
2021-10-26,268484.53,,,,,,
2021-10-27,270584.47,,,,,,
2021-10-28,260607.72,,,,,,
2021-10-29,267570.80,,,,,,
2021-10-30,162206.44,,,,,,
2021-10-31,177604.07,,,,,,
2021-11-01,191837.74,,,,,,
2021-11-02,192777.47,,,,,,
2021-11-03,211224.36,,,,,,
2021-11-04,164909.25,,,,,,
2021-11-05,141238.32,,,,,,
2021-11-06,116669.51,,,,,,
2021-11-07,107349.55,,,,,,
2021-11-08,128621.02,,,,,,
2021-11-09,142295.13,,,,,,
2021-11-10,269486.56,,,,,,
2021-11-11,162829.40,,,,,,
2021-11-12,196013.71,,146822.45,,,,
2021-11-13,148838.56,,112114.68,,,,
2021-11-14,128821.44,,110397.89,,,,
2021-11-15,132523.19,,127207.58,,,,
2021-11-16,167760.37,,190407.00,0.00,,,
2021-11-17,160166.55,,199625.29,0.00,,,
2021-11-18,127061.63,,192109.01,0.00,,,
2021-11-19,144011.05,,141468.17,0.00,,,
2021-11-20,230244.29,,107374.93,0.00,,,
2021-11-21,161459.67,,110810.67,0.00,,,
2021-11-22,179291.47,,163460.65,0.00,,,
2021-11-23,168398.32,,137249.68,0.00,,,
2021-11-24,165295.18,,134924.73,0.00,,,
2021-11-25,182803.28,,120680.85,0.00,,,
2021-11-26,170360.64,,171593.28,0.00,,,
2021-11-27,112950.69,,104636.37,0.00,,,
2021-11-28,140860.14,,141776.58,0.00,,,
2021-11-29,158353.82,,111682.18,0.00,,,
2021-11-30,182015.40,,177845.36,0.00,,,
2021-12-01,185296.43,,144400.14,0.00,,,
2021-12-02,139285.42,,118700.90,0.00,,,
2021-12-03,122584.19,,127207.14,0.00,,,
2021-12-04,181749.33,,300802.37,0.00,,,
2021-12-05,139874.43,,147653.55,0.00,,,
2021-12-06,159321.59,,158279.35,0.00,,,
2021-12-07,141150.72,,97979.57,0.00,,,
2021-12-08,192264.68,,105282.84,0.00,,,
2021-12-09,111894.97,,99106.52,0.00,,,
2021-12-10,97476.47,,118831.89,0.00,,,
2021-12-11,118029.70,,81243.15,0.00,,,
2021-12-12,94672.12,,62080.55,0.00,,,
2021-12-13,132272.89,,104449.28,0.00,,,
2021-12-14,98885.78,,122959.75,0.00,,,
2021-12-15,91389.28,,122303.14,0.00,,,
2021-12-16,78516.97,,93546.75,0.00,,,
2021-12-17,84871.91,,99594.24,0.00,,,
2021-12-18,77837.44,,69878.25,0.00,,,
2021-12-19,64784.68,,60554.25,0.00,,,
2021-12-20,76428.19,,72115.99,0.00,,,
2021-12-21,70930.67,,52166.81,0.00,,,
2021-12-22,72000.43,,71500.62,0.00,,,
2021-12-23,92683.19,,92505.05,0.00,,,
2021-12-24,74223.83,,89361.91,0.00,,,
2021-12-25,49547.92,,70041.99,0.00,,,
2021-12-26,53953.01,,76404.07,0.00,,,
2021-12-27,62478.33,,101131.34,0.00,,,
2021-12-28,87266.78,,142921.32,0.00,,,
2021-12-29,93570.58,,147782.83,0.00,,,
2021-12-30,122885.21,,114816.57,0.00,,,
2021-12-31,117974.27,,99187.59,0.00,,,
2022-01-01,108435.70,,67155.97,0.00,,,
2022-01-02,115468.59,,74876.46,0.00,,,
2022-01-03,126692.05,,111004.80,0.00,,,
2022-01-04,191438.04,,141587.38,0.00,,,
2022-01-05,191230.75,,198933.04,0.00,,,
2022-01-06,169735.18,,154316.93,0.00,,,
2022-01-07,166150.31,,195643.74,0.00,,,
2022-01-08,127254.98,,94478.90,0.00,,,
2022-01-09,69686.77,,103468.05,0.00,,,
2022-01-10,167676.55,,174670.18,0.00,,,
2022-01-11,161432.43,,111705.08,0.00,,,
2022-01-12,146392.71,,98078.37,0.00,,,
2022-01-13,153408.94,,112386.54,0.00,,,
2022-01-14,169003.12,,97542.42,0.00,,,
2022-01-15,155158.64,,57927.82,0.00,,,
2022-01-16,159225.26,,55937.05,0.00,,,
2022-01-17,151164.83,,66175.24,0.00,,,
2022-01-18,133274.59,,68021.21,0.00,,,
2022-01-19,112143.67,,79530.86,0.00,,,
2022-01-20,165396.30,,88708.83,0.00,,,
2022-01-21,180682.82,,217912.60,0.00,,,
2022-01-22,138272.76,,209548.95,0.00,,,
2022-01-23,80026.81,,98932.93,0.00,,,
2022-01-24,148001.30,,172731.13,0.00,,,
2022-01-25,126219.56,,95655.24,0.00,,,
2022-01-26,169306.70,,115204.31,0.00,,,
2022-01-27,120045.38,,111651.98,0.00,,,
2022-01-28,101316.64,,93596.78,0.00,,,
2022-01-29,89282.42,,54996.60,0.00,,,
2022-01-30,104234.71,,56608.38,0.00,,,
2022-01-31,81258.81,,76612.82,0.00,,,
2022-02-01,90128.96,,90207.61,0.00,,,
2022-02-02,97499.13,,107346.57,0.00,,,
2022-02-03,108751.48,,73279.40,0.00,,,
2022-02-04,95869.20,,71737.37,0.00,,,
2022-02-05,72107.67,,47534.09,0.00,,,
2022-02-06,115817.77,,38103.32,0.00,,,
2022-02-07,126622.69,,80069.10,0.00,,,
2022-02-08,153339.75,,68986.23,0.00,,,
2022-02-09,161546.26,,60644.01,0.00,,,
2022-02-10,129814.49,,72491.31,0.00,,,
2022-02-11,115670.14,,58097.03,0.00,,,
2022-02-12,101594.47,,40894.52,0.00,,,
2022-02-13,75048.22,,28034.74,0.00,,,
2022-02-14,82033.40,,39178.51,0.00,,,
2022-02-15,100927.14,,41956.94,0.00,,,
2022-02-16,106995.36,,50068.19,0.00,,,
2022-02-17,102844.98,,44697.05,0.00,,,
2022-02-18,108725.95,,46444.17,0.00,,,
2022-02-19,100444.60,,21095.00,0.00,,,
2022-02-20,123802.40,,26990.36,0.00,,,
2022-02-21,128254.92,,58036.50,0.00,,,
2022-02-22,156420.56,,47937.82,0.00,,,
2022-02-23,126830.58,,46967.93,0.00,,,
2022-02-24,174654.04,,119273.32,0.00,,,
2022-02-25,112171.95,,50302.37,0.00,,,
2022-02-26,97267.96,,25100.39,0.00,,,
2022-02-27,88992.67,,28855.46,0.00,,,
2022-02-28,89230.86,,62228.80,0.00,,,
2022-03-01,108195.33,,41714.93,0.00,,,
2022-03-02,179855.74,,39571.33,0.00,,,
2022-03-03,109987.21,,28434.22,0.00,,,
2022-03-04,45402.13,,32255.56,0.00,,,
2022-03-05,25439.07,,16309.64,0.00,,,
2022-03-06,23953.84,,23084.12,0.00,,,
2022-03-07,46662.66,,28490.76,0.00,,,
2022-03-08,51629.11,,25985.86,0.00,,,
2022-03-09,61293.21,,27292.51,0.00,,,
2022-03-10,34837.81,,26090.45,0.00,,,
2022-03-11,34753.30,,27197.00,0.00,,,
2022-03-12,30577.52,,9080.49,0.00,,,
2022-03-13,20845.99,,11393.48,0.00,,,
2022-03-14,26917.55,,16135.85,0.00,,,
2022-03-15,32838.09,,22031.97,0.00,,,
2022-03-16,47253.15,,40315.02,0.00,,,
2022-03-17,52373.19,,40090.03,0.00,,,
2022-03-18,69725.29,,37856.34,0.00,,,
2022-03-19,48680.65,,21871.96,0.00,,,
2022-03-20,38681.96,,17617.55,0.00,,,
2022-03-21,38631.32,,24052.35,0.00,,,
2022-03-22,52323.64,,33789.01,0.00,,,
2022-03-23,95053.84,,37228.57,0.00,,,
2022-03-24,91463.80,,57456.49,0.00,,,
2022-03-25,85577.21,,49878.23,0.00,,,
2022-03-26,63163.71,,23178.56,0.00,,,
2022-03-27,57813.15,,36937.60,0.00,,,
2022-03-28,74152.41,,94436.58,0.00,,,
2022-03-29,88818.74,,68620.62,0.00,,,
2022-03-30,98170.03,,83283.23,0.00,,,
2022-03-31,91068.21,,81246.04,0.00,,,
2022-04-01,118849.70,,86835.38,0.00,,,
2022-04-02,202732.23,,65879.71,0.00,,,
2022-04-03,85971.87,,52351.80,0.00,,,
2022-04-04,84955.53,,72156.15,0.00,,,
2022-04-05,84641.73,,95714.05,0.00,,,
2022-04-06,113311.01,,81933.59,0.00,,,
2022-04-07,96528.03,,65121.04,0.00,,,
2022-04-08,97707.89,,56026.89,0.00,,,
2022-04-09,59206.11,,25992.02,0.00,,,
2022-04-10,46091.78,,23779.77,0.00,,,
2022-04-11,59388.30,,51926.94,0.00,,,
2022-04-12,60580.27,,41555.74,0.00,,,
2022-04-13,63297.22,,40158.17,0.00,,,
2022-04-14,62901.50,,41608.10,0.00,,,
2022-04-15,69388.47,,31758.41,0.00,,,
2022-04-16,53188.75,,18455.89,0.00,,,
2022-04-17,45227.25,,17898.23,0.00,,,
2022-04-18,48493.01,,31861.42,0.00,,,
2022-04-19,68735.81,,39636.92,0.00,,,
2022-04-20,101482.70,,105629.78,0.00,,,
2022-04-21,101729.64,,77811.76,0.00,,,
2022-04-22,91832.66,,57338.11,0.00,,,
2022-04-23,67208.13,,36750.85,0.00,,,
2022-04-24,49040.60,,35762.37,0.00,,,
2022-04-25,63775.25,,61611.87,0.00,,,
2022-04-26,68033.40,,68719.72,0.00,,,
2022-04-27,95036.91,,73040.45,0.00,,,
2022-04-28,92981.10,,58801.74,0.00,,,
2022-04-29,94213.68,,60284.71,0.00,,,
2022-04-30,90035.19,,64012.83,0.00,,,
2022-05-01,179766.31,,342815.82,0.00,,,
2022-05-02,132439.38,,70814.17,0.00,,,
2022-05-03,107919.46,,58315.94,0.00,,,
2022-05-04,102225.23,,72244.80,0.00,,,
2022-05-05,111554.86,,85019.03,0.00,,,
2022-05-06,115310.15,,67762.98,0.00,,,
2022-05-07,71796.71,,39196.44,0.00,,,
2022-05-08,67920.30,,37339.67,0.00,,,
2022-05-09,96858.22,,135902.80,0.00,,,
2022-05-10,149118.44,,152944.34,0.00,,,
2022-05-11,179975.11,,437083.80,0.00,,,
2022-05-12,510528.56,,493998.44,0.00,,,
2022-05-13,158664.48,,112746.71,0.00,,,
2022-05-14,73067.95,,41589.18,0.00,,,
2022-05-15,43024.46,,24878.00,0.00,,,
2022-05-16,41991.87,,24931.99,0.13,,,
2022-05-17,46098.55,,30754.67,1.81,,,
2022-05-18,45846.73,,24440.73,0.48,,,
2022-05-19,42506.31,,24790.13,0.00,,,
2022-05-20,38694.41,,24126.19,0.00,,,
2022-05-21,33900.19,,14614.56,1.06,,,
2022-05-22,33033.71,,16051.46,1.20,,,
2022-05-23,39622.37,,23318.12,0.00,,,
2022-05-24,44549.96,,25902.50,0.00,,,
2022-05-25,35607.30,,28002.39,0.30,,,
2022-05-26,52765.95,,45669.83,27.98,,,
2022-05-27,54535.16,,42171.66,42.72,,,
2022-05-28,34080.05,,15410.15,34.61,,,
2022-05-29,22604.89,,12493.63,24.06,,,
2022-05-30,45511.03,,30861.72,59.07,,,
2022-05-31,58753.25,,267630.48,72.08,,,
2022-06-01,88734.61,,326151.56,18.10,,,
2022-06-02,93700.07,,182197.76,55.77,,,
2022-06-03,86570.88,,92149.83,92.81,,,
2022-06-04,82020.30,,64649.37,111.96,,,
2022-06-05,87817.97,,55691.21,121.88,,,
2022-06-06,91811.75,,60361.29,69.41,,,
2022-06-07,104043.19,,69846.65,122.97,,,
2022-06-08,96843.24,,88687.93,136.61,,,
2022-06-09,87132.55,,69137.83,54.98,,,
2022-06-10,67868.35,,60637.64,53.17,,,
2022-06-11,57705.83,,45250.77,18.64,,,
2022-06-12,46609.41,,44011.83,16.61,,,
2022-06-13,120048.23,,141721.11,15.78,,,
2022-06-14,80030.81,,74976.98,6.14,,,
2022-06-15,100014.19,,98084.93,19.60,,,
2022-06-16,53756.39,,31941.45,43.03,,,
2022-06-17,42543.38,,22802.95,420.61,,,
2022-06-18,40710.58,,43666.77,909.05,,,
2022-06-19,36401.06,,21360.39,64.52,,,
2022-06-20,26374.66,,20869.37,423.84,,,
2022-06-21,42240.19,,29888.12,515.24,,,
2022-06-22,62011.53,,29743.97,307.02,,,
2022-06-23,70323.86,,35232.80,388.63,,,
2022-06-24,89107.27,,36452.37,248.09,,,
2022-06-25,66361.46,,28636.46,223.41,,,
2022-06-26,75166.73,,32787.24,306.97,,,
2022-06-27,165840.62,,52568.78,211.32,,,
2022-06-28,214668.22,,22086.61,286.48,,,
2022-06-29,458673.55,,26909.76,245.41,,,
2022-06-30,98428.70,,25134.65,152.72,,,
2022-07-01,41545.23,,16852.99,209.51,,,
2022-07-02,20234.66,,6330.43,129.96,,,
2022-07-03,14288.65,,7030.94,94.10,,,
2022-07-04,19753.56,,12356.05,1260.40,,,
2022-07-05,18849.01,,13432.81,2236.32,,,
2022-07-06,22208.66,,15466.98,4344.80,,,
2022-07-07,25145.26,,16688.16,915.85,,,
2022-07-08,28266.90,,15153.61,335.62,,,
2022-07-09,14710.51,,6632.01,159.00,,,
2022-07-10,10546.27,,7015.00,147.95,,,
2022-07-11,14205.20,,11224.35,167.05,,,
2022-07-12,17413.23,,8341.57,142.87,,,
2022-07-13,27829.21,,18609.97,224.67,,,
2022-07-14,24885.68,,21026.88,268.48,,,
2022-07-15,27262.51,,22190.59,180.97,,,
2022-07-16,21205.02,,22636.25,143.99,,,
2022-07-17,19970.27,,16022.61,118.14,,,
2022-07-18,39517.87,,37709.72,209.31,,,
2022-07-19,42703.17,,38289.14,481.56,,,
2022-07-20,39851.83,,35067.99,794.51,,,
2022-07-21,36003.93,,22185.17,1583.16,,,
2022-07-22,21337.19,,17657.02,998.68,,,
2022-07-23,13860.04,,13311.88,1159.41,,,
2022-07-24,15007.66,,10816.94,2367.28,,,
2022-07-25,18120.36,,16983.64,1667.62,,,
2022-07-26,27274.01,,23944.64,819.70,,,
2022-07-27,22235.93,,40204.02,679.53,,,
2022-07-28,31625.64,,64204.51,199.59,,,
2022-07-29,25867.69,,39997.98,190.58,,,
2022-07-30,14767.96,,16188.28,93.30,,,
2022-07-31,11718.01,,13483.04,73.70,,,
2022-08-01,14297.68,,18643.96,140.96,,,
2022-08-02,18420.37,,24238.50,894.82,,,
2022-08-03,16798.72,,22553.88,754.41,,,
2022-08-04,15940.41,,28203.65,822.09,,,
2022-08-05,19527.58,,31058.20,1118.84,,,
2022-08-06,13891.38,,12184.17,1032.11,,,
2022-08-07,10801.34,,9054.11,919.46,,,
2022-08-08,20229.99,,24089.03,1269.20,,,
2022-08-09,28424.89,,22073.20,1360.78,,,
2022-08-10,56123.09,,45264.92,1614.22,,,
2022-08-11,42164.74,,36883.69,1752.62,,,
2022-08-12,28750.99,,20041.43,1446.24,,,
2022-08-13,22151.62,,12009.27,897.74,,,
2022-08-14,16174.45,,13598.12,684.77,,,
2022-08-15,26987.35,,27322.90,960.71,,,
2022-08-16,29508.71,,22644.41,982.90,,,
2022-08-17,24004.39,,18811.07,816.71,,,
2022-08-18,23503.98,,16518.85,1134.65,,,
2022-08-19,24044.56,,29948.97,917.27,,,
2022-08-20,17226.54,,14211.86,743.63,,,
2022-08-21,13812.51,,7109.55,682.27,,,
2022-08-22,15202.20,,14968.76,768.97,,,
2022-08-23,20154.14,,16030.24,972.83,,,
2022-08-24,17360.76,,13749.93,791.62,,,
2022-08-25,22296.66,,14201.83,632.14,,,
2022-08-26,36173.58,,19117.14,795.18,,,
2022-08-27,26445.83,,8570.19,613.80,,,
2022-08-28,16529.60,,7950.75,587.81,,,
2022-08-29,33107.46,,20808.44,806.46,,,
2022-08-30,40123.79,,30100.91,943.36,,,
2022-08-31,40476.55,,30523.21,977.91,,,
2022-09-01,19388.08,,36046.95,473.98,,,
2022-09-02,15703.41,,19127.00,497.42,,,
2022-09-03,8229.46,,7960.60,457.23,,,
2022-09-04,10494.14,,7450.98,668.69,,,
2022-09-05,14682.07,,12139.49,1036.61,,,
2022-09-06,24044.81,,25824.54,1178.01,,,
2022-09-07,25745.17,,26052.64,964.24,,,
2022-09-08,22849.62,,22571.76,615.25,,,
2022-09-09,27007.09,,28891.00,585.42,,,
2022-09-10,11487.39,,11812.78,395.79,,,
2022-09-11,12811.24,,10736.90,380.99,,,
2022-09-12,20069.92,,20515.20,531.02,,,
2022-09-13,22225.52,,29703.68,307.17,,,
2022-09-14,14259.99,,17433.30,506.30,,,
2022-09-15,18108.38,,29972.53,358.10,,,
2022-09-16,8923.54,,10428.72,281.23,,,
2022-09-17,6136.46,,4323.33,450.81,,,
2022-09-18,9357.23,,7841.49,290.39,,,
2022-09-19,11455.81,,11910.72,356.88,,,
2022-09-20,13300.39,,20821.38,1382.07,,,
2022-09-21,21771.70,,34311.15,499.77,,,
2022-09-22,14115.12,,20284.79,330.11,,,
2022-09-23,12086.26,,20626.87,267.93,,,
2022-09-24,8631.94,,8892.10,213.81,,,
2022-09-25,9826.41,,11980.16,201.63,,,
2022-09-26,13477.47,,18592.91,741.60,,,
2022-09-27,18460.29,,30893.13,863.18,,,
2022-09-28,18165.73,,31083.69,737.62,,,
2022-09-29,14561.02,,26193.00,1508.29,,,
2022-09-30,15294.52,,29461.63,1332.28,,,
2022-10-01,10414.78,,13898.23,532.68,,,
2022-10-02,8752.34,,8975.55,304.68,,,
2022-10-03,13941.66,,21537.38,1386.56,,,
2022-10-04,13721.00,,19020.86,1111.27,,,
2022-10-05,16661.94,,23725.20,865.76,,,
2022-10-06,15445.92,,22510.56,1037.16,,,
2022-10-07,13681.07,,14260.54,587.83,,,
2022-10-08,13367.65,,17855.47,530.94,,,
2022-10-09,20472.59,,28497.86,1731.67,,,
2022-10-10,21875.19,,38298.44,864.86,,,
2022-10-11,19587.26,,35662.52,1487.28,,,
2022-10-12,15235.00,,29348.13,1019.41,,,
2022-10-13,23044.14,,43471.61,523.08,,,
2022-10-14,17737.27,,24114.38,636.11,,,
2022-10-15,13262.28,,22466.28,1092.95,,,
2022-10-16,12980.00,,20583.55,1577.09,,,
2022-10-17,18970.07,,27928.86,920.74,,,
2022-10-18,23055.08,,33456.37,1356.01,,,
2022-10-19,39083.62,,32440.64,2576.71,,,
2022-10-20,46119.88,,41070.10,3689.62,,,
2022-10-21,29561.20,,44722.30,3987.93,,,
2022-10-22,19374.32,,25386.22,3439.28,,,
2022-10-23,18869.12,,23300.19,3052.73,,,
2022-10-24,28209.43,,32387.57,5116.81,,,
2022-10-25,38551.53,,53363.96,3410.25,,,
2022-10-26,41893.20,,52645.27,2618.79,,,
2022-10-27,37438.61,,41848.35,2654.01,,,
2022-10-28,35467.04,,40120.20,3272.06,,,
2022-10-29,30390.77,,37665.98,2584.11,,,
2022-10-30,23206.32,,23519.36,1691.11,,,
2022-10-31,38765.79,,46905.50,3181.02,,,
2022-11-01,31976.92,,37365.32,2440.78,,,
2022-11-02,35549.19,,46535.95,2327.46,,,
2022-11-03,33226.75,,52483.87,3099.58,,,
2022-11-04,36203.11,,63104.26,3042.66,,,
2022-11-05,27742.14,,43225.11,2392.33,,,
2022-11-06,27986.77,,42751.07,2248.54,,,
2022-11-07,40995.54,,56111.55,2833.38,,,
2022-11-08,70335.02,,217156.44,2819.25,,,
2022-11-09,73118.92,,173835.03,2700.20,,,
2022-11-10,67361.80,,106590.95,3362.85,,,
2022-11-11,49944.59,,73017.45,2491.40,,,
2022-11-12,26189.39,,36244.10,1987.84,,,
2022-11-13,24154.81,,31135.16,1982.58,,,
2022-11-14,30511.45,,42802.56,2848.28,,,
2022-11-15,29580.66,,39079.17,3218.76,,,
2022-11-16,26721.90,,33930.30,2970.50,,,
2022-11-17,23636.84,,35725.58,3281.30,,,
2022-11-18,21067.46,,30199.02,4159.74,,,
2022-11-19,27591.63,,33818.13,3602.05,,,
2022-11-20,28502.69,,32596.66,3181.04,,,
2022-11-21,29394.16,,34952.19,3313.28,,,
2022-11-22,32358.19,,38314.14,3478.86,,,
2022-11-23,29161.14,,38228.03,3263.98,,,
2022-11-24,21824.66,,36208.76,3045.04,,,
2022-11-25,20612.25,,28229.49,3031.78,,,
2022-11-26,18658.10,,28203.75,3027.41,,,
2022-11-27,16889.99,,26256.02,2692.62,,,
2022-11-28,22683.76,,31897.93,2921.17,,,
2022-11-29,21876.04,,28295.14,3343.19,,,
2022-11-30,27128.50,,35196.49,3803.34,,,
2022-12-01,24606.36,,34083.73,3868.38,,,
2022-12-02,24242.31,,34184.01,3368.02,,,
2022-12-03,21725.31,,30134.98,3310.19,,,
2022-12-04,23898.93,,32612.60,4039.33,,,
2022-12-05,24166.29,,37593.61,5053.90,,,
2022-12-06,28041.40,,37374.84,5858.93,,,
2022-12-07,24059.24,,38101.26,6853.63,,,
2022-12-08,25332.76,,44651.23,8720.66,,,
2022-12-09,32092.52,,65151.91,6357.39,,,
2022-12-10,19035.80,,48429.07,4281.74,,,
2022-12-11,19095.29,,47426.15,3849.21,,,
2022-12-12,29609.24,,53191.95,3878.73,,,
2022-12-13,38155.67,,69983.91,4316.89,,,
2022-12-14,32593.82,,67817.52,4882.13,,,
2022-12-15,34599.69,,56503.65,5324.16,,,
2022-12-16,34306.82,,57609.49,5016.39,,,
2022-12-17,21447.58,,49340.89,2600.81,,,
2022-12-18,19059.40,,40435.98,2217.08,,,
2022-12-19,20487.42,,37724.24,2522.21,,,
2022-12-20,26387.53,,64405.96,2938.24,,,
2022-12-21,25156.34,,64685.14,2939.35,,,
2022-12-22,23299.43,,53678.59,3352.92,,,
2022-12-23,21455.21,,45841.74,2928.25,,,
2022-12-24,22496.43,,37301.55,2005.11,,,
2022-12-25,18736.68,,40223.05,3783.93,,,
2022-12-26,17428.92,,41132.91,2889.95,,,
2022-12-27,19090.79,,49365.06,2709.36,,,
2022-12-28,20493.55,,61840.46,2624.45,,,
2022-12-29,18849.12,,61762.15,2710.96,,,
2022-12-30,25008.93,,64868.69,2785.95,,,
2022-12-31,18345.46,,51879.92,1694.98,,,
2023-01-01,12251.22,,35705.69,1444.94,,,
2023-01-02,17380.80,,42400.70,2262.37,,,
2023-01-03,26019.98,,60478.15,3171.66,,,
2023-01-04,33894.63,,71742.61,4433.50,,,
2023-01-05,24763.34,,71080.02,5175.75,,,
2023-01-06,26654.14,,82886.48,4968.29,,,
2023-01-07,19207.88,,74477.48,3636.28,,,
2023-01-08,21908.64,,73862.80,3828.73,,,
2023-01-09,36169.48,,99786.54,3854.19,,,
2023-01-10,33198.79,,87363.50,4068.25,,,
2023-01-11,37316.09,,97875.63,3334.92,,,
2023-01-12,42191.33,,130971.86,3514.07,,,
2023-01-13,40280.58,,141278.67,3004.49,,,
2023-01-14,52902.28,,152829.60,4329.60,,,
2023-01-15,36551.66,,109101.86,3208.47,,,
2023-01-16,39906.20,,130088.07,2856.80,,,
2023-01-17,40099.01,,119381.00,2994.06,,,
2023-01-18,50454.86,,67980.13,2713.64,,,
2023-01-19,33106.74,,31940.42,3117.93,,,
2023-01-20,40061.52,,45386.21,2317.83,,,
2023-01-21,35591.42,,41050.84,2045.72,,,
2023-01-22,32056.91,,30132.85,2355.82,,,
2023-01-23,39406.52,,37637.93,2255.77,,,
2023-01-24,38774.95,,45935.49,2551.78,,,
2023-01-25,45397.35,,52128.75,3091.34,,,
2023-01-26,50149.61,,41821.68,3586.94,,,
2023-01-27,54485.13,,40355.28,3477.26,,,
2023-01-28,35406.67,,22507.13,3413.58,,,
2023-01-29,48087.22,,30862.41,3205.50,,,
2023-01-30,51176.91,,38878.32,2547.04,,,
2023-01-31,52243.90,,39237.76,4346.30,,,
2023-02-01,67377.85,,66621.28,4571.14,,,
2023-02-02,72642.35,,68057.85,4768.82,,,
2023-02-03,66148.21,,53644.22,5970.72,,,
2023-02-04,58874.27,,34530.96,6769.82,,,
2023-02-05,58123.24,,33719.00,6329.36,,,
2023-02-06,68324.61,,43363.48,5693.70,,,
2023-02-07,91872.51,,61070.82,5971.54,,,
2023-02-08,99741.29,,68502.11,5156.12,,,
2023-02-09,95800.01,,142849.82,6030.01,,,
2023-02-10,69799.58,,64271.57,5960.59,,,
2023-02-11,45181.88,,31008.36,4612.54,,,
2023-02-12,48949.05,,30268.56,4411.37,,,
2023-02-13,68120.49,,51198.91,4595.44,,,
2023-02-14,89184.49,0.00,72115.74,5779.41,,,
2023-02-15,114877.68,89.06,82277.04,5717.25,,,
2023-02-16,133945.46,398.16,107449.96,5076.74,,,
2023-02-17,133305.41,115.33,78526.18,5400.65,,,
2023-02-18,105557.71,0.24,44740.90,6472.93,,,
2023-02-19,107795.52,0.23,55758.69,6404.23,,,
2023-02-20,155825.29,63.72,60436.59,7467.48,,,
2023-02-21,186649.18,235.50,64158.85,5972.41,,,
2023-02-22,295259.04,148.39,95792.64,6041.74,,,
2023-02-23,176584.24,228.74,141068.44,5659.38,,,
2023-02-24,127482.92,12.23,156900.04,6059.90,,,
2023-02-25,82787.39,44.41,63612.08,6866.50,,,
2023-02-26,76954.16,5.09,59115.45,6340.62,,,
2023-02-27,112949.43,38.39,62214.63,6165.41,,,
2023-02-28,98982.45,3.18,50023.12,5489.13,,,
2023-03-01,113499.36,30.84,67532.41,6256.42,,,
2023-03-02,103208.84,344.60,58294.97,6924.38,,,
2023-03-03,108594.70,281.40,66000.05,7407.39,,,
2023-03-04,70988.54,245.31,37333.78,7372.31,,,
2023-03-05,66504.96,179.59,38121.47,6798.36,,,
2023-03-06,96110.96,66.32,50707.15,7116.13,,,
2023-03-07,99479.18,6.02,63482.21,7841.06,,,
2023-03-08,101319.83,58.10,71503.62,5868.10,,,
2023-03-09,121889.02,22.83,97682.50,5124.54,,,
2023-03-10,107245.84,83.11,78834.30,6935.66,,,
2023-03-11,237413.88,1.68,247308.61,4350.01,,,
2023-03-12,73605.94,41.56,61598.14,8739.44,,,
2023-03-13,120166.56,50.59,105167.31,6818.99,,,
2023-03-14,135669.02,43.05,105496.34,8662.44,,,
2023-03-15,122723.83,5.11,95944.50,9723.93,,,
2023-03-16,165932.88,2.08,70353.51,12823.13,,,
2023-03-17,149441.01,108.78,72996.51,26324.77,,,
2023-03-18,121151.03,85.16,52888.34,29146.11,,,
2023-03-19,124796.49,21.95,46594.51,31369.24,,,
2023-03-20,140937.92,379.94,58647.72,41166.63,,,
2023-03-21,170793.50,33.76,55600.50,39773.81,,,
2023-03-22,167604.08,138.57,64736.73,37968.34,,,
2023-03-23,1809973.11,516.89,60322.39,39499.21,,,
2023-03-24,257929.79,43197.94,63117.90,56732.25,,,
2023-03-25,134815.58,141247.67,40086.09,49498.46,,,
2023-03-26,133232.16,152128.34,44005.03,51340.27,,,
2023-03-27,213161.58,156608.57,84006.94,56793.57,,,
2023-03-28,182101.61,158431.71,87935.51,61363.90,,,
2023-03-29,191729.25,168868.65,89273.53,50762.41,,,
2023-03-30,358197.66,164783.69,111266.48,53512.97,,,
2023-03-31,179844.80,211685.75,92875.63,63787.17,,,
2023-04-01,134143.20,140637.82,56966.44,58980.03,,,
2023-04-02,142549.05,149765.08,59495.55,59582.71,,,
2023-04-03,499912.36,194464.54,94575.78,53328.69,,,
2023-04-04,204590.14,187976.99,112494.58,60756.77,,,
2023-04-05,257343.19,207565.32,156555.25,56030.78,,,
2023-04-06,225193.63,211007.96,169370.09,64659.77,,,
2023-04-07,163245.28,174229.83,111311.60,87430.24,,,
2023-04-08,152267.14,171098.27,109035.96,78700.77,,,
2023-04-09,163588.94,180730.53,121019.93,75835.90,,,
2023-04-10,186706.75,220380.98,136538.07,82878.11,,,
2023-04-11,195892.71,221027.32,137081.87,84202.09,,,
2023-04-12,185642.73,205327.51,133232.49,87661.94,,,
2023-04-13,236565.24,198305.39,166258.56,88889.82,,,
2023-04-14,303393.08,182361.91,184056.41,86878.31,,,
2023-04-15,260424.99,170099.63,142015.42,88957.77,,,
2023-04-16,228662.17,165847.35,145681.17,82087.49,,,
2023-04-17,436180.44,172822.13,173752.22,90309.83,,,
2023-04-18,417036.86,199457.49,216805.43,82392.85,,,
2023-04-19,639423.03,245680.71,318039.46,93000.32,,,
2023-04-20,797262.23,175957.95,238650.54,116225.25,,,
2023-04-21,268153.30,143595.23,162955.31,58479.43,,,
2023-04-22,464820.71,156600.75,138180.52,69971.70,,,
2023-04-23,296000.84,179107.46,159431.54,84754.08,,,
2023-04-24,397132.80,198111.20,152240.94,71707.23,,,
2023-04-25,285715.94,217511.27,139175.42,70466.41,,,
2023-04-26,311710.41,217803.14,172547.24,75565.81,,,
2023-04-27,384525.82,236764.28,144348.21,70578.02,,,
2023-04-28,221904.93,224519.28,124469.23,70091.28,,,
2023-04-29,215055.54,217964.07,117480.28,58143.26,,,
2023-04-30,311231.78,234827.94,135618.39,54444.52,,,
2023-05-01,354751.23,324607.02,148162.51,36575.64,,,
2023-05-02,463590.80,192628.39,175549.22,55900.58,,,
2023-05-03,402267.81,210711.08,317844.93,75384.80,,,
2023-05-04,354021.66,356398.59,203518.44,95186.30,,,
2023-05-05,701519.23,348149.35,277647.53,92807.75,,,
2023-05-06,710397.07,287754.68,226811.80,83708.56,,,
2023-05-07,437184.93,211548.06,174235.36,135541.65,,,
2023-05-08,496065.16,339235.66,214345.18,217454.38,,,
2023-05-09,499240.36,279209.83,172613.08,328817.18,,,
2023-05-10,479066.45,756535.55,225604.49,102008.84,,,
2023-05-11,701510.74,453739.50,238103.95,281051.46,,,
2023-05-12,297579.20,269496.69,212506.84,216757.56,,,
2023-05-13,180243.86,377198.75,122593.50,183065.66,,,
2023-05-14,182203.07,297498.94,124488.84,142271.33,,,
2023-05-15,339719.72,396510.38,164066.73,183629.69,,,
2023-05-16,233587.45,730069.94,202890.69,230504.24,,,
2023-05-17,217078.65,614463.34,206352.26,151123.23,,,
2023-05-18,213495.41,309345.88,232801.71,207726.40,,,
2023-05-19,179795.81,267599.39,127464.06,207205.87,,,
2023-05-20,155473.00,261361.65,101952.93,153790.68,,,
2023-05-21,146980.86,307763.17,111901.10,116156.50,,,
2023-05-22,204224.15,263389.48,150789.15,126915.28,,,
2023-05-23,253027.95,254165.51,208607.13,162820.79,,,
2023-05-24,255985.66,269290.66,181188.37,169137.54,,,
2023-05-25,252795.99,244160.79,149854.55,122807.93,,,
2023-05-26,198702.93,268792.02,134226.18,101215.83,,,
2023-05-27,153162.10,246330.19,103584.57,94611.48,,,
2023-05-28,171968.78,263146.59,118356.98,83499.76,,,
2023-05-29,214285.78,247129.95,150325.72,93650.23,,,
2023-05-30,264430.04,248226.88,192331.51,118075.07,,,
2023-05-31,231073.92,279331.55,177055.32,128917.31,,,
2023-06-01,183912.31,194229.49,137135.78,134589.03,,,
2023-06-02,180642.89,250719.11,132234.24,117304.38,,,
2023-06-03,206433.18,245062.08,106692.36,91873.56,,,
2023-06-04,137521.97,261734.73,95755.09,105426.62,,,
2023-06-05,226451.86,222425.36,154023.87,85771.95,,,
2023-06-06,171607.45,228189.28,80241.49,100579.94,,,
2023-06-07,131442.08,195531.31,75249.03,93975.18,,,
2023-06-08,132463.16,184379.34,68009.48,96670.36,,,
2023-06-09,128041.24,178160.18,60114.39,98860.76,,,
2023-06-10,177137.12,152483.09,106490.66,77509.76,,,
2023-06-11,112999.61,180090.65,52230.90,64938.42,,,
2023-06-12,142297.47,188249.13,55294.73,72005.12,,,
2023-06-13,120245.59,183591.46,58225.74,73896.94,,,
2023-06-14,138752.77,193191.09,91835.61,44478.93,,,
2023-06-15,118522.48,170204.42,69433.25,56344.18,273.08,,
2023-06-16,121021.16,178606.18,59565.82,52238.14,2.13,,
2023-06-17,101530.80,169148.95,44198.21,42262.15,0.26,,
2023-06-18,86945.97,149229.30,37853.61,36693.30,0.00,,
2023-06-19,113086.66,170826.06,51244.24,45084.12,0.24,,
2023-06-20,130659.63,185277.66,63544.84,43236.93,1.45,,
2023-06-21,235613.10,186105.07,90855.56,54231.26,0.19,,
2023-06-22,121839.83,157412.39,67167.70,63420.00,0.26,,
2023-06-23,127412.87,166646.59,77334.71,56776.78,0.18,,
2023-06-24,92289.18,175817.71,49901.43,40253.83,0.00,,
2023-06-25,104336.62,202473.12,51773.90,42259.85,0.00,,
2023-06-26,119362.08,208854.36,103011.74,48632.51,0.00,,
2023-06-27,138520.81,215607.26,77834.43,55106.70,0.11,,
2023-06-28,142701.52,232547.77,86694.93,56933.87,28.34,,
2023-06-29,195364.85,230979.41,119345.71,77203.30,6.68,,
2023-06-30,244209.60,233428.13,169415.62,77622.84,3.74,,
2023-07-01,111835.18,208852.58,66342.97,58914.54,0.00,,
2023-07-02,111357.10,225732.32,53081.91,48776.04,0.00,,
2023-07-03,151680.73,224683.12,73421.43,62503.46,0.00,,
2023-07-04,151280.27,261589.91,79187.24,78427.51,1.92,,
2023-07-05,223647.25,226649.79,113392.03,77240.72,2.06,,
2023-07-06,191291.62,221834.03,107358.13,54218.40,7.97,,
2023-07-07,161429.66,241991.81,79408.58,65582.01,0.34,,
2023-07-08,115563.46,253333.48,63764.90,46322.57,0.00,,
2023-07-09,106655.00,232881.23,59570.71,70779.31,0.00,,
2023-07-10,138239.96,249014.51,72427.14,81984.97,28.04,,
2023-07-11,133782.78,263100.10,72382.99,94611.69,1066.44,,
2023-07-12,152365.01,268579.06,87187.81,97044.17,547.96,,
2023-07-13,223358.27,282123.04,133097.93,112955.39,852.21,,
2023-07-14,185207.61,250925.24,135328.40,90232.51,4996.35,,
2023-07-15,101680.39,263683.78,60377.38,77380.56,6398.39,,
2023-07-16,102870.60,241457.49,57303.47,68955.83,5100.81,,
2023-07-17,142494.92,247003.09,95098.88,96447.76,3858.87,,
2023-07-18,161755.10,231052.83,107768.25,98461.63,5433.61,,
2023-07-19,146044.49,256432.44,92795.13,121789.08,7617.80,,
2023-07-20,150367.81,246642.46,100596.32,96482.95,6630.74,,
2023-07-21,140048.15,238871.02,98613.90,82262.41,7801.58,,
2023-07-22,101614.24,260296.78,82324.97,99327.79,8656.24,,
2023-07-23,109316.98,252632.55,82775.88,88782.83,7337.71,,
2023-07-24,155063.50,237351.87,214388.19,81233.64,6765.62,,
2023-07-25,136976.73,360533.12,224891.20,88751.37,6637.49,,
2023-07-26,135037.95,277975.96,201348.84,115948.25,9329.46,,
2023-07-27,143653.04,241481.25,309893.71,197141.69,8706.12,,
2023-07-28,143208.39,209746.17,167309.93,228519.41,7059.93,,
2023-07-29,97065.34,247149.98,112814.87,106541.13,13129.88,,
2023-07-30,99352.50,245164.97,106059.39,120785.94,431600.51,,
2023-07-31,125177.60,228181.31,140510.49,126673.05,343278.27,,
2023-08-01,121680.23,212317.54,141107.09,134893.32,77228.77,,
2023-08-02,117166.61,217515.52,119017.46,108800.66,70173.99,,
2023-08-03,121027.64,220039.55,126178.27,106842.35,147582.89,,
2023-08-04,107621.32,209334.89,111522.98,114028.59,93020.22,,
2023-08-05,83967.44,209310.50,75843.65,107048.35,91303.76,,
2023-08-06,81192.76,211777.22,61718.62,107681.03,89578.47,,
2023-08-07,129864.17,213675.15,193784.80,131849.43,136974.69,,
2023-08-08,130983.97,226296.91,174829.64,115851.40,127739.00,,
2023-08-09,120343.17,233335.95,105870.39,162853.98,213369.40,,
2023-08-10,115089.88,222426.85,94978.49,146132.03,242647.50,,
2023-08-11,99085.63,222969.01,74559.34,106657.20,215565.34,,
2023-08-12,68807.32,237870.69,48298.69,120045.15,128317.44,,
2023-08-13,75818.72,230871.57,48020.92,105154.93,131623.11,,
2023-08-14,102017.95,222128.60,139221.94,104448.49,157950.93,,
2023-08-15,126687.19,216487.77,307450.62,126903.56,134031.46,,
2023-08-16,130529.83,232181.06,155896.76,125130.20,106508.48,,
2023-08-17,345915.68,228598.76,223199.60,106888.92,89677.48,,
2023-08-18,115316.76,192969.76,86869.09,116061.55,76039.96,,
2023-08-19,81405.98,219684.84,49686.02,124155.48,96940.49,,
2023-08-20,76138.69,196855.85,45589.98,103789.65,131077.90,,
2023-08-21,94413.13,195733.16,66540.03,92339.46,238181.68,,
2023-08-22,124247.77,193244.65,88448.17,97155.74,181650.00,,
2023-08-23,99655.42,218468.29,68760.51,129236.50,117771.73,,
2023-08-24,85413.11,214855.85,59532.45,136531.36,104247.74,,
2023-08-25,157135.91,180244.57,56553.35,122523.22,181365.73,,
2023-08-26,65928.59,219190.93,31013.67,121043.09,206255.90,,
2023-08-27,53488.29,207195.26,33684.76,110687.77,118625.59,,
2023-08-28,86192.64,177446.05,120226.80,133458.33,126926.71,,
2023-08-29,154817.33,205880.11,142524.54,193814.94,132445.88,,
2023-08-30,87606.69,193268.07,68511.22,201576.45,109483.60,,
2023-08-31,105039.59,206425.27,77975.33,195079.09,130360.76,,
2023-09-01,81103.68,164954.45,517457.15,135839.83,87222.67,,
2023-09-02,55295.30,177326.46,33268.89,145760.43,58386.34,,
2023-09-03,48173.91,180832.61,27699.51,154804.68,49274.95,,
2023-09-04,61426.18,165223.03,39141.22,125532.58,50538.06,,
2023-09-05,82324.97,174353.88,46553.13,139153.29,55879.27,,
2023-09-06,80104.11,164128.54,55331.88,146965.34,53709.63,,
2023-09-07,72178.16,174624.41,51646.43,154531.73,54016.73,,
2023-09-08,61971.13,177566.33,40334.82,147552.90,54714.38,,
2023-09-09,44844.51,186477.74,31651.53,146676.27,48694.11,,1.56
2023-09-10,47373.22,178361.34,33935.85,131970.34,55881.23,,0.00
2023-09-11,84142.18,168079.39,98815.43,121497.37,70770.74,,208.68
2023-09-12,66864.43,164751.31,62267.74,135106.17,71912.71,,274.62
2023-09-13,73643.90,152586.19,47097.52,133251.27,128736.70,,4465.09
2023-09-14,65428.82,178157.64,45651.25,144842.30,189024.12,,850.37
2023-09-15,40830.20,172193.99,129449.83,141980.14,153520.73,,502.26
2023-09-16,32473.73,177970.93,134478.85,130061.19,104632.46,,174.39
2023-09-17,30797.72,172631.08,86634.07,127976.42,63855.81,,160.39
2023-09-18,45726.44,172225.59,92261.10,106074.12,152967.00,,770.00
2023-09-19,42844.53,186136.69,61492.93,116311.79,81818.22,,389.38
2023-09-20,49603.96,178448.15,56746.02,110292.58,73276.25,,264.35
2023-09-21,103211.56,170663.36,94459.05,115843.44,72381.19,,261.32
2023-09-22,53508.91,161575.26,54045.41,96889.84,56030.87,,319.81
2023-09-23,41560.72,158983.11,45735.66,84546.31,44715.29,,190.30
2023-09-24,43680.14,158310.64,41824.92,84462.27,42359.08,,517.88
2023-09-25,60101.57,156813.22,81832.87,92794.17,54062.97,,406.96
2023-09-26,72504.40,158873.01,75269.14,98151.91,93764.33,,339.60
2023-09-27,95094.27,165526.48,52934.60,101568.74,82203.35,,568.73
2023-09-28,104363.94,161912.08,58326.62,103341.35,79875.11,,685.43
2023-09-29,95802.93,151544.92,48985.39,97004.04,49267.74,,1644.25
2023-09-30,95310.97,158671.05,39906.43,97199.68,53043.61,,2117.63
2023-10-01,117185.48,138217.85,42962.85,80135.33,62003.72,,2352.75
2023-10-02,100225.58,130175.64,53347.24,89096.37,135977.22,,3068.02
2023-10-03,77298.98,137204.63,35464.08,93221.36,56410.45,,3479.69
2023-10-04,67373.49,132790.05,35042.69,100611.54,50746.51,,6112.61
2023-10-05,64734.26,129026.68,30223.20,72448.52,95603.07,,3876.34
2023-10-06,65286.80,138910.86,30172.33,75245.76,35322.06,,2988.08
2023-10-07,45728.63,142760.10,21339.59,69352.53,28325.63,,2334.34
2023-10-08,41563.27,144572.33,23416.76,65937.61,28800.75,,1953.28
2023-10-09,57136.52,135630.00,52775.23,68795.04,38024.25,,3439.73
2023-10-10,50976.82,136341.78,42178.82,70213.83,40401.53,,4762.45
2023-10-11,49878.58,132100.13,33750.35,68690.37,25295.15,,4542.60
2023-10-12,46989.83,126146.06,34066.00,59020.22,23206.29,,3919.96
2023-10-13,39435.69,127492.69,28900.54,59494.87,18879.80,,4324.65
2023-10-14,26921.37,125336.11,17228.80,49953.27,17289.46,,2376.78
2023-10-15,28945.11,117943.18,18120.71,53269.33,19197.48,,2140.93
2023-10-16,101918.68,135908.39,53584.45,64068.36,34729.96,,7039.46
2023-10-17,49227.13,135785.06,29050.85,66174.45,26839.19,,10301.88
2023-10-18,51598.34,132552.62,25191.08,68882.61,28287.42,,8689.49
2023-10-19,50783.61,120514.97,24971.49,64017.44,33880.49,,6124.09
2023-10-20,65638.77,125907.49,36277.60,76467.72,31666.32,,5499.33
2023-10-21,48999.98,133782.99,33352.93,73395.87,24268.55,,4792.73
2023-10-22,49370.71,132795.75,27013.63,74929.63,26088.91,,4497.96
2023-10-23,159507.80,147757.70,159762.00,85619.10,43248.16,,9150.37
2023-10-24,175308.37,137332.36,109141.54,78901.37,57470.61,,14679.32
2023-10-25,132699.98,161117.84,81411.34,106571.54,49192.33,,15929.69
2023-10-26,143113.27,146250.48,72188.58,89399.03,49917.57,,16909.89
2023-10-27,108080.26,145160.34,171894.81,109778.43,45623.66,,13034.62
2023-10-28,72925.14,154385.12,38832.13,119280.02,38821.34,,8585.01
2023-10-29,67927.27,158620.59,35711.83,126630.37,30267.30,,8376.68
2023-10-30,103476.95,158832.42,47096.76,119634.99,42236.80,,11946.14
2023-10-31,125718.18,156871.35,68460.49,148260.03,53509.37,,9734.11
2023-11-01,168411.59,148191.47,70046.48,129987.91,55200.55,,11815.28
2023-11-02,149331.03,137956.79,71494.03,130972.75,47683.04,,14567.55
2023-11-03,138202.23,152374.39,56864.35,138516.25,37824.42,,11733.68
2023-11-04,115876.88,177649.84,45476.37,169651.55,32773.36,,10539.11
2023-11-05,119734.18,181930.45,63972.47,185649.97,38761.55,,8811.71
2023-11-06,155349.14,154401.74,168754.39,145367.92,46375.57,,18560.29
2023-11-07,172319.60,162997.34,117382.68,151825.62,43846.90,,21360.74
2023-11-08,184654.90,168087.53,111140.05,177101.91,57093.44,,24304.45
2023-11-09,438627.24,172457.02,264640.01,186349.60,87565.62,,36520.17
2023-11-10,238291.71,132643.98,126150.81,94973.63,57342.74,,27003.26
2023-11-11,189249.04,194034.70,100811.81,161004.53,46061.64,,19914.10
2023-11-12,158627.58,215065.49,85808.52,208444.18,43494.34,,24065.37
2023-11-13,264912.89,164826.54,141893.78,140234.87,60296.53,,39538.28
2023-11-14,239715.79,172503.90,113961.18,191853.40,51573.27,,34130.82
2023-11-15,214114.70,178337.89,100685.12,222589.67,51256.67,,49779.69
2023-11-16,220958.33,151324.80,122672.60,206521.68,62738.72,,35977.94
2023-11-17,194108.36,211459.39,107138.92,251788.83,47542.17,,26159.92
2023-11-18,126768.88,211438.69,62906.05,279773.75,47710.01,,11253.91
2023-11-19,113625.58,217036.54,58873.42,273492.87,57226.06,,7524.55
2023-11-20,196279.46,157205.20,212526.28,161720.40,66772.00,,9469.70
2023-11-21,262575.31,164297.71,166500.08,164847.08,67265.32,,9128.41
2023-11-22,249113.93,167018.06,131374.35,192934.46,70419.51,,17897.05
2023-11-23,210321.00,184170.00,94369.28,209549.41,59690.29,,33258.76
2023-11-24,195410.83,199700.19,88276.60,256252.82,49300.30,,25942.14
2023-11-25,293313.52,270569.89,56862.53,379145.50,41887.96,,24431.48
2023-11-26,162783.98,257263.03,62367.91,394576.90,44518.35,,81346.26
2023-11-27,199144.40,191149.36,75785.34,285332.96,54162.67,,39333.59
2023-11-28,204000.17,186936.15,84288.05,227567.86,54801.07,,26359.58
2023-11-29,189518.90,183770.94,79941.98,241696.30,54024.58,,16969.66
2023-11-30,196481.56,221894.33,104891.33,315090.48,68377.88,,21298.05
2023-12-01,199032.99,165826.32,102169.85,254457.99,62575.05,,29775.37
2023-12-02,182333.10,228400.99,91519.46,226231.82,64093.43,,41240.28
2023-12-03,174065.19,306209.12,84551.79,219449.86,59307.29,,36522.60
2023-12-04,316122.84,224649.53,288427.05,138009.82,79391.36,,50167.88
2023-12-05,346619.10,360151.56,250642.01,102746.10,109172.74,,47793.30
2023-12-06,312096.46,347415.40,175416.98,107910.46,89395.44,,50923.14
2023-12-07,341561.81,268436.49,175535.65,180867.38,93593.03,,51671.70
2023-12-08,278862.72,260691.21,143244.59,149288.79,77604.38,,26143.85
2023-12-09,242756.53,289145.83,141799.53,184313.73,76862.47,,27390.39
2023-12-10,197518.99,321076.20,121621.72,157405.07,80565.42,,28046.92
2023-12-11,375345.85,235672.83,199596.20,139880.22,82929.48,,22307.55
2023-12-12,306630.21,206764.47,135354.20,150718.38,91472.77,,18237.57
2023-12-13,306071.51,200711.19,142811.38,116972.78,93032.27,,24197.95
2023-12-14,262055.64,178362.36,127255.75,96350.35,109224.35,,27885.34
2023-12-15,2110360.88,170622.63,151717.67,88947.35,95786.91,,17991.59
2023-12-16,1174034.99,747358.34,137296.00,91886.96,92982.02,,20928.92
2023-12-17,196425.81,392892.64,122359.82,91804.06,81404.76,,21799.19
2023-12-18,684454.03,187649.15,377922.10,101525.66,96796.11,,21208.18
2023-12-19,459799.07,192131.23,304754.12,168485.45,87095.68,,11041.07
2023-12-20,361122.73,305872.92,207215.10,211525.86,87649.63,,12850.18
2023-12-21,307016.96,215792.20,197641.21,85672.97,89843.83,,14501.87
2023-12-22,389222.52,211321.24,174360.32,111372.72,89396.86,,164326.43
2023-12-23,206254.74,205020.38,106768.18,77086.29,99899.39,,105700.58
2023-12-24,175228.49,188872.52,101634.83,64993.77,57407.17,,98508.41
2023-12-25,162169.54,154425.06,78697.12,68018.23,57116.77,,76949.85
2023-12-26,182604.27,210911.18,99334.64,72048.36,60028.68,,76437.93
2023-12-27,326597.25,257436.78,141361.85,93663.28,77365.60,,70015.76
2023-12-28,322244.82,228536.93,132921.22,106035.46,76241.83,,100261.63
2023-12-29,235842.74,206818.10,97137.12,100356.30,61897.40,,74576.67
2023-12-30,179507.43,192083.27,77315.85,70216.87,61350.49,,45587.18
2023-12-31,157536.00,178018.42,75708.11,57873.90,47333.58,,42383.00
2024-01-01,153479.68,142902.55,134039.60,43654.36,39829.07,,31584.06
2024-01-02,230700.84,175437.45,196992.95,58822.31,54679.37,,34249.16
2024-01-03,679541.73,184586.62,257528.86,60062.12,81648.30,,36347.27
2024-01-04,263839.75,201007.14,95459.62,127971.54,61258.73,,28230.68
2024-01-05,209675.26,168575.09,86600.97,82611.39,49517.91,,155608.23
2024-01-06,148318.88,155242.85,70826.70,64547.84,45324.35,,95217.21
2024-01-07,199249.20,180421.31,95343.49,64434.85,58750.23,,51782.16
2024-01-08,251372.79,199247.23,105742.86,64831.41,72597.35,,44985.14
2024-01-09,366173.23,178503.82,126032.19,63720.33,64831.38,,35869.75
2024-01-10,486049.37,205905.45,198670.67,69509.04,110624.54,,41804.69
2024-01-11,399167.58,217353.00,165822.49,72280.14,91121.95,,42865.80
2024-01-12,329405.51,206847.62,142839.77,55818.83,70798.98,,38940.04
2024-01-13,169096.34,177797.30,76500.79,52707.61,53942.43,,34428.10
2024-01-14,210375.00,189809.55,114198.25,49011.11,71177.66,,38253.17
2024-01-15,190865.33,187843.54,186022.68,50657.28,60332.04,,56328.58
2024-01-16,254848.25,208500.85,267327.61,64793.10,76276.53,,40368.87
2024-01-17,262565.57,269252.04,194422.53,61406.35,102770.69,,54643.84
2024-01-18,278591.00,236909.86,131991.09,60257.06,87432.09,,212226.99
2024-01-19,273085.76,216524.02,116140.14,57826.40,75408.51,,326955.39
2024-01-20,163568.22,202300.58,68270.43,55110.52,59540.37,,33458.20
2024-01-21,134309.62,202083.96,65814.98,47580.23,51657.86,,20828.83
2024-01-22,216603.27,178999.97,67917.71,43960.33,58560.01,,29317.53
2024-01-23,197175.09,156794.00,67486.04,46435.69,52776.37,,18723.35
2024-01-24,148760.45,154815.03,56982.27,43766.18,51171.13,,17471.11
2024-01-25,201871.59,205956.65,102343.11,39345.32,100175.38,,17415.09
2024-01-26,169710.30,181153.57,81139.36,41432.60,65404.19,,15236.84
2024-01-27,114645.16,138842.08,47950.52,35536.82,38403.88,,15538.65
2024-01-28,131161.04,139692.70,64977.45,33665.37,42178.66,,13173.41
2024-01-29,152783.71,141228.39,74153.66,37858.75,51414.58,,13402.47
2024-01-30,236581.03,259521.14,195349.40,54954.31,71277.75,,18592.93
2024-01-31,215763.20,267829.36,209270.21,61965.34,62830.03,,16991.33
2024-02-01,198099.33,239858.77,113443.73,49357.77,80938.10,,13485.48
2024-02-02,160861.47,197077.28,76988.31,45986.44,75804.58,,9626.59
2024-02-03,132037.22,195956.32,62534.81,38499.01,71364.51,,7030.06
2024-02-04,123644.43,191506.04,64872.58,38537.58,84150.70,,7083.44
2024-02-05,155519.59,232627.55,61578.82,36335.38,116841.55,,7214.82
2024-02-06,235296.78,193076.30,105704.57,52506.69,149354.51,,9725.74
2024-02-07,291854.52,231853.26,121642.91,59086.18,191814.63,,13586.77
2024-02-08,339008.45,267655.24,135683.76,65810.53,264065.47,,19004.44
2024-02-09,384684.67,160406.34,156683.37,65026.36,259402.92,,23684.28
2024-02-10,242277.52,168481.18,89558.48,65098.40,159125.40,,13616.11
2024-02-11,220159.10,201480.80,113182.14,67062.14,141696.49,,10011.31
2024-02-12,321224.16,179183.60,264047.80,99604.83,185706.01,,10446.99
2024-02-13,300202.51,172926.31,269827.59,141402.83,135839.95,,9338.01
2024-02-14,259734.13,296460.10,240757.33,152532.08,106496.19,,9425.11
2024-02-15,320920.79,270135.36,179737.32,117271.26,133087.80,,8671.18
2024-02-16,267950.15,234263.70,130269.58,82623.96,140986.22,,7356.16
2024-02-17,198986.53,243248.48,97008.35,64205.89,116591.42,,4886.82
2024-02-18,227206.36,288572.60,138289.42,67292.14,118599.96,,9095.03
2024-02-19,323499.50,285851.26,180980.70,87959.92,157729.22,,10729.93
2024-02-20,406263.05,419207.62,223313.44,773825.07,154448.52,,12085.66
2024-02-21,400555.15,385657.45,221094.90,605356.04,182400.40,,12990.37
2024-02-22,408874.99,399410.69,265758.83,467715.92,178327.38,,12496.08
2024-02-23,361696.03,416082.36,198418.74,338877.40,144226.29,,11507.89
2024-02-24,268170.19,494480.29,142758.97,231271.96,136897.65,0.00,8115.32
2024-02-25,309552.31,497762.46,185478.93,226219.78,168624.14,27.70,7838.58
2024-02-26,447390.78,478467.34,279729.30,222180.16,181915.79,334.21,10130.72
2024-02-27,523547.50,472923.02,385850.72,221569.91,234420.87,385.00,13304.54
2024-02-28,882030.25,624414.13,666586.00,265188.40,324911.50,7586.05,24961.68
2024-02-29,767798.06,589155.31,675525.80,230141.34,353268.96,771817.92,18774.40
2024-03-01,530080.47,367199.63,472485.95,158640.42,250876.86,1106739.24,10607.80
2024-03-02,466298.72,419072.60,398735.69,151623.07,236510.08,525372.37,11688.18
2024-03-03,523769.22,422528.40,456945.49,189543.41,268120.54,528397.36,12542.71
2024-03-04,760908.43,372411.46,551654.39,166322.31,388601.38,702952.55,19949.90
2024-03-05,1265793.81,354381.99,889374.51,323722.66,572964.10,457390.06,27525.68
2024-03-06,809062.74,389251.55,493972.79,305407.36,579971.75,463620.16,21165.73
2024-03-07,713188.18,419495.54,403696.66,243393.64,491491.56,330166.81,21624.13
2024-03-08,670253.19,370227.83,367449.32,232499.02,393170.58,214936.13,22440.85
2024-03-09,482715.76,376970.67,389028.39,212123.62,365422.91,129684.09,15707.45
2024-03-10,523747.63,381911.36,348664.44,163879.91,393087.92,132709.91,14123.82
2024-03-11,716381.93,356533.94,350598.42,161295.83,489043.42,164952.05,22290.03
2024-03-12,732457.77,364611.39,326784.89,132137.62,394723.66,141135.26,24539.95
2024-03-13,653835.52,315111.14,339913.11,61687.73,459811.07,131941.37,13440.26
2024-03-14,450499.56,188801.70,76917.89,21510.20,215795.41,227359.72,7304.89
2024-03-15,250070.02,158351.64,58138.27,12959.61,162923.22,188234.65,9000.43
2024-03-16,136606.84,123757.99,52504.85,7257.43,218379.53,102615.26,6391.80
2024-03-17,126898.04,123924.23,169469.31,5412.39,111460.09,114760.92,5967.47
2024-03-18,138390.64,95430.83,32237.26,6388.59,135721.98,91883.23,5682.79
2024-03-19,84150.66,58701.49,41357.59,7433.08,228344.70,114456.45,8446.87
2024-03-20,44503.65,65074.67,64240.96,6757.11,1680351.20,121784.27,8877.62
2024-03-21,20724.96,57134.23,37012.06,5843.88,817288.86,122066.42,7249.33
2024-03-22,20012.22,49708.15,28721.50,3852.16,463927.81,137132.67,3867.40
2024-03-23,15584.20,47356.45,18477.30,2318.71,331037.61,189203.18,2762.04
2024-03-24,17382.41,48359.51,595401.07,1849.93,874155.07,90879.74,2104.04
2024-03-25,23214.45,52918.31,48620.34,3380.77,1774871.64,145172.66,4426.50
2024-03-26,29836.85,55984.36,81269.59,3773.94,2390525.57,200025.54,14817.86
2024-03-27,66842.49,65266.99,87667.96,5411.95,1462531.46,184000.02,21283.28
2024-03-28,50050.96,67741.59,96373.31,8035.50,850057.27,230133.36,5761.62
2024-03-29,43414.19,55922.68,80608.25,5228.56,1376129.30,147546.32,5940.90
2024-03-30,36452.57,48671.94,88787.89,4730.74,1270123.96,101949.08,3009.25
2024-03-31,56839.00,63562.30,1667229.78,8987.20,875260.60,125807.29,4504.35
2024-04-01,71569.31,52813.33,118829.32,8784.21,980258.74,123120.07,3584.45